timestamp,run,object_temp,die_temp,voltage
2025-08-06 23:48:54.054,True,0.0,0.0,0.0
2025-08-06 23:48:55.060,True,97.0,86.0,-17812.5
2025-08-06 23:48:56.062,True,99.12,86.0,-15312.5
2025-08-06 23:48:57.435,True,94.75,86.0,-20468.75
2025-08-06 23:48:58.437,True,95.5,86.0,-19531.25
2025-08-06 23:48:59.443,True,99.12,86.0,-15312.5
2025-08-06 23:49:00.446,True,97.75,86.0,-16875.0
2025-08-06 23:49:01.448,True,100.62,85.88,-13437.5
2025-08-06 23:49:02.450,True,91.25,86.0,-24375.0
2025-08-06 23:49:03.452,True,100.12,85.88,-14218.75
2025-08-06 23:49:04.455,True,97.62,86.0,-17031.25
2025-08-06 23:49:05.458,True,103.62,85.88,-9843.75
2025-08-06 23:49:06.461,True,96.25,85.88,-18593.75
2025-08-06 23:49:08.037,True,102.5,86.0,-11406.25
2025-08-06 23:49:09.040,True,95.25,86.0,-19843.75
2025-08-06 23:49:10.045,True,98.25,86.0,-16406.25
2025-08-06 23:49:11.049,True,95.75,86.0,-19218.75
2025-08-06 23:49:12.051,True,97.62,86.0,-17031.25
2025-08-06 23:49:13.054,True,94.25,86.0,-20937.5
2025-08-06 23:49:14.056,True,93.5,86.0,-21875.0
2025-08-06 23:49:15.058,True,103.0,86.0,-10781.25
2025-08-06 23:49:16.060,True,97.75,86.0,-16875.0
2025-08-06 23:49:17.063,True,84.0,86.0,-32656.25
2025-08-06 23:49:18.066,True,96.62,86.0,-18281.25
2025-08-06 23:49:19.069,True,100.5,86.0,-13750.0
2025-08-06 23:49:20.071,True,90.25,86.0,-25625.0
2025-08-06 23:49:21.073,True,97.0,86.0,-17812.5
2025-08-06 23:49:22.075,True,98.88,86.0,-15625.0
2025-08-06 23:49:23.078,True,97.5,86.0,-17187.5
2025-08-06 23:49:24.080,True,99.62,86.0,-14687.5
2025-08-06 23:49:25.083,True,95.25,86.0,-19843.75
2025-08-06 23:49:26.087,True,93.12,86.0,-22343.75
2025-08-06 23:55:23.608,True,0.0,0.0,0.0
2025-08-06 23:55:24.616,True,102.62,87.38,-12812.5
2025-08-06 23:55:25.619,True,97.75,87.38,-18593.75
2025-08-06 23:55:26.621,True,103.12,87.38,-12187.5
2025-08-06 23:55:27.625,True,103.62,87.38,-11718.75
2025-08-06 23:55:28.627,True,99.62,87.38,-16406.25
2025-08-06 23:55:29.629,True,106.88,87.38,-7812.5
2025-08-06 23:55:30.632,True,99.12,87.38,-16875.0
2025-08-06 23:55:31.633,True,104.62,87.38,-10468.75
2025-08-06 23:55:32.637,True,104.0,87.38,-11250.0
2025-08-06 23:55:34.152,True,99.75,87.38,-16250.0
2025-08-06 23:55:35.154,True,105.62,87.38,-9218.75
2025-08-06 23:55:36.157,True,103.75,87.38,-11562.5
2025-08-06 23:55:37.160,True,94.38,87.5,-22656.25
2025-08-06 23:55:38.164,True,112.75,87.38,-781.25
2025-08-06 23:55:39.166,True,102.12,87.38,-13437.5
2025-08-06 23:55:40.169,True,99.12,87.5,-17031.25
2025-08-06 23:55:41.171,True,98.38,87.5,-17968.75
2025-08-06 23:55:42.173,True,105.75,87.5,-9218.75
2025-08-06 23:55:43.174,True,101.75,87.5,-14062.5
2025-08-06 23:55:44.176,True,105.25,87.5,-9843.75
2025-08-06 23:55:45.179,True,103.0,87.5,-12500.0
2025-08-06 23:55:46.180,True,103.38,87.5,-12031.25
2025-08-06 23:55:47.183,True,97.75,87.5,-18750.0
2025-08-06 23:55:48.185,True,100.75,87.5,-15156.25
2025-08-06 23:55:49.187,True,115.12,87.5,2031.25
2025-08-06 23:55:50.189,True,96.75,87.5,-19843.75
2025-08-06 23:55:51.192,True,107.12,87.5,-7656.25
2025-08-06 23:55:52.195,True,101.88,87.5,-13906.25
2025-08-06 23:55:53.197,True,95.62,87.5,-21093.75
2025-08-06 23:55:54.199,True,98.38,87.5,-17968.75
2025-08-06 23:55:55.201,True,102.38,87.5,-13281.25
2025-08-06 23:55:56.209,True,104.62,87.5,-10625.0
2025-08-06 23:55:57.211,True,93.25,87.62,-23906.25
2025-08-06 23:55:58.213,True,100.5,87.62,-15625.0
2025-08-06 23:55:59.216,True,100.5,87.62,-15625.0
2025-08-06 23:56:00.218,True,103.62,87.62,-11875.0
2025-08-06 23:56:01.221,True,102.75,87.62,-12968.75
2025-08-06 23:56:02.224,True,100.12,87.62,-16093.75
2025-08-06 23:56:03.227,True,97.38,87.62,-19218.75
2025-08-06 23:56:04.230,True,99.75,87.62,-16562.5
2025-08-06 23:56:05.232,True,102.5,87.62,-13281.25
2025-08-06 23:56:06.234,True,102.62,87.62,-13125.0
2025-08-06 23:56:07.236,True,97.88,87.62,-18750.0
2025-08-06 23:56:08.239,True,101.25,87.62,-14687.5
2025-08-06 23:56:09.242,True,102.5,87.62,-11093.75
2025-08-06 23:56:10.244,True,100.0,87.62,-16250.0
2025-08-06 23:56:11.247,True,100.62,87.62,-15468.75
2025-08-06 23:56:12.250,True,102.12,87.75,-13906.25
2025-08-06 23:56:13.251,True,102.62,87.62,-13125.0
2025-08-06 23:56:14.253,True,100.25,87.62,-15937.5
2025-08-07 00:02:20.441,True,0.0,0.0,0.0
2025-08-07 00:02:22.764,True,101.12,89.0,-16562.5
2025-08-07 00:02:23.766,True,101.5,89.12,-16250.0
2025-08-07 00:02:24.768,True,103.12,89.0,-14218.75
2025-08-07 00:02:25.937,True,102.12,89.12,-15468.75
2025-08-07 00:02:26.939,True,100.38,89.0,-17343.75
2025-08-07 00:02:27.943,True,101.12,89.12,-16718.75
2025-08-07 00:02:28.945,True,102.12,89.12,-15468.75
2025-08-07 00:02:29.946,True,101.12,89.12,-16718.75
2025-08-07 00:02:41.852,True,103.5,89.12,-13906.25
2025-08-07 00:02:42.855,True,104.88,89.0,-12031.25
2025-08-07 00:02:43.857,True,100.62,89.0,-17031.25
2025-08-07 00:02:44.860,True,103.38,89.0,-13906.25
2025-08-07 00:02:45.863,True,99.88,89.0,-17968.75
2025-08-07 00:02:46.866,True,102.5,89.0,-14843.75
2025-08-07 00:02:47.868,True,104.0,89.0,-13125.0
2025-08-07 00:02:48.870,True,102.38,89.12,-15156.25
2025-08-07 00:02:49.872,True,101.0,89.12,-16718.75
2025-08-07 00:02:50.875,True,102.62,89.0,-14687.5
2025-08-07 00:02:51.877,True,102.88,89.0,-14375.0
2025-08-07 00:02:52.879,True,103.12,89.0,-14218.75
2025-08-07 00:02:53.881,True,93.88,89.12,-25156.25
2025-08-07 00:02:54.883,True,100.5,89.0,-17187.5
2025-08-07 00:02:55.885,True,101.88,89.0,-15625.0
2025-08-07 00:02:56.886,True,103.75,89.0,-13437.5
2025-08-07 00:02:57.889,True,105.12,89.0,-11718.75
2025-08-07 00:02:58.891,True,100.5,89.0,-17187.5
2025-08-07 00:02:59.893,True,104.5,89.0,-12500.0
2025-08-07 00:03:00.896,True,101.5,89.0,-16093.75
2025-08-07 00:03:01.898,True,104.5,89.0,-12500.0
2025-08-07 00:03:02.900,True,103.25,89.0,-14062.5
2025-08-07 00:03:03.903,True,99.75,89.0,-18125.0
2025-08-07 00:03:04.908,True,102.12,89.0,-15312.5
2025-08-07 00:03:05.911,True,101.0,89.0,-16718.75
2025-08-07 00:03:06.913,True,100.25,89.0,-17500.0
2025-08-07 00:03:07.915,True,103.75,89.0,-13437.5
2025-08-07 00:03:28.375,True,0.0,0.0,0.0
2025-08-07 00:03:29.380,True,100.12,89.0,-17656.25
2025-08-07 00:03:30.383,True,104.62,89.0,-12343.75
2025-08-07 00:03:31.385,True,101.12,89.0,-16562.5
2025-08-07 00:03:32.387,True,104.0,89.0,-13125.0
2025-08-07 00:03:33.389,True,102.88,89.0,-14375.0
2025-08-07 00:03:34.393,True,103.38,89.0,-13906.25
2025-08-07 00:03:35.395,True,102.5,89.0,-14843.75
2025-08-07 00:03:36.396,True,102.38,89.0,-15000.0
2025-08-07 00:03:37.398,True,100.5,89.0,-17187.5
2025-08-07 00:04:03.944,True,0.0,0.0,0.0
2025-08-07 00:04:04.955,True,105.62,89.0,-11250.0
2025-08-07 00:04:06.368,True,101.62,89.0,-15937.5
2025-08-07 00:04:08.856,True,102.25,88.88,-15000.0
2025-08-07 00:04:09.858,True,100.62,88.88,-16875.0
2025-08-07 00:04:10.861,True,101.88,88.88,-15468.75
2025-08-07 00:13:39.669,True,0.0,0.0,0.0
2025-08-07 00:13:40.682,True,104.25,91.75,-16093.75
2025-08-07 00:13:41.686,True,105.88,91.88,-14218.75
2025-08-07 00:13:42.689,True,106.5,91.75,-13437.5
2025-08-07 00:13:43.691,True,106.38,91.75,-13593.75
2025-08-07 00:13:44.693,True,101.88,91.88,-18906.25
2025-08-07 00:13:45.695,True,103.38,91.88,-17187.5
2025-08-07 00:13:46.698,True,105.38,91.88,-14843.75
2025-08-07 00:13:47.700,True,107.62,91.75,-12187.5
2025-08-07 00:13:48.702,True,107.75,91.75,-11875.0
2025-08-07 00:13:49.704,True,107.12,91.75,-12656.25
2025-08-07 00:13:52.477,True,107.25,91.88,-12656.25
2025-08-07 00:13:53.480,True,102.0,91.88,-18906.25
2025-08-07 00:13:54.482,True,104.0,91.88,-16562.5
2025-08-07 00:13:55.484,True,104.5,91.75,-15781.25
2025-08-07 00:13:56.486,True,103.88,91.88,-16718.75
2025-08-07 00:13:57.488,True,110.38,91.75,-8750.0
2025-08-07 00:13:58.491,True,103.0,91.75,-17500.0
2025-08-07 00:13:59.493,True,102.0,91.75,-18750.0
2025-08-07 00:14:00.496,True,106.0,91.75,-13906.25
2025-08-07 00:14:01.499,True,106.75,91.75,-13125.0
2025-08-07 00:14:02.501,True,96.62,91.75,-25000.0
2025-08-07 00:14:03.504,True,104.0,91.75,-16406.25
2025-08-07 00:14:04.507,True,107.75,91.75,-11875.0
2025-08-07 00:14:05.509,True,102.5,2025-08-07 00:13:39.571,True,0.0,0.0,0.0
2025-08-07 00:13:40.579,True,109.12,99.62,-19531.25
2025-08-07 00:13:41.683,True,109.0,99.62,-19687.5
2025-08-07 00:13:42.686,True,109.12,99.62,-19531.25
2025-08-07 00:13:43.689,True,108.62,99.62,-20156.25
2025-08-07 00:13:44.692,True,109.5,99.62,-19062.5
2025-08-07 00:13:45.698,True,110.25,99.62,-17968.75
2025-08-07 00:13:46.701,True,109.5,99.62,-19062.5
2025-08-07 00:13:47.704,True,110.12,99.62,-18437.5
2025-08-07 00:13:48.706,True,110.38,99.62,-18125.0
2025-08-07 00:13:49.708,True,110.25,99.62,-18281.25
2025-08-07 00:13:50.710,True,109.5,99.62,-19062.5
2025-08-07 00:14:03.948,True,108.62,99.62,-20156.25
2025-08-07 00:14:04.953,True,109.5,99.62,-19062.5
2025-08-07 00:14:05.957,True,110.0,99.62,-18593.75
2025-08-07 00:14:06.959,True,110.62,99.75,-17812.5
2025-08-07 00:14:07.961,True,110.38,99.75,-18281.25
2025-08-09 17:35:56.656,True,109.5,99.75,-19218.75
2025-08-09 17:35:57.658,True,110.62,99.75,-17968.75
2025-08-09 17:35:58.660,True,109.75,99.75,-18906.25
2025-08-09 17:35:59.661,True,109.5,99.75,-19218.75
2025-08-09 17:36:10.563,True,109.5,99.75,-19218.75
2025-08-09 17:36:11.575,True,111.25,99.75,-17187.5
2025-08-09 17:36:12.680,True,112.0,99.75,-16250.0
2025-08-09 17:36:13.683,True,111.0,99.75,-17500.0
2025-08-09 17:36:14.685,True,111.75,99.75,-16562.5
2025-08-09 17:36:15.686,True,111.62,99.75,-16718.75
2025-08-09 17:36:16.688,True,111.25,99.75,-17187.5
2025-08-09 17:36:17.691,True,111.5,99.75,-16875.0
2025-08-09 17:36:18.694,True,111.5,99.75,-16875.0
2025-08-09 17:36:20.366,True,110.88,99.75,-17656.25
2025-08-09 17:38:35.340,True,0.0,0.0,0.0
2025-08-09 17:38:36.361,True,113.75,101.75,-16562.5
2025-08-09 17:38:37.363,True,115.38,101.75,-14531.25
2025-08-09 17:38:38.365,True,114.5,101.75,-15781.25
2025-08-09 17:38:39.368,True,113.75,101.75,-16562.5
2025-08-09 17:38:40.373,True,112.25,101.75,-18281.25
2025-08-09 17:38:41.735,True,114.12,101.75,-16093.75
2025-08-09 17:38:42.737,True,115.12,101.75,-14843.75
2025-08-09 17:38:43.739,True,114.38,101.75,-15781.25
2025-08-09 17:38:44.741,True,115.25,101.75,-14687.5
2025-08-09 17:38:45.743,True,113.75,101.75,-16562.5
2025-08-09 17:38:46.745,True,113.88,101.75,-16406.25
2025-08-09 17:38:53.358,True,111.25,101.88,-19687.5
2025-08-09 17:38:54.361,True,111.75,101.88,-19062.5
2025-08-09 17:38:55.364,True,114.38,101.88,-15937.5
2025-08-09 17:38:56.369,True,114.5,101.88,-15781.25
2025-08-09 17:38:57.373,True,115.12,101.88,-15000.0
2025-08-09 17:38:59.567,True,114.5,101.88,-15781.25
2025-08-09 17:39:00.569,True,115.12,102.0,-15156.25
2025-08-09 17:39:04.954,True,115.38,102.0,-14843.75
2025-08-09 17:39:07.825,True,111.75,102.0,-19218.75
2025-08-09 17:40:11.842,True,114.12,102.0,-16406.25
2025-08-09 17:40:12.847,True,115.12,102.0,-15156.25
2025-08-09 17:40:13.850,True,115.75,102.12,-14531.25
2025-08-09 17:40:14.852,True,114.75,102.0,-15625.0
2025-08-09 17:40:15.854,True,114.62,102.12,-15937.5
2025-08-09 17:40:16.856,True,114.88,102.12,-15625.0
2025-08-09 17:40:17.859,True,114.0,102.12,-16718.75
2025-08-09 17:40:18.861,True,112.62,102.12,-18281.25
2025-08-09 17:40:19.863,True,114.12,102.12,-16562.5
2025-08-09 17:40:20.866,True,112.88,102.12,-17968.75
2025-08-09 17:40:23.619,True,112.25,102.12,-18750.0
2025-08-09 17:40:36.669,True,114.5,102.25,-16093.75
2025-08-09 17:40:37.921,True,114.75,102.38,-16093.75
2025-08-09 17:40:39.514,True,114.75,102.38,-16093.75
2025-08-09 17:40:40.516,True,113.75,102.38,-17343.75
2025-08-09 17:40:41.990,True,113.12,102.38,-17968.75
2025-08-09 17:40:42.992,True,114.25,102.38,-16718.75
2025-08-09 17:40:43.994,True,112.62,102.5,-18593.75
2025-08-09 17:40:44.996,True,114.5,102.5,-16562.5
2025-08-09 17:40:49.413,True,116.5,102.5,-14062.5
2025-08-09 17:40:50.417,True,114.25,102.5,-16875.0
2025-08-09 17:40:51.421,True,114.5,102.5,-16562.5
2025-08-09 17:40:52.424,True,116.38,102.5,-14218.75
2025-08-09 17:40:53.431,True,116.0,102.5,-14687.5
2025-08-09 17:40:54.433,True,112.38,102.62,-19218.75
2025-08-09 17:40:55.435,True,114.62,102.62,-16562.5
2025-08-09 17:40:56.438,True,114.75,102.62,-16406.25
2025-08-09 17:40:57.440,True,113.75,102.62,-17500.0
2025-08-09 17:40:58.443,True,114.62,102.62,-16562.5
2025-08-09 17:40:59.445,True,114.12,102.62,-17187.5
2025-08-09 17:41:00.448,True,115.88,102.62,-15000.0
2025-08-09 17:41:01.451,True,113.5,102.62,-17812.5
2025-08-09 17:41:02.454,True,113.5,102.62,-17812.5
2025-08-09 17:41:03.458,True,115.38,102.62,-15625.0
2025-08-09 17:41:04.461,True,115.5,102.75,-15468.75
2025-08-09 17:41:08.396,True,114.75,102.75,-16562.5
2025-08-09 17:41:09.398,True,115.38,102.75,-15781.25
2025-08-09 17:41:11.376,True,116.75,102.75,-14062.5
2025-08-09 17:41:12.378,True,115.5,102.75,-15625.0
2025-08-09 17:41:13.380,True,114.38,102.75,-17031.25
2025-08-09 17:41:14.382,True,114.12,102.75,-17187.5
2025-08-09 17:41:15.386,True,113.62,102.88,-18750.0
2025-08-09 17:41:16.391,True,113.62,102.88,-17968.75
2025-08-09 17:41:17.394,True,116.12,102.88,-15000.0
2025-08-09 17:41:18.395,True,117.0,102.88,-13906.25
2025-08-09 17:41:19.399,True,116.5,102.88,-14531.25
2025-08-09 17:41:20.401,True,116.75,102.88,-14218.75
2025-08-09 17:41:21.403,True,116.62,102.88,-14375.0
2025-08-09 17:41:22.405,True,115.0,102.88,-16406.25
2025-08-09 17:41:23.734,True,115.25,102.88,-16093.75
2025-08-09 17:41:24.736,True,116.12,102.88,-15000.0
2025-08-09 17:41:25.738,True,116.62,102.88,-14375.0
2025-08-09 17:41:26.740,True,116.75,102.88,-14218.75
2025-08-09 17:41:27.754,True,115.0,103.0,-16562.5
2025-08-09 17:41:28.756,True,115.75,103.0,-15625.0
2025-08-09 17:41:29.758,True,116.38,103.0,-14843.75
2025-08-09 17:41:30.762,True,115.62,103.0,-15312.5
2025-08-09 17:41:31.765,True,113.62,103.0,-18125.0
2025-08-09 17:41:32.767,True,115.62,103.0,-15781.25
2025-08-09 17:41:36.364,True,115.5,103.12,-16093.75
2025-08-09 17:41:38.481,True,116.25,103.12,-15156.25
2025-08-09 17:41:39.540,True,114.75,103.12,-16875.0
2025-08-09 17:41:40.542,True,116.12,103.12,-15937.5
2025-08-09 17:41:41.544,True,115.12,103.12,-16562.5
2025-08-09 17:41:42.546,True,115.5,103.12,-16093.75
2025-08-09 17:41:44.964,True,116.25,103.25,-15156.25
2025-08-09 17:41:45.966,True,118.25,103.25,-12812.5
2025-08-09 17:41:46.968,True,117.88,103.25,-13281.25
2025-08-09 17:41:47.970,True,117.0,103.25,-14375.0
2025-08-09 17:41:48.972,True,116.5,103.25,-15000.0
2025-08-09 17:41:49.975,True,116.0,103.25,-15625.0
2025-08-09 17:41:50.977,True,113.88,103.25,-18125.0
2025-08-09 17:41:51.978,True,117.75,103.25,-13437.5
2025-08-09 17:41:52.980,True,116.5,103.25,-15000.0
2025-08-09 17:41:53.982,True,117.38,103.25,-13906.25
2025-08-09 17:41:55.159,True,117.0,103.38,-14531.25
2025-08-09 17:41:56.164,True,114.62,103.38,-17343.75
2025-08-09 17:41:57.166,True,116.25,103.38,-15468.75
2025-08-09 17:41:58.169,True,117.25,103.38,-14218.75
2025-08-09 17:41:59.172,True,116.0,103.38,-15781.25
2025-08-09 17:42:00.177,True,116.0,103.38,-15781.25
2025-08-09 17:42:01.179,True,117.62,103.38,-13750.0
2025-08-09 17:42:02.181,True,117.25,103.38,-13437.5
2025-08-09 17:42:03.183,True,117.62,103.38,-13750.0
2025-08-09 17:42:04.185,True,117.38,103.5,-14218.75
2025-08-09 17:42:05.189,True,116.62,103.5,-15156.25
2025-08-09 17:42:06.192,True,115.12,103.5,-16875.0
2025-08-09 17:42:07.195,True,116.12,103.5,-15781.25
2025-08-09 17:42:08.196,True,115.75,103.5,-16250.0
2025-08-09 17:42:09.197,True,116.62,103.5,-15156.25
2025-08-09 17:42:10.199,True,115.25,103.5,-16718.75
2025-08-09 17:42:11.201,True,116.5,103.62,-15468.75
2025-08-09 17:42:12.203,True,118.12,103.62,-13437.5
2025-08-09 17:42:13.205,True,117.0,103.62,-14843.75
2025-08-09 17:42:14.208,True,116.38,103.62,-15625.0
2025-08-09 17:42:15.210,True,117.88,103.62,-13750.0
2025-08-09 17:42:16.213,True,117.25,103.62,-14531.25
2025-08-09 17:42:17.217,True,115.38,103.62,-16718.75
2025-08-09 17:42:18.219,True,114.5,103.62,-17812.5
2025-08-09 17:42:19.221,True,117.25,103.62,-14531.25
2025-08-09 17:42:20.223,True,115.88,103.75,-16250.0
2025-08-09 17:42:21.225,True,115.88,103.75,-16250.0
2025-08-09 17:42:22.227,True,113.0,103.75,-19843.75
2025-08-09 17:42:23.229,True,115.88,103.75,-16250.0
2025-08-09 17:42:24.232,True,115.62,103.75,-16562.5
2025-08-09 17:42:26.002,True,116.12,103.75,-16093.75
2025-08-09 17:42:27.003,True,115.5,103.75,-16718.75
2025-08-09 17:42:28.006,True,117.12,103.88,-15000.0
2025-08-09 17:42:29.007,True,118.75,103.88,-12968.75
2025-08-09 17:42:30.010,True,118.38,103.88,-13437.5
2025-08-09 17:42:31.019,True,118.25,103.88,-13593.75
2025-08-09 17:42:32.020,True,116.75,103.88,-15468.75
2025-08-09 17:42:33.022,True,117.25,103.88,-14843.75
2025-08-09 17:42:34.024,True,117.25,103.88,-15312.5
2025-08-09 17:42:35.026,True,117.12,103.88,-15000.0
2025-08-09 17:42:36.029,True,116.0,103.88,-16250.0
2025-08-09 17:42:37.031,True,115.75,103.88,-16562.5
2025-08-09 17:42:38.033,True,115.25,103.88,-17187.5
2025-08-09 17:42:39.035,True,116.62,104.0,-15781.25
2025-08-09 17:42:40.037,True,118.5,104.0,-13437.5
2025-08-09 17:42:41.039,True,117.5,104.0,-14687.5
2025-08-09 17:42:42.041,True,116.75,104.0,-15625.0
2025-08-09 17:42:43.043,True,117.62,104.0,-14531.25
2025-08-09 17:42:44.046,True,114.75,104.0,-17968.75
2025-08-09 17:42:45.048,True,115.12,104.0,-17500.0
2025-08-09 17:42:46.050,True,116.0,104.0,-16406.25
2025-08-09 17:42:47.052,True,116.0,104.0,-16406.25
2025-08-09 17:42:48.054,True,116.75,104.0,-15625.0
2025-08-09 17:42:49.056,True,114.88,104.12,-17968.75
2025-08-09 17:42:50.058,True,117.0,104.12,-15468.75
2025-08-09 17:42:51.061,True,117.88,104.12,-14375.0
2025-08-09 17:42:52.064,True,116.88,104.12,-15625.0
2025-08-09 17:42:53.068,True,116.12,104.12,-16406.25
2025-08-09 17:42:54.070,True,114.75,104.12,-18125.0
2025-08-09 17:42:55.072,True,115.75,104.12,-16875.0
2025-08-09 17:42:56.074,True,116.25,104.25,-16250.0
2025-08-09 17:42:57.076,True,116.88,104.25,-15625.0
2025-08-09 17:42:58.078,True,116.62,104.25,-15937.5
2025-08-09 17:42:59.081,True,116.62,104.25,-15937.5
2025-08-09 17:43:00.083,True,116.62,104.25,-15937.5
2025-08-09 17:43:01.103,True,115.5,104.25,-17343.75
2025-08-09 17:43:02.105,True,117.38,104.25,-15156.25
2025-08-09 17:43:03.107,True,118.12,104.25,-14218.75
2025-08-09 17:43:04.108,True,117.88,104.25,-14531.25
2025-08-09 17:43:05.111,True,117.75,104.25,-14687.5
2025-08-09 17:43:06.113,True,117.25,104.25,-15312.5
2025-08-09 17:43:07.115,True,117.25,104.25,-15312.5
2025-08-09 17:43:08.117,True,117.62,104.25,-14843.75
2025-08-09 17:43:09.119,True,117.62,104.38,-15000.0
2025-08-09 17:43:10.121,True,115.75,104.38,-17187.5
2025-08-09 17:43:11.122,True,114.38,104.38,-18906.25
2025-08-09 17:43:12.125,True,116.75,104.38,-15937.5
2025-08-09 17:43:13.127,True,118.88,104.38,-13437.5
2025-08-09 17:43:14.129,True,115.88,104.38,-17031.25
2025-08-09 17:43:15.131,True,115.5,104.5,-17656.25
2025-08-09 17:43:16.141,True,116.25,104.5,-16718.75
2025-08-09 17:43:17.143,True,114.38,104.5,-19062.5
2025-08-09 17:43:18.145,True,118.88,104.5,-13593.75
2025-08-09 17:43:19.147,True,115.75,104.5,-17343.75
2025-08-09 17:43:20.149,True,117.88,104.5,-14843.75
2025-08-09 17:43:21.151,True,118.5,104.5,-14062.5
2025-08-09 17:43:22.153,True,118.25,104.5,-14375.0
2025-08-09 17:43:23.155,True,119.12,104.5,-13281.25
2025-08-09 17:43:24.157,True,117.38,104.5,-15312.5
2025-08-09 17:43:25.159,True,117.5,104.5,-15156.25
2025-08-09 17:43:26.228,True,116.38,104.5,-16562.5
2025-08-09 17:43:27.231,True,116.12,104.5,-16875.0
2025-08-09 17:43:28.234,True,116.12,104.5,-16875.0
2025-08-09 17:43:29.235,True,117.12,104.62,-15781.25
2025-08-09 17:43:30.237,True,118.12,104.62,-14687.5
2025-08-09 17:43:31.240,True,117.38,104.62,-15468.75
2025-08-09 17:43:32.243,True,117.75,104.62,-15000.0
2025-08-09 17:43:33.245,True,115.12,104.62,-18281.25
2025-08-09 17:43:34.247,True,114.25,104.62,-19375.0
2025-08-09 17:43:35.249,True,115.5,104.62,-17812.5
2025-08-09 17:43:36.251,True,116.12,104.62,-17031.25
2025-08-09 17:43:37.253,True,117.25,104.75,-15781.25
2025-08-09 17:43:38.254,True,115.5,104.75,-17968.75
2025-08-09 17:43:39.256,True,115.25,104.75,-18281.25
2025-08-09 17:43:40.258,True,115.38,104.75,-18125.0
2025-08-09 17:43:41.262,True,115.25,104.75,-18281.25
2025-08-09 17:43:42.267,True,116.88,104.75,-16250.0
2025-08-09 17:43:43.269,True,114.75,104.75,-18906.25
2025-08-09 17:43:44.271,True,117.0,104.75,-16093.75
2025-08-09 17:43:45.274,True,118.38,104.75,-14531.25
2025-08-09 17:43:46.276,True,114.88,104.75,-18750.0
2025-08-09 17:43:47.278,True,118.12,104.88,-14843.75
2025-08-09 17:43:48.281,True,118.5,104.75,-14375.0
2025-08-09 17:43:49.284,True,119.62,104.75,-12968.75
2025-08-09 17:43:50.286,True,117.75,104.75,-15156.25
2025-08-09 17:43:51.288,True,115.75,104.88,-17656.25
2025-08-09 17:43:52.290,True,117.25,104.88,-15937.5
2025-08-09 17:43:53.293,True,115.88,104.88,-17656.25
2025-08-09 17:43:54.295,True,118.0,104.88,-15000.0
2025-08-09 17:43:55.297,True,117.75,104.88,-15312.5
2025-08-09 17:43:56.313,True,119.12,104.88,-13750.0
2025-08-09 17:43:57.315,True,118.62,104.88,-14375.0
2025-08-09 17:43:58.317,True,118.25,104.88,-14687.5
2025-08-09 17:43:59.319,True,117.75,104.88,-15312.5
2025-08-09 17:44:00.320,True,116.5,104.88,-16875.0
2025-08-09 17:44:01.322,True,118.38,104.88,-14531.25
2025-08-09 17:44:02.324,True,119.0,104.88,-13906.25
2025-08-09 17:44:03.327,True,118.88,104.88,-14062.5
2025-08-09 17:44:04.329,True,117.75,104.88,-15312.5
2025-08-09 17:44:05.331,True,114.12,105.0,-20000.0
2025-08-09 17:44:06.333,True,115.38,105.0,-18437.5
2025-08-09 17:44:07.335,True,115.88,105.0,-17812.5
2025-08-09 17:44:08.337,True,115.88,105.0,-17812.5
2025-08-09 17:44:09.339,True,119.25,105.0,-13750.0
2025-08-09 17:44:10.341,True,118.5,105.0,-14531.25
2025-08-09 17:44:11.359,True,118.12,105.0,-15000.0
2025-08-09 17:44:12.361,True,119.62,105.0,-13281.25
2025-08-09 17:44:13.363,True,118.0,105.0,-15156.25
2025-08-09 17:44:14.366,True,114.75,105.0,-19218.75
2025-08-09 17:44:15.368,True,117.12,105.12,-16406.25
2025-08-09 17:44:16.370,True,117.75,105.12,-15625.0
2025-08-09 17:44:17.373,True,118.5,105.12,-14687.5
2025-08-09 17:44:18.375,True,118.12,105.12,-15156.25
2025-08-09 17:44:19.378,True,115.75,105.12,-18125.0
2025-08-09 17:44:20.381,True,117.25,105.12,-16250.0
2025-08-09 17:44:21.596,True,118.12,105.12,-15156.25
2025-08-09 17:44:22.597,True,117.0,105.12,-16562.5
2025-08-09 17:44:23.599,True,118.25,105.12,-15000.0
2025-08-09 17:44:24.601,True,118.62,105.12,-14531.25
2025-08-09 17:44:25.603,True,116.75,105.12,-16875.0
2025-08-09 17:44:26.607,True,117.12,105.12,-16406.25
2025-08-09 17:44:27.609,True,117.75,105.25,-15781.25
2025-08-09 17:44:28.611,True,116.88,105.25,-16875.0
2025-08-09 17:44:29.613,True,119.12,105.25,-14062.5
2025-08-09 17:44:30.616,True,118.0,105.25,-15468.75
2025-08-09 17:44:31.625,True,118.0,105.25,-15468.75
2025-08-09 17:44:32.628,True,118.5,105.25,-14843.75
2025-08-09 17:44:33.630,True,118.62,105.25,-14687.5
2025-08-09 17:44:34.633,True,117.0,105.25,-16718.75
2025-08-09 17:44:35.635,True,116.5,105.25,-17343.75
2025-08-09 17:44:36.638,True,118.12,105.25,-15312.5
2025-08-09 17:44:37.640,True,117.12,105.25,-16562.5
2025-08-09 17:44:38.641,True,116.5,105.38,-17500.0
2025-08-09 17:44:39.644,True,117.12,105.38,-16718.75
2025-08-09 17:44:40.646,True,117.5,105.38,-16250.0
2025-08-09 17:44:41.648,True,117.88,105.38,-15781.25
2025-08-09 17:44:42.650,True,119.5,105.38,-13750.0
2025-08-09 17:44:43.652,True,119.5,105.38,-13750.0
2025-08-09 17:44:44.654,True,117.75,105.38,-15937.5
2025-08-09 17:44:45.656,True,119.0,105.38,-14375.0
2025-08-09 17:44:46.661,True,118.5,105.38,-15000.0
2025-08-09 17:44:47.664,True,117.25,105.38,-16562.5
2025-08-09 17:44:48.666,True,118.25,105.5,-15468.75
2025-08-09 17:44:49.668,True,119.12,105.5,-14375.0
2025-08-09 17:44:50.671,True,118.0,105.5,-15781.25
2025-08-09 17:44:51.672,True,117.0,105.5,-17031.25
2025-08-09 17:44:52.674,True,117.25,105.5,-16718.75
2025-08-09 17:44:53.677,True,117.0,105.5,-17031.25
2025-08-09 17:44:54.679,True,118.0,105.5,-15781.25
2025-08-09 17:44:55.682,True,119.0,105.5,-14531.25
2025-08-09 17:44:56.685,True,119.25,105.5,-14218.75
2025-08-09 17:44:57.687,True,118.88,105.5,-14218.75
2025-08-09 17:44:58.689,True,119.38,105.5,-14062.5
2025-08-09 17:44:59.690,True,119.0,105.5,-14531.25
2025-08-09 17:45:00.693,True,119.38,105.5,-13906.25
2025-08-09 17:45:01.694,True,118.38,105.5,-15312.5
2025-08-09 17:45:02.698,True,118.62,105.62,-15156.25
2025-08-09 17:45:03.700,True,119.5,105.62,-14062.5
2025-08-09 17:45:04.703,True,116.38,105.62,-17968.75
2025-08-09 17:45:05.705,True,118.12,105.62,-15781.25
2025-08-09 17:45:06.714,True,118.5,105.62,-15312.5
2025-08-09 17:45:07.716,True,119.88,105.62,-13593.75
2025-08-09 17:45:08.719,True,117.62,105.62,-16406.25
2025-08-09 17:45:09.722,True,118.38,105.62,-14062.5
2025-08-09 17:45:10.723,True,118.5,105.62,-15312.5
2025-08-09 17:45:11.725,True,117.88,105.62,-16093.75
2025-08-09 17:45:12.727,True,118.88,105.62,-14843.75
2025-08-09 17:45:13.729,True,118.0,105.75,-16093.75
2025-08-09 17:45:14.731,True,117.88,105.75,-16250.0
2025-08-09 17:45:15.734,True,117.25,105.75,-17031.25
2025-08-09 17:45:16.740,True,115.88,105.75,-18750.0
2025-08-09 17:45:17.742,True,117.5,105.75,-16718.75
2025-08-09 17:45:18.744,True,115.88,105.75,-18750.0
2025-08-09 17:45:19.746,True,116.62,105.88,-17968.75
2025-08-09 17:45:20.748,True,118.12,105.75,-16093.75
2025-08-09 17:45:21.750,True,122.0,105.75,-11250.0
2025-08-09 17:45:22.752,True,119.12,105.75,-14687.5
2025-08-09 17:45:23.755,True,118.25,105.88,-15937.5
2025-08-09 17:45:24.757,True,117.62,105.88,-16718.75
2025-08-09 17:45:25.760,True,119.12,105.88,-14843.75
2025-08-09 17:45:26.767,True,120.12,105.88,-13593.75
2025-08-09 17:45:27.769,True,119.25,105.88,-14687.5
2025-08-09 17:45:28.771,True,118.62,105.88,-15468.75
2025-08-09 17:45:29.774,True,117.25,105.88,-17187.5
2025-08-09 17:45:30.776,True,118.12,105.88,-16093.75
2025-08-09 17:45:31.782,True,115.75,105.88,-19062.5
2025-08-09 17:45:32.784,True,119.25,105.88,-14687.5
2025-08-09 17:45:33.786,True,120.12,105.88,-13593.75
2025-08-09 17:45:34.788,True,118.62,105.88,-15468.75
2025-08-09 17:45:35.790,True,119.12,105.88,-14843.75
2025-08-09 17:45:36.801,True,118.38,106.0,-15937.5
2025-08-09 17:45:37.803,True,118.75,106.0,-15468.75
2025-08-09 17:45:38.805,True,117.88,106.0,-16562.5
2025-08-09 17:45:39.807,True,118.75,106.0,-15468.75
2025-08-09 17:45:40.810,True,116.88,106.0,-17812.5
2025-08-09 17:45:41.813,True,118.25,106.0,-16093.75
2025-08-09 17:45:42.814,True,119.12,106.0,-15000.0
2025-08-09 17:45:43.816,True,118.75,106.0,-15468.75
2025-08-09 17:45:44.819,True,118.75,106.0,-15468.75
2025-08-09 17:45:45.821,True,118.62,106.0,-15625.0
2025-08-09 17:45:46.825,True,116.38,106.0,-18437.5
2025-08-09 17:45:47.827,True,118.38,106.12,-16093.75
2025-08-09 17:45:48.829,True,118.38,106.12,-16093.75
2025-08-09 17:45:49.832,True,116.88,106.12,-17968.75
2025-08-09 17:45:50.833,True,118.75,106.12,-15625.0
2025-08-09 17:45:51.839,True,118.5,106.12,-15937.5
2025-08-09 17:45:52.841,True,120.0,106.12,-14062.5
2025-08-09 17:45:53.844,True,118.12,106.12,-16406.25
2025-08-09 17:45:54.846,True,117.62,106.12,-17031.25
2025-08-09 17:45:55.848,True,120.12,106.12,-13906.25
2025-08-09 17:45:56.911,True,117.38,106.12,-17343.75
2025-08-09 17:45:57.913,True,116.0,106.25,-19218.75
2025-08-09 17:45:58.914,True,118.5,106.25,-16093.75
2025-08-09 17:45:59.917,True,120.62,106.25,-13437.5
2025-08-09 17:46:00.919,True,120.88,106.25,-13125.0
2025-08-09 17:46:01.922,True,120.38,106.25,-13750.0
2025-08-09 17:46:02.924,True,120.5,106.25,-13593.75
2025-08-09 17:46:03.926,True,121.0,106.25,-12968.75
2025-08-09 17:46:04.928,True,119.25,106.25,-15156.25
2025-08-09 17:46:05.930,True,119.88,106.25,-14375.0
2025-08-09 17:46:06.932,True,120.0,106.25,-14218.75
2025-08-09 17:46:07.933,True,120.25,106.25,-13906.25
2025-08-09 17:46:08.936,True,120.12,106.25,-14062.5
2025-08-09 17:46:09.938,True,119.25,106.25,-15156.25
2025-08-09 17:46:10.940,True,119.88,106.25,-14687.5
2025-08-09 17:46:11.942,True,119.5,106.25,-14843.75
2025-08-09 17:46:12.944,True,120.12,106.25,-14062.5
2025-08-09 17:46:13.946,True,119.75,106.25,-13281.25
2025-08-09 17:46:14.948,True,118.25,106.38,-16562.5
2025-08-09 17:46:15.950,True,117.88,106.38,-17031.25
2025-08-09 17:46:16.952,True,118.5,106.38,-16250.0
2025-08-09 17:46:17.954,True,118.75,106.38,-15937.5
2025-08-09 17:46:18.956,True,119.12,106.38,-15468.75
2025-08-09 17:46:19.958,True,118.88,106.38,-15781.25
2025-08-09 17:46:20.961,True,118.62,106.38,-16093.75
2025-08-09 17:46:21.964,True,116.12,106.38,-19218.75
2025-08-09 17:46:22.966,True,120.5,106.38,-13750.0
2025-08-09 17:46:23.968,True,120.62,106.38,-13593.75
2025-08-09 17:46:24.970,True,120.0,106.5,-14531.25
2025-08-09 17:46:25.971,True,118.75,106.5,-16093.75
2025-08-09 17:46:26.973,True,119.12,106.5,-15625.0
2025-08-09 17:46:27.976,True,118.88,106.5,-15937.5
2025-08-09 17:46:28.977,True,120.88,106.5,-13437.5
2025-08-09 17:46:29.979,True,120.12,106.5,-14375.0
2025-08-09 17:46:30.982,True,117.5,106.5,-17656.25
2025-08-09 17:46:31.984,True,118.25,106.5,-16718.75
2025-08-09 17:46:32.986,True,119.38,106.5,-15312.5
2025-08-09 17:46:33.989,True,120.62,106.5,-13750.0
2025-08-09 17:46:34.991,True,120.25,106.5,-14218.75
2025-08-09 17:46:35.993,True,120.75,106.5,-13593.75
2025-08-09 17:46:36.994,True,121.75,106.5,-12343.75
2025-08-09 17:46:37.996,True,119.75,106.5,-14843.75
2025-08-09 17:46:38.998,True,118.12,106.62,-17031.25
2025-08-09 17:46:40.000,True,119.75,106.62,-15000.0
2025-08-09 17:46:41.002,True,117.0,106.62,-18437.5
2025-08-09 17:46:42.146,True,118.25,106.62,-16875.0
2025-08-09 17:46:43.148,True,118.5,106.62,-16562.5
2025-08-09 17:46:44.150,True,117.12,106.62,-18281.25
2025-08-09 17:46:45.152,True,117.75,106.62,-17500.0
2025-08-09 17:46:46.154,True,118.38,106.62,-16718.75
2025-08-09 17:46:47.156,True,121.12,106.62,-13281.25
2025-08-09 17:46:48.158,True,120.88,106.62,-13593.75
2025-08-09 17:46:49.161,True,120.5,106.62,-14062.5
2025-08-09 17:46:50.163,True,120.5,106.62,-14062.5
2025-08-09 17:46:51.165,True,118.62,106.75,-16562.5
2025-08-09 17:46:52.169,True,119.12,106.75,-15937.5
2025-08-09 17:46:53.171,True,121.38,106.75,-13125.0
2025-08-09 17:46:54.172,True,121.0,106.75,-13593.75
2025-08-09 17:46:55.174,True,117.0,106.75,-18593.75
2025-08-09 17:46:56.177,True,117.62,106.75,-17812.5
2025-08-09 17:46:57.179,True,119.25,106.75,-15781.25
2025-08-09 17:46:58.182,True,118.75,106.75,-16406.25
2025-08-09 17:46:59.184,True,118.5,106.75,-16718.75
2025-08-09 17:47:00.186,True,119.88,106.75,-15000.0
2025-08-09 17:47:01.188,True,119.5,106.75,-15468.75
2025-08-09 17:47:02.190,True,120.0,106.88,-14843.75
2025-08-09 17:47:03.193,True,119.12,106.75,-15937.5
2025-08-09 17:47:04.195,True,119.12,106.88,-16093.75
2025-08-09 17:47:05.197,True,119.0,106.88,-16250.0
2025-08-09 17:47:06.199,True,120.38,106.88,-14531.25
2025-08-09 17:47:07.201,True,119.38,106.88,-15781.25
2025-08-09 17:47:08.202,True,118.38,106.88,-17031.25
2025-08-09 17:47:09.205,True,118.88,106.88,-16406.25
2025-08-09 17:47:10.207,True,118.5,106.88,-16875.0
2025-08-09 17:47:11.209,True,119.62,106.88,-15468.75
2025-08-09 17:47:12.211,True,119.88,106.88,-15156.25
2025-08-09 17:47:13.213,True,121.75,106.88,-12812.5
2025-08-09 17:47:14.215,True,119.25,106.88,-15937.5
2025-08-09 17:47:15.217,True,118.38,107.0,-17187.5
2025-08-09 17:47:16.219,True,120.5,107.0,-14531.25
2025-08-09 17:47:17.222,True,120.88,107.0,-14062.5
2025-08-09 17:47:18.224,True,121.0,107.0,-13906.25
2025-08-09 17:47:19.226,True,120.12,107.0,-15000.0
2025-08-09 17:47:20.227,True,118.62,107.0,-16875.0
2025-08-09 17:47:21.229,True,119.38,107.0,-15937.5
2025-08-09 17:47:22.232,True,119.12,107.0,-16250.0
2025-08-09 17:47:23.234,True,119.75,107.0,-15468.75
2025-08-09 17:47:24.237,True,120.75,107.0,-14218.75
2025-08-09 17:47:25.239,True,121.25,107.0,-13593.75
2025-08-09 17:47:26.242,True,120.38,107.0,-14687.5
2025-08-09 17:47:27.245,True,119.75,107.0,-15468.75
2025-08-09 17:47:28.246,True,120.62,107.0,-14375.0
2025-08-09 17:47:29.248,True,120.75,107.0,-14375.0
2025-08-09 17:47:30.250,True,121.75,107.0,-12968.75
2025-08-09 17:47:31.252,True,120.62,107.12,-14531.25
2025-08-09 17:47:32.255,True,116.62,107.12,-19531.25
2025-08-09 17:47:33.257,True,120.38,107.12,-14843.75
2025-08-09 17:47:34.259,True,118.75,107.12,-16875.0
2025-08-09 17:47:35.261,True,117.0,107.12,-19062.5
2025-08-09 17:47:36.263,True,120.62,107.12,-14531.25
2025-08-09 17:47:37.265,True,121.12,107.12,-13906.25
2025-08-09 17:47:38.267,True,118.75,107.12,-16875.0
2025-08-09 17:47:39.270,True,118.38,107.25,-17500.0
2025-08-09 17:47:40.271,True,118.38,107.25,-17500.0
2025-08-09 17:47:41.273,True,117.88,107.25,-18125.0
2025-08-09 17:47:42.275,True,121.38,107.25,-15156.25
2025-08-09 17:47:43.277,True,118.62,107.25,-17187.5
2025-08-09 17:47:44.279,True,119.5,107.25,-16093.75
2025-08-09 17:47:45.282,True,120.0,107.25,-15468.75
2025-08-09 17:47:46.285,True,120.62,107.25,-14687.5
2025-08-09 17:47:47.287,True,120.5,107.25,-14843.75
2025-08-09 17:47:48.289,True,119.75,107.25,-15781.25
2025-08-09 17:47:49.291,True,122.25,107.25,-12656.25
2025-08-09 17:47:50.292,True,120.88,107.25,-14375.0
2025-08-09 17:47:51.294,True,121.5,107.25,-13593.75
2025-08-09 17:47:52.297,True,121.25,107.25,-13906.25
2025-08-09 17:47:53.300,True,119.88,107.25,-15781.25
2025-08-09 17:47:54.301,True,121.0,107.38,-14375.0
2025-08-09 17:47:55.303,True,119.62,107.38,-16093.75
2025-08-09 17:47:56.305,True,121.12,107.38,-14218.75
2025-08-09 17:47:57.307,True,123.0,107.38,-11875.0
2025-08-09 17:47:58.308,True,122.0,107.38,-13125.0
2025-08-09 17:47:59.311,True,121.75,107.38,-13437.5
2025-08-09 17:48:00.313,True,122.12,107.38,-12968.75
2025-08-09 17:48:01.315,True,122.0,107.38,-13125.0
2025-08-09 17:48:02.317,True,119.75,107.38,-15937.5
2025-08-09 17:48:03.319,True,121.88,107.38,-13281.25
2025-08-09 17:48:04.321,True,120.62,107.38,-14843.75
2025-08-09 17:48:05.323,True,121.38,107.38,-13906.25
2025-08-09 17:48:06.325,True,121.38,107.38,-13906.25
2025-08-09 17:48:07.327,True,119.62,107.38,-16093.75
2025-08-09 17:48:08.329,True,120.5,107.38,-15000.0
2025-08-09 17:48:09.331,True,120.25,107.38,-15312.5
2025-08-09 17:48:10.334,True,118.75,107.5,-17343.75
2025-08-09 17:48:11.337,True,119.62,107.5,-16250.0
2025-08-09 17:48:12.339,True,119.12,107.5,-16875.0
2025-08-09 17:48:13.342,True,121.5,107.5,-13906.25
2025-08-09 17:48:14.345,True,118.88,107.5,-17187.5
2025-08-09 17:48:15.347,True,122.0,107.5,-13281.25
2025-08-09 17:48:16.350,True,121.88,107.5,-13437.5
2025-08-09 17:48:17.352,True,121.12,107.5,-14375.0
2025-08-09 17:48:18.354,True,121.5,107.5,-13906.25
2025-08-09 17:48:19.356,True,118.88,107.5,-17187.5
2025-08-09 17:48:20.358,True,118.62,107.5,-17500.0
2025-08-09 17:48:21.361,True,122.25,107.5,-12968.75
2025-08-09 17:48:22.364,True,122.12,107.5,-13125.0
2025-08-09 17:48:23.366,True,120.75,107.5,-14843.75
2025-08-09 17:48:24.368,True,116.12,107.62,-20625.0
2025-08-09 17:48:25.370,True,123.5,107.62,-11562.5
2025-08-09 17:48:26.371,True,122.88,107.62,-12343.75
2025-08-09 17:48:27.374,True,121.38,107.62,-14218.75
2025-08-09 17:48:28.378,True,121.88,107.62,-13593.75
2025-08-09 17:48:29.381,True,121.88,107.62,-13593.75
2025-08-09 17:48:30.383,True,119.38,107.62,-16718.75
2025-08-09 17:48:31.385,True,120.62,107.62,-15156.25
2025-08-09 17:48:32.387,True,119.38,107.62,-16718.75
2025-08-09 17:48:33.389,True,121.75,107.62,-13750.0
2025-08-09 17:48:34.391,True,121.75,107.62,-13750.0
2025-08-09 17:48:35.395,True,121.38,107.62,-14218.75
2025-08-09 17:48:36.397,True,120.62,107.62,-15156.25
2025-08-09 17:48:37.399,True,121.38,107.62,-14218.75
2025-08-09 17:48:38.401,True,120.25,107.62,-15625.0
2025-08-09 17:48:39.404,True,120.25,107.62,-15625.0
2025-08-09 17:48:40.406,True,119.88,107.75,-16250.0
2025-08-09 17:48:41.408,True,119.38,107.75,-16875.0
2025-08-09 17:48:42.411,True,120.12,107.75,-15937.5
2025-08-09 17:48:43.412,True,120.12,107.75,-15937.5
2025-08-09 17:48:44.414,True,116.62,107.75,-20156.25
2025-08-09 17:48:45.416,True,120.62,107.75,-15312.5
2025-08-09 17:48:46.418,True,122.0,107.75,-13593.75
2025-08-09 17:48:47.420,True,120.88,107.75,-15000.0
2025-08-09 17:48:48.421,True,118.5,107.75,-17968.75
2025-08-09 17:48:49.424,True,120.62,107.75,-15312.5
2025-08-09 17:48:50.427,True,119.5,107.75,-16718.75
2025-08-09 17:48:51.428,True,121.25,107.75,-14531.25
2025-08-09 17:48:52.430,True,121.12,107.75,-14687.5
2025-08-09 17:48:53.432,True,121.38,107.75,-14375.0
2025-08-09 17:48:54.434,True,121.38,107.75,-14375.0
2025-08-09 17:48:55.436,True,120.88,107.75,-15000.0
2025-08-09 17:48:56.438,True,119.75,107.75,-16406.25
2025-08-09 17:48:57.440,True,119.5,107.88,-16875.0
2025-08-09 17:48:58.442,True,120.38,107.88,-15312.5
2025-08-09 17:48:59.444,True,118.88,107.88,-17656.25
2025-08-09 17:49:00.445,True,119.12,107.88,-17343.75
2025-08-09 17:49:01.448,True,118.38,107.88,-18281.25
2025-08-09 17:49:02.449,True,120.38,107.88,-15781.25
2025-08-09 17:49:03.452,True,121.25,107.88,-14687.5
2025-08-09 17:49:04.454,True,121.0,107.88,-15000.0
2025-08-09 17:49:05.456,True,120.25,107.88,-15937.5
2025-08-09 17:49:06.457,True,119.5,107.88,-16875.0
2025-08-09 17:49:07.459,True,121.25,107.88,-14687.5
2025-08-09 17:49:08.461,True,116.88,108.0,-20156.25
2025-08-09 17:49:09.463,True,119.12,108.0,-17500.0
2025-08-09 17:49:10.465,True,119.62,108.0,-16875.0
2025-08-09 17:49:11.468,True,121.62,108.0,-14375.0
2025-08-09 17:49:12.470,True,122.12,108.0,-13750.0
2025-08-09 17:49:13.472,True,121.38,108.0,-14687.5
2025-08-09 17:49:14.474,True,119.38,108.0,-17187.5
2025-08-09 17:49:15.476,True,119.88,108.0,-16562.5
2025-08-09 17:49:16.479,True,121.0,108.0,-15156.25
2025-08-09 17:49:17.482,True,122.38,108.0,-13437.5
2025-08-09 17:49:18.484,True,122.0,108.0,-13906.25
2025-08-09 17:49:19.486,True,122.0,108.0,-13906.25
2025-08-09 17:49:20.489,True,122.38,108.0,-13125.0
2025-08-09 17:49:21.492,True,121.62,108.0,-14375.0
2025-08-09 17:49:22.494,True,118.38,108.0,-18437.5
2025-08-09 17:49:23.497,True,121.12,108.0,-15000.0
2025-08-09 17:49:24.499,True,120.75,108.0,-15468.75
2025-08-09 17:49:25.501,True,119.25,108.0,-17343.75
2025-08-09 17:49:26.503,True,120.0,108.12,-16562.5
2025-08-09 17:49:27.505,True,119.38,108.12,-17343.75
2025-08-09 17:49:28.508,True,119.25,108.12,-17500.0
2025-08-09 17:49:29.510,True,119.75,108.12,-16875.0
2025-08-09 17:49:30.512,True,121.62,108.12,-14531.25
2025-08-09 17:49:31.514,True,121.62,108.12,-14531.25
2025-08-09 17:49:32.517,True,120.75,108.12,-17968.75
2025-08-09 17:49:33.519,True,120.25,108.12,-16250.0
2025-08-09 17:49:34.521,True,122.75,108.12,-13125.0
2025-08-09 17:49:35.523,True,122.38,108.12,-13593.75
2025-08-09 17:49:36.525,True,119.88,108.12,-16718.75
2025-08-09 17:49:37.529,True,121.25,108.12,-15000.0
2025-08-09 17:49:38.530,True,120.88,108.12,-15468.75
2025-08-09 17:49:39.533,True,120.62,108.12,-15781.25
2025-08-09 17:49:40.535,True,121.75,108.12,-14375.0
2025-08-09 17:49:41.536,True,123.12,108.12,-12656.25
2025-08-09 17:49:42.538,True,122.62,108.12,-13281.25
2025-08-09 17:49:43.540,True,120.0,108.12,-16718.75
2025-08-09 17:49:44.542,True,123.0,108.12,-12812.5
2025-08-09 17:49:45.544,True,122.62,108.25,-13437.5
2025-08-09 17:49:46.546,True,121.38,108.25,-15000.0
2025-08-09 17:49:47.548,True,121.75,108.25,-14531.25
2025-08-09 17:49:48.550,True,121.75,108.25,-14531.25
2025-08-09 17:49:49.553,True,119.88,108.25,-16875.0
2025-08-09 17:49:50.555,True,120.5,108.25,-16093.75
2025-08-09 17:49:51.557,True,120.75,108.25,-15781.25
2025-08-09 17:49:52.559,True,121.88,108.25,-14375.0
2025-08-09 17:49:53.561,True,118.12,108.25,-18906.25
2025-08-09 17:49:54.564,True,122.5,108.25,-13593.75
2025-08-09 17:49:55.567,True,121.62,108.25,-14687.5
2025-08-09 17:49:56.569,True,121.38,108.25,-15000.0
2025-08-09 17:49:57.571,True,120.25,108.38,-16562.5
2025-08-09 17:49:58.573,True,122.0,108.25,-14218.75
2025-08-09 17:49:59.575,True,124.25,108.38,-11562.5
2025-08-09 17:50:00.577,True,122.88,108.25,-13437.5
2025-08-09 17:50:01.579,True,120.75,108.38,-15937.5
2025-08-09 17:50:02.581,True,119.75,108.38,-17187.5
2025-08-09 17:50:03.584,True,120.62,108.38,-16093.75
2025-08-09 17:50:04.586,True,120.62,108.38,-16093.75
2025-08-09 17:50:05.588,True,122.12,108.38,-14218.75
2025-08-09 17:50:06.590,True,124.12,108.38,-11718.75
2025-08-09 17:50:07.593,True,121.5,108.38,-15000.0
2025-08-09 17:50:09.376,True,122.12,108.38,-14218.75
2025-08-09 17:50:10.379,True,122.0,108.38,-14375.0
2025-08-09 17:50:11.381,True,123.0,108.38,-13125.0
2025-08-09 17:50:12.383,True,122.62,108.38,-13593.75
2025-08-09 17:50:13.385,True,119.75,108.5,-17187.5
2025-08-09 17:50:14.387,True,119.88,108.38,-17031.25
2025-08-09 17:50:15.389,True,121.25,108.5,-15468.75
2025-08-09 17:50:16.392,True,121.25,108.5,-15468.75
2025-08-09 17:50:17.394,True,122.25,108.5,-14218.75
2025-08-09 17:50:18.396,True,122.62,108.5,-13750.0
2025-08-09 17:50:19.398,True,121.88,108.5,-14687.5
2025-08-09 17:50:20.403,True,122.12,108.5,-14375.0
2025-08-09 17:50:21.405,True,118.88,108.5,-18281.25
2025-08-09 17:50:22.407,True,122.12,108.5,-14375.0
2025-08-09 17:50:23.410,True,122.62,108.5,-13750.0
2025-08-09 17:50:24.413,True,122.38,108.5,-14062.5
2025-08-09 17:50:25.415,True,123.0,108.5,-13281.25
2025-08-09 17:50:26.417,True,122.12,108.5,-14375.0
2025-08-09 17:50:27.419,True,121.62,108.5,-15000.0
2025-08-09 17:50:28.421,True,123.0,108.5,-13281.25
2025-08-09 17:50:29.423,True,122.62,108.5,-13750.0
2025-08-09 17:50:30.425,True,120.25,108.5,-16718.75
2025-08-09 17:50:31.428,True,118.62,108.5,-18593.75
2025-08-09 17:50:32.430,True,122.75,108.62,-13750.0
2025-08-09 17:50:33.432,True,122.5,108.5,-14062.5
2025-08-09 17:50:34.434,True,121.88,108.62,-14843.75
2025-08-09 17:50:35.436,True,123.0,108.62,-13437.5
2025-08-09 17:50:36.439,True,120.38,108.62,-16718.75
2025-08-09 17:50:37.441,True,122.25,108.62,-14375.0
2025-08-09 17:50:38.443,True,120.75,108.62,-16250.0
2025-08-09 17:50:39.445,True,118.75,108.62,-18593.75
2025-08-09 17:50:40.447,True,120.12,108.62,-17031.25
2025-08-09 17:50:41.449,True,120.75,108.62,-16250.0
2025-08-09 17:50:42.451,True,120.75,108.62,-16250.0
2025-08-09 17:50:43.453,True,123.25,108.62,-13125.0
2025-08-09 17:50:44.455,True,123.12,108.62,-13281.25
2025-08-09 17:50:45.458,True,123.75,108.62,-12500.0
2025-08-09 17:50:46.460,True,123.25,108.62,-13125.0
2025-08-09 17:50:47.462,True,122.75,108.62,-13750.0
2025-08-09 17:50:48.464,True,119.25,108.62,-17968.75
2025-08-09 17:50:49.466,True,119.25,108.75,-18125.0
2025-08-09 17:50:50.468,True,120.62,108.75,-16562.5
2025-08-09 17:50:51.471,True,123.12,108.75,-13437.5
2025-08-09 17:50:52.473,True,121.12,108.75,-15937.5
2025-08-09 17:50:53.476,True,120.5,108.75,-16718.75
2025-08-09 17:50:54.478,True,119.88,108.75,-17343.75
2025-08-09 17:50:55.480,True,119.12,108.75,-18281.25
2025-08-09 17:50:56.481,True,121.12,108.75,-15937.5
2025-08-09 17:50:57.483,True,121.12,108.75,-15937.5
2025-08-09 17:50:58.486,True,121.25,108.75,-15781.25
2025-08-09 17:50:59.489,True,120.88,108.75,-16250.0
2025-08-09 17:51:00.492,True,122.0,108.75,-14843.75
2025-08-09 17:51:01.494,True,123.62,108.75,-12812.5
2025-08-09 17:51:02.496,True,122.62,108.75,-14062.5
2025-08-09 17:51:03.498,True,122.0,108.75,-14843.75
2025-08-09 17:51:04.500,True,122.38,108.75,-14375.0
2025-08-09 17:51:05.503,True,123.12,108.75,-13437.5
2025-08-09 17:51:06.505,True,123.5,108.75,-12968.75
2025-08-09 17:51:07.508,True,123.25,108.75,-13281.25
2025-08-09 17:51:08.510,True,121.88,108.75,-15000.0
2025-08-09 17:51:09.513,True,122.38,108.88,-14531.25
2025-08-09 17:51:10.515,True,122.0,108.88,-15000.0
2025-08-09 17:51:11.517,True,122.62,108.88,-14218.75
2025-08-09 17:51:12.519,True,123.0,108.88,-13750.0
2025-08-09 17:51:13.522,True,123.12,108.88,-13593.75
2025-08-09 17:51:14.525,True,124.0,108.88,-12968.75
2025-08-09 17:51:15.526,True,122.88,108.88,-13906.25
2025-08-09 17:51:16.528,True,122.75,108.88,-14062.5
2025-08-09 17:51:17.530,True,123.62,108.88,-12968.75
2025-08-09 17:51:18.532,True,123.12,108.88,-13593.75
2025-08-09 17:51:19.534,True,120.12,108.88,-17187.5
2025-08-09 17:51:20.537,True,121.0,108.88,-16250.0
2025-08-09 17:51:21.539,True,120.75,108.88,-16562.5
2025-08-09 17:51:22.542,True,119.12,108.88,-18437.5
2025-08-09 17:51:23.545,True,119.12,108.88,-18437.5
2025-08-09 17:51:24.547,True,119.5,108.88,-17968.75
2025-08-09 17:51:25.550,True,118.62,109.0,-19218.75
2025-08-09 17:51:26.552,True,122.0,109.0,-15156.25
2025-08-09 17:51:27.555,True,122.0,109.0,-15156.25
2025-08-09 17:51:28.557,True,121.38,109.0,-15937.5
2025-08-09 17:51:29.559,True,0.0,0.0,0.0
2025-08-09 17:51:30.561,True,122.62,109.0,-14375.0
2025-08-09 17:51:31.564,True,0.0,0.0,0.0
2025-08-09 17:51:32.566,True,122.62,109.0,-14375.0
2025-08-09 17:51:33.569,True,122.25,109.0,-14843.75
2025-08-09 17:51:34.572,True,123.25,109.0,-13593.75
2025-08-09 17:51:35.574,True,123.12,109.0,-13750.0
2025-08-09 17:51:36.577,True,123.0,109.0,-13906.25
2025-08-09 17:51:37.579,True,122.88,109.0,-14062.5
2025-08-09 17:51:38.581,True,123.12,109.0,-13750.0
2025-08-09 17:51:39.583,True,123.62,109.0,-13125.0
2025-08-09 17:51:40.585,True,122.75,109.0,-14218.75
2025-08-09 17:51:41.587,True,122.5,109.0,-14531.25
2025-08-09 17:51:42.590,True,122.0,109.0,-15156.25
2025-08-09 17:51:43.593,True,121.5,109.0,-15781.25
2025-08-09 17:51:44.594,True,122.12,109.0,-15000.0
2025-08-09 17:51:45.596,True,122.38,109.0,-14687.5
2025-08-09 17:51:46.598,True,121.5,109.0,-15781.25
2025-08-09 17:51:47.600,True,121.12,109.0,-16250.0
2025-08-09 17:51:48.602,True,121.5,109.0,-15781.25
2025-08-09 17:51:49.604,True,122.75,109.0,-14218.75
2025-08-09 17:51:50.606,True,123.38,109.0,-13437.5
2025-08-09 17:51:51.609,True,120.88,109.0,-16406.25
2025-08-09 17:51:52.611,True,119.5,109.0,-18125.0
2025-08-09 17:51:53.613,True,120.62,109.12,-16875.0
2025-08-09 17:51:54.615,True,121.25,109.12,-16093.75
2025-08-09 17:51:55.617,True,120.75,109.12,-16718.75
2025-08-09 17:51:56.619,True,120.0,109.12,-17656.25
2025-08-09 17:51:57.621,True,122.12,109.12,-15156.25
2025-08-09 17:51:58.622,True,120.0,109.12,-17656.25
2025-08-09 17:51:59.624,True,118.88,109.12,-19062.5
2025-08-09 17:52:00.626,True,120.12,109.12,-17500.0
2025-08-09 17:52:01.628,True,120.0,109.12,-17656.25
2025-08-09 17:52:02.630,True,120.62,109.12,-16875.0
2025-08-09 17:52:03.632,True,120.0,109.12,-17656.25
2025-08-09 17:52:04.634,True,119.38,109.25,-18593.75
2025-08-09 17:52:05.636,True,121.75,109.12,-15625.0
2025-08-09 17:52:06.638,True,121.5,109.25,-15937.5
2025-08-09 17:52:07.640,True,123.12,109.12,-13906.25
2025-08-09 17:52:08.642,True,121.5,109.12,-15781.25
2025-08-09 17:52:09.644,True,120.25,109.25,-17500.0
2025-08-09 17:52:10.647,True,121.38,109.25,-16093.75
2025-08-09 17:52:11.649,True,121.12,109.25,-16406.25
2025-08-09 17:52:12.651,True,123.0,109.25,-14218.75
2025-08-09 17:52:13.653,True,121.38,109.25,-16093.75
2025-08-09 17:52:14.655,True,121.62,109.25,-15781.25
2025-08-09 17:52:15.656,True,121.75,109.25,-15625.0
2025-08-09 17:52:16.658,True,121.62,109.25,-15781.25
2025-08-09 17:52:17.661,True,122.12,109.25,-15156.25
2025-08-09 17:52:18.663,True,121.25,109.25,-16250.0
2025-08-09 17:52:19.665,True,121.75,109.25,-15625.0
2025-08-09 17:52:20.667,True,122.0,109.25,-15312.5
2025-08-09 17:52:21.670,True,123.75,109.25,-13281.25
2025-08-09 17:52:22.672,True,123.0,109.25,-14218.75
2025-08-09 17:52:23.674,True,123.0,109.25,-14218.75
2025-08-09 17:52:24.676,True,123.62,109.25,-13437.5
2025-08-09 17:52:25.678,True,124.0,109.25,-12968.75
2025-08-09 17:52:26.680,True,123.25,109.25,-13906.25
2025-08-09 17:52:27.682,True,122.62,109.25,-14687.5
2025-08-09 17:52:28.684,True,123.12,109.25,-14062.5
2025-08-09 17:52:29.686,True,122.0,109.25,-15312.5
2025-08-09 17:52:30.688,True,118.62,109.38,-19687.5
2025-08-09 17:52:31.690,True,124.75,109.25,-12187.5
2025-08-09 17:52:32.693,True,122.38,109.38,-15000.0
2025-08-09 17:52:33.695,True,116.5,109.38,-22343.75
2025-08-09 17:52:34.696,True,123.0,109.38,-14531.25
2025-08-09 17:52:35.699,True,118.5,109.38,-19843.75
2025-08-09 17:52:36.701,True,121.88,109.38,-15625.0
2025-08-09 17:52:37.703,True,123.88,109.38,-13125.0
2025-08-09 17:52:38.706,True,120.75,109.38,-17031.25
2025-08-09 17:52:39.708,True,121.5,109.38,-16093.75
2025-08-09 17:52:40.710,True,120.38,109.38,-17500.0
2025-08-09 17:52:41.712,True,120.62,109.38,-17187.5
2025-08-09 17:52:42.714,True,120.38,109.38,-17500.0
2025-08-09 17:52:43.716,True,119.75,109.5,-18437.5
2025-08-09 17:52:44.718,True,121.75,109.5,-15937.5
2025-08-09 17:52:45.720,True,121.5,109.5,-16250.0
2025-08-09 17:52:46.723,True,120.5,109.5,-17500.0
2025-08-09 17:52:47.726,True,121.0,109.5,-16875.0
2025-08-09 17:52:48.728,True,119.75,109.5,-18437.5
2025-08-09 17:52:49.730,True,120.25,109.5,-17812.5
2025-08-09 17:52:50.732,True,120.38,109.5,-17656.25
2025-08-09 17:52:51.736,True,120.5,109.5,-17500.0
2025-08-09 17:52:52.739,True,120.12,109.5,-17968.75
2025-08-09 17:52:53.743,True,120.5,109.5,-17500.0
2025-08-09 17:52:54.747,True,120.12,109.5,-17968.75
2025-08-09 17:52:55.749,True,120.25,109.5,-17812.5
2025-08-09 17:52:56.751,True,121.0,109.5,-16875.0
2025-08-09 17:52:57.754,True,121.12,109.5,-16718.75
2025-08-09 17:52:58.756,True,120.75,109.5,-17187.5
2025-08-09 17:52:59.758,True,120.88,109.5,-17031.25
2025-08-09 17:53:00.762,True,121.88,109.5,-15781.25
2025-08-09 17:53:01.766,True,119.88,109.5,-18281.25
2025-08-09 17:53:02.768,True,121.12,109.5,-16718.75
2025-08-09 17:53:03.770,True,120.5,109.5,-17500.0
2025-08-09 17:53:04.773,True,119.88,109.5,-18281.25
2025-08-09 17:53:05.775,True,121.5,109.5,-16250.0
2025-08-09 17:53:06.777,True,121.5,109.5,-16250.0
2025-08-09 17:53:07.780,True,122.5,109.5,-15000.0
2025-08-09 17:53:08.783,True,122.75,109.5,-14687.5
2025-08-09 17:53:09.785,True,121.88,109.5,-15781.25
2025-08-09 17:53:10.787,True,122.12,109.5,-15468.75
2025-08-09 17:53:11.789,True,121.88,109.5,-15781.25
2025-08-09 17:53:12.791,True,119.75,109.5,-18437.5
2025-08-09 17:53:13.793,True,121.0,109.5,-16875.0
2025-08-09 17:53:14.795,True,120.75,109.5,-17187.5
2025-08-09 17:53:15.798,True,120.12,109.5,-17968.75
2025-08-09 17:53:16.800,True,120.0,109.5,-18125.0
2025-08-09 17:53:17.802,True,119.88,109.5,-18281.25
2025-08-09 17:53:18.804,True,119.62,109.62,-18593.75
2025-08-09 17:53:19.806,True,120.5,109.5,-17500.0
2025-08-09 17:53:20.808,True,121.62,109.62,-16250.0
2025-08-09 17:53:21.810,True,122.25,109.62,-15468.75
2025-08-09 17:53:22.812,True,123.38,109.62,-14062.5
2025-08-09 17:53:23.814,True,123.75,109.5,-14062.5
2025-08-09 17:53:24.816,True,121.75,109.62,-16093.75
2025-08-09 17:53:25.817,True,121.0,109.62,-16875.0
2025-08-09 17:53:26.820,True,120.62,109.62,-17500.0
2025-08-09 17:53:27.822,True,120.5,109.62,-17656.25
2025-08-09 17:53:28.823,True,119.62,109.62,-18750.0
2025-08-09 17:53:29.825,True,120.25,109.62,-17968.75
2025-08-09 17:53:30.828,True,121.62,109.62,-16250.0
2025-08-09 17:53:31.831,True,120.12,109.62,-18125.0
2025-08-09 17:53:32.832,True,119.38,109.62,-19062.5
2025-08-09 17:53:33.834,True,120.62,109.62,-17500.0
2025-08-09 17:53:34.836,True,119.75,109.62,-18593.75
2025-08-09 17:53:35.838,True,120.38,109.62,-17812.5
2025-08-09 17:53:36.840,True,120.38,109.62,-17812.5
2025-08-09 17:53:37.842,True,121.62,109.62,-16250.0
2025-08-09 17:53:38.844,True,120.62,109.62,-17500.0
2025-08-09 17:53:39.846,True,119.75,109.62,-18593.75
2025-08-09 17:53:40.848,True,120.12,109.62,-18125.0
2025-08-09 17:53:41.849,True,119.5,109.62,-18906.25
2025-08-09 17:53:42.851,True,119.62,109.62,-18750.0
2025-08-09 17:53:43.854,True,120.25,109.62,-17968.75
2025-08-09 17:53:44.856,True,121.25,109.62,-16718.75
2025-08-09 17:53:45.858,True,121.12,109.62,-16875.0
2025-08-09 17:53:46.861,True,121.12,109.62,-16875.0
2025-08-09 17:53:47.864,True,121.25,109.62,-16718.75
2025-08-09 17:53:48.866,True,118.5,109.75,-20312.5
2025-08-09 17:53:49.869,True,119.38,109.75,-19218.75
2025-08-09 17:53:50.871,True,119.62,109.75,-18906.25
2025-08-09 17:53:51.872,True,120.12,109.75,-18281.25
2025-08-09 17:53:52.874,True,118.88,109.75,-19843.75
2025-08-09 17:53:53.876,True,118.88,109.75,-19843.75
2025-08-09 17:53:54.878,True,119.5,109.75,-19062.5
2025-08-09 17:53:55.880,True,120.0,109.75,-18437.5
2025-08-09 17:53:56.882,True,118.5,109.75,-20312.5
2025-08-09 17:53:57.885,True,119.25,109.75,-19375.0
2025-08-09 17:53:58.886,True,120.12,109.75,-18281.25
2025-08-09 17:53:59.888,True,121.62,109.75,-16406.25
2025-08-09 17:54:00.890,True,119.88,109.62,-18437.5
2025-08-09 17:54:01.892,True,119.75,109.62,-18593.75
2025-08-09 17:54:02.894,True,122.38,109.62,-16250.0
2025-08-09 17:54:03.896,True,120.38,109.62,-17812.5
2025-08-09 17:54:04.900,True,119.25,109.62,-19218.75
2025-08-09 17:54:05.902,True,119.75,109.75,-18750.0
2025-08-09 17:54:06.904,True,120.62,109.62,-17500.0
2025-08-09 17:54:07.906,True,119.62,109.62,-18750.0
2025-08-09 17:54:08.908,True,118.12,109.75,-20781.25
2025-08-09 17:54:09.910,True,120.25,109.75,-18125.0
2025-08-09 17:54:10.912,True,121.88,109.75,-16093.75
2025-08-09 17:54:11.915,True,120.12,109.75,-20312.5
2025-08-09 17:54:12.917,True,119.25,109.75,-19375.0
2025-08-09 17:54:13.919,True,119.12,109.75,-19531.25
2025-08-09 17:54:14.921,True,121.0,109.75,-17187.5
2025-08-09 17:54:15.923,True,119.75,109.75,-18750.0
2025-08-09 17:54:16.925,True,119.88,109.75,-18593.75
2025-08-09 17:54:17.927,True,118.0,109.75,-20937.5
2025-08-09 17:54:18.930,True,121.5,109.75,-16562.5
2025-08-09 17:54:19.932,True,122.5,109.75,-15312.5
2025-08-09 17:54:20.934,True,122.25,109.75,-15625.0
2025-08-09 17:54:21.936,True,120.62,109.75,-17656.25
2025-08-09 17:54:22.938,True,120.62,109.75,-17656.25
2025-08-09 17:54:23.940,True,119.12,109.75,-19531.25
2025-08-09 17:54:24.941,True,119.75,109.75,-18750.0
2025-08-09 17:54:25.943,True,120.75,109.75,-17500.0
2025-08-09 17:54:26.945,True,121.75,109.75,-16250.0
2025-08-09 17:54:27.947,True,121.88,109.75,-16093.75
2025-08-09 17:54:28.949,True,120.62,109.75,-17656.25
2025-08-09 17:54:29.951,True,120.88,109.75,-17343.75
2025-08-09 17:54:30.960,True,122.38,109.75,-15468.75
2025-08-09 17:54:31.962,True,121.25,109.75,-16875.0
2025-08-09 17:54:32.964,True,120.88,109.75,-17343.75
2025-08-09 17:54:33.966,True,119.38,109.75,-19218.75
2025-08-09 17:54:34.968,True,120.5,109.75,-17812.5
2025-08-09 17:54:35.971,True,119.0,109.75,-19687.5
2025-08-09 17:54:36.973,True,122.25,109.75,-15625.0
2025-08-09 17:54:37.976,True,121.12,109.75,-17031.25
2025-08-09 17:54:38.977,True,120.12,109.75,-18281.25
2025-08-09 17:54:39.979,True,120.88,109.75,-17343.75
2025-08-09 17:54:40.981,True,120.88,109.75,-17343.75
2025-08-09 17:54:41.984,True,120.62,109.75,-17656.25
2025-08-09 17:54:42.986,True,120.0,109.88,-18593.75
2025-08-09 17:54:43.988,True,120.0,109.88,-18593.75
2025-08-09 17:54:44.990,True,121.38,109.88,-16875.0
2025-08-09 17:54:45.992,True,122.12,109.88,-15937.5
2025-08-09 17:54:46.995,True,121.5,109.88,-16718.75
2025-08-09 17:54:47.997,True,122.38,109.88,-15625.0
2025-08-09 17:54:48.999,True,122.25,109.88,-15781.25
2025-08-09 17:54:50.000,True,122.12,109.88,-15937.5
2025-08-09 17:54:51.003,True,120.88,109.88,-17500.0
2025-08-09 17:54:52.005,True,120.88,109.88,-17500.0
2025-08-09 17:54:53.009,True,121.0,109.88,-17343.75
2025-08-09 17:54:54.012,True,121.25,109.88,-17031.25
2025-08-09 17:54:55.015,True,121.38,109.88,-16875.0
2025-08-09 17:54:56.017,True,120.88,109.88,-17500.0
2025-08-09 17:54:57.020,True,121.5,109.88,-16718.75
2025-08-09 17:54:58.022,True,121.88,109.88,-16250.0
2025-08-09 17:54:59.024,True,121.38,109.88,-16875.0
2025-08-09 17:55:00.026,True,119.88,109.88,-18750.0
2025-08-09 17:55:01.029,True,121.88,109.88,-16250.0
2025-08-09 17:55:02.031,True,121.25,109.88,-17031.25
2025-08-09 17:55:03.033,True,123.38,109.88,-14375.0
2025-08-09 17:55:04.035,True,123.38,109.88,-14375.0
2025-08-09 17:55:05.037,True,121.38,109.88,-16875.0
2025-08-09 17:55:06.039,True,122.25,109.88,-15781.25
2025-08-09 17:55:07.041,True,121.75,110.0,-16406.25
2025-08-09 17:55:08.043,True,121.25,110.0,-17031.25
2025-08-09 17:55:09.045,True,120.12,110.0,-18593.75
2025-08-09 17:55:10.047,True,121.5,110.0,-16875.0
2025-08-09 17:55:11.049,True,120.5,110.0,-18125.0
2025-08-09 17:55:12.050,True,121.38,110.0,-17031.25
2025-08-09 17:55:13.053,True,121.38,110.0,-17031.25
2025-08-09 17:55:14.054,True,121.0,110.0,-17500.0
2025-08-09 17:55:15.057,True,121.88,110.0,-16406.25
2025-08-09 17:55:16.059,True,121.12,110.0,-17343.75
2025-08-09 17:55:17.061,True,121.12,110.0,-17343.75
2025-08-09 17:55:18.062,True,122.38,110.0,-15781.25
2025-08-09 17:55:19.064,True,123.25,110.0,-14687.5
2025-08-09 17:55:20.066,True,123.62,110.0,-14218.75
2025-08-09 17:55:21.068,True,123.0,110.0,-15000.0
2025-08-09 17:55:22.070,True,124.38,110.0,-13281.25
2025-08-09 17:55:23.073,True,123.25,110.0,-14687.5
2025-08-09 17:55:24.080,True,121.25,110.0,-17187.5
2025-08-09 17:55:25.081,True,120.62,110.0,-17968.75
2025-08-09 17:55:26.083,True,120.25,110.0,-18437.5
2025-08-09 17:55:27.086,True,119.62,110.12,-19375.0
2025-08-09 17:55:28.088,True,119.88,110.12,-18906.25
2025-08-09 17:55:29.091,True,121.25,110.12,-17343.75
2025-08-09 17:55:30.094,True,121.12,110.12,-17500.0
2025-08-09 17:55:31.096,True,120.38,110.12,-18437.5
2025-08-09 17:55:32.098,True,120.0,110.12,-18906.25
2025-08-09 17:55:33.101,True,121.75,110.12,-16718.75
2025-08-09 17:55:34.104,True,121.0,110.12,-17656.25
2025-08-09 17:55:35.106,True,122.5,110.12,-15781.25
2025-08-09 17:55:36.108,True,121.5,110.12,-17031.25
2025-08-09 17:55:37.111,True,123.0,110.12,-15156.25
2025-08-09 17:55:38.114,True,121.25,110.12,-17343.75
2025-08-09 17:55:39.116,True,121.0,110.12,-17656.25
2025-08-09 17:55:40.119,True,121.88,110.12,-16562.5
2025-08-09 17:55:41.121,True,121.75,110.12,-16718.75
2025-08-09 17:55:42.124,True,120.62,110.12,-18125.0
2025-08-09 17:55:43.126,True,121.5,110.12,-17031.25
2025-08-09 17:55:44.130,True,122.5,110.12,-15781.25
2025-08-09 17:55:45.134,True,121.88,110.12,-16562.5
2025-08-09 17:55:46.137,True,122.12,110.12,-16250.0
2025-08-09 17:55:47.139,True,122.75,110.12,-15468.75
2025-08-09 17:55:48.141,True,121.25,110.12,-17343.75
2025-08-09 17:55:49.143,True,123.25,110.12,-14843.75
2025-08-09 17:55:50.145,True,124.75,110.12,-12968.75
2025-08-09 17:55:51.147,True,124.12,110.12,-13750.0
2025-08-09 17:55:52.148,True,123.12,110.12,-15000.0
2025-08-09 17:55:53.150,True,122.62,110.0,-14843.75
2025-08-09 17:55:54.152,True,123.75,110.12,-14218.75
2025-08-09 17:55:55.155,True,123.25,110.0,-14687.5
2025-08-09 17:55:56.157,True,122.88,110.0,-13906.25
2025-08-09 17:55:57.158,True,123.5,110.0,-14531.25
2025-08-09 17:55:58.160,True,122.25,110.12,-16093.75
2025-08-09 17:55:59.162,True,121.0,110.12,-17656.25
2025-08-09 17:56:00.164,True,121.38,110.12,-17187.5
2025-08-09 17:56:01.166,True,123.0,110.12,-15156.25
2025-08-09 17:56:02.168,True,122.0,110.12,-16406.25
2025-08-09 17:56:03.170,True,120.25,110.12,-18593.75
2025-08-09 17:56:04.172,True,120.75,110.12,-17968.75
2025-08-09 17:56:05.174,True,122.0,110.12,-16406.25
2025-08-09 17:56:06.179,True,121.88,110.12,-16562.5
2025-08-09 17:56:07.181,True,121.0,110.12,-17656.25
2025-08-09 17:56:08.182,True,122.5,110.12,-15781.25
2025-08-09 17:56:09.184,True,121.38,110.12,-17187.5
2025-08-09 17:56:10.186,True,124.12,110.12,-13750.0
2025-08-09 17:56:11.188,True,124.75,110.12,-12968.75
2025-08-09 17:56:12.191,True,123.38,110.12,-14687.5
2025-08-09 17:56:13.193,True,123.62,110.12,-14375.0
2025-08-09 17:56:14.195,True,123.75,110.12,-14218.75
2025-08-09 17:56:15.197,True,123.38,110.12,-14687.5
2025-08-09 17:56:16.199,True,124.12,110.12,-13750.0
2025-08-09 17:56:17.201,True,123.75,110.12,-14218.75
2025-08-09 17:56:18.203,True,122.12,110.12,-16250.0
2025-08-09 17:56:19.205,True,122.88,110.12,-15312.5
2025-08-09 17:56:20.208,True,123.12,110.12,-15000.0
2025-08-09 17:56:21.210,True,122.38,110.12,-15937.5
2025-08-09 17:56:22.211,True,121.38,110.12,-17187.5
2025-08-09 17:56:23.213,True,121.5,110.12,-17031.25
2025-08-09 17:56:24.215,True,121.38,110.12,-17187.5
2025-08-09 17:56:25.217,True,121.38,110.12,-17187.5
2025-08-09 17:56:26.220,True,120.62,110.12,-18125.0
2025-08-09 17:56:27.222,True,119.5,110.12,-19531.25
2025-08-09 17:56:28.224,True,120.75,110.25,-18125.0
2025-08-09 17:56:29.226,True,120.62,110.25,-18281.25
2025-08-09 17:56:30.229,True,121.62,110.25,-17031.25
2025-08-09 17:56:31.231,True,121.12,110.25,-17656.25
2025-08-09 17:56:32.233,True,121.38,110.25,-17343.75
2025-08-09 17:56:33.236,True,121.5,110.25,-17187.5
2025-08-09 17:56:34.238,True,122.25,110.25,-16250.0
2025-08-09 17:56:35.241,True,120.62,110.25,-18281.25
2025-08-09 17:56:36.243,True,121.75,110.25,-16875.0
2025-08-09 17:56:37.245,True,121.62,110.12,-16875.0
2025-08-09 17:56:38.247,True,123.12,110.12,-15156.25
2025-08-09 17:56:39.249,True,122.5,110.12,-15781.25
2025-08-09 17:56:40.251,True,121.0,110.12,-17812.5
2025-08-09 17:56:41.253,True,121.88,110.12,-16562.5
2025-08-09 17:56:42.255,True,121.25,110.12,-17343.75
2025-08-09 17:56:43.257,True,120.38,110.12,-18437.5
2025-08-09 17:56:44.259,True,121.75,110.12,-16718.75
2025-08-09 17:56:45.261,True,121.0,110.12,-17343.75
2025-08-09 17:56:46.263,True,120.62,110.12,-18125.0
2025-08-09 17:56:47.265,True,121.0,110.12,-17656.25
2025-08-09 17:56:48.269,True,122.38,110.12,-15937.5
2025-08-09 17:56:49.271,True,122.12,110.12,-16250.0
2025-08-09 17:56:50.273,True,120.62,110.12,-18125.0
2025-08-09 17:56:51.275,True,121.12,110.12,-17500.0
2025-08-09 17:56:52.277,True,121.25,110.12,-17343.75
2025-08-09 17:56:53.279,True,120.75,110.12,-17968.75
2025-08-09 17:56:54.281,True,120.0,110.12,-18281.25
2025-08-09 17:56:55.283,True,121.12,110.12,-17500.0
2025-08-09 17:56:56.285,True,121.75,110.12,-16718.75
2025-08-09 17:56:57.287,True,122.38,110.12,-15937.5
2025-08-09 17:56:58.288,True,120.38,110.12,-18437.5
2025-08-09 17:56:59.291,True,120.88,110.12,-17812.5
2025-08-09 17:57:00.292,True,121.25,110.12,-17343.75
2025-08-09 17:57:01.294,True,120.88,110.12,-17812.5
2025-08-09 17:57:02.296,True,121.0,110.12,-17656.25
2025-08-09 17:57:03.298,True,121.62,110.12,-16875.0
2025-08-09 17:57:04.300,True,121.75,110.12,-16718.75
2025-08-09 17:57:05.302,True,121.12,110.12,-17500.0
2025-08-09 17:57:06.304,True,122.0,110.12,-16406.25
2025-08-09 17:57:07.306,True,120.5,110.12,-18281.25
2025-08-09 17:57:08.308,True,120.62,110.12,-18125.0
2025-08-09 17:57:09.310,True,120.25,110.25,-18750.0
2025-08-09 17:57:10.314,True,120.5,110.12,-18281.25
2025-08-09 17:57:11.316,True,120.75,110.12,-17968.75
2025-08-09 17:57:12.317,True,120.38,110.12,-18437.5
2025-08-09 17:57:13.319,True,119.75,110.12,-19218.75
2025-08-09 17:57:14.321,True,120.38,110.25,-18593.75
2025-08-09 17:57:15.323,True,121.25,110.25,-17500.0
2025-08-09 17:57:16.325,True,121.0,110.25,-17812.5
2025-08-09 17:57:17.328,True,120.12,110.25,-18906.25
2025-08-09 17:57:18.330,True,120.88,110.12,-17968.75
2025-08-09 17:57:19.331,True,121.25,110.12,-17343.75
2025-08-09 17:57:20.333,True,121.0,110.12,-17656.25
2025-08-09 17:57:21.335,True,121.38,110.12,-17187.5
2025-08-09 17:57:22.337,True,121.38,110.12,-17187.5
2025-08-09 17:57:23.340,True,122.0,110.12,-16406.25
2025-08-09 17:57:24.342,True,121.62,110.12,-16875.0
2025-08-09 17:57:25.344,True,123.62,110.12,-14375.0
2025-08-09 17:57:26.346,True,121.0,110.12,-17656.25
2025-08-09 17:57:27.348,True,121.0,110.12,-17656.25
2025-08-09 17:57:28.349,True,121.0,110.12,-17656.25
2025-08-09 17:57:29.351,True,121.62,110.12,-16875.0
2025-08-09 17:57:30.354,True,121.0,110.12,-17656.25
2025-08-09 17:57:31.356,True,121.25,110.12,-17343.75
2025-08-09 17:57:32.358,True,120.25,110.12,-18593.75
2025-08-09 17:57:33.361,True,120.62,110.12,-18125.0
2025-08-09 17:57:34.363,True,120.5,110.12,-18281.25
2025-08-09 17:57:35.365,True,121.62,110.12,-16875.0
2025-08-09 17:57:36.367,True,122.25,110.12,-16093.75
2025-08-09 17:57:37.370,True,123.12,110.12,-15000.0
2025-08-09 17:57:38.372,True,121.62,110.12,-16875.0
2025-08-09 17:57:39.374,True,121.5,110.12,-17031.25
2025-08-09 17:57:40.376,True,121.38,110.12,-17187.5
2025-08-09 17:57:41.378,True,121.38,110.12,-17187.5
2025-08-09 17:57:42.380,True,121.38,110.12,-17187.5
2025-08-09 17:57:43.382,True,120.38,110.12,-17187.5
2025-08-09 17:57:44.387,True,121.12,110.12,-17500.0
2025-08-09 17:57:45.390,True,121.12,110.12,-17500.0
2025-08-09 17:57:46.392,True,121.5,110.25,-17187.5
2025-08-09 17:57:47.394,True,120.5,110.25,-18437.5
2025-08-09 17:57:48.396,True,120.62,110.25,-18281.25
2025-08-09 17:57:49.398,True,121.0,110.25,-17812.5
2025-08-09 17:57:50.400,True,121.75,110.25,-16875.0
2025-08-09 17:57:51.402,True,123.5,110.25,-14687.5
2025-08-09 17:57:52.405,True,123.88,110.12,-14062.5
2025-08-09 17:57:53.412,True,123.25,110.12,-14843.75
2025-08-09 17:57:54.414,True,122.62,110.12,-15625.0
2025-08-09 17:57:55.417,True,123.12,110.12,-15156.25
2025-08-09 17:57:56.418,True,122.0,110.12,-16406.25
2025-08-09 17:57:57.420,True,122.25,110.12,-16093.75
2025-08-09 17:57:58.422,True,121.75,110.25,-15937.5
2025-08-09 17:57:59.424,True,122.75,110.25,-15625.0
2025-08-09 17:58:00.427,True,121.5,110.25,-17187.5
2025-08-09 17:58:01.429,True,123.12,110.25,-15156.25
2025-08-09 17:58:02.432,True,120.0,110.25,-19062.5
2025-08-09 17:58:03.437,True,122.12,110.25,-16406.25
2025-08-09 17:58:04.439,True,121.5,110.25,-17187.5
2025-08-09 17:58:05.443,True,121.5,110.25,-17187.5
2025-08-09 17:58:06.445,True,121.5,110.25,-17187.5
2025-08-09 17:58:07.447,True,123.12,110.25,-15156.25
2025-08-09 17:58:08.449,True,124.38,110.25,-13593.75
2025-08-09 17:58:09.452,True,123.38,110.25,-14843.75
2025-08-09 17:58:10.454,True,125.38,110.25,-12343.75
2025-08-09 17:58:11.457,True,122.5,110.25,-15937.5
2025-08-09 17:58:12.460,True,123.25,110.25,-15000.0
2025-08-09 17:58:13.462,True,123.0,110.25,-15312.5
2025-08-09 17:58:14.466,True,124.25,110.25,-13750.0
2025-08-09 17:58:15.468,True,124.0,110.25,-14062.5
2025-08-09 17:58:16.470,True,124.62,110.25,-13281.25
2025-08-09 17:58:17.473,True,124.62,110.25,-13281.25
2025-08-09 17:58:18.474,True,124.25,110.25,-13750.0
2025-08-09 17:58:19.477,True,123.62,110.25,-14531.25
2025-08-09 17:58:20.480,True,124.5,110.25,-13437.5
2025-08-09 17:58:21.483,True,122.62,110.25,-15781.25
2025-08-09 17:58:22.485,True,122.88,110.25,-15468.75
2025-08-09 17:58:23.486,True,122.38,110.25,-16093.75
2025-08-09 17:58:24.488,True,123.12,110.38,-15312.5
2025-08-09 17:58:25.490,True,123.38,110.38,-15000.0
2025-08-09 17:58:26.492,True,124.25,110.38,-13906.25
2025-08-09 17:58:27.495,True,125.38,110.38,-12500.0
2025-08-09 17:58:28.496,True,123.88,110.38,-14375.0
2025-08-09 17:58:29.498,True,124.0,110.38,-14218.75
2025-08-09 17:58:30.501,True,125.5,110.38,-12343.75
2025-08-09 17:58:31.503,True,126.12,110.38,-11562.5
2025-08-09 17:58:32.505,True,125.12,110.38,-12812.5
2025-08-09 17:58:33.507,True,126.88,110.38,-10625.0
2025-08-09 17:58:34.509,True,126.62,110.38,-10937.5
2025-08-09 17:58:35.513,True,126.12,110.25,-11406.25
2025-08-09 17:58:36.515,True,125.25,110.25,-12500.0
2025-08-09 17:58:37.516,True,125.75,110.25,-11875.0
2025-08-09 17:58:38.518,True,125.12,110.25,-12656.25
2025-08-09 17:58:39.520,True,124.62,110.38,-13281.25
2025-08-09 17:58:40.522,True,124.38,110.38,-13750.0
2025-08-09 17:58:41.524,True,123.38,110.38,-15000.0
2025-08-09 17:58:42.526,True,123.75,110.38,-14531.25
2025-08-09 17:58:43.529,True,124.12,110.38,-14062.5
2025-08-09 17:58:44.531,True,125.12,110.38,-12968.75
2025-08-09 17:58:45.533,True,122.12,110.38,-16562.5
2025-08-09 17:58:46.536,True,124.0,110.38,-14218.75
2025-08-09 17:58:47.538,True,126.5,110.38,-9687.5
2025-08-09 17:58:48.541,True,126.75,110.38,-10781.25
2025-08-09 17:58:49.544,True,126.0,110.38,-11718.75
2025-08-09 17:58:50.546,True,126.5,110.38,-11093.75
2025-08-09 17:58:51.549,True,124.38,110.38,-13750.0
2025-08-09 17:58:52.551,True,125.88,110.38,-11875.0
2025-08-09 17:58:53.552,True,125.75,110.38,-12031.25
2025-08-09 17:58:54.555,True,125.5,110.38,-12343.75
2025-08-09 17:58:55.557,True,125.12,110.38,-12812.5
2025-08-09 17:58:56.561,True,124.25,110.38,-15000.0
2025-08-09 17:58:57.566,True,124.12,110.38,-14062.5
2025-08-09 17:58:58.568,True,124.25,110.38,-13906.25
2025-08-09 17:58:59.571,True,125.25,110.38,-12187.5
2025-08-09 17:59:00.574,True,123.38,110.38,-15000.0
2025-08-09 17:59:01.576,True,125.38,110.38,-12500.0
2025-08-09 17:59:02.578,True,127.5,110.38,-9843.75
2025-08-09 17:59:03.581,True,125.12,110.38,-12812.5
2025-08-09 17:59:04.584,True,126.75,110.38,-10781.25
2025-08-09 17:59:05.587,True,126.12,110.38,-11562.5
2025-08-09 17:59:06.589,True,124.62,110.5,-13593.75
2025-08-09 17:59:07.591,True,123.62,110.5,-14843.75
2025-08-09 17:59:08.593,True,124.25,110.5,-14062.5
2025-08-09 17:59:09.595,True,122.5,110.5,-16250.0
2025-08-09 17:59:10.597,True,122.88,110.5,-15781.25
2025-08-09 17:59:11.598,True,123.25,110.5,-15312.5
2025-08-09 17:59:12.600,True,124.62,110.5,-13593.75
2025-08-09 17:59:13.602,True,126.0,110.5,-11875.0
2025-08-09 17:59:14.604,True,125.25,110.5,-12812.5
2025-08-09 17:59:15.607,True,124.5,110.5,-13750.0
2025-08-09 17:59:16.609,True,124.5,110.5,-13750.0
2025-08-09 17:59:17.611,True,123.62,110.5,-14843.75
2025-08-09 17:59:18.613,True,125.0,110.5,-13125.0
2025-08-09 17:59:19.615,True,124.88,110.5,-13281.25
2025-08-09 17:59:20.617,True,126.25,110.5,-11562.5
2025-08-09 17:59:21.619,True,127.5,110.5,-10000.0
2025-08-09 17:59:22.621,True,125.5,110.5,-12500.0
2025-08-09 17:59:23.623,True,126.0,110.5,-11875.0
2025-08-09 17:59:24.625,True,126.0,110.5,-11875.0
2025-08-09 17:59:25.627,True,125.12,110.5,-12968.75
2025-08-09 17:59:26.628,True,124.25,110.5,-14062.5
2025-08-09 17:59:27.630,True,124.12,110.5,-14218.75
2025-08-09 17:59:28.633,True,123.25,110.5,-15312.5
2025-08-09 17:59:29.636,True,124.25,110.5,-14062.5
2025-08-09 17:59:30.638,True,125.5,110.5,-12500.0
2025-08-09 17:59:31.640,True,124.62,110.5,-13593.75
2025-08-09 17:59:32.642,True,124.5,110.5,-13750.0
2025-08-09 17:59:33.644,True,125.12,110.5,-12968.75
2025-08-09 17:59:34.645,True,121.75,110.62,-17343.75
2025-08-09 17:59:35.647,True,122.0,110.62,-17031.25
2025-08-09 17:59:36.649,True,124.62,110.62,-13750.0
2025-08-09 17:59:37.651,True,124.5,110.62,-13906.25
2025-08-09 17:59:38.653,True,126.38,110.62,-11562.5
2025-08-09 17:59:39.655,True,126.25,110.62,-11718.75
2025-08-09 17:59:40.658,True,127.12,110.62,-10625.0
2025-08-09 17:59:41.660,True,125.12,110.62,-13125.0
2025-08-09 17:59:42.662,True,124.0,110.62,-14531.25
2025-08-09 17:59:43.664,True,124.12,110.62,-14375.0
2025-08-09 17:59:44.666,True,124.38,110.62,-14062.5
2025-08-09 17:59:45.668,True,124.12,110.62,-15156.25
2025-08-09 17:59:46.671,True,123.12,110.62,-15625.0
2025-08-09 17:59:47.672,True,123.38,110.62,-15312.5
2025-08-09 17:59:48.674,True,124.25,110.62,-14687.5
2025-08-09 17:59:49.677,True,123.25,110.62,-15468.75
2025-08-09 17:59:50.680,True,123.25,110.62,-15468.75
2025-08-09 17:59:51.682,True,123.25,110.62,-15468.75
2025-08-09 17:59:52.684,True,124.0,110.75,-14687.5
2025-08-09 17:59:53.687,True,124.25,110.62,-14218.75
2025-08-09 17:59:54.688,True,124.38,110.75,-14218.75
2025-08-09 17:59:55.690,True,124.5,110.75,-14062.5
2025-08-09 17:59:56.692,True,127.38,110.62,-10312.5
2025-08-09 17:59:57.694,True,126.0,110.62,-12031.25
2025-08-09 17:59:58.697,True,126.25,110.62,-11718.75
2025-08-09 17:59:59.700,True,125.12,110.62,-13125.0
2025-08-09 18:00:00.702,True,123.88,110.62,-14843.75
2025-08-09 18:00:01.704,True,124.0,110.75,-14531.25
2025-08-09 18:00:02.707,True,125.75,110.62,-12343.75
2025-08-09 18:00:03.708,True,124.38,110.62,-14062.5
2025-08-09 18:00:04.710,True,126.0,110.75,-12187.5
2025-08-09 18:00:05.712,True,125.5,110.75,-12812.5
2025-08-09 18:00:06.714,True,125.75,110.62,-12343.75
2025-08-09 18:00:07.716,True,126.0,110.75,-12187.5
2025-08-09 18:00:08.718,True,126.25,110.62,-11875.0
2025-08-09 18:00:09.720,True,126.12,110.62,-11875.0
2025-08-09 18:00:10.723,True,125.12,110.75,-13281.25
2025-08-09 18:00:11.725,True,125.25,110.75,-12968.75
2025-08-09 18:00:12.727,True,125.38,110.75,-12968.75
2025-08-09 18:00:13.729,True,125.0,110.75,-13437.5
2025-08-09 18:00:14.732,True,125.12,110.75,-13281.25
2025-08-09 18:00:15.734,True,124.88,110.75,-13593.75
2025-08-09 18:00:16.735,True,124.38,110.75,-14218.75
2025-08-09 18:00:17.737,True,123.75,110.75,-15000.0
2025-08-09 18:00:18.739,True,125.12,110.75,-13281.25
2025-08-09 18:00:19.741,True,126.88,110.75,-11093.75
2025-08-09 18:00:20.743,True,125.75,110.75,-12500.0
2025-08-09 18:00:21.745,True,125.88,110.75,-12343.75
2025-08-09 18:00:22.748,True,125.25,110.75,-13125.0
2025-08-09 18:00:23.749,True,125.88,110.75,-12343.75
2025-08-09 18:00:24.751,True,125.0,110.75,-13437.5
2025-08-09 18:00:25.754,True,124.38,110.75,-14218.75
2025-08-09 18:00:26.756,True,123.88,110.75,-14843.75
2025-08-09 18:00:27.757,True,123.5,110.75,-15312.5
2025-08-09 18:00:28.759,True,124.12,110.75,-14531.25
2025-08-09 18:00:29.761,True,123.38,110.75,-15468.75
2025-08-09 18:00:30.763,True,124.25,110.75,-14375.0
2025-08-09 18:00:31.765,True,124.12,110.75,-14531.25
2025-08-09 18:00:32.768,True,124.25,110.88,-14375.0
2025-08-09 18:00:33.770,True,125.38,110.75,-12968.75
2025-08-09 18:00:34.772,True,126.5,110.75,-11562.5
2025-08-09 18:00:35.774,True,126.75,110.75,-11250.0
2025-08-09 18:00:36.775,True,127.25,110.75,-10625.0
2025-08-09 18:00:37.777,True,127.5,110.75,-10312.5
2025-08-09 18:00:38.780,True,126.88,110.75,-11093.75
2025-08-09 18:00:39.782,True,125.5,110.75,-12812.5
2025-08-09 18:00:40.784,True,123.75,110.75,-15000.0
2025-08-09 18:00:41.786,True,125.75,110.75,-12500.0
2025-08-09 18:00:42.788,True,124.62,110.75,-13906.25
2025-08-09 18:00:43.791,True,126.38,110.75,-11718.75
2025-08-09 18:00:44.793,True,126.75,110.75,-11250.0
2025-08-09 18:00:45.795,True,122.25,110.75,-16875.0
2025-08-09 18:00:46.798,True,124.38,110.88,-14375.0
2025-08-09 18:00:47.800,True,123.0,110.88,-16093.75
2025-08-09 18:00:48.803,True,124.0,110.88,-14843.75
2025-08-09 18:00:49.806,True,124.25,110.88,-14531.25
2025-08-09 18:00:50.808,True,123.0,110.88,-16093.75
2025-08-09 18:00:51.811,True,124.38,110.88,-14375.0
2025-08-09 18:00:52.814,True,123.75,110.88,-15156.25
2025-08-09 18:00:53.816,True,125.62,110.88,-12812.5
2025-08-09 18:00:54.818,True,125.12,110.88,-13437.5
2025-08-09 18:00:55.821,True,124.88,110.88,-13750.0
2025-08-09 18:00:56.825,True,121.62,110.88,-17812.5
2025-08-09 18:00:57.827,True,123.12,110.88,-15937.5
2025-08-09 18:00:58.829,True,122.5,110.88,-16718.75
2025-08-09 18:00:59.832,True,124.12,110.88,-14687.5
2025-08-09 18:01:00.835,True,126.5,110.88,-11718.75
2025-08-09 18:01:01.837,True,127.12,110.88,-10937.5
2025-08-09 18:01:02.839,True,125.12,110.88,-13437.5
2025-08-09 18:01:03.841,True,122.25,110.88,-17031.25
2025-08-09 18:01:04.844,True,124.75,110.88,-13906.25
2025-08-09 18:01:05.845,True,124.38,110.88,-14375.0
2025-08-09 18:01:06.847,True,125.88,110.88,-12500.0
2025-08-09 18:01:07.849,True,125.5,110.88,-12968.75
2025-08-09 18:01:08.851,True,126.75,110.88,-11406.25
2025-08-09 18:01:09.853,True,125.5,110.88,-12968.75
2025-08-09 18:01:10.856,True,124.62,110.88,-14062.5
2025-08-09 18:01:11.858,True,125.38,110.88,-13125.0
2025-08-09 18:01:12.860,True,127.12,110.88,-10937.5
2025-08-09 18:01:13.861,True,127.88,110.88,-10000.0
2025-08-09 18:01:14.864,True,127.12,110.88,-10937.5
2025-08-09 18:01:15.867,True,126.12,110.88,-12187.5
2025-08-09 18:01:16.869,True,126.38,110.88,-11875.0
2025-08-09 18:01:17.871,True,125.25,110.88,-13281.25
2025-08-09 18:01:18.874,True,126.38,110.88,-11875.0
2025-08-09 18:01:19.876,True,125.75,110.88,-12656.25
2025-08-09 18:01:20.878,True,126.5,110.88,-11718.75
2025-08-09 18:01:21.880,True,126.75,110.88,-11406.25
2025-08-09 18:01:22.882,True,123.88,110.88,-15000.0
2025-08-09 18:01:23.884,True,128.38,110.88,-9375.0
2025-08-09 18:01:24.886,True,125.75,110.88,-12656.25
2025-08-09 18:01:25.890,True,126.12,110.88,-12187.5
2025-08-09 18:01:26.892,True,127.5,110.88,-10468.75
2025-08-09 18:01:27.894,True,127.75,110.88,-10156.25
2025-08-09 18:01:28.896,True,127.25,110.88,-10781.25
2025-08-09 18:01:29.897,True,124.5,110.88,-14218.75
2025-08-09 18:01:30.899,True,127.25,110.88,-10781.25
2025-08-09 18:01:31.901,True,124.12,110.88,-14687.5
2025-08-09 18:01:32.903,True,126.12,110.88,-12187.5
2025-08-09 18:01:33.905,True,126.12,110.88,-12187.5
2025-08-09 18:01:34.907,True,122.62,110.88,-16562.5
2025-08-09 18:01:35.909,True,124.88,111.0,-13906.25
2025-08-09 18:01:36.914,True,123.12,111.0,-16093.75
2025-08-09 18:01:37.916,True,122.38,111.0,-17031.25
2025-08-09 18:01:38.918,True,126.0,111.0,-12500.0
2025-08-09 18:01:39.920,True,122.25,111.0,-17187.5
2025-08-09 18:01:40.922,True,123.75,111.0,-15312.5
2025-08-09 18:01:41.924,True,124.88,111.0,-13906.25
2025-08-09 18:01:42.926,True,126.0,111.0,-12500.0
2025-08-09 18:01:43.928,True,125.38,111.0,-13281.25
2025-08-09 18:01:44.930,True,124.38,111.0,-14531.25
2025-08-09 18:01:45.932,True,125.38,111.0,-13281.25
2025-08-09 18:01:46.934,True,123.12,111.0,-16093.75
2025-08-09 18:01:47.937,True,124.38,111.0,-14531.25
2025-08-09 18:01:48.939,True,123.25,111.0,-16562.5
2025-08-09 18:01:49.941,True,122.88,111.0,-16406.25
2025-08-09 18:01:50.943,True,124.38,111.0,-14531.25
2025-08-09 18:01:51.944,True,124.75,111.0,-14062.5
2025-08-09 18:01:52.947,True,122.5,111.0,-16875.0
2025-08-09 18:01:53.949,True,122.25,111.0,-17187.5
2025-08-09 18:01:54.951,True,124.62,111.0,-14218.75
2025-08-09 18:01:55.952,True,122.88,111.0,-16406.25
2025-08-09 18:01:56.954,True,124.12,111.0,-14843.75
2025-08-09 18:01:57.957,True,125.25,111.0,-13437.5
2025-08-09 18:01:58.958,True,124.0,111.0,-15000.0
2025-08-09 18:01:59.960,True,123.38,111.0,-15781.25
2025-08-09 18:02:00.962,True,123.12,111.0,-16093.75
2025-08-09 18:02:01.964,True,122.88,111.0,-16406.25
2025-08-09 18:02:02.966,True,121.62,111.0,-17968.75
2025-08-09 18:02:03.969,True,123.75,111.0,-15312.5
2025-08-09 18:02:04.971,True,122.75,111.0,-16562.5
2025-08-09 18:02:05.973,True,123.25,111.0,-15937.5
2025-08-09 18:02:06.976,True,123.75,111.0,-15312.5
2025-08-09 18:02:07.978,True,123.0,111.0,-16250.0
2025-08-09 18:02:08.981,True,123.25,111.0,-15937.5
2025-08-09 18:02:09.984,True,123.25,111.0,-15937.5
2025-08-09 18:02:10.986,True,123.5,111.0,-15625.0
2025-08-09 18:02:11.988,True,123.38,111.0,-15781.25
2025-08-09 18:02:12.990,True,122.62,111.0,-16718.75
2025-08-09 18:02:13.992,True,123.25,111.0,-15937.5
2025-08-09 18:02:14.995,True,123.0,111.0,-16250.0
2025-08-09 18:02:15.997,True,123.75,111.0,-15312.5
2025-08-09 18:02:16.998,True,124.5,111.0,-14375.0
2025-08-09 18:02:18.000,True,123.88,111.0,-15156.25
2025-08-09 18:02:19.002,True,124.0,111.0,-15000.0
2025-08-09 18:02:20.005,True,123.88,111.0,-15156.25
2025-08-09 18:02:21.007,True,124.0,111.0,-15000.0
2025-08-09 18:02:22.009,True,123.38,111.0,-15781.25
2025-08-09 18:02:23.011,True,124.5,111.0,-14375.0
2025-08-09 18:02:24.013,True,123.62,111.0,-15468.75
2025-08-09 18:02:25.099,True,124.25,111.0,-14687.5
2025-08-09 18:02:26.101,True,123.25,111.0,-15937.5
2025-08-09 18:02:27.103,True,123.75,111.0,-15312.5
2025-08-09 18:02:28.105,True,123.75,111.0,-15312.5
2025-08-09 18:02:29.107,True,123.25,111.0,-15937.5
2025-08-09 18:02:30.109,True,123.75,111.0,-15312.5
2025-08-09 18:02:31.111,True,121.75,111.0,-17812.5
2025-08-09 18:02:32.113,True,122.62,111.0,-16718.75
2025-08-09 18:02:33.114,True,122.88,111.0,-16406.25
2025-08-09 18:02:34.116,True,125.62,111.0,-12968.75
2025-08-09 18:02:35.119,True,125.75,111.0,-12812.5
2025-08-09 18:02:36.121,True,124.38,111.0,-14531.25
2025-08-09 18:02:37.123,True,123.25,111.0,-15937.5
2025-08-09 18:02:38.125,True,125.0,111.0,-13750.0
2025-08-09 18:02:39.127,True,125.0,111.0,-13750.0
2025-08-09 18:02:40.129,True,123.88,111.0,-15156.25
2025-08-09 18:02:41.131,True,123.12,111.0,-16093.75
2025-08-09 18:02:42.133,True,122.5,111.0,-16875.0
2025-08-09 18:02:43.135,True,121.75,111.0,-17812.5
2025-08-09 18:02:44.137,True,122.62,111.0,-16718.75
2025-08-09 18:02:45.139,True,122.88,111.0,-16406.25
2025-08-09 18:02:46.140,True,122.12,111.0,-17343.75
2025-08-09 18:02:47.142,True,122.5,111.0,-16875.0
2025-08-09 18:02:48.144,True,122.75,111.0,-16562.5
2025-08-09 18:02:49.146,True,123.38,111.0,-15781.25
2025-08-09 18:02:50.150,True,122.25,111.0,-17187.5
2025-08-09 18:02:51.153,True,123.88,111.0,-15156.25
2025-08-09 18:02:52.155,True,124.0,111.0,-15000.0
2025-08-09 18:02:53.157,True,124.62,111.0,-14218.75
2025-08-09 18:02:54.159,True,124.88,111.0,-13906.25
2025-08-09 18:02:55.162,True,123.5,111.0,-15625.0
2025-08-09 18:02:56.164,True,123.38,111.0,-15781.25
2025-08-09 18:02:57.167,True,123.88,111.0,-15156.25
2025-08-09 18:02:58.170,True,123.5,111.0,-15625.0
2025-08-09 18:02:59.172,True,123.12,111.0,-16093.75
2025-08-09 18:03:00.174,True,121.75,111.0,-17812.5
2025-08-09 18:03:01.177,True,122.38,111.0,-16875.0
2025-08-09 18:03:02.181,True,122.25,111.0,-17187.5
2025-08-09 18:03:03.183,True,125.0,111.0,-13750.0
2025-08-09 18:03:04.185,True,126.38,111.0,-12031.25
2025-08-09 18:03:05.187,True,126.62,111.0,-11718.75
2025-08-09 18:03:06.190,True,125.5,111.0,-13125.0
2025-08-09 18:03:07.192,True,120.12,111.0,-19843.75
2025-08-09 18:03:08.194,True,120.62,111.0,-19218.75
2025-08-09 18:03:09.198,True,121.38,111.0,-18281.25
2025-08-09 18:03:10.200,True,120.75,111.0,-19062.5
2025-08-09 18:03:11.204,True,121.75,111.0,-17812.5
2025-08-09 18:03:12.207,True,122.38,111.0,-17031.25
2025-08-09 18:03:13.211,True,123.0,111.12,-15625.0
2025-08-09 18:03:14.213,True,123.75,111.0,-15312.5
2025-08-09 18:03:15.215,True,124.0,111.0,-15000.0
2025-08-09 18:03:16.218,True,123.0,111.0,-16250.0
2025-08-09 18:03:17.221,True,121.38,111.12,-18437.5
2025-08-09 18:03:18.223,True,122.75,111.0,-16562.5
2025-08-09 18:03:19.225,True,122.62,111.12,-16875.0
2025-08-09 18:03:20.227,True,123.88,111.0,-15156.25
2025-08-09 18:03:21.229,True,121.75,111.0,-17812.5
2025-08-09 18:03:22.231,True,121.38,111.0,-18281.25
2025-08-09 18:03:23.233,True,122.88,111.12,-16562.5
2025-08-09 18:03:24.236,True,122.38,111.12,-17187.5
2025-08-09 18:03:25.256,True,122.0,111.12,-17656.25
2025-08-09 18:03:26.258,True,122.0,111.12,-17656.25
2025-08-09 18:03:27.260,True,121.38,111.12,-18437.5
2025-08-09 18:03:28.262,True,123.38,111.12,-15937.5
2025-08-09 18:03:29.265,True,122.12,111.0,-17500.0
2025-08-09 18:03:30.267,True,123.12,111.12,-16250.0
2025-08-09 18:03:31.269,True,123.38,111.12,-15937.5
2025-08-09 18:03:32.271,True,123.75,111.0,-15312.5
2025-08-09 18:03:33.273,True,123.25,111.12,-15937.5
2025-08-09 18:03:34.277,True,123.38,111.12,-15781.25
2025-08-09 18:03:35.282,True,122.62,111.12,-16718.75
2025-08-09 18:03:36.284,True,123.0,111.0,-16250.0
2025-08-09 18:03:37.286,True,124.12,111.0,-14843.75
2025-08-09 18:03:38.288,True,124.12,111.0,-14843.75
2025-08-09 18:03:39.291,True,124.5,111.0,-14375.0
2025-08-09 18:03:40.310,True,122.12,111.0,-17343.75
2025-08-09 18:03:41.313,True,124.38,111.0,-14531.25
2025-08-09 18:03:42.315,True,122.88,111.0,-16406.25
2025-08-09 18:03:43.317,True,124.5,111.0,-14375.0
2025-08-09 18:03:44.318,True,123.62,111.0,-15468.75
2025-08-09 18:03:45.320,True,124.12,111.0,-14843.75
2025-08-09 18:03:46.322,True,122.0,111.0,-17500.0
2025-08-09 18:03:47.324,True,122.5,111.0,-16875.0
2025-08-09 18:03:48.327,True,122.25,111.0,-17187.5
2025-08-09 18:03:49.329,True,122.12,111.12,-17500.0
2025-08-09 18:03:50.331,True,121.88,111.12,-17812.5
2025-08-09 18:03:51.333,True,123.38,111.12,-15937.5
2025-08-09 18:03:52.335,True,122.88,111.12,-16562.5
2025-08-09 18:03:53.337,True,124.12,111.0,-14843.75
2025-08-09 18:03:54.339,True,122.62,111.12,-16875.0
2025-08-09 18:03:55.341,True,121.62,111.12,-18125.0
2025-08-09 18:03:56.343,True,122.88,111.12,-16562.5
2025-08-09 18:03:57.345,True,123.5,111.12,-15781.25
2025-08-09 18:03:58.347,True,121.25,111.12,-18593.75
2025-08-09 18:03:59.349,True,123.12,111.12,-16250.0
2025-08-09 18:04:00.353,True,121.75,111.12,-17968.75
2025-08-09 18:04:01.355,True,122.88,111.12,-16562.5
2025-08-09 18:04:02.358,True,124.62,111.12,-14375.0
2025-08-09 18:04:03.359,True,124.75,111.12,-14218.75
2025-08-09 18:04:04.361,True,123.88,111.12,-15312.5
2025-08-09 18:04:05.374,True,124.5,111.12,-14531.25
2025-08-09 18:04:06.376,True,124.88,111.12,-14062.5
2025-08-09 18:04:07.378,True,123.88,111.12,-15312.5
2025-08-09 18:04:08.380,True,124.25,111.12,-14843.75
2025-08-09 18:04:09.382,True,123.38,111.12,-15937.5
2025-08-09 18:04:10.385,True,124.38,111.12,-14687.5
2025-08-09 18:04:11.387,True,123.25,111.12,-16093.75
2025-08-09 18:04:12.389,True,124.0,111.12,-15156.25
2025-08-09 18:04:13.391,True,123.5,111.12,-15781.25
2025-08-09 18:04:14.393,True,124.5,111.12,-14531.25
2025-08-09 18:04:15.397,True,123.62,111.12,-15625.0
2025-08-09 18:04:16.401,True,123.62,111.12,-15625.0
2025-08-09 18:04:17.402,True,122.38,111.12,-17187.5
2025-08-09 18:04:18.404,True,122.75,111.25,-16718.75
2025-08-09 18:04:19.406,True,123.88,111.25,-15468.75
2025-08-09 18:04:20.408,True,123.38,111.25,-16093.75
2025-08-09 18:04:21.410,True,123.62,111.25,-15781.25
2025-08-09 18:04:22.413,True,124.38,111.25,-14843.75
2025-08-09 18:04:23.415,True,125.0,111.25,-12343.75
2025-08-09 18:04:24.417,True,125.62,111.25,-13281.25
2025-08-09 18:04:25.420,True,125.5,111.25,-13437.5
2025-08-09 18:04:26.422,True,123.75,111.25,-14687.5
2025-08-09 18:04:27.424,True,125.0,111.25,-14062.5
2025-08-09 18:04:28.426,True,124.38,111.25,-14843.75
2025-08-09 18:04:29.429,True,124.12,111.25,-15156.25
2025-08-09 18:04:30.432,True,123.0,111.25,-16562.5
2025-08-09 18:04:31.435,True,125.25,111.25,-13750.0
2025-08-09 18:04:32.437,True,0.0,0.0,0.0
2025-08-09 18:04:33.439,True,124.75,111.25,-14375.0
2025-08-09 18:04:34.441,True,123.62,111.25,-15781.25
2025-08-09 18:04:35.444,True,124.38,111.25,-14843.75
2025-08-09 18:04:36.446,True,123.75,111.25,-15625.0
2025-08-09 18:04:37.449,True,123.5,111.25,-15937.5
2025-08-09 18:04:38.455,True,124.62,111.25,-14531.25
2025-08-09 18:04:39.456,True,124.0,111.25,-15312.5
2025-08-09 18:04:40.701,True,124.0,111.38,-15468.75
2025-08-09 18:04:41.705,True,124.88,111.38,-14375.0
2025-08-09 18:04:42.707,True,126.0,111.38,-12968.75
2025-08-09 18:04:43.710,True,126.5,111.38,-12343.75
2025-08-09 18:04:44.712,True,126.38,111.38,-12500.0
2025-08-09 18:04:45.715,True,126.25,111.38,-12656.25
2025-08-09 18:04:46.717,True,126.5,111.38,-12343.75
2025-08-09 18:04:47.719,True,124.38,111.38,-15312.5
2025-08-09 18:04:48.721,True,124.25,111.38,-15156.25
2025-08-09 18:04:49.723,True,124.12,111.38,-15312.5
2025-08-09 18:04:50.725,True,123.88,111.38,-15625.0
2025-08-09 18:04:51.728,True,125.25,111.38,-13906.25
2025-08-09 18:04:52.731,True,124.12,111.38,-15312.5
2025-08-09 18:04:53.733,True,124.0,111.38,-15000.0
2025-08-09 18:04:54.735,True,125.38,111.38,-13750.0
2025-08-09 18:04:55.737,True,126.38,111.38,-12500.0
2025-08-09 18:04:56.740,True,126.5,111.38,-12343.75
2025-08-09 18:04:57.743,True,126.62,111.38,-12187.5
2025-08-09 18:04:58.746,True,126.12,111.38,-12812.5
2025-08-09 18:04:59.749,True,125.75,111.38,-13281.25
2025-08-09 18:05:00.751,True,124.62,111.38,-14843.75
2025-08-09 18:05:01.753,True,124.25,111.5,-15312.5
2025-08-09 18:05:02.756,True,123.62,111.5,-16093.75
2025-08-09 18:05:03.758,True,124.12,111.5,-15468.75
2025-08-09 18:05:04.761,True,124.38,111.5,-15156.25
2025-08-09 18:05:05.764,True,125.12,111.5,-14218.75
2025-08-09 18:05:06.766,True,125.88,111.5,-13281.25
2025-08-09 18:05:07.769,True,125.12,111.5,-14218.75
2025-08-09 18:05:08.773,True,125.25,111.5,-14062.5
2025-08-09 18:05:09.775,True,125.75,111.5,-13437.5
2025-08-09 18:05:10.779,True,125.5,111.5,-13750.0
2025-08-09 18:05:11.781,True,125.0,111.5,-14375.0
2025-08-09 18:05:12.784,True,124.88,111.5,-14531.25
2025-08-09 18:05:13.787,True,125.0,111.5,-14375.0
2025-08-09 18:05:14.790,True,125.88,111.5,-13281.25
2025-08-09 18:05:15.792,True,124.38,111.5,-15156.25
2025-08-09 18:05:16.794,True,124.62,111.5,-14843.75
2025-08-09 18:05:17.796,True,128.0,111.5,-10625.0
2025-08-09 18:05:18.799,True,127.62,111.5,-11093.75
2025-08-09 18:05:19.802,True,125.25,111.5,-14062.5
2025-08-09 18:05:20.805,True,126.75,111.5,-12187.5
2025-08-09 18:05:21.807,True,125.38,111.5,-13906.25
2025-08-09 18:05:22.808,True,124.62,111.5,-14843.75
2025-08-09 18:05:23.810,True,124.88,111.5,-14531.25
2025-08-09 18:05:24.812,True,124.75,111.62,-14843.75
2025-08-09 18:05:25.814,True,127.0,111.62,-12031.25
2025-08-09 18:05:26.816,True,125.75,111.62,-13593.75
2025-08-09 18:05:27.818,True,128.12,111.62,-10625.0
2025-08-09 18:05:28.820,True,126.38,111.62,-12812.5
2025-08-09 18:05:29.822,True,129.12,111.62,-9218.75
2025-08-09 18:05:30.824,True,128.38,111.5,-10156.25
2025-08-09 18:05:31.826,True,127.62,111.5,-11093.75
2025-08-09 18:05:32.828,True,127.0,111.5,-11875.0
2025-08-09 18:05:33.829,True,127.12,111.5,-11718.75
2025-08-09 18:05:34.831,True,126.25,111.62,-12968.75
2025-08-09 18:05:35.833,True,126.5,111.62,-12656.25
2025-08-09 18:05:36.835,True,126.88,111.62,-12187.5
2025-08-09 18:05:37.838,True,126.88,111.62,-12187.5
2025-08-09 18:05:38.840,True,126.25,111.62,-12968.75
2025-08-09 18:05:39.841,True,127.25,111.62,-11718.75
2025-08-09 18:05:40.844,True,125.62,111.62,-13750.0
2025-08-09 18:05:41.849,True,126.25,111.62,-12968.75
2025-08-09 18:05:42.852,True,127.0,111.62,-12031.25
2025-08-09 18:05:43.854,True,126.25,111.62,-12968.75
2025-08-09 18:05:44.857,True,126.0,111.62,-13281.25
2025-08-09 18:05:45.860,True,126.0,111.75,-13281.25
2025-08-09 18:05:46.861,True,126.38,111.75,-12968.75
2025-08-09 18:05:47.864,True,127.75,111.75,-11250.0
2025-08-09 18:05:48.866,True,127.12,111.75,-12031.25
2025-08-09 18:05:49.868,True,126.12,111.75,-13281.25
2025-08-09 18:05:50.870,True,126.0,111.75,-13437.5
2025-08-09 18:05:51.872,True,125.88,111.75,-13593.75
2025-08-09 18:05:52.874,True,125.38,111.75,-14218.75
2025-08-09 18:05:53.876,True,125.62,111.75,-13906.25
2025-08-09 18:05:54.879,True,125.25,111.75,-14375.0
2025-08-09 18:05:55.881,True,125.25,111.75,-14375.0
2025-08-09 18:05:56.883,True,124.5,111.75,-15312.5
2025-08-09 18:05:57.885,True,125.5,111.75,-14062.5
2025-08-09 18:05:58.887,True,126.62,111.75,-12656.25
2025-08-09 18:05:59.888,True,125.38,111.75,-14218.75
2025-08-09 18:06:00.890,True,124.88,111.75,-14843.75
2025-08-09 18:06:01.892,True,126.0,111.75,-13437.5
2025-08-09 18:06:02.898,True,127.38,111.75,-11718.75
2025-08-09 18:06:03.900,True,126.75,111.75,-12500.0
2025-08-09 18:06:04.902,True,126.75,111.75,-12500.0
2025-08-09 18:06:05.904,True,126.62,111.75,-12656.25
2025-08-09 18:06:06.906,True,127.5,111.75,-11562.5
2025-08-09 18:06:07.908,True,127.12,111.75,-12031.25
2025-08-09 18:06:08.910,True,128.62,111.75,-10156.25
2025-08-09 18:06:09.912,True,128.88,111.75,-9843.75
2025-08-09 18:06:10.914,True,128.25,111.75,-10625.0
2025-08-09 18:06:11.916,True,125.88,111.75,-13593.75
2025-08-09 18:06:12.918,True,129.25,111.75,-9375.0
2025-08-09 18:06:13.921,True,129.38,111.75,-9218.75
2025-08-09 18:06:14.923,True,126.12,111.75,-13281.25
2025-08-09 18:06:15.925,True,126.5,111.75,-12812.5
2025-08-09 18:06:16.927,True,127.0,111.75,-12187.5
2025-08-09 18:06:17.929,True,127.62,111.75,-11406.25
2025-08-09 18:06:18.932,True,125.5,111.75,-14062.5
2025-08-09 18:06:19.936,True,127.62,111.75,-11406.25
2025-08-09 18:06:20.938,True,126.88,111.75,-12343.75
2025-08-09 18:06:21.941,True,127.38,111.88,-11875.0
2025-08-09 18:06:22.943,True,126.88,111.88,-12500.0
2025-08-09 18:06:23.945,True,126.38,111.88,-13125.0
2025-08-09 18:06:24.947,True,126.62,111.88,-12812.5
2025-08-09 18:06:25.949,True,126.25,111.88,-14062.5
2025-08-09 18:06:26.950,True,126.62,111.88,-12812.5
2025-08-09 18:06:27.952,True,127.62,111.88,-11562.5
2025-08-09 18:06:28.954,True,127.75,111.88,-11250.0
2025-08-09 18:06:29.956,True,126.75,111.88,-12656.25
2025-08-09 18:06:30.958,True,126.25,111.88,-13281.25
2025-08-09 18:06:31.961,True,126.0,111.88,-13593.75
2025-08-09 18:06:32.963,True,125.75,111.88,-13906.25
2025-08-09 18:06:33.965,True,125.62,111.88,-14062.5
2025-08-09 18:06:34.968,True,125.75,111.88,-14062.5
2025-08-09 18:06:35.970,True,124.88,112.0,-15156.25
2025-08-09 18:06:36.971,True,123.88,112.0,-16250.0
2025-08-09 18:06:37.974,True,127.0,111.88,-11093.75
2025-08-09 18:06:38.976,True,129.38,111.88,-9375.0
2025-08-09 18:06:39.978,True,129.5,111.88,-9218.75
2025-08-09 18:06:40.980,True,129.75,111.88,-8906.25
2025-08-09 18:06:41.983,True,126.62,111.88,-12812.5
2025-08-09 18:06:42.984,True,124.62,111.88,-15312.5
2025-08-09 18:06:43.986,True,125.12,111.88,-14687.5
2025-08-09 18:06:44.989,True,124.88,112.0,-14375.0
2025-08-09 18:06:45.992,True,124.75,112.0,-15312.5
2025-08-09 18:06:46.994,True,124.75,112.0,-15312.5
2025-08-09 18:06:47.996,True,125.5,112.0,-14375.0
2025-08-09 18:06:48.998,True,124.12,112.0,-16093.75
2025-08-09 18:06:49.999,True,127.62,112.0,-11718.75
2025-08-09 18:06:51.001,True,126.88,112.0,-12656.25
2025-08-09 18:06:52.004,True,127.25,112.0,-12187.5
2025-08-09 18:06:53.006,True,127.38,112.0,-12031.25
2025-08-09 18:06:54.007,True,127.38,112.0,-12031.25
2025-08-09 18:06:55.010,True,126.12,112.0,-13593.75
2025-08-09 18:06:56.011,True,125.38,112.0,-14531.25
2025-08-09 18:06:57.013,True,126.25,112.0,-13281.25
2025-08-09 18:06:58.015,True,126.0,112.0,-13750.0
2025-08-09 18:06:59.017,True,125.75,112.0,-14062.5
2025-08-09 18:07:00.020,True,126.75,112.0,-12812.5
2025-08-09 18:07:01.021,True,124.88,112.0,-15156.25
2025-08-09 18:07:02.023,True,125.38,112.0,-14531.25
2025-08-09 18:07:03.025,True,126.75,112.0,-12812.5
2025-08-09 18:07:04.026,True,126.12,112.0,-13593.75
2025-08-09 18:07:05.028,True,126.25,112.0,-13437.5
2025-08-09 18:07:06.032,True,126.25,112.0,-11875.0
2025-08-09 18:07:07.036,True,126.62,112.0,-12968.75
2025-08-09 18:07:08.037,True,126.12,112.0,-13593.75
2025-08-09 18:07:09.039,True,127.38,112.0,-11718.75
2025-08-09 18:07:10.042,True,127.5,112.0,-11875.0
2025-08-09 18:07:11.044,True,127.38,112.0,-12031.25
2025-08-09 18:07:12.047,True,127.88,112.0,-11406.25
2025-08-09 18:07:13.049,True,127.5,112.0,-11875.0
2025-08-09 18:07:14.052,True,128.75,112.0,-10312.5
2025-08-09 18:07:15.054,True,128.38,112.0,-10468.75
2025-08-09 18:07:16.056,True,128.75,112.0,-10312.5
2025-08-09 18:07:17.058,True,128.62,112.0,-10468.75
2025-08-09 18:07:18.060,True,127.38,112.0,-12031.25
2025-08-09 18:07:19.061,True,128.62,112.0,-10468.75
2025-08-09 18:07:20.064,True,128.75,112.0,-10312.5
2025-08-09 18:07:21.066,True,127.12,112.0,-12343.75
2025-08-09 18:07:22.068,True,128.12,112.0,-11093.75
2025-08-09 18:07:23.070,True,128.75,112.0,-10312.5
2025-08-09 18:07:24.072,True,127.12,112.0,-12343.75
2025-08-09 18:07:25.073,True,129.75,112.0,-8906.25
2025-08-09 18:07:26.076,True,127.5,112.0,-11875.0
2025-08-09 18:07:27.078,True,126.88,112.12,-12812.5
2025-08-09 18:07:28.081,True,127.0,112.12,-12656.25
2025-08-09 18:07:29.084,True,127.75,112.12,-11718.75
2025-08-09 18:07:30.086,True,128.75,112.12,-10468.75
2025-08-09 18:07:31.088,True,127.38,112.12,-12187.5
2025-08-09 18:07:32.090,True,127.75,112.12,-11718.75
2025-08-09 18:07:33.092,True,127.12,112.12,-12500.0
2025-08-09 18:07:34.095,True,127.5,112.12,-12031.25
2025-08-09 18:07:35.097,True,129.75,112.12,-9062.5
2025-08-09 18:07:36.099,True,129.62,112.12,-9218.75
2025-08-09 18:07:37.101,True,129.12,112.12,-10000.0
2025-08-09 18:07:38.102,True,126.0,112.12,-13906.25
2025-08-09 18:07:39.105,True,125.62,112.25,-14375.0
2025-08-09 18:07:40.107,True,125.62,112.12,-14375.0
2025-08-09 18:07:41.109,True,128.25,112.12,-11250.0
2025-08-09 18:07:42.111,True,128.75,112.25,-10625.0
2025-08-09 18:07:43.113,True,128.25,112.25,-11250.0
2025-08-09 18:07:44.115,True,128.0,112.25,-11562.5
2025-08-09 18:07:45.118,True,128.12,112.25,-11406.25
2025-08-09 18:07:46.120,True,128.38,112.25,-11093.75
2025-08-09 18:07:47.122,True,126.62,112.25,-13281.25
2025-08-09 18:07:48.123,True,126.12,112.25,-13906.25
2025-08-09 18:07:49.125,True,127.12,112.25,-12656.25
2025-08-09 18:07:50.127,True,128.0,112.25,-11562.5
2025-08-09 18:07:51.129,True,129.75,112.25,-9218.75
2025-08-09 18:07:52.130,True,128.75,112.25,-10625.0
2025-08-09 18:07:53.132,True,131.12,112.25,-7500.0
2025-08-09 18:07:54.134,True,129.38,112.25,-9687.5
2025-08-09 18:07:55.136,True,129.5,112.25,-9531.25
2025-08-09 18:07:56.138,True,130.75,112.25,-7968.75
2025-08-09 18:07:57.140,True,131.0,112.25,-7656.25
2025-08-09 18:07:58.142,True,128.75,112.25,-10625.0
2025-08-09 18:07:59.145,True,129.88,112.25,-9062.5
2025-08-09 18:08:00.146,True,127.5,112.25,-12187.5
2025-08-09 18:08:01.590,True,126.12,112.25,-13906.25
2025-08-09 18:08:02.592,True,127.75,112.25,-11875.0
2025-08-09 18:08:03.594,True,127.38,112.25,-12343.75
2025-08-09 18:08:04.597,True,128.0,112.25,-11562.5
2025-08-09 18:08:05.599,True,127.12,112.25,-12812.5
2025-08-09 18:08:06.601,True,127.62,112.25,-12031.25
2025-08-09 18:08:07.603,True,127.0,112.38,-12968.75
2025-08-09 18:08:08.605,True,126.75,112.38,-13281.25
2025-08-09 18:08:09.607,True,127.0,112.38,-12968.75
2025-08-09 18:08:10.609,True,128.75,112.38,-10625.0
2025-08-09 18:08:11.611,True,128.62,112.38,-10781.25
2025-08-09 18:08:12.613,True,128.75,112.38,-10937.5
2025-08-09 18:08:13.615,True,129.62,112.38,-9531.25
2025-08-09 18:08:14.617,True,128.88,112.38,-10468.75
2025-08-09 18:08:15.619,True,128.62,112.38,-11250.0
2025-08-09 18:08:16.621,True,127.88,112.38,-11875.0
2025-08-09 18:08:17.623,True,127.0,112.38,-12968.75
2025-08-09 18:08:18.625,True,127.75,112.38,-12031.25
2025-08-09 18:08:19.627,True,127.12,112.38,-12812.5
2025-08-09 18:08:20.629,True,128.0,112.38,-11718.75
2025-08-09 18:08:21.632,True,127.62,112.38,-12187.5
2025-08-09 18:08:22.634,True,127.75,112.38,-12031.25
2025-08-09 18:08:23.636,True,128.62,112.38,-10781.25
2025-08-09 18:08:24.638,True,128.62,112.38,-9687.5
2025-08-09 18:08:25.641,True,128.75,112.38,-10625.0
2025-08-09 18:08:26.643,True,130.0,112.38,-9062.5
2025-08-09 18:08:27.644,True,128.12,112.38,-11562.5
2025-08-09 18:08:28.646,True,128.12,112.38,-11562.5
2025-08-09 18:08:29.649,True,126.38,112.38,-13750.0
2025-08-09 18:08:30.650,True,127.5,112.38,-12343.75
2025-08-09 18:08:31.653,True,127.5,112.38,-12343.75
2025-08-09 18:08:32.655,True,128.62,112.38,-10937.5
2025-08-09 18:08:33.657,True,128.62,112.38,-10781.25
2025-08-09 18:08:34.658,True,130.5,112.38,-8437.5
2025-08-09 18:08:35.660,True,131.38,112.38,-7343.75
2025-08-09 18:08:36.662,True,128.5,112.38,-11093.75
2025-08-09 18:08:37.664,True,128.88,112.38,-10468.75
2025-08-09 18:08:38.667,True,129.12,112.38,-10156.25
2025-08-09 18:08:39.669,True,128.62,112.38,-10937.5
2025-08-09 18:08:40.671,True,127.62,112.38,-12187.5
2025-08-09 18:08:41.672,True,127.25,112.38,-12656.25
2025-08-09 18:08:42.675,True,128.25,112.5,-11406.25
2025-08-09 18:08:43.678,True,127.5,112.5,-12500.0
2025-08-09 18:08:44.680,True,128.25,112.5,-11562.5
2025-08-09 18:08:45.683,True,128.12,112.38,-11718.75
2025-08-09 18:08:46.685,True,128.25,112.5,-11562.5
2025-08-09 18:08:47.686,True,127.62,112.5,-12343.75
2025-08-09 18:08:48.689,True,128.0,112.5,-11875.0
2025-08-09 18:08:49.691,True,128.12,112.5,-11718.75
2025-08-09 18:08:50.693,True,128.75,112.5,-10781.25
2025-08-09 18:08:51.695,True,127.25,112.5,-12812.5
2025-08-09 18:08:52.697,True,126.38,112.5,-13906.25
2025-08-09 18:08:53.699,True,128.0,112.5,-11875.0
2025-08-09 18:08:54.701,True,125.88,112.5,-14531.25
2025-08-09 18:08:55.703,True,127.38,112.5,-12656.25
2025-08-09 18:08:56.705,True,128.25,112.5,-11562.5
2025-08-09 18:08:57.707,True,128.0,112.5,-11875.0
2025-08-09 18:08:58.709,True,128.5,112.5,-11093.75
2025-08-09 18:08:59.711,True,128.0,112.5,-11875.0
2025-08-09 18:09:00.713,True,127.12,112.5,-12968.75
2025-08-09 18:09:01.715,True,126.75,112.5,-13437.5
2025-08-09 18:09:02.716,True,127.75,112.5,-12187.5
2025-08-09 18:09:03.718,True,126.88,112.5,-13281.25
2025-08-09 18:09:04.721,True,128.12,112.5,-11718.75
2025-08-09 18:09:05.723,True,129.0,112.62,-10468.75
2025-08-09 18:09:06.725,True,128.88,112.5,-10625.0
2025-08-09 18:09:07.726,True,129.88,112.5,-9375.0
2025-08-09 18:09:08.729,True,127.88,112.5,-12031.25
2025-08-09 18:09:09.731,True,127.38,112.5,-12656.25
2025-08-09 18:09:10.733,True,129.12,112.5,-10312.5
2025-08-09 18:09:11.735,True,127.75,112.62,-12343.75
2025-08-09 18:09:12.737,True,128.25,112.62,-11562.5
2025-08-09 18:09:13.740,True,127.75,112.62,-12343.75
2025-08-09 18:09:14.742,True,127.62,112.62,-12500.0
2025-08-09 18:09:15.746,True,128.12,112.62,-11718.75
2025-08-09 18:09:16.749,True,130.12,112.62,-9218.75
2025-08-09 18:09:17.751,True,128.0,112.62,-11875.0
2025-08-09 18:09:18.753,True,127.38,112.62,-12812.5
2025-08-09 18:09:19.755,True,127.75,112.62,-12343.75
2025-08-09 18:09:20.758,True,128.12,112.62,-11718.75
2025-08-09 18:09:21.761,True,127.62,112.62,-12500.0
2025-08-09 18:09:22.764,True,126.88,112.62,-13437.5
2025-08-09 18:09:23.766,True,126.0,112.62,-14531.25
2025-08-09 18:09:24.769,True,126.0,112.62,-14531.25
2025-08-09 18:09:25.772,True,126.75,112.62,-13593.75
2025-08-09 18:09:26.774,True,126.75,112.62,-13593.75
2025-08-09 18:09:27.778,True,126.88,112.62,-13593.75
2025-08-09 18:09:28.781,True,127.62,112.62,-12500.0
2025-08-09 18:09:29.784,True,127.88,112.62,-12187.5
2025-08-09 18:09:30.789,True,128.12,112.62,-11718.75
2025-08-09 18:09:31.792,True,129.12,112.62,-10468.75
2025-08-09 18:09:32.794,True,127.88,112.62,-12187.5
2025-08-09 18:09:33.797,True,127.62,112.62,-12500.0
2025-08-09 18:09:34.799,True,128.5,112.62,-11250.0
2025-08-09 18:09:35.801,True,130.25,112.62,-9062.5
2025-08-09 18:09:36.804,True,129.75,112.62,-9687.5
2025-08-09 18:09:37.806,True,127.25,112.62,-12812.5
2025-08-09 18:09:38.809,True,127.5,112.62,-12656.25
2025-08-09 18:09:39.812,True,126.75,112.62,-13593.75
2025-08-09 18:09:40.815,True,127.12,112.62,-13125.0
2025-08-09 18:09:41.817,True,127.25,112.62,-12968.75
2025-08-09 18:09:42.820,True,127.5,112.62,-12656.25
2025-08-09 18:09:43.823,True,128.62,112.75,-11093.75
2025-08-09 18:09:44.825,True,127.62,112.75,-12500.0
2025-08-09 18:09:45.828,True,128.12,112.75,-11875.0
2025-08-09 18:09:46.830,True,129.0,112.75,-10625.0
2025-08-09 18:09:47.832,True,126.62,112.75,-13906.25
2025-08-09 18:09:48.835,True,128.38,112.62,-11562.5
2025-08-09 18:09:49.838,True,128.75,112.62,-10937.5
2025-08-09 18:09:50.840,True,129.12,112.75,-10625.0
2025-08-09 18:09:51.843,True,128.12,112.62,-11718.75
2025-08-09 18:09:52.845,True,128.0,112.75,-12031.25
2025-08-09 18:09:53.848,True,127.88,112.62,-12187.5
2025-08-09 18:09:54.850,True,126.62,112.75,-13906.25
                                                                                                                                                                                                                                                                                                                                                                                                                                                                                                                                                                                                                                                                                                                                                                                                                                                                                                                                                                                                                                                                                                     2025-08-09 18:09:55.985,True,0.0,0.0,0.0
2025-08-09 18:09:57.009,True,127.0,112.88,-13593.75
2025-08-09 18:09:58.012,True,126.0,112.88,-14843.75
2025-08-09 18:09:59.014,True,128.0,112.88,-12187.5
2025-08-09 18:10:00.024,True,127.0,112.88,-13437.5
2025-08-09 18:10:01.027,True,127.0,112.88,-13593.75
2025-08-09 18:10:02.040,True,127.5,112.88,-12812.5
2025-08-09 18:10:03.043,True,127.12,112.88,-13281.25
2025-08-09 18:10:04.045,True,126.38,112.88,-14375.0
2025-08-09 18:10:05.047,True,127.38,112.88,-12968.75
2025-08-09 18:10:06.049,True,127.38,112.88,-12968.75
2025-08-09 18:10:07.051,True,126.38,112.88,-14375.0
2025-08-09 18:10:15.701,True,126.88,112.88,-13750.0
2025-08-09 18:10:16.706,True,127.75,112.88,-12500.0
2025-08-09 18:10:17.708,True,128.38,112.88,-11718.75
2025-08-09 18:11:10.988,True,125.75,112.88,-15156.25
2025-08-09 18:11:11.996,True,126.5,112.88,-14218.75
2025-08-09 18:11:13.026,True,127.0,112.88,-13593.75
2025-08-09 18:11:14.163,True,126.62,112.88,-14062.5
2025-08-09 18:11:15.165,True,125.88,112.88,-15000.0
2025-08-09 18:11:16.169,True,127.12,112.88,-13281.25
2025-08-09 18:11:17.170,True,127.12,112.88,-13281.25
2025-08-09 18:11:18.172,True,127.12,112.88,-13281.25
2025-08-09 18:11:19.174,True,127.0,112.88,-13593.75
2025-08-09 18:11:20.176,True,125.88,112.88,-15000.0
2025-08-09 18:11:21.180,True,127.62,112.88,-12031.25
2025-08-09 18:11:22.184,True,127.75,112.88,-12500.0
2025-08-09 18:11:23.195,True,127.62,112.88,-12656.25
2025-08-09 18:11:24.196,True,127.0,112.88,-13437.5
2025-08-09 18:11:26.849,True,126.75,112.88,-13906.25
2025-08-09 18:11:27.854,True,127.0,112.88,-13593.75
2025-08-09 18:11:28.856,True,126.25,112.88,-14531.25
2025-08-09 18:11:30.223,True,126.5,112.88,-14218.75
2025-08-09 18:11:31.398,True,126.38,112.88,-14375.0
2025-08-09 18:11:33.110,True,126.5,112.88,-14218.75
2025-08-09 18:11:39.961,True,125.38,113.0,-15781.25
2025-08-09 18:11:40.963,True,126.0,113.0,-15000.0
2025-08-09 18:11:41.977,True,129.12,113.0,-10937.5
2025-08-09 18:11:42.980,True,127.12,113.0,-13281.25
2025-08-09 18:11:44.638,True,126.62,113.0,-14062.5
2025-08-09 18:11:45.641,True,124.75,112.88,-16406.25
2025-08-09 18:11:46.644,True,127.25,113.0,-13281.25
2025-08-09 18:11:47.648,True,129.0,112.88,-10937.5
2025-08-09 18:11:48.653,True,128.25,112.88,-11875.0
2025-08-09 18:11:49.663,True,128.62,112.88,-11406.25
2025-08-09 18:11:50.665,True,127.38,112.88,-12968.75
2025-08-09 18:11:51.999,True,127.75,112.88,-12500.0
2025-08-09 18:11:53.001,True,127.12,112.88,-13281.25
2025-08-09 18:11:54.003,True,126.62,112.88,-14062.5
2025-08-09 18:11:55.005,True,126.62,112.88,-14062.5
2025-08-09 18:11:59.613,True,127.25,113.0,-13125.0
2025-08-09 18:12:00.615,True,126.88,113.0,-13750.0
2025-08-09 18:12:01.617,True,127.12,113.0,-13437.5
2025-08-09 18:12:02.619,True,127.0,113.0,-13593.75
2025-08-09 18:12:03.621,True,127.88,113.0,-12500.0
2025-08-09 18:12:04.623,True,126.75,113.0,-13906.25
2025-08-09 18:12:05.626,True,126.5,113.0,-14375.0
2025-08-09 18:12:06.629,True,126.5,113.0,-14375.0
2025-08-09 18:12:07.631,True,128.38,113.0,-11875.0
2025-08-09 18:12:08.633,True,128.62,113.0,-11562.5
2025-08-09 18:12:09.635,True,128.62,113.0,-11562.5
2025-08-09 18:12:10.637,True,128.12,113.0,-12187.5
2025-08-09 18:12:11.639,True,127.0,113.0,-13593.75
2025-08-09 18:12:12.641,True,126.62,113.0,-14062.5
2025-08-09 18:12:13.807,True,126.12,113.0,-14843.75
2025-08-09 18:12:14.809,True,127.38,113.0,-13125.0
2025-08-09 18:12:15.843,True,126.25,113.0,-14687.5
2025-08-09 18:12:16.845,True,128.0,113.0,-12343.75
2025-08-09 18:12:17.848,True,128.38,113.0,-11875.0
2025-08-09 18:12:18.852,True,128.12,113.0,-12187.5
2025-08-09 18:12:19.855,True,129.62,113.0,-10312.5
2025-08-09 18:12:20.857,True,130.12,113.0,-9687.5
2025-08-09 18:12:21.860,True,130.25,113.0,-9531.25
2025-08-09 18:12:22.862,True,130.0,113.0,-9843.75
2025-08-09 18:12:24.018,True,130.5,113.0,-9218.75
2025-08-09 18:12:25.021,True,127.25,113.0,-13281.25
2025-08-09 18:12:26.025,True,125.88,113.0,-15156.25
2025-08-09 18:12:27.030,True,126.12,113.0,-14843.75
2025-08-09 18:12:28.033,True,127.0,113.0,-13593.75
2025-08-09 18:12:29.036,True,126.75,113.12,-14062.5
2025-08-09 18:12:30.039,True,126.62,113.12,-14218.75
2025-08-09 18:12:31.946,True,126.88,113.12,-13906.25
2025-08-09 18:12:32.948,True,128.62,113.12,-11718.75
2025-08-09 18:12:33.951,True,126.88,113.12,-13906.25
2025-08-09 18:12:36.092,True,128.75,113.12,-11562.5
2025-08-09 18:12:37.094,True,128.75,113.12,-11562.5
2025-08-09 18:12:38.096,True,128.25,113.12,-12187.5
2025-08-09 18:12:39.098,True,127.38,113.12,-13281.25
2025-08-09 18:12:42.855,True,127.25,113.12,-13437.5
2025-08-09 18:12:43.857,True,128.0,113.12,-12500.0
2025-08-09 18:12:44.860,True,128.0,113.12,-12500.0
2025-08-09 18:12:45.864,True,127.75,113.12,-12812.5
2025-08-09 18:12:46.866,True,128.5,113.12,-11875.0
2025-08-09 18:12:47.868,True,126.25,113.12,-14843.75
2025-08-09 18:12:48.871,True,126.38,113.12,-14531.25
2025-08-09 18:12:49.873,True,125.88,113.12,-15312.5
2025-08-09 18:12:50.889,True,126.25,113.12,-14843.75
2025-08-09 18:12:51.892,True,125.0,113.12,-16406.25
2025-08-09 18:12:52.895,True,125.88,113.12,-15312.5
2025-08-09 18:12:53.897,True,126.25,113.12,-14687.5
2025-08-09 18:12:54.900,True,126.62,113.12,-14218.75
2025-08-09 18:12:55.902,True,125.88,113.12,-15312.5
2025-08-09 18:12:56.903,True,125.25,113.12,-16093.75
2025-08-09 18:12:57.907,True,125.38,113.12,-15937.5
2025-08-09 18:12:58.909,True,125.5,113.25,-15937.5
2025-08-09 18:12:59.911,True,125.12,113.25,-16406.25
2025-08-09 18:13:00.913,True,125.5,113.25,-15937.5
2025-08-09 18:13:01.915,True,126.62,113.25,-14375.0
2025-08-09 18:13:02.917,True,127.5,113.25,-13281.25
2025-08-09 18:13:03.919,True,127.75,113.12,-12812.5
2025-08-09 18:13:04.921,True,127.12,113.25,-13750.0
2025-08-09 18:13:05.923,True,126.12,113.25,-15000.0
2025-08-09 18:13:06.924,True,125.5,113.25,-15781.25
2025-08-09 18:13:07.927,True,126.38,113.25,-14687.5
2025-08-09 18:13:08.930,True,126.88,113.25,-14062.5
2025-08-09 18:13:09.933,True,126.5,113.25,-14531.25
2025-08-09 18:13:10.934,True,127.0,113.25,-13906.25
2025-08-09 18:13:11.936,True,129.62,113.25,-10625.0
2025-08-09 18:13:12.938,True,128.38,113.12,-12031.25
2025-08-09 18:13:13.940,True,128.5,113.12,-11875.0
2025-08-09 18:13:14.943,True,130.12,113.12,-9843.75
2025-08-09 18:13:15.945,True,126.5,113.12,-14375.0
2025-08-09 18:13:16.947,True,130.88,113.12,-9062.5
2025-08-09 18:13:17.949,True,127.0,113.12,-13750.0
2025-08-09 18:13:18.951,True,126.38,113.12,-14531.25
2025-08-09 18:13:19.953,True,127.5,113.25,-13281.25
2025-08-09 18:13:20.956,True,126.25,113.25,-14843.75
2025-08-09 18:13:21.958,True,127.12,113.25,-14531.25
2025-08-09 18:13:22.960,True,127.62,113.25,-13125.0
2025-08-09 18:13:23.962,True,126.75,113.25,-14218.75
2025-08-09 18:13:24.964,True,124.5,113.25,-14375.0
2025-08-09 18:13:25.966,True,125.5,113.25,-15937.5
2025-08-09 18:13:26.968,True,125.62,113.25,-15625.0
2025-08-09 18:13:27.970,True,125.5,113.25,-15781.25
2025-08-09 18:13:28.972,True,126.12,113.25,-15000.0
2025-08-09 18:13:29.974,True,127.12,113.25,-13750.0
2025-08-09 18:13:30.976,True,125.88,113.25,-15312.5
2025-08-09 18:13:31.978,True,128.25,113.25,-12343.75
2025-08-09 18:13:32.980,True,126.38,113.25,-14687.5
2025-08-09 18:13:33.982,True,0.0,0.0,0.0
2025-08-09 18:13:34.984,True,127.25,113.25,-13593.75
2025-08-09 18:13:35.986,True,124.38,113.25,-17343.75
2025-08-09 18:13:36.988,True,126.75,113.25,-14218.75
2025-08-09 18:13:37.990,True,125.5,113.25,-15937.5
2025-08-09 18:13:38.992,True,125.75,113.25,-15468.75
2025-08-09 18:13:39.994,True,126.62,113.25,-14375.0
2025-08-09 18:13:40.997,True,127.25,113.25,-13593.75
2025-08-09 18:13:41.999,True,127.12,113.25,-13750.0
2025-08-09 18:13:43.001,True,127.62,113.25,-13125.0
2025-08-09 18:13:44.002,True,127.38,113.25,-13437.5
2025-08-09 18:13:45.004,True,125.88,113.25,-15312.5
2025-08-09 18:13:46.006,True,126.5,113.25,-14531.25
2025-08-09 18:13:47.008,True,127.12,113.25,-13750.0
2025-08-09 18:13:48.010,True,126.88,113.25,-14062.5
2025-08-09 18:13:49.012,True,126.12,113.25,-15000.0
2025-08-09 18:13:50.014,True,126.25,113.25,-14843.75
2025-08-09 18:13:51.016,True,125.5,113.25,-15937.5
2025-08-09 18:13:52.018,True,125.5,113.25,-15781.25
2025-08-09 18:13:53.020,True,124.38,113.25,-17343.75
2025-08-09 18:13:54.022,True,125.62,113.25,-15625.0
2025-08-09 18:13:55.023,True,126.88,113.25,-14062.5
2025-08-09 18:13:56.025,True,124.62,113.25,-17031.25
2025-08-09 18:13:57.027,True,126.25,113.25,-14843.75
2025-08-09 18:13:58.030,True,124.88,113.25,-16718.75
2025-08-09 18:13:59.032,True,125.88,113.25,-15312.5
2025-08-09 18:14:00.033,True,125.5,113.25,-15937.5
2025-08-09 18:14:01.037,True,127.0,113.25,-13906.25
2025-08-09 18:14:02.038,True,129.0,113.25,-11406.25
2025-08-09 18:14:03.040,True,131.25,113.25,-8593.75
2025-08-09 18:14:04.042,True,124.0,113.25,-17812.5
2025-08-09 18:14:05.044,True,126.88,113.25,-14062.5
2025-08-09 18:14:06.047,True,125.62,113.25,-15625.0
2025-08-09 18:14:07.050,True,125.75,113.25,-15468.75
2025-08-09 18:14:08.052,True,125.75,113.25,-15468.75
2025-08-09 18:14:09.054,True,125.5,113.25,-15937.5
2025-08-09 18:14:10.055,True,126.88,113.25,-14062.5
2025-08-09 18:14:11.057,True,126.75,113.25,-14218.75
2025-08-09 18:14:12.059,True,125.12,113.25,-17343.75
2025-08-09 18:14:13.062,True,124.75,113.25,-16875.0
2025-08-09 18:14:14.063,True,125.0,113.25,-16562.5
2025-08-09 18:14:15.065,True,126.25,113.25,-14843.75
2025-08-09 18:14:16.067,True,124.5,113.25,-17187.5
2025-08-09 18:14:17.069,True,125.62,113.38,-15625.0
2025-08-09 18:14:18.071,True,124.5,113.38,-17187.5
2025-08-09 18:14:19.073,True,125.75,113.38,-15625.0
2025-08-09 18:14:20.076,True,125.12,113.38,-16406.25
2025-08-09 18:14:21.078,True,126.38,113.25,-14687.5
2025-08-09 18:14:22.080,True,125.5,113.25,-15781.25
2025-08-09 18:14:23.081,True,125.88,113.38,-15468.75
2025-08-09 18:14:24.084,True,125.88,113.25,-15312.5
2025-08-09 18:14:25.086,True,125.25,113.25,-16250.0
2025-08-09 18:14:26.089,True,125.38,113.25,-16093.75
2025-08-09 18:14:27.091,True,126.12,113.25,-15000.0
2025-08-09 18:14:28.093,True,127.0,113.25,-13906.25
2025-08-09 18:14:29.095,True,127.25,113.25,-13593.75
2025-08-09 18:14:30.097,True,125.5,113.25,-15937.5
2025-08-09 18:14:31.099,True,125.12,113.25,-16406.25
2025-08-09 18:14:32.102,True,125.12,113.25,-16406.25
2025-08-09 18:14:33.105,True,124.62,113.25,-17031.25
2025-08-09 18:14:34.110,True,125.88,113.25,-15312.5
2025-08-09 18:14:35.112,True,125.5,113.25,-15781.25
2025-08-09 18:14:36.115,True,124.62,113.25,-16875.0
2025-08-09 18:14:37.116,True,124.62,113.25,-17031.25
2025-08-09 18:14:38.118,True,125.5,113.25,-15781.25
2025-08-09 18:14:39.121,True,124.0,113.25,-17812.5
2025-08-09 18:14:40.125,True,122.75,113.25,-19375.0
2025-08-09 18:14:41.127,True,125.12,113.25,-16406.25
2025-08-09 18:14:42.129,True,125.88,113.25,-15312.5
2025-08-09 18:14:43.131,True,125.25,113.25,-16250.0
2025-08-09 18:14:44.133,True,124.25,113.25,-17500.0
2025-08-09 18:14:45.136,True,125.0,113.25,-16562.5
2025-08-09 18:14:46.139,True,124.62,113.25,-17031.25
2025-08-09 18:14:47.142,True,124.38,113.25,-17343.75
2025-08-09 18:14:48.145,True,123.5,113.25,-18437.5
2025-08-09 18:14:49.147,True,124.88,113.25,-16718.75
2025-08-09 18:14:50.149,True,123.88,113.25,-17968.75
2025-08-09 18:14:51.151,True,125.38,113.25,-16093.75
2025-08-09 18:14:52.153,True,124.5,113.25,-17187.5
2025-08-09 18:14:53.156,True,125.38,113.25,-16093.75
2025-08-09 18:14:54.159,True,123.75,113.25,-18125.0
2025-08-09 18:14:55.161,True,125.25,113.25,-16250.0
2025-08-09 18:14:56.163,True,125.25,113.25,-16250.0
2025-08-09 18:14:57.165,True,127.12,113.25,-13750.0
2025-08-09 18:14:58.167,True,124.0,113.25,-17812.5
2025-08-09 18:14:59.168,True,127.38,113.25,-13437.5
2025-08-09 18:15:00.170,True,125.5,113.25,-15781.25
2025-08-09 18:15:01.172,True,125.62,113.25,-15625.0
2025-08-09 18:15:02.174,True,124.88,113.25,-16718.75
2025-08-09 18:15:03.176,True,125.5,113.25,-15781.25
2025-08-09 18:15:04.177,True,129.25,113.25,-11093.75
2025-08-09 18:15:05.179,True,128.62,113.25,-11875.0
2025-08-09 18:15:06.181,True,129.5,113.25,-10781.25
2025-08-09 18:15:07.183,True,128.88,113.25,-11562.5
2025-08-09 18:15:08.185,True,126.38,113.25,-14687.5
2025-08-09 18:15:09.187,True,125.25,113.25,-16250.0
2025-08-09 18:15:10.189,True,126.25,113.25,-14843.75
2025-08-09 18:15:11.191,True,127.5,113.25,-13281.25
2025-08-09 18:15:12.193,True,126.62,113.25,-14375.0
2025-08-09 18:15:13.195,True,128.88,113.25,-11562.5
2025-08-09 18:15:14.197,True,130.25,113.25,-10625.0
2025-08-09 18:15:15.200,True,126.5,113.25,-14531.25
2025-08-09 18:15:16.204,True,123.25,113.25,-18750.0
2025-08-09 18:15:17.209,True,124.62,113.25,-17031.25
2025-08-09 18:15:18.211,True,124.38,113.25,-17343.75
2025-08-09 18:15:19.213,True,126.88,113.25,-14062.5
2025-08-09 18:15:20.215,True,126.62,113.25,-14375.0
2025-08-09 18:15:21.218,True,129.12,113.25,-11250.0
2025-08-09 18:15:22.219,True,128.38,113.25,-12187.5
2025-08-09 18:15:23.222,True,125.75,113.25,-15468.75
2025-08-09 18:15:24.225,True,125.75,113.38,-15625.0
2025-08-09 18:15:25.227,True,124.5,113.38,-17187.5
2025-08-09 18:15:26.230,True,125.5,113.38,-15937.5
2025-08-09 18:15:27.232,True,126.75,113.38,-14375.0
2025-08-09 18:15:28.235,True,126.5,113.38,-14687.5
2025-08-09 18:15:29.237,True,129.62,113.38,-10781.25
2025-08-09 18:15:30.240,True,131.75,113.38,-8125.0
2025-08-09 18:15:31.244,True,128.88,113.38,-11718.75
2025-08-09 18:15:32.246,True,126.25,113.38,-15000.0
2025-08-09 18:15:33.249,True,128.5,113.38,-12187.5
2025-08-09 18:15:34.251,True,125.88,113.38,-15468.75
2025-08-09 18:15:35.254,True,124.88,113.38,-16718.75
2025-08-09 18:15:36.256,True,126.5,113.38,-14687.5
2025-08-09 18:15:37.260,True,124.62,113.5,-17031.25
2025-08-09 18:15:38.263,True,126.88,113.5,-14375.0
2025-08-09 18:15:39.266,True,125.88,113.5,-15625.0
2025-08-09 18:15:40.269,True,124.62,113.5,-17187.5
2025-08-09 18:15:41.271,True,128.88,113.5,-11875.0
2025-08-09 18:15:42.273,True,124.88,113.5,-16875.0
2025-08-09 18:15:43.277,True,126.12,113.5,-15312.5
2025-08-09 18:15:44.279,True,126.25,113.5,-15156.25
2025-08-09 18:15:45.282,True,126.62,113.5,-14687.5
2025-08-09 18:15:46.284,True,125.5,113.5,-16093.75
2025-08-09 18:15:47.287,True,124.12,113.5,-17812.5
2025-08-09 18:15:48.288,True,127.0,113.5,-14218.75
2025-08-09 18:15:49.290,True,126.5,113.5,-14843.75
2025-08-09 18:15:50.292,True,129.0,113.5,-11718.75
2025-08-09 18:15:51.294,True,130.62,113.38,-9531.25
2025-08-09 18:15:52.297,True,129.62,113.38,-10781.25
2025-08-09 18:15:53.299,True,128.88,113.38,-11718.75
2025-08-09 18:15:54.301,True,128.12,113.38,-13906.25
2025-08-09 18:15:55.302,True,126.75,113.38,-14375.0
2025-08-09 18:15:56.304,True,128.5,113.38,-12187.5
2025-08-09 18:15:57.306,True,128.62,113.38,-12031.25
2025-08-09 18:15:58.308,True,128.75,113.38,-11875.0
2025-08-09 18:15:59.311,True,124.38,113.38,-17343.75
2025-08-09 18:16:00.313,True,125.62,113.38,-15781.25
2025-08-09 18:16:01.315,True,127.38,113.38,-13593.75
2025-08-09 18:16:02.317,True,130.12,113.38,-10156.25
2025-08-09 18:16:03.318,True,122.62,113.38,-19531.25
2025-08-09 18:16:04.320,True,125.25,113.38,-16250.0
2025-08-09 18:16:05.323,True,125.88,113.5,-15468.75
2025-08-09 18:16:06.325,True,125.62,113.5,-17656.25
2025-08-09 18:16:07.327,True,125.12,113.5,-16562.5
2025-08-09 18:16:08.328,True,132.25,113.38,-7500.0
2025-08-09 18:16:09.330,True,131.62,113.38,-8281.25
2025-08-09 18:16:10.332,True,128.5,113.38,-12187.5
2025-08-09 18:16:11.334,True,130.25,113.38,-10000.0
2025-08-09 18:16:12.336,True,125.25,113.38,-16250.0
2025-08-09 18:16:13.338,True,124.38,113.38,-17343.75
2025-08-09 18:16:14.340,True,122.38,113.38,-19843.75
2025-08-09 18:16:15.343,True,123.75,113.5,-18281.25
2025-08-09 18:16:16.345,True,125.5,113.5,-16093.75
2025-08-09 18:16:17.348,True,126.62,113.5,-14687.5
2025-08-09 18:16:18.350,True,127.88,113.5,-13125.0
2025-08-09 18:16:19.353,True,127.75,113.5,-13281.25
2025-08-09 18:16:20.357,True,127.0,113.5,-14218.75
2025-08-09 18:16:21.360,True,125.0,113.5,-16718.75
2025-08-09 18:16:22.362,True,125.62,113.5,-15937.5
2025-08-09 18:16:23.364,True,125.88,113.5,-15625.0
2025-08-09 18:16:24.366,True,125.62,113.5,-15937.5
2025-08-09 18:16:25.368,True,127.5,113.5,-13593.75
2025-08-09 18:16:26.369,True,127.12,113.5,-14062.5
2025-08-09 18:16:27.372,True,125.88,113.5,-15625.0
2025-08-09 18:16:28.375,True,126.0,113.5,-15468.75
2025-08-09 18:16:29.376,True,126.12,113.5,-15312.5
2025-08-09 18:16:30.378,True,125.38,113.5,-16250.0
2025-08-09 18:16:31.380,True,126.62,113.5,-14687.5
2025-08-09 18:16:32.382,True,125.5,113.5,-16093.75
2025-08-09 18:16:33.385,True,126.62,113.5,-14687.5
2025-08-09 18:16:34.388,True,125.5,113.5,-16093.75
2025-08-09 18:16:35.390,True,126.38,113.5,-15000.0
2025-08-09 18:16:36.392,True,126.38,113.5,-15000.0
2025-08-09 18:16:37.393,True,126.88,113.5,-14375.0
2025-08-09 18:16:38.396,True,125.88,113.5,-15625.0
2025-08-09 18:16:39.398,True,125.75,113.5,-15781.25
2025-08-09 18:16:40.400,True,125.12,113.5,-16562.5
2025-08-09 18:16:41.401,True,125.38,113.5,-16250.0
2025-08-09 18:16:42.405,True,125.0,113.5,-16718.75
2025-08-09 18:16:43.407,True,125.75,113.5,-15781.25
2025-08-09 18:16:44.408,True,125.75,113.5,-15781.25
2025-08-09 18:16:45.410,True,126.5,113.5,-14843.75
2025-08-09 18:16:46.412,True,126.5,113.5,-14843.75
2025-08-09 18:16:47.414,True,126.5,113.5,-14843.75
2025-08-09 18:16:48.416,True,127.25,113.5,-13906.25
2025-08-09 18:16:49.417,True,126.62,113.5,-14687.5
2025-08-09 18:16:50.420,True,126.25,113.5,-15156.25
2025-08-09 18:16:51.422,True,131.75,113.5,-8281.25
2025-08-09 18:16:52.425,True,131.62,113.38,-8281.25
2025-08-09 18:16:53.427,True,130.62,113.38,-9531.25
2025-08-09 18:16:54.429,True,126.38,113.38,-14843.75
2025-08-09 18:16:55.431,True,131.88,113.38,-7968.75
2025-08-09 18:16:56.433,True,128.88,113.38,-11718.75
2025-08-09 18:16:57.435,True,128.88,113.38,-11718.75
2025-08-09 18:16:58.437,True,129.0,113.38,-11562.5
2025-08-09 18:16:59.439,True,123.88,113.38,-18125.0
2025-08-09 18:17:00.441,True,125.5,113.38,-15937.5
2025-08-09 18:17:01.443,True,126.0,113.38,-15312.5
2025-08-09 18:17:02.445,True,125.25,113.38,-16250.0
2025-08-09 18:17:03.447,True,125.5,113.5,-16093.75
2025-08-09 18:17:04.449,True,125.62,113.5,-15937.5
2025-08-09 18:17:05.451,True,125.62,113.5,-15937.5
2025-08-09 18:17:06.452,True,125.75,113.5,-15781.25
2025-08-09 18:17:07.454,True,126.5,113.5,-14843.75
2025-08-09 18:17:08.456,True,125.5,113.5,-16093.75
2025-08-09 18:17:09.458,True,126.12,113.5,-15312.5
2025-08-09 18:17:10.461,True,127.12,113.5,-14062.5
2025-08-09 18:17:11.462,True,127.5,113.5,-13593.75
2025-08-09 18:17:12.464,True,127.38,113.5,-13750.0
2025-08-09 18:17:13.466,True,127.75,113.5,-13281.25
2025-08-09 18:17:14.468,True,128.38,113.5,-12500.0
2025-08-09 18:17:15.470,True,126.0,113.5,-15468.75
2025-08-09 18:17:16.473,True,126.12,113.5,-15312.5
2025-08-09 18:17:17.475,True,128.0,113.5,-12968.75
2025-08-09 18:17:18.477,True,127.25,113.5,-13906.25
2025-08-09 18:17:19.479,True,127.38,113.5,-13750.0
2025-08-09 18:17:20.481,True,130.25,113.5,-10156.25
2025-08-09 18:17:21.483,True,130.0,113.5,-10468.75
2025-08-09 18:17:22.486,True,128.88,113.5,-11875.0
2025-08-09 18:17:23.488,True,125.88,113.5,-15625.0
2025-08-09 18:17:24.492,True,129.5,113.5,-11093.75
2025-08-09 18:17:25.494,True,127.25,113.5,-13906.25
2025-08-09 18:17:26.496,True,126.12,113.5,-15312.5
2025-08-09 18:17:27.498,True,126.0,113.5,-15468.75
2025-08-09 18:17:28.500,True,122.62,113.5,-19687.5
2025-08-09 18:17:29.502,True,125.62,113.5,-15937.5
2025-08-09 18:17:30.505,True,127.12,113.5,-14062.5
2025-08-09 18:17:31.508,True,126.62,113.5,-14687.5
2025-08-09 18:17:32.511,True,125.75,113.5,-15781.25
2025-08-09 18:17:33.513,True,125.38,113.5,-16250.0
2025-08-09 18:17:34.515,True,124.62,113.5,-17187.5
2025-08-09 18:17:35.519,True,125.38,113.5,-16250.0
2025-08-09 18:17:36.521,True,124.12,113.62,-17812.5
2025-08-09 18:17:37.524,True,127.5,113.5,-13593.75
2025-08-09 18:17:38.527,True,125.25,113.62,-16562.5
2025-08-09 18:17:39.529,True,125.38,113.5,-16250.0
2025-08-09 18:17:40.531,True,125.38,113.5,-16250.0
2025-08-09 18:17:41.533,True,125.38,113.5,-16250.0
2025-08-09 18:17:42.536,True,126.62,113.5,-14687.5
2025-08-09 18:17:43.538,True,123.62,113.62,-18593.75
2025-08-09 18:17:44.540,True,125.5,113.5,-16093.75
2025-08-09 18:17:45.542,True,125.25,113.5,-16406.25
2025-08-09 18:17:46.545,True,124.88,113.5,-16875.0
2025-08-09 18:17:47.547,True,125.38,113.5,-17343.75
2025-08-09 18:17:48.550,True,127.25,113.5,-13906.25
2025-08-09 18:17:49.552,True,125.12,113.5,-16562.5
2025-08-09 18:17:50.554,True,124.38,113.5,-17500.0
2025-08-09 18:17:51.557,True,123.62,113.5,-18437.5
2025-08-09 18:17:52.560,True,125.38,113.5,-16250.0
2025-08-09 18:17:53.563,True,125.88,113.5,-15625.0
2025-08-09 18:17:54.567,True,125.88,113.5,-15625.0
2025-08-09 18:17:55.569,True,124.75,113.5,-17031.25
2025-08-09 18:17:56.572,True,126.88,113.5,-14375.0
2025-08-09 18:17:57.574,True,124.62,113.5,-17187.5
2025-08-09 18:17:58.577,True,126.12,113.5,-15312.5
2025-08-09 18:17:59.579,True,124.25,113.5,-17656.25
2025-08-09 18:18:00.581,True,125.25,113.5,-16406.25
2025-08-09 18:18:01.583,True,124.38,113.5,-17500.0
2025-08-09 18:18:02.585,True,126.25,113.5,-15156.25
2025-08-09 18:18:03.587,True,127.25,113.5,-13906.25
2025-08-09 18:18:04.589,True,128.0,113.5,-12968.75
2025-08-09 18:18:05.591,True,125.62,113.5,-15937.5
2025-08-09 18:18:06.594,True,124.12,113.5,-17812.5
2025-08-09 18:18:07.596,True,124.25,113.5,-17656.25
2025-08-09 18:18:08.598,True,128.5,113.5,-12343.75
2025-08-09 18:18:09.600,True,127.5,113.5,-13593.75
2025-08-09 18:18:10.602,True,128.5,113.5,-12343.75
2025-08-09 18:18:11.603,True,130.38,113.38,-9843.75
2025-08-09 18:18:12.605,True,127.75,113.38,-13125.0
2025-08-09 18:18:13.607,True,126.75,113.5,-14531.25
2025-08-09 18:18:14.610,True,126.75,113.5,-14531.25
2025-08-09 18:18:15.612,True,125.25,113.5,-16406.25
2025-08-09 18:18:16.614,True,124.88,113.5,-16875.0
2025-08-09 18:18:17.615,True,125.88,113.5,-15625.0
2025-08-09 18:18:18.617,True,127.0,113.5,-14218.75
2025-08-09 18:18:19.619,True,126.75,113.5,-14531.25
2025-08-09 18:18:20.621,True,125.25,113.5,-16406.25
2025-08-09 18:18:21.623,True,126.75,113.5,-14531.25
2025-08-09 18:18:22.625,True,125.0,113.5,-16718.75
2025-08-09 18:18:23.627,True,124.88,113.5,-16875.0
2025-08-09 18:18:24.629,True,125.75,113.5,-15781.25
2025-08-09 18:18:25.631,True,124.5,113.5,-17343.75
2025-08-09 18:18:26.633,True,125.25,113.5,-16406.25
2025-08-09 18:18:27.636,True,125.0,113.5,-16718.75
2025-08-09 18:18:28.639,True,124.38,113.5,-17500.0
2025-08-09 18:18:29.641,True,125.88,113.62,-15781.25
2025-08-09 18:18:30.643,True,125.75,113.5,-15781.25
2025-08-09 18:18:31.645,True,124.38,113.5,-17500.0
2025-08-09 18:18:32.647,True,125.62,113.5,-15937.5
2025-08-09 18:18:33.649,True,124.5,113.62,-17500.0
2025-08-09 18:18:34.650,True,123.75,113.5,-18281.25
2025-08-09 18:18:35.653,True,124.0,113.5,-17968.75
2025-08-09 18:18:36.655,True,124.5,113.5,-17343.75
2025-08-09 18:18:37.657,True,124.5,113.5,-17343.75
2025-08-09 18:18:38.660,True,128.88,113.5,-11875.0
2025-08-09 18:18:39.662,True,129.88,113.5,-10625.0
2025-08-09 18:18:40.665,True,131.12,113.5,-9062.5
2025-08-09 18:18:41.668,True,128.62,113.38,-12031.25
2025-08-09 18:18:42.670,True,120.12,113.5,-22812.5
2025-08-09 18:18:43.674,True,124.38,113.5,-17500.0
2025-08-09 18:18:44.676,True,130.62,113.5,-9687.5
2025-08-09 18:18:45.678,True,130.5,113.38,-9687.5
2025-08-09 18:18:46.679,True,129.0,113.38,-11562.5
2025-08-09 18:18:47.681,True,132.0,113.38,-7812.5
2025-08-09 18:18:48.683,True,127.38,113.38,-13593.75
2025-08-09 18:18:49.685,True,127.5,113.38,-13437.5
2025-08-09 18:18:50.689,True,124.25,113.38,-17656.25
2025-08-09 18:18:51.691,True,131.75,113.38,-8125.0
2025-08-09 18:18:52.693,True,127.75,113.38,-13125.0
2025-08-09 18:18:53.695,True,121.12,113.38,-21406.25
2025-08-09 18:18:54.697,True,129.75,113.38,-10625.0
2025-08-09 18:18:55.699,True,127.62,113.38,-13281.25
2025-08-09 18:18:56.702,True,128.38,113.38,-12343.75
2025-08-09 18:18:57.704,True,126.62,113.38,-14531.25
2025-08-09 18:18:58.706,True,127.38,113.38,-13593.75
2025-08-09 18:18:59.707,True,126.25,113.38,-15000.0
2025-08-09 18:19:00.709,True,127.75,113.38,-13125.0
2025-08-09 18:19:01.711,True,125.38,113.38,-16093.75
2025-08-09 18:19:02.713,True,125.62,113.38,-15781.25
2025-08-09 18:19:03.715,True,127.88,113.5,-13125.0
2025-08-09 18:19:04.718,True,129.0,113.38,-11562.5
2025-08-09 18:19:05.719,True,128.12,113.5,-12656.25
2025-08-09 18:19:06.722,True,127.25,113.5,-13906.25
2025-08-09 18:19:07.724,True,127.12,113.5,-14062.5
2025-08-09 18:19:08.726,True,127.88,113.5,-13125.0
2025-08-09 18:19:09.727,True,125.88,113.5,-15625.0
2025-08-09 18:19:10.730,True,126.5,113.5,-14843.75
2025-08-09 18:19:11.732,True,127.38,113.5,-13750.0
2025-08-09 18:19:12.734,True,129.12,113.5,-11562.5
2025-08-09 18:19:13.736,True,127.75,113.5,-13281.25
2025-08-09 18:19:14.737,True,128.38,113.5,-12500.0
2025-08-09 18:19:15.739,True,126.75,113.5,-12656.25
2025-08-09 18:19:16.741,True,126.75,113.5,-14531.25
2025-08-09 18:19:17.743,True,126.38,113.5,-15000.0
2025-08-09 18:19:18.745,True,126.38,113.5,-15156.25
2025-08-09 18:19:19.746,True,126.0,113.5,-15468.75
2025-08-09 18:19:20.750,True,131.0,113.5,-9218.75
2025-08-09 18:19:21.752,True,132.0,113.5,-7968.75
2025-08-09 18:19:22.754,True,130.38,113.5,-10000.0
2025-08-09 18:19:23.756,True,128.38,113.5,-12500.0
2025-08-09 18:19:24.758,True,130.62,113.5,-9687.5
2025-08-09 18:19:25.761,True,130.75,113.5,-9531.25
2025-08-09 18:19:26.763,True,130.38,113.5,-10000.0
2025-08-09 18:19:27.765,True,132.88,113.38,-6875.0
2025-08-09 18:19:28.767,True,122.5,113.5,-19843.75
2025-08-09 18:19:29.768,True,126.88,113.5,-14375.0
2025-08-09 18:19:30.770,True,126.5,113.5,-14843.75
2025-08-09 18:19:31.772,True,124.25,113.5,-17656.25
2025-08-09 18:19:32.775,True,126.25,113.5,-15156.25
2025-08-09 18:19:33.777,True,123.88,113.5,-18125.0
2025-08-09 18:19:34.779,True,125.38,113.5,-16250.0
2025-08-09 18:19:35.781,True,126.75,113.5,-14531.25
2025-08-09 18:19:36.782,True,125.12,113.5,-16562.5
2025-08-09 18:19:37.785,True,127.25,113.5,-13906.25
2025-08-09 18:19:38.787,True,126.12,113.5,-15312.5
2025-08-09 18:19:39.789,True,124.5,113.5,-17343.75
2025-08-09 18:19:40.791,True,125.5,113.5,-16093.75
2025-08-09 18:19:41.792,True,126.5,113.5,-14843.75
2025-08-09 18:19:42.795,True,127.88,113.5,-13125.0
2025-08-09 18:19:43.799,True,126.25,113.5,-15156.25
2025-08-09 18:19:44.800,True,125.88,113.5,-15625.0
2025-08-09 18:19:45.803,True,125.25,113.5,-16406.25
2025-08-09 18:19:46.805,True,124.38,113.5,-17500.0
2025-08-09 18:19:47.806,True,125.88,113.5,-15625.0
2025-08-09 18:19:48.808,True,125.5,113.5,-16093.75
2025-08-09 18:19:49.810,True,125.88,113.5,-15625.0
2025-08-09 18:19:50.812,True,125.5,113.5,-16093.75
2025-08-09 18:19:51.814,True,124.62,113.5,-17187.5
2025-08-09 18:19:52.816,True,125.62,113.5,-15937.5
2025-08-09 18:19:53.818,True,125.62,113.38,-15781.25
2025-08-09 18:19:54.819,True,127.0,113.38,-14062.5
2025-08-09 18:19:55.821,True,125.88,113.38,-15468.75
2025-08-09 18:19:56.823,True,126.38,113.38,-14843.75
2025-08-09 18:19:57.825,True,127.38,113.38,-13593.75
2025-08-09 18:19:58.827,True,126.62,113.38,-14531.25
2025-08-09 18:19:59.831,True,126.88,113.38,-14218.75
2025-08-09 18:20:00.834,True,125.75,113.38,-15625.0
2025-08-09 18:20:01.836,True,125.25,113.38,-16250.0
2025-08-09 18:20:02.838,True,124.75,113.38,-16875.0
2025-08-09 18:20:03.841,True,124.12,113.38,-17812.5
2025-08-09 18:20:04.845,True,124.25,113.38,-17656.25
2025-08-09 18:20:05.848,True,124.62,113.38,-17500.0
2025-08-09 18:20:06.851,True,124.38,113.38,-17500.0
2025-08-09 18:20:07.853,True,124.12,113.38,-17812.5
2025-08-09 18:20:08.855,True,124.62,113.38,-16875.0
2025-08-09 18:20:09.857,True,123.75,113.38,-18281.25
2025-08-09 18:20:10.859,True,124.12,113.38,-17812.5
2025-08-09 18:20:11.862,True,124.75,113.38,-16875.0
2025-08-09 18:20:12.864,True,125.88,113.38,-15468.75
2025-08-09 18:20:13.867,True,126.12,113.38,-15156.25
2025-08-09 18:20:14.871,True,124.38,113.38,-17343.75
2025-08-09 18:20:15.874,True,124.62,113.38,-17031.25
2025-08-09 18:20:16.876,True,123.75,113.38,-18281.25
2025-08-09 18:20:17.878,True,124.62,113.38,-17031.25
2025-08-09 18:20:18.881,True,123.62,113.25,-18437.5
2025-08-09 18:20:19.884,True,125.12,113.25,-16406.25
2025-08-09 18:20:20.885,True,123.5,113.25,-18437.5
2025-08-09 18:20:21.888,True,124.62,113.25,-17031.25
2025-08-09 18:20:22.890,True,123.75,113.25,-18125.0
2025-08-09 18:20:23.892,True,125.12,113.25,-16406.25
2025-08-09 18:20:24.895,True,126.62,113.25,-14375.0
2025-08-09 18:20:25.896,True,124.5,113.25,-17187.5
2025-08-09 18:20:26.899,True,127.5,113.25,-13281.25
2025-08-09 18:20:27.901,True,125.88,113.25,-15312.5
2025-08-09 18:20:28.902,True,121.75,113.25,-20468.75
2025-08-09 18:20:29.905,True,124.38,113.25,-17343.75
2025-08-09 18:20:30.907,True,124.5,113.25,-17187.5
2025-08-09 18:20:31.911,True,124.12,113.25,-17656.25
2025-08-09 18:20:32.914,True,124.62,113.25,-17031.25
2025-08-09 18:20:33.916,True,123.62,113.25,-18281.25
2025-08-09 18:20:34.919,True,124.12,113.25,-17656.25
2025-08-09 18:20:35.921,True,123.5,113.25,-18437.5
2025-08-09 18:20:36.923,True,125.75,113.12,-15468.75
2025-08-09 18:20:37.927,True,125.88,113.12,-15312.5
2025-08-09 18:20:38.929,True,122.75,113.12,-19375.0
2025-08-09 18:20:39.931,True,123.62,113.12,-18125.0
2025-08-09 18:20:40.933,True,124.38,113.12,-17187.5
2025-08-09 18:20:41.936,True,123.38,113.12,-18437.5
2025-08-09 18:20:42.938,True,124.88,113.12,-16562.5
2025-08-09 18:20:43.941,True,124.0,113.12,-17656.25
2025-08-09 18:20:44.944,True,126.12,113.12,-15000.0
2025-08-09 18:20:45.947,True,124.5,113.12,-17031.25
2025-08-09 18:20:46.951,True,125.12,113.12,-16250.0
2025-08-09 18:20:47.953,True,126.88,113.12,-13906.25
2025-08-09 18:20:48.955,True,127.5,113.12,-13125.0
2025-08-09 18:20:49.957,True,124.62,113.12,-16875.0
2025-08-09 18:20:50.959,True,124.75,113.12,-16718.75
2025-08-09 18:20:51.961,True,126.12,113.12,-15000.0
2025-08-09 18:20:52.965,True,123.62,113.12,-18125.0
2025-08-09 18:20:53.967,True,123.38,113.12,-18437.5
2025-08-09 18:20:54.970,True,123.62,113.12,-17031.25
2025-08-09 18:20:55.972,True,124.25,113.12,-17343.75
2025-08-09 18:20:56.975,True,123.88,113.12,-17812.5
2025-08-09 18:20:57.977,True,124.12,113.12,-17500.0
2025-08-09 18:20:58.979,True,125.62,113.12,-15625.0
2025-08-09 18:20:59.982,True,126.25,113.12,-14687.5
2025-08-09 18:21:00.985,True,124.38,113.12,-17187.5
2025-08-09 18:21:01.988,True,124.75,113.12,-16718.75
2025-08-09 18:21:02.990,True,125.0,113.12,-16406.25
2025-08-09 18:21:03.992,True,124.5,113.12,-17031.25
2025-08-09 18:21:04.995,True,124.88,113.12,-16562.5
2025-08-09 18:21:06.680,True,124.38,113.12,-18281.25
2025-08-09 18:21:07.682,True,125.75,113.12,-15468.75
2025-08-09 18:21:08.685,True,126.5,113.12,-14375.0
2025-08-09 18:21:09.687,True,126.0,113.12,-15156.25
2025-08-09 18:21:10.689,True,124.25,113.12,-17343.75
2025-08-09 18:21:11.691,True,131.62,113.12,-7968.75
2025-08-09 18:21:12.693,True,131.0,113.12,-8750.0
2025-08-09 18:21:13.695,True,126.25,113.12,-14687.5
2025-08-09 18:21:14.699,True,122.75,113.12,-19218.75
2025-08-09 18:21:15.701,True,122.25,113.12,-19843.75
2025-08-09 18:21:16.704,True,122.38,113.12,-19687.5
2025-08-09 18:21:17.706,True,124.12,113.12,-17500.0
2025-08-09 18:21:18.709,True,123.75,113.12,-17968.75
2025-08-09 18:21:19.711,True,123.5,113.12,-18281.25
2025-08-09 18:21:20.713,True,123.62,113.12,-18125.0
2025-08-09 18:21:21.716,True,123.12,113.12,-18750.0
2025-08-09 18:21:22.717,True,124.5,113.12,-17031.25
2025-08-09 18:21:23.719,True,126.62,113.12,-14218.75
2025-08-09 18:21:24.721,True,126.25,113.12,-14687.5
2025-08-09 18:21:25.723,True,125.0,113.12,-16406.25
2025-08-09 18:21:26.726,True,125.38,113.12,-15937.5
2025-08-09 18:21:27.728,True,125.62,113.12,-15625.0
2025-08-09 18:21:28.730,True,123.88,113.12,-17812.5
2025-08-09 18:21:29.732,True,126.25,113.12,-14843.75
2025-08-09 18:21:30.734,True,127.25,113.12,-13437.5
2025-08-09 18:21:31.736,True,125.5,113.12,-15781.25
2025-08-09 18:21:32.739,True,124.0,113.12,-17656.25
2025-08-09 18:21:33.741,True,124.75,113.12,-16718.75
2025-08-09 18:21:34.743,True,123.75,113.12,-17968.75
2025-08-09 18:21:35.746,True,123.25,113.12,-18593.75
2025-08-09 18:21:36.748,True,123.38,113.12,-18437.5
2025-08-09 18:21:37.750,True,122.5,113.12,-19531.25
2025-08-09 18:21:38.753,True,124.0,113.12,-17656.25
2025-08-09 18:21:39.755,True,123.5,113.12,-18281.25
2025-08-09 18:21:40.757,True,123.62,113.12,-18125.0
2025-08-09 18:21:41.759,True,123.5,113.12,-18281.25
2025-08-09 18:21:42.761,True,123.62,113.12,-18125.0
2025-08-09 18:21:43.764,True,123.38,113.0,-18281.25
2025-08-09 18:21:44.766,True,122.5,113.0,-19531.25
2025-08-09 18:21:45.768,True,123.88,113.0,-17656.25
2025-08-09 18:21:46.770,True,125.5,113.0,-15625.0
2025-08-09 18:21:47.772,True,123.88,113.0,-17656.25
2025-08-09 18:21:48.773,True,126.75,113.0,-13906.25
2025-08-09 18:21:49.776,True,123.25,113.0,-18437.5
2025-08-09 18:21:50.778,True,124.62,113.0,-16718.75
2025-08-09 18:21:51.780,True,126.62,113.0,-14062.5
2025-08-09 18:21:52.783,True,124.0,112.88,-17343.75
2025-08-09 18:21:53.785,True,122.88,113.0,-18906.25
2025-08-09 18:21:54.787,True,124.5,112.88,-16718.75
2025-08-09 18:21:55.789,True,123.0,112.88,-18593.75
2025-08-09 18:21:56.792,True,123.62,112.88,-17812.5
2025-08-09 18:21:57.793,True,123.38,112.88,-18125.0
2025-08-09 18:21:58.795,True,124.12,112.88,-17187.5
2025-08-09 18:21:59.798,True,122.62,112.88,-19062.5
2025-08-09 18:22:00.800,True,123.88,112.88,-17500.0
2025-08-09 18:22:01.802,True,123.0,112.88,-18593.75
2025-08-09 18:22:02.804,True,123.75,112.88,-17656.25
2025-08-09 18:22:03.806,True,123.38,112.88,-18125.0
2025-08-09 18:22:04.808,True,123.0,112.88,-18593.75
2025-08-09 18:22:05.811,True,123.0,112.88,-18593.75
2025-08-09 18:22:06.813,True,126.62,112.88,-14062.5
2025-08-09 18:22:07.814,True,122.25,112.88,-19531.25
2025-08-09 18:22:08.816,True,124.12,112.88,-17187.5
2025-08-09 18:22:09.818,True,125.0,112.88,-16093.75
2025-08-09 18:22:10.820,True,123.12,112.88,-18437.5
2025-08-09 18:22:11.824,True,122.75,112.88,-18906.25
2025-08-09 18:22:12.827,True,123.12,112.88,-18281.25
2025-08-09 18:22:13.829,True,122.62,112.88,-19062.5
2025-08-09 18:22:14.831,True,123.5,112.88,-17968.75
2025-08-09 18:22:15.833,True,122.75,112.88,-18593.75
2025-08-09 18:22:16.835,True,122.25,112.88,-19531.25
2025-08-09 18:22:17.837,True,124.5,112.88,-16718.75
2025-08-09 18:22:18.839,True,123.88,112.88,-17500.0
2025-08-09 18:22:19.841,True,123.38,112.88,-18125.0
2025-08-09 18:22:20.843,True,124.12,112.88,-17187.5
2025-08-09 18:22:21.845,True,124.62,112.88,-16562.5
2025-08-09 18:22:22.847,True,123.25,112.88,-18281.25
2025-08-09 18:22:23.849,True,123.88,112.88,-17500.0
2025-08-09 18:22:24.851,True,122.88,112.88,-18750.0
2025-08-09 18:22:25.853,True,123.88,112.88,-17500.0
2025-08-09 18:22:26.855,True,123.5,112.88,-17968.75
2025-08-09 18:22:27.857,True,122.88,112.88,-18750.0
2025-08-09 18:22:28.860,True,124.38,112.88,-16875.0
2025-08-09 18:22:29.863,True,123.38,112.75,-18125.0
2025-08-09 18:22:30.864,True,123.38,112.75,-17968.75
2025-08-09 18:22:31.868,True,123.38,112.75,-17968.75
2025-08-09 18:22:32.871,True,122.62,112.75,-18906.25
2025-08-09 18:22:33.873,True,123.12,112.75,-18281.25
2025-08-09 18:22:34.875,True,122.75,112.75,-18750.0
2025-08-09 18:22:35.877,True,124.0,112.75,-17187.5
2025-08-09 18:22:36.879,True,122.5,112.75,-19062.5
2025-08-09 18:22:37.881,True,123.5,112.75,-17812.5
2025-08-09 18:22:38.883,True,122.38,112.75,-19218.75
2025-08-09 18:22:39.886,True,123.0,112.75,-18437.5
2025-08-09 18:22:40.888,True,122.75,112.75,-18750.0
2025-08-09 18:22:41.890,True,122.5,112.75,-19062.5
2025-08-09 18:22:42.891,True,122.25,112.75,-19375.0
2025-08-09 18:22:43.893,True,123.62,112.75,-17656.25
2025-08-09 18:22:44.895,True,123.25,112.75,-18125.0
2025-08-09 18:22:45.898,True,125.38,112.75,-15468.75
2025-08-09 18:22:46.901,True,127.0,112.62,-13281.25
2025-08-09 18:22:47.904,True,126.75,112.62,-13593.75
2025-08-09 18:22:48.907,True,125.62,112.62,-15000.0
2025-08-09 18:22:49.910,True,123.5,112.62,-17656.25
2025-08-09 18:22:50.913,True,124.12,112.62,-16875.0
2025-08-09 18:22:51.916,True,123.38,112.62,-17812.5
2025-08-09 18:22:52.918,True,122.38,112.62,-19062.5
2025-08-09 18:22:53.922,True,123.0,112.62,-18281.25
2025-08-09 18:22:54.926,True,122.62,112.62,-18750.0
2025-08-09 18:22:55.928,True,123.12,112.62,-18125.0
2025-08-09 18:22:56.930,True,122.88,112.62,-18437.5
2025-08-09 18:22:57.933,True,121.88,112.62,-19687.5
2025-08-09 18:22:58.936,True,124.0,112.62,-17031.25
2025-08-09 18:22:59.938,True,124.38,112.62,-16562.5
2025-08-09 18:23:00.940,True,123.5,112.62,-17656.25
2025-08-09 18:23:01.943,True,123.12,112.62,-18125.0
2025-08-09 18:23:02.946,True,123.88,112.62,-17187.5
2025-08-09 18:23:03.949,True,122.0,112.62,-19531.25
2025-08-09 18:23:04.953,True,122.62,112.62,-18750.0
2025-08-09 18:23:05.955,True,124.0,112.62,-17031.25
2025-08-09 18:23:06.958,True,122.88,112.62,-18437.5
2025-08-09 18:23:07.960,True,123.25,112.75,-17812.5
2025-08-09 18:23:08.963,True,122.38,112.75,-19218.75
2025-08-09 18:23:09.966,True,123.62,112.75,-17656.25
2025-08-09 18:23:10.969,True,123.75,112.75,-17500.0
2025-08-09 18:23:11.971,True,121.62,112.75,-20156.25
2025-08-09 18:23:12.973,True,124.88,112.75,-16093.75
2025-08-09 18:23:13.977,True,125.62,112.75,-15156.25
2025-08-09 18:23:14.979,True,125.12,112.62,-15625.0
2025-08-09 18:23:15.983,True,127.75,112.62,-12343.75
2025-08-09 18:23:16.985,True,122.88,112.62,-18437.5
2025-08-09 18:23:17.987,True,124.5,112.62,-16406.25
2025-08-09 18:23:18.989,True,123.62,112.62,-17500.0
2025-08-09 18:23:19.991,True,124.5,112.62,-16406.25
2025-08-09 18:23:20.995,True,125.25,112.62,-15468.75
2025-08-09 18:23:21.998,True,124.88,112.62,-15937.5
2025-08-09 18:23:23.001,True,125.5,112.62,-15156.25
2025-08-09 18:23:24.002,True,126.38,112.62,-14062.5
2025-08-09 18:23:25.004,True,126.12,112.62,-14375.0
2025-08-09 18:23:26.006,True,123.5,112.62,-17656.25
2025-08-09 18:23:27.009,True,126.12,112.62,-14375.0
2025-08-09 18:23:28.011,True,124.5,112.62,-16406.25
2025-08-09 18:23:29.013,True,126.12,112.62,-14375.0
2025-08-09 18:23:30.015,True,124.12,112.62,-16875.0
2025-08-09 18:23:31.017,True,128.62,112.62,-11093.75
2025-08-09 18:23:32.019,True,127.38,112.62,-12812.5
2025-08-09 18:23:33.020,True,126.88,112.62,-13437.5
2025-08-09 18:23:34.022,True,127.12,112.62,-13125.0
2025-08-09 18:23:35.025,True,128.38,112.62,-11406.25
2025-08-09 18:23:36.027,True,129.5,112.62,-10000.0
2025-08-09 18:23:37.029,True,128.5,112.62,-11250.0
2025-08-09 18:23:38.032,True,126.25,112.62,-14218.75
2025-08-09 18:23:39.033,True,128.25,112.62,-11562.5
2025-08-09 18:23:40.035,True,127.62,112.62,-12500.0
2025-08-09 18:23:41.037,True,129.0,112.62,-10625.0
2025-08-09 18:23:42.039,True,126.0,112.62,-14531.25
2025-08-09 18:23:43.041,True,127.38,112.62,-12812.5
2025-08-09 18:23:44.043,True,129.25,112.62,-10312.5
2025-08-09 18:23:45.046,True,129.62,112.62,-9843.75
2025-08-09 18:23:46.048,True,130.62,112.62,-8593.75
2025-08-09 18:23:47.050,True,130.25,112.62,-9062.5
2025-08-09 18:23:48.052,True,0.0,0.0,0.0
2025-08-09 18:23:49.054,True,130.0,112.62,-9375.0
2025-08-09 18:23:50.057,True,129.75,112.62,-9687.5
2025-08-09 18:23:51.059,True,129.12,112.62,-10468.75
2025-08-09 18:23:52.061,True,130.25,112.62,-9062.5
2025-08-09 18:23:53.063,True,127.88,112.62,-12031.25
2025-08-09 18:23:54.065,True,128.12,112.62,-11718.75
2025-08-09 18:23:55.067,True,126.25,112.62,-14218.75
2025-08-09 18:23:56.069,True,127.25,112.62,-12968.75
2025-08-09 18:23:57.072,True,126.62,112.62,-13593.75
2025-08-09 18:23:58.075,True,126.75,112.62,-13593.75
2025-08-09 18:23:59.077,True,125.75,112.62,-14843.75
2025-08-09 18:24:00.078,True,129.38,112.62,-10156.25
2025-08-09 18:24:01.080,True,130.5,112.62,-8750.0
2025-08-09 18:24:02.082,True,129.62,112.62,-9843.75
2025-08-09 18:24:03.084,True,123.62,112.62,-17500.0
2025-08-09 18:24:04.086,True,126.25,112.75,-14375.0
2025-08-09 18:24:05.089,True,126.25,112.75,-14375.0
2025-08-09 18:24:06.090,True,126.12,112.75,-14531.25
2025-08-09 18:24:07.092,True,126.12,112.75,-14531.25
2025-08-09 18:24:08.094,True,126.88,112.75,-13593.75
2025-08-09 18:24:09.096,True,127.5,112.75,-12812.5
2025-08-09 18:24:10.098,True,127.0,112.62,-13281.25
2025-08-09 18:24:11.100,True,127.62,112.62,-12500.0
2025-08-09 18:24:12.103,True,126.88,112.62,-13437.5
2025-08-09 18:24:13.105,True,126.5,112.62,-13906.25
2025-08-09 18:24:14.109,True,126.38,112.62,-14062.5
2025-08-09 18:24:15.112,True,126.0,112.62,-14531.25
2025-08-09 18:24:16.115,True,125.25,112.62,-15468.75
2025-08-09 18:24:17.118,True,125.38,112.62,-15312.5
2025-08-09 18:24:18.120,True,125.75,112.62,-14843.75
2025-08-09 18:24:19.123,True,126.38,112.62,-14062.5
2025-08-09 18:24:20.125,True,127.38,112.62,-12812.5
2025-08-09 18:24:21.127,True,127.5,112.62,-12656.25
2025-08-09 18:24:22.130,True,126.0,112.62,-14531.25
2025-08-09 18:24:23.132,True,127.0,112.62,-13281.25
2025-08-09 18:24:24.135,True,125.12,112.62,-15625.0
2025-08-09 18:24:25.137,True,125.12,112.62,-15625.0
2025-08-09 18:24:26.141,True,125.12,112.62,-15625.0
2025-08-09 18:24:27.143,True,125.12,112.62,-15625.0
2025-08-09 18:24:28.146,True,125.5,112.62,-15156.25
2025-08-09 18:24:29.148,True,123.75,112.62,-17343.75
2025-08-09 18:24:30.150,True,125.75,112.62,-14843.75
2025-08-09 18:24:31.152,True,124.0,112.62,-17031.25
2025-08-09 18:24:32.154,True,127.62,112.62,-12500.0
2025-08-09 18:24:33.157,True,124.5,112.62,-16406.25
2025-08-09 18:24:34.159,True,130.25,112.62,-9062.5
2025-08-09 18:24:35.163,True,129.88,112.5,-9375.0
2025-08-09 18:24:36.165,True,127.75,112.5,-12187.5
2025-08-09 18:24:37.167,True,129.88,112.5,-9375.0
2025-08-09 18:24:38.169,True,130.62,112.5,-8437.5
2025-08-09 18:24:39.171,True,127.62,112.5,-12343.75
2025-08-09 18:24:40.173,True,132.75,112.5,-5781.25
2025-08-09 18:24:41.177,True,128.5,112.5,-11093.75
2025-08-09 18:24:42.180,True,127.12,112.5,-12968.75
2025-08-09 18:24:43.189,True,128.75,112.5,-10781.25
2025-08-09 18:24:44.191,True,125.62,112.5,-14843.75
2025-08-09 18:24:45.193,True,127.25,112.5,-12812.5
2025-08-09 18:24:46.195,True,126.88,112.5,-13281.25
2025-08-09 18:24:47.198,True,122.5,112.5,-18750.0
2025-08-09 18:24:48.200,True,124.75,112.5,-15937.5
2025-08-09 18:24:49.202,True,125.75,112.5,-14687.5
2025-08-09 18:24:50.204,True,128.75,112.5,-10781.25
2025-08-09 18:24:51.206,True,129.88,112.5,-9375.0
2025-08-09 18:24:52.208,True,128.88,112.5,-10625.0
2025-08-09 18:24:53.302,True,130.12,112.5,-9062.5
2025-08-09 18:24:54.305,True,126.75,112.5,-13437.5
2025-08-09 18:24:55.306,True,127.12,112.5,-12968.75
2025-08-09 18:24:56.308,True,126.62,112.5,-13593.75
2025-08-09 18:24:57.310,True,134.25,112.5,-3906.25
2025-08-09 18:24:58.312,True,124.12,112.62,-16875.0
2025-08-09 18:24:59.314,True,130.62,112.62,-8593.75
2025-08-09 18:25:00.316,True,129.25,112.62,-10312.5
2025-08-09 18:25:01.319,True,129.5,112.62,-10000.0
2025-08-09 18:25:02.322,True,129.0,112.62,-10625.0
2025-08-09 18:25:03.324,True,126.12,112.62,-14375.0
2025-08-09 18:25:04.326,True,125.0,112.62,-15781.25
2025-08-09 18:25:05.328,True,126.5,112.62,-13906.25
2025-08-09 18:25:06.331,True,118.88,112.62,-23281.25
2025-08-09 18:25:07.333,True,129.88,112.62,-9531.25
2025-08-09 18:25:08.335,True,140.0,112.62,3437.5
2025-08-09 18:25:09.337,True,143.75,112.62,8281.25
2025-08-09 18:25:10.339,True,139.38,112.75,2500.0
2025-08-09 18:25:11.341,True,127.38,112.75,-12968.75
2025-08-09 18:25:12.343,True,141.0,112.75,4531.25
2025-08-09 18:25:13.347,True,130.38,112.75,-9062.5
2025-08-09 18:25:14.349,True,124.25,112.75,-16875.0
2025-08-09 18:25:15.350,True,127.62,112.75,-12500.0
2025-08-09 18:25:16.352,True,132.88,112.75,-5937.5
2025-08-09 18:25:17.354,True,129.75,112.75,-9843.75
2025-08-09 18:25:18.356,True,127.12,112.62,-13125.0
2025-08-09 18:25:19.357,True,121.38,112.62,-20312.5
2025-08-09 18:25:20.359,True,127.38,112.75,-12968.75
2025-08-09 18:25:21.363,True,128.25,112.75,-11718.75
2025-08-09 18:25:22.365,True,131.38,112.75,-7031.25
2025-08-09 18:25:23.368,True,124.75,112.75,-16250.0
2025-08-09 18:25:24.372,True,114.5,112.75,-28906.25
2025-08-09 18:25:25.374,True,151.0,112.75,17812.5
2025-08-09 18:25:26.376,True,135.5,112.75,-2500.0
2025-08-09 18:25:27.378,True,130.12,112.75,-9375.0
2025-08-09 18:25:28.380,True,137.5,112.75,0.0
2025-08-09 18:25:29.383,True,101.12,112.75,-45000.0
2025-08-09 18:25:30.386,True,128.12,112.75,-11875.0
2025-08-09 18:25:31.388,True,127.25,112.75,-13125.0
2025-08-09 18:25:32.390,True,127.75,112.75,-12343.75
2025-08-09 18:25:33.392,True,127.25,112.75,-13125.0
2025-08-09 18:25:34.394,True,126.88,112.75,-13593.75
2025-08-09 18:25:35.396,True,125.88,112.62,-14687.5
2025-08-09 18:25:36.399,True,126.75,112.62,-13593.75
2025-08-09 18:25:37.402,True,128.5,112.62,-11250.0
2025-08-09 18:25:38.404,True,137.88,112.62,625.0
2025-08-09 18:25:39.406,True,129.88,112.62,-9531.25
2025-08-09 18:25:40.409,True,126.62,112.62,-13750.0
2025-08-09 18:25:41.411,True,127.75,112.62,-12343.75
2025-08-09 18:25:42.412,True,125.38,112.62,-15312.5
2025-08-09 18:25:43.415,True,123.5,112.62,-17656.25
2025-08-09 18:25:44.418,True,122.62,112.62,-18750.0
2025-08-09 18:25:45.421,True,123.88,112.62,-17187.5
2025-08-09 18:25:46.423,True,124.75,112.62,-16093.75
2025-08-09 18:25:47.425,True,123.38,112.62,-17812.5
2025-08-09 18:25:48.427,True,127.5,112.62,-12656.25
2025-08-09 18:25:49.429,True,124.75,112.62,-16093.75
2025-08-09 18:25:50.431,True,127.88,112.62,-12187.5
2025-08-09 18:25:51.433,True,124.38,112.5,-16406.25
2025-08-09 18:25:52.435,True,121.25,112.5,-20312.5
2025-08-09 18:25:53.437,True,124.38,112.5,-16406.25
2025-08-09 18:25:54.439,True,123.5,112.5,-17500.0
2025-08-09 18:25:55.442,True,122.5,112.5,-18750.0
2025-08-09 18:25:56.445,True,125.25,112.5,-15312.5
2025-08-09 18:25:57.447,True,126.5,112.5,-13750.0
2025-08-09 18:25:58.449,True,126.5,112.5,-13750.0
2025-08-09 18:25:59.452,True,128.5,112.5,-11093.75
2025-08-09 18:26:00.453,True,127.88,112.38,-11875.0
2025-08-09 18:26:01.455,True,123.38,112.5,-17656.25
2025-08-09 18:26:02.457,True,123.88,112.5,-17031.25
2025-08-09 18:26:03.459,True,124.38,112.5,-16406.25
2025-08-09 18:26:04.461,True,123.75,112.5,-17187.5
2025-08-09 18:26:05.462,True,124.62,112.5,-16093.75
2025-08-09 18:26:06.464,True,124.12,112.5,-16718.75
2025-08-09 18:26:07.466,True,123.25,112.38,-17656.25
2025-08-09 18:26:08.481,True,124.88,112.5,-15781.25
2025-08-09 18:26:09.483,True,124.38,112.38,-16250.0
2025-08-09 18:26:10.486,True,122.88,112.38,-18125.0
2025-08-09 18:26:11.488,True,123.25,112.38,-17656.25
2025-08-09 18:26:12.491,True,124.0,112.38,-16718.75
2025-08-09 18:26:13.494,True,124.62,112.38,-15937.5
2025-08-09 18:26:14.497,True,123.38,112.38,-15625.0
2025-08-09 18:26:15.499,True,124.0,112.38,-16718.75
2025-08-09 18:26:16.501,True,123.62,112.38,-17187.5
2025-08-09 18:26:17.504,True,123.88,112.38,-16875.0
2025-08-09 18:26:18.618,True,123.75,112.38,-17031.25
2025-08-09 18:26:19.620,True,123.25,112.38,-17656.25
2025-08-09 18:26:20.623,True,122.25,112.38,-18906.25
2025-08-09 18:26:21.625,True,121.75,112.38,-19531.25
2025-08-09 18:26:22.627,True,122.5,112.38,-18593.75
2025-08-09 18:26:23.639,True,126.12,112.38,-14062.5
2025-08-09 18:26:24.640,True,125.75,112.38,-14531.25
2025-08-09 18:26:25.642,True,124.62,112.38,-15937.5
2025-08-09 18:26:26.644,True,122.25,112.38,-18906.25
2025-08-09 18:26:27.646,True,122.38,112.38,-18750.0
2025-08-09 18:26:28.662,True,121.62,112.25,-19531.25
2025-08-09 18:26:29.664,True,122.62,112.25,-18281.25
2025-08-09 18:26:30.666,True,123.0,112.25,-17812.5
2025-08-09 18:26:31.668,True,122.38,112.25,-18593.75
2025-08-09 18:26:32.670,True,123.38,112.25,-17343.75
2025-08-09 18:26:33.672,True,123.88,112.25,-16718.75
2025-08-09 18:26:34.675,True,123.62,112.25,-17031.25
2025-08-09 18:26:35.677,True,122.25,112.25,-18750.0
2025-08-09 18:26:36.678,True,124.0,112.12,-16406.25
2025-08-09 18:26:37.680,True,125.5,112.12,-14531.25
2025-08-09 18:26:38.682,True,126.88,112.12,-12812.5
2025-08-09 18:26:39.685,True,126.25,112.12,-13593.75
2025-08-09 18:26:40.687,True,122.38,112.0,-18281.25
2025-08-09 18:26:41.689,True,124.12,112.0,-16093.75
2025-08-09 18:26:42.691,True,125.0,112.0,-15000.0
2025-08-09 18:26:43.693,True,124.12,112.0,-16093.75
2025-08-09 18:26:44.694,True,123.88,112.0,-16406.25
2025-08-09 18:26:45.697,True,126.25,112.0,-13437.5
2025-08-09 18:26:46.699,True,125.0,112.0,-15000.0
2025-08-09 18:26:47.701,True,127.0,112.0,-12500.0
2025-08-09 18:26:48.704,True,125.88,111.88,-13906.25
2025-08-09 18:26:49.706,True,124.75,112.0,-15156.25
2025-08-09 18:26:50.708,True,128.5,111.88,-10468.75
2025-08-09 18:26:51.710,True,131.5,111.88,-6562.5
2025-08-09 18:26:52.713,True,132.38,111.88,-5468.75
2025-08-09 18:26:53.715,True,120.25,111.88,-20781.25
2025-08-09 18:26:54.718,True,140.62,111.88,5156.25
2025-08-09 18:26:55.723,True,138.75,111.88,2656.25
2025-08-09 18:26:56.725,True,139.0,111.88,2968.75
2025-08-09 18:26:57.727,True,124.38,111.88,-15625.0
2025-08-09 18:26:58.729,True,135.75,111.88,-1093.75
2025-08-09 18:26:59.733,True,138.88,111.88,2812.5
2025-08-09 18:27:00.735,True,149.88,112.0,17187.5
2025-08-09 18:27:01.738,True,130.12,111.88,-8281.25
2025-08-09 18:27:02.740,True,126.75,111.88,-12656.25
2025-08-09 18:27:03.743,True,133.88,111.88,-3593.75
2025-08-09 18:27:04.744,True,129.12,111.88,-9687.5
2025-08-09 18:27:05.748,True,128.62,111.88,-10312.5
2025-08-09 18:27:06.750,True,133.38,111.88,-4218.75
2025-08-09 18:27:07.752,True,133.88,111.88,-3593.75
2025-08-09 18:27:08.770,True,137.38,111.88,-3125.0
2025-08-09 18:27:09.773,True,162.12,111.88,33906.25
2025-08-09 18:27:10.776,True,156.0,111.88,25468.75
2025-08-09 18:27:11.777,True,130.12,111.88,-12968.75
2025-08-09 18:27:12.780,True,127.25,112.0,-12187.5
2025-08-09 18:27:13.782,True,137.5,112.0,937.5
2025-08-09 18:27:14.784,True,123.38,112.0,-17031.25
2025-08-09 18:27:15.786,True,126.75,112.0,-12812.5
2025-08-09 18:27:16.788,True,121.62,112.0,-19218.75
2025-08-09 18:27:17.790,True,121.12,112.0,-19843.75
2025-08-09 18:27:18.792,True,128.12,112.0,-11093.75
2025-08-09 18:27:19.794,True,126.25,111.88,-13281.25
2025-08-09 18:27:20.796,True,125.25,111.88,-14531.25
2025-08-09 18:27:21.798,True,133.5,111.88,-4062.5
2025-08-09 18:27:22.801,True,136.62,111.88,0.0
2025-08-09 18:27:23.869,True,128.75,111.88,-10156.25
2025-08-09 18:27:24.871,True,125.0,111.88,-14843.75
2025-08-09 18:27:25.874,True,137.25,111.88,625.0
2025-08-09 18:27:26.876,True,129.88,111.88,-8593.75
2025-08-09 18:27:27.878,True,131.38,111.88,-6718.75
2025-08-09 18:27:28.880,True,133.75,112.0,-3906.25
2025-08-09 18:27:29.882,True,125.5,111.88,-14218.75
2025-08-09 18:27:30.884,True,129.38,112.0,-9531.25
2025-08-09 18:27:31.886,True,124.0,112.0,-16250.0
2025-08-09 18:27:32.890,True,129.25,111.88,-9687.5
2025-08-09 18:27:33.892,True,129.5,112.0,-9218.75
2025-08-09 18:27:34.894,True,125.12,112.0,-14843.75
2025-08-09 18:27:35.896,True,121.75,112.0,-19062.5
2025-08-09 18:27:36.898,True,126.88,112.0,-12656.25
2025-08-09 18:27:37.900,True,126.25,112.0,-13437.5
2025-08-09 18:27:38.902,True,118.62,112.0,-22968.75
2025-08-09 18:27:39.904,True,126.12,112.0,-13593.75
2025-08-09 18:27:40.907,True,124.5,111.88,-15468.75
2025-08-09 18:27:41.909,True,126.25,111.88,-13281.25
2025-08-09 18:27:42.911,True,126.88,111.88,-12500.0
2025-08-09 18:27:43.913,True,128.5,111.88,-10468.75
2025-08-09 18:27:44.915,True,123.88,111.88,-16250.0
2025-08-09 18:27:45.917,True,122.88,111.88,-17500.0
2025-08-09 18:27:46.919,True,120.88,111.88,-20000.0
2025-08-09 18:27:47.922,True,118.88,111.88,-22500.0
2025-08-09 18:27:48.925,True,120.88,111.88,-20000.0
2025-08-09 18:27:49.927,True,121.5,111.88,-19218.75
2025-08-09 18:27:50.929,True,121.88,111.88,-18750.0
2025-08-09 18:27:51.932,True,121.25,111.88,-19531.25
2025-08-09 18:27:52.934,True,118.88,111.88,-22500.0
2025-08-09 18:27:53.937,True,122.0,111.88,-18593.75
2025-08-09 18:27:54.939,True,124.88,111.88,-15000.0
2025-08-09 18:27:55.942,True,124.75,111.88,-15156.25
2025-08-09 18:27:56.944,True,123.5,111.88,-16718.75
2025-08-09 18:27:57.946,True,122.75,111.75,-17500.0
2025-08-09 18:27:58.948,True,121.88,111.75,-18593.75
2025-08-09 18:27:59.950,True,122.12,111.75,-18281.25
2025-08-09 18:28:00.952,True,123.0,111.75,-17187.5
2025-08-09 18:28:01.954,True,123.0,111.75,-17187.5
2025-08-09 18:28:02.957,True,123.12,111.75,-17031.25
2025-08-09 18:28:03.958,True,123.38,111.75,-16718.75
2025-08-09 18:28:04.960,True,123.5,111.75,-16562.5
2025-08-09 18:28:05.963,True,123.0,111.75,-17187.5
2025-08-09 18:28:06.965,True,123.25,111.75,-16875.0
2025-08-09 18:28:07.967,True,123.25,111.75,-16875.0
2025-08-09 18:28:08.970,True,124.25,111.75,-15625.0
2025-08-09 18:28:09.972,True,124.75,111.75,-15000.0
2025-08-09 18:28:10.974,True,124.38,111.75,-15468.75
2025-08-09 18:28:11.976,True,124.38,111.75,-15468.75
2025-08-09 18:28:12.978,True,124.0,111.75,-15937.5
2025-08-09 18:28:13.980,True,124.5,111.75,-15312.5
2025-08-09 18:28:14.982,True,124.75,111.62,-14843.75
2025-08-09 18:28:15.984,True,125.12,111.62,-14375.0
2025-08-09 18:28:16.986,True,125.25,111.62,-14218.75
2025-08-09 18:28:17.989,True,123.75,111.62,-16093.75
2025-08-09 18:28:18.991,True,123.75,111.62,-16093.75
2025-08-09 18:28:19.993,True,125.12,111.62,-14375.0
2025-08-09 18:28:20.995,True,124.12,111.62,-15625.0
2025-08-09 18:28:21.997,True,124.25,111.62,-15312.5
2025-08-09 18:28:22.999,True,123.62,111.62,-16250.0
2025-08-09 18:28:24.001,True,124.12,111.62,-15625.0
2025-08-09 18:28:25.003,True,123.0,111.62,-16406.25
2025-08-09 18:28:26.004,True,122.5,111.62,-17656.25
2025-08-09 18:28:27.006,True,123.88,111.62,-15937.5
2025-08-09 18:28:28.008,True,124.5,111.62,-15156.25
2025-08-09 18:28:29.011,True,124.25,111.62,-15468.75
2025-08-09 18:28:30.013,True,124.38,111.62,-15312.5
2025-08-09 18:28:31.015,True,0.0,0.0,0.0
2025-08-09 18:28:32.017,True,125.12,111.62,-14375.0
2025-08-09 18:28:33.019,True,124.25,111.62,-15468.75
2025-08-09 18:28:34.021,True,124.38,111.62,-15312.5
2025-08-09 18:28:35.023,True,124.38,111.62,-15312.5
2025-08-09 18:28:36.025,True,124.0,111.62,-15781.25
2025-08-09 18:28:37.028,True,123.12,111.5,-16718.75
2025-08-09 18:28:38.031,True,123.38,111.5,-16562.5
2025-08-09 18:28:39.033,True,124.0,111.5,-15625.0
2025-08-09 18:28:40.035,True,123.5,111.5,-16250.0
2025-08-09 18:28:41.036,True,124.0,111.5,-15625.0
2025-08-09 18:28:42.039,True,123.88,111.5,-15781.25
2025-08-09 18:28:43.041,True,123.88,111.5,-15781.25
2025-08-09 18:28:44.044,True,124.5,111.5,-15000.0
2025-08-09 18:28:45.046,True,123.5,111.5,-16250.0
2025-08-09 18:28:46.048,True,123.62,111.5,-16093.75
2025-08-09 18:28:47.050,True,124.62,111.5,-14843.75
2025-08-09 18:28:48.052,True,124.88,111.5,-14531.25
2025-08-09 18:28:49.054,True,124.75,111.5,-14687.5
2025-08-09 18:28:50.056,True,123.62,111.5,-16093.75
2025-08-09 18:28:51.059,True,124.12,111.5,-15468.75
2025-08-09 18:28:52.061,True,124.88,111.5,-14531.25
2025-08-09 18:28:53.063,True,122.75,111.5,-17187.5
2025-08-09 18:28:54.065,True,123.62,111.5,-16093.75
2025-08-09 18:28:55.067,True,122.75,111.5,-17187.5
2025-08-09 18:28:56.069,True,123.62,111.5,-16093.75
2025-08-09 18:28:57.071,True,122.75,111.5,-17187.5
2025-08-09 18:28:58.073,True,123.38,111.5,-16406.25
2025-08-09 18:28:59.076,True,123.12,111.5,-16718.75
2025-08-09 18:29:00.079,True,123.5,111.5,-16250.0
2025-08-09 18:29:01.081,True,124.25,111.5,-15312.5
2025-08-09 18:29:02.083,True,124.62,111.5,-14843.75
2025-08-09 18:29:03.087,True,123.38,111.38,-16250.0
2025-08-09 18:29:04.089,True,123.38,111.38,-16250.0
2025-08-09 18:29:05.093,True,122.88,111.38,-16875.0
2025-08-09 18:29:06.096,True,122.25,111.38,-17656.25
2025-08-09 18:29:07.098,True,123.75,111.38,-15781.25
2025-08-09 18:29:08.100,True,123.88,111.38,-15625.0
2025-08-09 18:29:09.103,True,124.25,111.38,-15156.25
2025-08-09 18:29:10.106,True,124.62,111.38,-14687.5
2025-08-09 18:29:11.107,True,123.88,111.38,-15625.0
2025-08-09 18:29:12.109,True,124.75,111.38,-14531.25
2025-08-09 18:29:13.112,True,125.12,111.38,-14062.5
2025-08-09 18:29:14.119,True,123.5,111.38,-16093.75
2025-08-09 18:29:15.121,True,122.62,111.38,-17187.5
2025-08-09 18:29:16.125,True,125.0,111.38,-14218.75
2025-08-09 18:29:17.126,True,122.75,111.38,-17031.25
2025-08-09 18:29:18.129,True,124.0,111.38,-15468.75
2025-08-09 18:29:19.135,True,124.25,111.25,-15000.0
2025-08-09 18:29:20.137,True,124.5,111.25,-14687.5
2025-08-09 18:29:21.139,True,124.75,111.25,-14375.0
2025-08-09 18:29:22.140,True,123.12,111.25,-16406.25
2025-08-09 18:29:23.143,True,122.25,111.25,-17500.0
2025-08-09 18:29:24.145,True,123.25,111.25,-16250.0
2025-08-09 18:29:25.147,True,122.62,111.25,-17031.25
2025-08-09 18:29:26.150,True,123.75,111.25,-15625.0
2025-08-09 18:29:27.154,True,122.38,111.25,-17343.75
2025-08-09 18:29:28.156,True,122.62,111.25,-17031.25
2025-08-09 18:29:29.158,True,122.5,111.25,-17187.5
2025-08-09 18:29:30.161,True,122.12,111.25,-17656.25
2025-08-09 18:29:31.162,True,122.12,111.25,-17656.25
2025-08-09 18:29:32.165,True,122.75,111.25,-16562.5
2025-08-09 18:29:33.167,True,122.5,111.25,-17187.5
2025-08-09 18:29:34.179,True,122.5,111.25,-17187.5
2025-08-09 18:29:35.181,True,124.0,111.25,-15625.0
2025-08-09 18:29:36.182,True,121.88,111.25,-17968.75
2025-08-09 18:29:37.184,True,123.0,111.25,-16562.5
2025-08-09 18:29:38.188,True,122.75,111.25,-16875.0
2025-08-09 18:29:39.189,True,123.12,111.25,-16406.25
2025-08-09 18:29:40.191,True,124.25,111.25,-15000.0
2025-08-09 18:29:41.194,True,123.88,111.25,-15468.75
2025-08-09 18:29:42.197,True,123.88,111.12,-15312.5
2025-08-09 18:29:43.199,True,123.5,111.12,-15781.25
2025-08-09 18:29:44.202,True,124.5,111.12,-14531.25
2025-08-09 18:29:45.205,True,124.12,111.12,-15000.0
2025-08-09 18:29:46.206,True,124.12,111.12,-15000.0
2025-08-09 18:29:47.208,True,123.88,111.12,-15312.5
2025-08-09 18:29:48.210,True,123.38,111.12,-15937.5
2025-08-09 18:29:49.213,True,123.75,111.12,-15468.75
2025-08-09 18:29:50.215,True,123.38,111.12,-15937.5
2025-08-09 18:29:51.219,True,123.75,111.12,-15468.75
2025-08-09 18:29:52.221,True,123.38,111.12,-15937.5
2025-08-09 18:29:53.223,True,124.62,111.12,-14375.0
2025-08-09 18:29:54.232,True,123.38,111.0,-15781.25
2025-08-09 18:29:55.235,True,122.62,111.12,-16875.0
2025-08-09 18:29:56.237,True,123.12,111.12,-16250.0
2025-08-09 18:29:57.239,True,123.12,111.12,-16250.0
2025-08-09 18:29:58.241,True,123.0,111.0,-16250.0
2025-08-09 18:29:59.266,True,122.88,111.0,-16406.25
2025-08-09 18:30:00.268,True,124.0,111.0,-15000.0
2025-08-09 18:30:01.270,True,123.38,111.0,-15781.25
2025-08-09 18:30:02.272,True,123.62,111.0,-15468.75
2025-08-09 18:30:03.275,True,124.0,111.0,-15000.0
2025-08-09 18:30:04.277,True,122.62,111.0,-16718.75
2025-08-09 18:30:05.279,True,123.0,111.0,-16250.0
2025-08-09 18:30:06.281,True,122.25,111.0,-17187.5
2025-08-09 18:30:07.282,True,123.25,111.0,-15937.5
2025-08-09 18:30:08.284,True,123.38,111.0,-15781.25
2025-08-09 18:30:09.287,True,123.25,111.0,-15937.5
2025-08-09 18:30:10.289,True,124.0,111.0,-15000.0
2025-08-09 18:30:11.291,True,124.12,111.0,-14843.75
2025-08-09 18:30:12.292,True,123.0,110.88,-16093.75
2025-08-09 18:30:13.295,True,122.88,110.88,-16250.0
2025-08-09 18:30:14.297,True,122.25,110.88,-17031.25
2025-08-09 18:30:15.299,True,122.75,110.88,-16406.25
2025-08-09 18:30:16.301,True,122.12,110.88,-17187.5
2025-08-09 18:30:17.304,True,122.5,110.88,-16718.75
2025-08-09 18:30:18.305,True,122.0,110.88,-17343.75
2025-08-09 18:30:19.310,True,122.62,110.88,-16562.5
2025-08-09 18:30:20.312,True,121.88,110.88,-17500.0
2025-08-09 18:30:21.314,True,121.62,110.88,-17812.5
2025-08-09 18:30:22.316,True,121.62,110.88,-17812.5
2025-08-09 18:30:23.318,True,121.88,110.88,-17500.0
2025-08-09 18:30:24.320,True,122.62,110.88,-16562.5
2025-08-09 18:30:25.322,True,122.5,110.88,-16718.75
2025-08-09 18:30:26.324,True,123.38,110.88,-15625.0
2025-08-09 18:30:27.327,True,122.88,110.88,-16250.0
2025-08-09 18:30:28.329,True,121.5,110.88,-17968.75
2025-08-09 18:30:29.331,True,121.62,110.88,-17812.5
2025-08-09 18:30:30.333,True,122.88,110.88,-16250.0
2025-08-09 18:30:31.336,True,122.5,110.88,-16718.75
2025-08-09 18:30:32.337,True,121.75,110.88,-17656.25
2025-08-09 18:30:33.339,True,122.88,110.88,-16250.0
2025-08-09 18:30:34.356,True,122.25,110.75,-16875.0
2025-08-09 18:30:35.358,True,122.5,110.75,-16562.5
2025-08-09 18:30:36.360,True,123.38,110.75,-15468.75
2025-08-09 18:30:37.361,True,123.12,110.75,-15781.25
2025-08-09 18:30:38.365,True,122.5,110.75,-16562.5
2025-08-09 18:30:39.368,True,123.5,110.75,-15312.5
2025-08-09 18:30:40.372,True,122.88,110.75,-16093.75
2025-08-09 18:30:41.375,True,122.62,110.75,-16406.25
2025-08-09 18:30:42.377,True,122.62,110.75,-16406.25
2025-08-09 18:30:43.379,True,122.38,110.75,-16718.75
2025-08-09 18:30:44.381,True,122.12,110.75,-17031.25
2025-08-09 18:30:45.384,True,123.0,110.75,-15937.5
2025-08-09 18:30:46.386,True,122.12,110.75,-17031.25
2025-08-09 18:30:47.388,True,121.5,110.75,-17812.5
2025-08-09 18:30:48.391,True,121.0,110.75,-18437.5
2025-08-09 18:30:49.392,True,120.75,110.75,-18750.0
2025-08-09 18:30:50.394,True,120.88,110.75,-18593.75
2025-08-09 18:30:51.396,True,121.12,110.75,-18281.25
2025-08-09 18:30:52.397,True,121.88,110.75,-17343.75
2025-08-09 18:30:53.400,True,122.38,110.75,-16718.75
2025-08-09 18:30:54.402,True,122.25,110.62,-16718.75
2025-08-09 18:30:55.404,True,121.12,110.62,-18125.0
2025-08-09 18:30:56.406,True,121.0,110.62,-18281.25
2025-08-09 18:30:57.408,True,121.75,110.62,-17343.75
2025-08-09 18:30:58.411,True,120.75,110.62,-18593.75
2025-08-09 18:30:59.414,True,121.25,110.62,-17968.75
2025-08-09 18:31:00.418,True,122.25,110.62,-16718.75
2025-08-09 18:31:01.420,True,122.0,110.62,-17031.25
2025-08-09 18:31:02.422,True,122.0,110.62,-17031.25
2025-08-09 18:31:03.426,True,122.25,110.62,-16718.75
2025-08-09 18:31:04.431,True,122.75,110.62,-16093.75
2025-08-09 18:31:05.434,True,122.88,110.62,-15937.5
2025-08-09 18:31:06.436,True,122.75,110.62,-16093.75
2025-08-09 18:31:07.438,True,122.38,110.62,-16562.5
2025-08-09 18:31:08.440,True,121.0,110.62,-18281.25
2025-08-09 18:31:09.446,True,121.25,110.62,-17968.75
2025-08-09 18:31:10.449,True,121.25,110.62,-17968.75
2025-08-09 18:31:11.451,True,120.75,110.62,-18593.75
2025-08-09 18:31:12.453,True,120.88,110.62,-18437.5
2025-08-09 18:31:13.456,True,121.38,110.62,-17812.5
2025-08-09 18:31:14.458,True,122.0,110.62,-17031.25
2025-08-09 18:31:15.460,True,122.75,110.62,-16093.75
2025-08-09 18:31:16.462,True,122.75,110.5,-15937.5
2025-08-09 18:31:17.464,True,122.25,110.5,-16562.5
2025-08-09 18:31:18.468,True,123.0,110.5,-15625.0
2025-08-09 18:31:19.472,True,123.0,110.5,-15625.0
2025-08-09 18:31:20.475,True,122.88,110.5,-15781.25
2025-08-09 18:31:21.478,True,122.38,110.5,-16406.25
2025-08-09 18:31:22.481,True,122.25,110.5,-16562.5
2025-08-09 18:31:23.483,True,122.0,110.5,-16875.0
2025-08-09 18:31:24.485,True,121.38,110.5,-17656.25
2025-08-09 18:31:25.487,True,122.0,110.5,-16875.0
2025-08-09 18:31:26.490,True,121.38,110.5,-17656.25
2025-08-09 18:31:27.493,True,121.38,110.5,-17656.25
2025-08-09 18:31:28.496,True,121.25,110.5,-17812.5
2025-08-09 18:31:29.499,True,122.38,110.5,-16406.25
2025-08-09 18:31:30.501,True,123.25,110.5,-15312.5
2025-08-09 18:31:31.503,True,121.88,110.5,-17031.25
2025-08-09 18:31:32.506,True,121.38,110.5,-17656.25
2025-08-09 18:31:33.508,True,122.12,110.5,-16718.75
2025-08-09 18:31:34.519,True,121.75,110.5,-17187.5
2025-08-09 18:31:35.522,True,122.0,110.5,-16875.0
2025-08-09 18:31:36.523,True,121.88,110.5,-17031.25
2025-08-09 18:31:37.526,True,122.75,110.5,-15937.5
2025-08-09 18:31:38.529,True,122.75,110.38,-15781.25
2025-08-09 18:31:39.542,True,122.5,110.38,-16093.75
2025-08-09 18:31:40.544,True,123.12,110.38,-15312.5
2025-08-09 18:31:41.546,True,123.38,110.38,-15000.0
2025-08-09 18:31:42.549,True,123.38,110.38,-15000.0
2025-08-09 18:31:43.551,True,123.25,110.38,-15156.25
2025-08-09 18:31:44.553,True,122.0,110.38,-16718.75
2025-08-09 18:31:45.555,True,122.88,110.38,-15625.0
2025-08-09 18:31:46.557,True,122.25,110.38,-16562.5
2025-08-09 18:31:47.559,True,122.88,110.38,-15625.0
2025-08-09 18:31:48.561,True,122.88,110.38,-15625.0
2025-08-09 18:31:49.569,True,122.62,110.38,-15937.5
2025-08-09 18:31:50.571,True,122.75,110.38,-15781.25
2025-08-09 18:31:51.573,True,122.12,110.38,-16562.5
2025-08-09 18:31:52.575,True,123.5,110.38,-14843.75
2025-08-09 18:31:53.577,True,122.25,110.38,-16406.25
2025-08-09 18:31:54.579,True,121.12,110.38,-17812.5
2025-08-09 18:31:55.581,True,122.25,110.38,-16406.25
2025-08-09 18:31:56.583,True,120.62,110.38,-18437.5
2025-08-09 18:31:57.585,True,121.0,110.38,-17968.75
2025-08-09 18:31:58.587,True,121.88,110.38,-17656.25
2025-08-09 18:31:59.600,True,121.12,110.38,-17812.5
2025-08-09 18:32:00.602,True,121.5,110.38,-17343.75
2025-08-09 18:32:01.604,True,121.0,110.38,-17968.75
2025-08-09 18:32:02.606,True,121.88,110.38,-16875.0
2025-08-09 18:32:03.608,True,121.75,110.38,-17031.25
2025-08-09 18:32:04.615,True,121.88,110.38,-16875.0
2025-08-09 18:32:05.617,True,121.75,110.25,-16875.0
2025-08-09 18:32:06.619,True,122.12,110.25,-16406.25
2025-08-09 18:32:07.621,True,123.0,110.25,-15312.5
2025-08-09 18:32:08.623,True,122.0,110.25,-16406.25
2025-08-09 18:32:09.627,True,121.38,110.25,-17343.75
2025-08-09 18:32:10.629,True,121.88,110.25,-16718.75
2025-08-09 18:32:11.631,True,121.5,110.25,-17187.5
2025-08-09 18:32:12.633,True,120.5,110.25,-18437.5
2025-08-09 18:32:13.636,True,120.62,110.25,-18281.25
2025-08-09 18:32:14.640,True,120.5,110.25,-18437.5
2025-08-09 18:32:15.642,True,121.5,110.25,-17187.5
2025-08-09 18:32:16.643,True,122.12,110.25,-16406.25
2025-08-09 18:32:17.645,True,122.88,110.25,-15468.75
2025-08-09 18:32:18.648,True,121.75,110.25,-16875.0
2025-08-09 18:32:19.650,True,121.38,110.25,-17343.75
2025-08-09 18:32:20.653,True,122.62,110.25,-16718.75
2025-08-09 18:32:21.655,True,121.0,110.25,-17812.5
2025-08-09 18:32:22.657,True,121.25,110.25,-17500.0
2025-08-09 18:32:23.659,True,121.5,110.25,-17187.5
2025-08-09 18:32:24.668,True,121.12,110.25,-17656.25
2025-08-09 18:32:25.670,True,120.75,110.25,-18125.0
2025-08-09 18:32:26.672,True,122.25,110.25,-16250.0
2025-08-09 18:32:27.675,True,121.5,110.25,-17187.5
2025-08-09 18:32:28.679,True,122.12,110.25,-16406.25
2025-08-09 18:32:29.680,True,120.75,110.25,-16250.0
2025-08-09 18:32:30.683,True,122.12,110.25,-16406.25
2025-08-09 18:32:31.687,True,124.38,110.25,-13593.75
2025-08-09 18:32:32.689,True,122.75,110.12,-15468.75
2025-08-09 18:32:33.692,True,122.0,110.12,-16406.25
2025-08-09 18:32:34.695,True,121.88,110.12,-16562.5
2025-08-09 18:32:35.697,True,122.12,110.12,-16250.0
2025-08-09 18:32:36.699,True,122.75,110.12,-15468.75
2025-08-09 18:32:37.702,True,122.5,110.12,-15781.25
2025-08-09 18:32:38.705,True,123.25,110.12,-14843.75
2025-08-09 18:32:39.957,True,122.25,110.12,-16093.75
2025-08-09 18:32:40.960,True,123.0,110.12,-15156.25
2025-08-09 18:32:41.962,True,121.88,110.12,-16562.5
2025-08-09 18:32:42.965,True,122.38,110.12,-15937.5
2025-08-09 18:32:43.967,True,122.5,110.12,-15781.25
2025-08-09 18:32:44.969,True,122.25,110.12,-16093.75
2025-08-09 18:32:45.973,True,121.25,110.12,-17343.75
2025-08-09 18:32:46.976,True,120.5,110.12,-18281.25
2025-08-09 18:32:47.978,True,120.88,110.12,-17812.5
2025-08-09 18:32:48.981,True,120.75,110.12,-17968.75
2025-08-09 18:32:49.984,True,121.25,110.12,-17343.75
2025-08-09 18:32:50.987,True,120.75,110.12,-17968.75
2025-08-09 18:32:51.989,True,121.62,110.12,-16875.0
2025-08-09 18:32:52.991,True,120.88,110.12,-17812.5
2025-08-09 18:32:53.994,True,121.62,110.12,-16875.0
2025-08-09 18:32:54.996,True,121.62,110.12,-16875.0
2025-08-09 18:32:55.998,True,122.38,110.12,-15937.5
2025-08-09 18:32:57.000,True,122.38,110.12,-15937.5
2025-08-09 18:32:58.002,True,123.12,110.0,-14843.75
2025-08-09 18:32:59.004,True,122.38,110.0,-15781.25
2025-08-09 18:33:00.006,True,122.12,110.0,-16093.75
2025-08-09 18:33:01.009,True,121.0,110.0,-17500.0
2025-08-09 18:33:02.011,True,121.0,110.12,-17656.25
2025-08-09 18:33:03.013,True,121.25,110.12,-17187.5
2025-08-09 18:33:04.015,True,121.88,110.0,-16406.25
2025-08-09 18:33:05.017,True,121.25,110.0,-17187.5
2025-08-09 18:33:06.020,True,122.12,110.0,-16093.75
2025-08-09 18:33:07.021,True,122.0,110.0,-16250.0
2025-08-09 18:33:08.023,True,122.0,110.0,-16250.0
2025-08-09 18:33:09.025,True,121.12,110.0,-17343.75
2025-08-09 18:33:10.026,True,121.62,110.0,-16718.75
2025-08-09 18:33:11.029,True,122.38,110.0,-15781.25
2025-08-09 18:33:12.031,True,122.88,110.0,-15156.25
2025-08-09 18:33:13.034,True,122.0,110.0,-16250.0
2025-08-09 18:33:14.036,True,122.12,110.0,-16093.75
2025-08-09 18:33:15.038,True,121.62,110.0,-16718.75
2025-08-09 18:33:16.040,True,121.62,110.0,-16718.75
2025-08-09 18:33:17.043,True,122.75,110.0,-15312.5
2025-08-09 18:33:18.045,True,122.38,110.0,-15781.25
2025-08-09 18:33:19.047,True,122.0,110.0,-16250.0
2025-08-09 18:33:20.049,True,123.38,110.0,-14531.25
2025-08-09 18:33:21.051,True,120.88,110.0,-17656.25
2025-08-09 18:33:22.053,True,122.5,110.0,-15625.0
2025-08-09 18:33:23.055,True,122.88,110.0,-15156.25
2025-08-09 18:33:24.057,True,123.62,109.88,-14062.5
2025-08-09 18:33:25.059,True,123.12,109.88,-14843.75
2025-08-09 18:33:26.061,True,122.0,109.88,-16093.75
2025-08-09 18:33:27.063,True,121.38,109.88,-16875.0
2025-08-09 18:33:28.065,True,121.12,109.88,-17187.5
2025-08-09 18:33:29.067,True,122.12,109.88,-15937.5
2025-08-09 18:33:30.070,True,122.12,109.88,-15937.5
2025-08-09 18:33:31.072,True,122.12,109.88,-15937.5
2025-08-09 18:33:32.074,True,123.0,109.88,-14843.75
2025-08-09 18:33:33.076,True,121.75,109.88,-16406.25
2025-08-09 18:33:34.077,True,121.88,109.88,-16250.0
2025-08-09 18:33:35.080,True,122.25,109.88,-15781.25
2025-08-09 18:33:36.082,True,122.62,109.88,-15312.5
2025-08-09 18:33:37.084,True,121.38,109.88,-16875.0
2025-08-09 18:33:38.086,True,121.38,109.88,-16875.0
2025-08-09 18:33:39.089,True,121.38,109.88,-16875.0
2025-08-09 18:33:40.090,True,118.75,109.88,-20156.25
2025-08-09 18:33:41.092,True,120.0,109.88,-18593.75
2025-08-09 18:33:42.095,True,119.75,109.88,-18906.25
2025-08-09 18:33:43.098,True,119.25,109.88,-19531.25
2025-08-09 18:33:44.100,True,119.75,109.88,-18906.25
2025-08-09 18:33:45.102,True,120.0,109.88,-18593.75
2025-08-09 18:33:46.104,True,121.75,109.88,-16406.25
2025-08-09 18:33:47.106,True,122.25,109.88,-15781.25
2025-08-09 18:33:48.108,True,122.75,109.88,-15156.25
2025-08-09 18:33:49.112,True,119.38,109.88,-19375.0
2025-08-09 18:33:50.114,True,120.75,109.88,-17656.25
2025-08-09 18:33:51.116,True,122.62,109.88,-15312.5
2025-08-09 18:33:52.119,True,122.12,109.88,-15937.5
2025-08-09 18:33:53.121,True,122.0,109.88,-16093.75
2025-08-09 18:33:54.123,True,122.25,109.88,-15781.25
2025-08-09 18:33:55.126,True,122.0,109.88,-16093.75
2025-08-09 18:33:56.130,True,122.5,109.88,-15468.75
2025-08-09 18:33:57.132,True,122.12,109.88,-15937.5
2025-08-09 18:33:58.135,True,121.25,109.88,-17031.25
2025-08-09 18:33:59.138,True,121.88,109.88,-16250.0
2025-08-09 18:34:00.140,True,122.38,109.88,-15625.0
2025-08-09 18:34:01.143,True,122.5,109.88,-15468.75
2025-08-09 18:34:02.146,True,122.62,109.75,-15156.25
2025-08-09 18:34:03.148,True,122.38,109.75,-15468.75
2025-08-09 18:34:04.151,True,122.75,109.75,-15000.0
2025-08-09 18:34:05.154,True,121.38,109.75,-16718.75
2025-08-09 18:34:06.157,True,122.5,109.75,-15312.5
2025-08-09 18:34:07.160,True,123.25,109.75,-14375.0
2025-08-09 18:34:08.163,True,122.25,109.75,-15625.0
2025-08-09 18:34:09.166,True,123.0,109.75,-14687.5
2025-08-09 18:34:10.170,True,122.0,109.75,-15937.5
2025-08-09 18:34:11.173,True,122.12,109.75,-15781.25
2025-08-09 18:34:12.176,True,121.75,109.75,-16250.0
2025-08-09 18:34:13.178,True,121.38,109.75,-16718.75
2025-08-09 18:34:14.181,True,123.0,109.75,-14687.5
2025-08-09 18:34:15.184,True,121.5,109.75,-16562.5
2025-08-09 18:34:16.186,True,120.88,109.75,-17343.75
2025-08-09 18:34:17.189,True,121.0,109.75,-17187.5
2025-08-09 18:34:18.192,True,120.5,109.75,-17812.5
2025-08-09 18:34:19.195,True,119.88,109.75,-18593.75
2025-08-09 18:34:20.197,True,120.38,109.75,-17968.75
2025-08-09 18:34:21.199,True,121.62,109.75,-16406.25
2025-08-09 18:34:22.201,True,121.62,109.75,-16406.25
2025-08-09 18:34:23.204,True,121.38,109.75,-16718.75
2025-08-09 18:34:24.206,True,121.5,109.75,-16406.25
2025-08-09 18:34:25.209,True,122.25,109.75,-15625.0
2025-08-09 18:34:26.213,True,122.5,109.75,-15312.5
2025-08-09 18:34:27.215,True,123.12,109.75,-14531.25
2025-08-09 18:34:28.218,True,123.38,109.75,-14218.75
2025-08-09 18:34:29.220,True,122.12,109.75,-15781.25
2025-08-09 18:34:30.316,True,122.38,109.75,-15468.75
2025-08-09 18:34:31.319,True,122.25,109.75,-15625.0
2025-08-09 18:34:32.321,True,123.25,109.75,-14375.0
2025-08-09 18:34:33.323,True,122.0,109.75,-15937.5
2025-08-09 18:34:34.325,True,122.75,109.62,-14843.75
2025-08-09 18:34:35.327,True,121.5,109.62,-16406.25
2025-08-09 18:34:36.329,True,120.75,109.62,-17343.75
2025-08-09 18:34:37.333,True,121.5,109.75,-16562.5
2025-08-09 18:34:38.335,True,120.75,109.62,-17343.75
2025-08-09 18:34:39.337,True,122.25,109.62,-15468.75
2025-08-09 18:34:40.339,True,122.12,109.62,-15625.0
2025-08-09 18:34:41.342,True,121.25,109.62,-16718.75
2025-08-09 18:34:42.344,True,121.0,109.62,-17031.25
2025-08-09 18:34:43.346,True,120.12,109.62,-18125.0
2025-08-09 18:34:44.348,True,120.88,109.62,-17187.5
2025-08-09 18:34:45.349,True,120.62,109.62,-17500.0
2025-08-09 18:34:46.351,True,120.88,109.62,-17187.5
2025-08-09 18:34:47.353,True,120.0,109.62,-18281.25
2025-08-09 18:34:48.356,True,121.38,109.62,-16562.5
2025-08-09 18:34:49.358,True,120.38,109.62,-17812.5
2025-08-09 18:34:50.360,True,120.0,109.62,-18281.25
2025-08-09 18:34:51.362,True,120.0,109.62,-18281.25
2025-08-09 18:34:52.364,True,120.38,109.62,-17812.5
2025-08-09 18:34:53.366,True,120.38,109.62,-17812.5
2025-08-09 18:34:54.369,True,119.75,109.62,-17187.5
2025-08-09 18:34:55.371,True,120.75,109.62,-17343.75
2025-08-09 18:34:56.373,True,120.5,109.62,-17656.25
2025-08-09 18:34:57.375,True,120.88,109.62,-17343.75
2025-08-09 18:34:58.378,True,121.38,109.62,-16562.5
2025-08-09 18:34:59.380,True,121.5,109.62,-16406.25
2025-08-09 18:35:00.382,True,121.0,109.62,-17031.25
2025-08-09 18:35:01.385,True,121.25,109.62,-16718.75
2025-08-09 18:35:02.387,True,121.0,109.62,-17031.25
2025-08-09 18:35:03.389,True,121.0,109.62,-17031.25
2025-08-09 18:35:04.391,True,121.0,109.62,-17031.25
2025-08-09 18:35:05.393,True,121.12,109.62,-16875.0
2025-08-09 18:35:06.395,True,121.5,109.62,-16406.25
2025-08-09 18:35:07.398,True,120.5,109.62,-17656.25
2025-08-09 18:35:08.401,True,120.0,109.62,-18281.25
2025-08-09 18:35:09.404,True,121.88,109.62,-15937.5
2025-08-09 18:35:10.406,True,122.12,109.62,-15625.0
2025-08-09 18:35:11.408,True,121.75,109.62,-16093.75
2025-08-09 18:35:12.410,True,122.25,109.62,-15468.75
2025-08-09 18:35:13.412,True,121.5,109.62,-16406.25
2025-08-09 18:35:14.415,True,122.25,109.62,-15468.75
2025-08-09 18:35:15.418,True,122.88,109.62,-14687.5
2025-08-09 18:35:16.420,True,121.38,109.62,-16562.5
2025-08-09 18:35:17.422,True,122.0,109.62,-15781.25
2025-08-09 18:35:18.424,True,120.5,109.62,-17656.25
2025-08-09 18:35:19.426,True,122.12,109.62,-15625.0
2025-08-09 18:35:20.429,True,122.25,109.5,-15312.5
2025-08-09 18:35:21.431,True,122.12,109.5,-15468.75
2025-08-09 18:35:22.433,True,121.62,109.5,-16093.75
2025-08-09 18:35:23.436,True,121.5,109.5,-16250.0
2025-08-09 18:35:24.438,True,121.62,109.5,-16093.75
2025-08-09 18:35:25.439,True,120.5,109.5,-17500.0
2025-08-09 18:35:26.441,True,121.0,109.5,-16875.0
2025-08-09 18:35:27.442,True,121.5,109.5,-16250.0
2025-08-09 18:35:28.445,True,122.0,109.5,-15625.0
2025-08-09 18:35:29.447,True,121.25,109.5,-16562.5
2025-08-09 18:35:30.450,True,121.75,109.5,-15937.5
2025-08-09 18:35:31.452,True,121.38,109.5,-16406.25
2025-08-09 18:35:32.454,True,120.38,109.5,-17656.25
2025-08-09 18:35:33.456,True,121.0,109.5,-16875.0
2025-08-09 18:35:34.457,True,121.88,109.5,-15781.25
2025-08-09 18:35:35.460,True,122.25,109.5,-15312.5
2025-08-09 18:35:36.462,True,121.5,109.5,-16250.0
2025-08-09 18:35:37.464,True,122.0,109.5,-15625.0
2025-08-09 18:35:38.466,True,121.5,109.5,-16250.0
2025-08-09 18:35:39.468,True,122.38,109.5,-15156.25
2025-08-09 18:35:40.471,True,121.62,109.5,-16093.75
2025-08-09 18:35:41.473,True,120.38,109.5,-17656.25
2025-08-09 18:35:42.474,True,120.25,109.5,-17812.5
2025-08-09 18:35:43.476,True,119.25,109.5,-19062.5
2025-08-09 18:35:44.478,True,120.12,109.5,-17968.75
2025-08-09 18:35:45.480,True,119.75,109.5,-18437.5
2025-08-09 18:35:46.482,True,119.88,109.5,-17968.75
2025-08-09 18:35:47.485,True,119.25,109.5,-19062.5
2025-08-09 18:35:48.487,True,119.0,109.5,-19375.0
2025-08-09 18:35:49.489,True,119.62,109.5,-18593.75
2025-08-09 18:35:50.491,True,119.25,109.5,-19062.5
2025-08-09 18:35:51.493,True,119.88,109.5,-18281.25
2025-08-09 18:35:52.496,True,119.75,109.5,-18437.5
2025-08-09 18:35:53.498,True,119.5,109.5,-18750.0
2025-08-09 18:35:54.501,True,120.0,109.5,-18125.0
2025-08-09 18:35:55.503,True,120.5,109.5,-17500.0
2025-08-09 18:35:56.505,True,119.88,109.5,-18281.25
2025-08-09 18:35:57.507,True,120.62,109.5,-17343.75
2025-08-09 18:35:58.509,True,120.25,109.5,-17812.5
2025-08-09 18:35:59.511,True,120.25,109.5,-17812.5
2025-08-09 18:36:00.513,True,121.62,109.5,-16093.75
2025-08-09 18:36:01.515,True,121.38,109.5,-16406.25
2025-08-09 18:36:02.517,True,121.0,109.5,-16875.0
2025-08-09 18:36:03.519,True,120.25,109.5,-17812.5
2025-08-09 18:36:04.521,True,120.88,109.5,-17031.25
2025-08-09 18:36:05.523,True,122.0,109.5,-15625.0
2025-08-09 18:36:06.525,True,122.5,109.5,-15000.0
2025-08-09 18:36:07.527,True,121.62,109.5,-16093.75
2025-08-09 18:36:08.530,True,121.62,109.5,-16093.75
2025-08-09 18:36:09.531,True,122.5,109.5,-15000.0
2025-08-09 18:36:10.534,True,121.5,109.5,-16250.0
2025-08-09 18:36:11.536,True,121.75,109.5,-15937.5
2025-08-09 18:36:12.538,True,123.0,109.5,-14375.0
2025-08-09 18:36:13.540,True,122.38,109.5,-15156.25
2025-08-09 18:36:14.542,True,121.62,109.5,-16093.75
2025-08-09 18:36:15.544,True,120.5,109.5,-17500.0
2025-08-09 18:36:16.546,True,120.88,109.5,-17031.25
2025-08-09 18:36:17.548,True,120.38,109.5,-17656.25
2025-08-09 18:36:18.550,True,121.12,109.5,-16718.75
2025-08-09 18:36:19.553,True,120.75,109.5,-17187.5
2025-08-09 18:36:20.555,True,122.62,109.5,-14843.75
2025-08-09 18:36:21.557,True,122.38,109.5,-15156.25
2025-08-09 18:36:22.559,True,121.12,109.38,-16562.5
2025-08-09 18:36:23.560,True,121.88,109.38,-15625.0
2025-08-09 18:36:24.563,True,122.0,109.38,-15468.75
2025-08-09 18:36:25.565,True,122.0,109.38,-15468.75
2025-08-09 18:36:26.567,True,121.25,109.38,-16406.25
2025-08-09 18:36:27.569,True,121.5,109.38,-16093.75
2025-08-09 18:36:28.571,True,120.88,109.38,-16875.0
2025-08-09 18:36:29.573,True,121.25,109.38,-16406.25
2025-08-09 18:36:30.575,True,121.25,109.38,-16406.25
2025-08-09 18:36:31.577,True,120.38,109.38,-17500.0
2025-08-09 18:36:32.579,True,120.5,109.38,-17343.75
2025-08-09 18:36:33.581,True,120.38,109.38,-17500.0
2025-08-09 18:36:34.585,True,120.62,109.38,-17187.5
2025-08-09 18:36:35.587,True,120.88,109.38,-16875.0
2025-08-09 18:36:36.589,True,120.5,109.38,-17343.75
2025-08-09 18:36:37.591,True,120.62,109.38,-17187.5
2025-08-09 18:36:38.593,True,121.5,109.38,-16093.75
2025-08-09 18:36:39.595,True,120.88,109.38,-16875.0
2025-08-09 18:36:40.598,True,121.5,109.38,-16093.75
2025-08-09 18:36:41.600,True,121.12,109.38,-16562.5
2025-08-09 18:36:42.602,True,121.38,109.38,-16250.0
2025-08-09 18:36:43.605,True,120.88,109.38,-16875.0
2025-08-09 18:36:44.608,True,121.38,109.38,-17187.5
2025-08-09 18:36:45.610,True,121.75,109.38,-15781.25
2025-08-09 18:36:46.613,True,120.25,109.38,-17656.25
2025-08-09 18:36:47.616,True,121.25,109.38,-16406.25
2025-08-09 18:36:48.618,True,120.12,109.38,-17812.5
2025-08-09 18:36:49.620,True,120.38,109.38,-17500.0
2025-08-09 18:36:50.623,True,119.88,109.38,-18125.0
2025-08-09 18:36:51.625,True,120.25,109.38,-17656.25
2025-08-09 18:36:52.627,True,120.5,109.38,-17343.75
2025-08-09 18:36:53.629,True,120.12,109.38,-17812.5
2025-08-09 18:36:54.633,True,120.0,109.38,-17968.75
2025-08-09 18:36:55.638,True,119.5,109.38,-18593.75
2025-08-09 18:36:56.641,True,121.62,109.38,-15937.5
2025-08-09 18:36:57.642,True,121.75,109.38,-15781.25
2025-08-09 18:36:58.644,True,122.25,109.38,-15156.25
2025-08-09 18:36:59.646,True,122.0,109.38,-15468.75
2025-08-09 18:37:00.649,True,121.38,109.38,-16250.0
2025-08-09 18:37:01.652,True,121.38,109.38,-16250.0
2025-08-09 18:37:02.656,True,122.0,109.38,-15468.75
2025-08-09 18:37:03.658,True,122.5,109.38,-14843.75
2025-08-09 18:37:04.660,True,122.25,109.38,-15156.25
2025-08-09 18:37:05.663,True,121.12,109.38,-16562.5
2025-08-09 18:37:06.666,True,120.75,109.38,-17031.25
2025-08-09 18:37:07.668,True,121.0,109.38,-16718.75
2025-08-09 18:37:08.671,True,120.5,109.38,-18906.25
2025-08-09 18:37:09.674,True,120.25,109.38,-17656.25
2025-08-09 18:37:10.676,True,120.5,109.38,-17343.75
                                                                                                                                                                                                                                                                                                                                                                                                                                                                                                                                                                                                                                                                                                                       2025-08-09 18:37:08.152,True,0.0,0.0,0.0
2025-08-09 18:37:09.186,True,103.38,97.25,-23593.75
2025-08-09 18:37:10.189,True,103.88,97.25,-22968.75
2025-08-09 18:37:11.192,True,102.62,97.25,-24531.25
2025-08-09 18:37:12.194,True,103.62,97.25,-23281.25
2025-08-09 18:37:13.196,True,103.25,97.25,-23750.0
2025-08-09 18:37:14.199,True,103.62,97.25,-23281.25
2025-08-09 18:37:15.201,True,103.38,97.25,-23593.75
2025-08-09 18:37:16.203,True,103.0,97.25,-24062.5
2025-08-09 18:37:17.205,True,102.75,97.25,-24375.0
2025-08-09 18:37:18.207,True,103.88,97.25,-22968.75
2025-08-09 18:37:19.209,True,104.0,97.25,-22812.5
2025-08-09 18:37:28.576,True,103.75,97.25,-23125.0
2025-08-09 18:37:29.579,True,103.38,97.25,-23593.75
2025-08-09 18:37:30.653,True,103.88,97.25,-22968.75
2025-08-09 18:37:31.654,True,103.5,97.25,-23437.5
2025-08-09 18:37:32.656,True,103.12,97.25,-23906.25
2025-08-09 20:17:03.643,True,104.12,97.38,-22812.5
2025-08-09 20:17:04.657,True,104.12,97.25,-22656.25
2025-08-09 20:17:05.661,True,103.5,97.25,-23437.5
2025-08-09 20:17:06.663,True,103.75,97.25,-22343.75
2025-08-09 20:17:07.664,True,103.88,97.38,-23125.0
2025-08-09 20:17:08.712,True,104.12,97.38,-22812.5
2025-08-09 20:17:09.714,True,104.25,97.38,-22343.75
2025-08-09 20:24:52.736,True,0.0,0.0,0.0
2025-08-09 20:24:53.745,True,108.38,99.88,-20781.25
2025-08-09 20:24:57.437,True,108.25,100.0,-21093.75
2025-08-09 20:24:58.439,True,108.75,100.0,-20468.75
2025-08-09 20:24:59.443,True,108.75,100.0,-20468.75
2025-08-09 20:25:00.445,True,107.88,100.0,-21562.5
2025-08-09 20:25:02.035,True,108.75,100.0,-20468.75
2025-08-09 20:25:03.038,True,108.0,100.0,-21406.25
2025-08-09 20:25:04.041,True,106.5,100.0,-23125.0
2025-08-09 20:25:05.043,True,106.12,100.0,-23593.75
2025-08-09 20:25:06.047,True,106.25,100.0,-23437.5
2025-08-09 20:25:07.050,True,107.0,100.0,-22500.0
2025-08-09 20:25:08.058,True,105.75,100.0,-24062.5
2025-08-09 20:25:09.060,True,105.38,100.0,-24531.25
2025-08-09 20:25:10.063,True,107.25,100.0,-22343.75
2025-08-09 20:25:11.065,True,109.0,100.0,-20156.25
2025-08-09 20:25:18.511,True,109.38,100.12,-19843.75
2025-08-09 20:25:19.512,True,108.75,100.0,-20468.75
2025-08-09 20:25:20.516,True,108.88,100.0,-20312.5
2025-08-09 20:25:21.518,True,108.5,100.12,-20937.5
2025-08-09 20:25:22.520,True,108.62,100.0,-20625.0
2025-08-09 20:25:23.522,True,108.12,100.12,-21250.0
2025-08-09 20:25:24.524,True,106.62,100.12,-23125.0
2025-08-09 20:25:25.526,True,106.0,100.12,-23906.25
2025-08-09 20:25:26.528,True,106.38,100.12,-23437.5
2025-08-09 20:25:27.530,True,109.12,100.12,-20156.25
2025-08-09 20:25:28.535,True,108.12,100.12,-21406.25
2025-08-09 20:25:29.538,True,107.5,100.12,-22187.5
2025-08-09 20:25:30.539,True,106.12,100.12,-23750.0
2025-08-09 20:25:31.541,True,108.12,100.12,-21406.25
2025-08-09 20:25:32.544,True,108.5,100.12,-20937.5
2025-08-09 20:25:33.546,True,104.12,100.12,-26093.75
2025-08-09 20:25:34.548,True,105.5,100.12,-24531.25
2025-08-09 20:25:35.549,True,105.62,100.12,-24375.0
2025-08-09 20:25:36.552,True,105.88,100.25,-24218.75
2025-08-09 20:25:37.553,True,105.62,100.25,-24531.25
2025-08-09 20:25:38.555,True,105.62,100.25,-24531.25
2025-08-09 20:25:39.557,True,106.75,100.25,-23125.0
2025-08-09 20:25:40.560,True,106.12,100.25,-23906.25
2025-08-09 20:25:41.563,True,106.38,100.25,-23593.75
2025-08-09 20:25:42.566,True,105.62,100.25,-24531.25
2025-08-09 20:25:43.568,True,106.25,100.25,-23750.0
2025-08-09 20:25:44.571,True,107.12,100.25,-22656.25
2025-08-09 20:25:45.573,True,109.12,100.25,-20312.5
2025-08-09 20:25:46.575,True,108.88,100.25,-20625.0
2025-08-09 20:25:47.578,True,106.38,100.25,-23593.75
2025-08-09 20:25:48.580,True,108.0,100.25,-21718.75
2025-08-09 20:25:49.582,True,107.62,100.25,-22187.5
2025-08-09 20:25:50.584,True,109.25,100.25,-20156.25
2025-08-09 20:25:51.588,True,107.25,100.25,-22500.0
2025-08-09 20:25:52.590,True,109.0,100.25,-20468.75
2025-08-09 20:25:53.592,True,108.5,100.25,-21093.75
2025-08-09 20:25:54.594,True,109.62,100.25,-19687.5
2025-08-09 20:25:55.596,True,108.62,100.25,-20937.5
2025-08-09 20:25:56.598,True,108.88,100.25,-20625.0
2025-08-09 20:25:57.600,True,108.62,100.25,-20937.5
2025-08-09 20:25:58.602,True,108.88,100.25,-20625.0
2025-08-09 20:25:59.604,True,108.5,100.38,-21250.0
2025-08-09 20:26:00.607,True,108.62,100.38,-21093.75
2025-08-09 20:26:01.613,True,108.75,100.38,-20937.5
2025-08-09 20:26:02.615,True,109.0,100.38,-20625.0
2025-08-09 20:26:03.617,True,108.12,100.38,-21718.75
2025-08-09 20:26:04.619,True,108.5,100.38,-21250.0
2025-08-09 20:26:05.621,True,108.5,100.38,-21250.0
2025-08-09 20:26:06.626,True,109.38,100.38,-20156.25
2025-08-09 20:26:07.628,True,109.12,100.38,-20468.75
2025-08-09 20:26:08.629,True,107.88,100.38,-22031.25
2025-08-09 20:26:09.631,True,108.25,100.38,-21562.5
2025-08-09 20:26:10.634,True,107.88,100.38,-22031.25
2025-08-09 20:26:11.636,True,107.62,100.38,-21250.0
2025-08-09 20:26:12.639,True,107.12,100.38,-22812.5
2025-08-09 20:26:13.641,True,109.38,100.38,-20156.25
2025-08-09 20:26:14.644,True,108.12,100.5,-21875.0
2025-08-09 20:26:15.646,True,107.12,100.5,-22968.75
2025-08-09 20:26:16.648,True,107.12,100.5,-22968.75
2025-08-09 20:26:17.649,True,108.38,100.5,-21562.5
2025-08-09 20:26:18.652,True,109.75,100.5,-19843.75
2025-08-09 20:26:19.654,True,109.25,100.5,-20468.75
2025-08-09 20:26:20.658,True,109.88,100.5,-19687.5
2025-08-09 20:26:21.662,True,109.5,100.5,-20156.25
2025-08-09 20:26:22.664,True,110.5,100.5,-18906.25
2025-08-09 20:26:23.667,True,109.62,100.5,-20156.25
2025-08-09 20:26:24.669,True,109.25,100.5,-20468.75
2025-08-09 20:26:25.672,True,109.12,100.5,-20625.0
2025-08-09 20:26:26.676,True,108.88,100.62,-21718.75
2025-08-09 20:26:27.679,True,108.0,100.62,-22187.5
2025-08-09 20:26:28.682,True,109.12,100.62,-20781.25
2025-08-09 20:26:29.684,True,109.0,100.62,-20937.5
2025-08-09 20:26:30.687,True,110.0,100.62,-19687.5
2025-08-09 20:26:31.689,True,109.38,100.62,-20468.75
2025-08-09 20:26:32.692,True,109.88,100.62,-19843.75
2025-08-09 20:26:33.696,True,110.12,100.62,-19531.25
2025-08-09 20:26:34.699,True,109.25,100.62,-20625.0
2025-08-09 20:26:35.702,True,110.25,100.62,-19531.25
2025-08-09 20:27:56.040,True,0.0,0.0,0.0
2025-08-09 20:27:57.046,True,111.25,101.12,-18750.0
2025-08-09 20:27:58.049,True,111.25,101.12,-18750.0
2025-08-09 20:27:59.050,True,110.5,101.12,-19687.5
2025-08-09 20:28:00.751,True,111.0,101.25,-19218.75
2025-08-09 20:28:01.754,True,110.25,101.25,-20156.25
2025-08-09 20:28:02.757,True,109.25,101.25,-21406.25
2025-08-09 20:28:03.759,True,110.75,101.25,-19531.25
2025-08-09 20:28:07.316,True,111.0,101.25,-19218.75
2025-08-09 20:28:08.320,True,108.62,101.25,-22187.5
2025-08-09 20:28:09.323,True,109.0,101.25,-21718.75
2025-08-09 20:28:10.325,True,109.25,101.25,-21406.25
2025-08-09 20:28:11.329,True,109.12,101.38,-21718.75
2025-08-09 20:28:12.331,True,109.75,101.38,-20937.5
2025-08-09 20:28:13.336,True,109.75,101.38,-20937.5
2025-08-09 20:28:14.337,True,111.25,101.38,-19062.5
2025-08-09 20:28:15.828,True,111.62,101.38,-18593.75
2025-08-09 20:28:16.833,True,112.0,101.38,-18125.0
2025-08-09 20:28:17.835,True,111.12,101.38,-19218.75
2025-08-09 20:28:18.838,True,110.5,101.38,-20000.0
2025-08-09 20:28:19.841,True,109.38,101.38,-21406.25
2025-08-09 20:28:20.843,True,111.25,101.38,-19062.5
2025-08-09 20:28:21.846,True,111.62,101.38,-18593.75
2025-08-09 20:28:22.850,True,110.25,101.38,-20312.5
2025-08-09 20:28:23.853,True,109.62,101.38,-21093.75
2025-08-09 20:28:24.856,True,110.0,101.38,-20625.0
2025-08-09 20:28:25.859,True,108.0,101.38,-22968.75
2025-08-09 20:28:26.861,True,110.88,101.38,-19531.25
2025-08-09 20:28:27.863,True,110.88,101.38,-19531.25
2025-08-09 20:28:28.867,True,111.0,101.38,-19375.0
2025-08-09 20:28:29.869,True,111.88,101.38,-18281.25
2025-08-09 20:28:30.871,True,111.5,101.38,-18750.0
2025-08-09 20:28:31.873,True,110.88,101.5,-19531.25
2025-08-09 20:28:32.877,True,110.75,101.38,-19687.5
2025-08-09 20:28:33.879,True,111.88,101.5,-18437.5
2025-08-09 20:28:34.882,True,111.88,101.5,-18437.5
2025-08-09 20:28:35.885,True,110.38,101.5,-20312.5
2025-08-09 20:28:36.887,True,111.62,101.5,-18750.0
2025-08-09 20:28:37.889,True,111.25,101.5,-19218.75
2025-08-09 20:28:38.892,True,110.88,101.5,-19687.5
2025-08-09 20:28:39.894,True,109.62,101.5,-21250.0
2025-08-09 20:28:40.896,True,108.62,101.5,-22343.75
2025-08-09 20:28:41.898,True,109.75,101.5,-21093.75
2025-08-09 20:28:42.900,True,110.38,101.5,-20312.5
2025-08-09 20:28:43.902,True,111.38,101.5,-19062.5
2025-08-09 20:28:44.904,True,111.38,101.5,-19062.5
2025-08-09 20:28:45.906,True,111.75,101.5,-18593.75
2025-08-09 20:28:46.909,True,110.5,101.5,-20156.25
2025-08-09 20:28:47.912,True,109.0,101.5,-22031.25
2025-08-09 20:28:48.914,True,111.5,101.5,-18906.25
2025-08-09 20:28:49.916,True,109.38,101.62,-21718.75
2025-08-09 20:28:50.919,True,109.25,101.62,-21875.0
2025-08-09 20:28:51.922,True,110.5,101.62,-20312.5
2025-08-09 20:28:52.925,True,111.12,101.62,-19531.25
2025-08-09 20:28:53.928,True,110.88,101.62,-19843.75
2025-08-09 20:28:54.929,True,110.62,101.62,-20156.25
2025-08-09 20:28:55.931,True,110.75,101.62,-20000.0
2025-08-09 20:28:56.933,True,111.88,101.62,-18593.75
2025-08-09 20:28:57.936,True,111.88,101.62,-18593.75
2025-08-09 20:28:58.942,True,112.25,101.62,-18125.0
2025-08-09 20:28:59.944,True,112.38,101.62,-17968.75
2025-08-09 20:29:00.947,True,111.5,101.62,-19062.5
2025-08-09 20:29:01.949,True,111.88,101.62,-18593.75
2025-08-09 20:29:02.951,True,112.0,101.62,-18437.5
2025-08-09 20:29:03.953,True,111.38,101.62,-19218.75
2025-08-09 20:29:05.067,True,110.62,101.62,-20156.25
2025-08-09 20:29:06.069,True,110.62,101.75,-20156.25
2025-08-09 20:29:07.071,True,110.12,101.75,-20937.5
2025-08-09 20:29:08.073,True,111.0,101.75,-19843.75
2025-08-09 20:29:09.075,True,111.88,101.75,-18750.0
2025-08-09 20:29:10.078,True,109.62,101.75,-21562.5
2025-08-09 20:29:11.080,True,113.38,101.75,-17031.25
2025-08-09 20:29:12.082,True,105.5,101.75,-26406.25
2025-08-09 20:29:13.085,True,108.25,101.75,-23125.0
2025-08-09 20:30:14.606,True,0.0,0.0,0.0
2025-08-09 20:30:15.611,True,112.12,102.0,-18750.0
2025-08-09 20:30:16.613,True,111.38,102.12,-19843.75
2025-08-09 20:30:17.615,True,111.75,102.12,-19218.75
2025-08-09 20:30:18.618,True,112.12,102.0,-18750.0
2025-08-09 20:30:21.921,True,113.62,102.12,-17187.5
2025-08-09 20:30:22.924,True,112.62,102.12,-18281.25
2025-08-09 20:30:23.929,True,112.12,102.12,-18906.25
2025-08-09 20:30:24.931,True,112.12,102.12,-18906.25
2025-08-09 20:30:25.933,True,111.62,102.12,-19531.25
2025-08-09 20:30:26.935,True,111.75,102.12,-19375.0
2025-08-09 20:30:27.937,True,112.25,102.12,-18750.0
2025-08-09 20:30:28.940,True,112.25,102.12,-18750.0
2025-08-09 20:30:31.690,True,110.12,102.12,-21406.25
2025-08-09 20:30:32.694,True,111.75,102.12,-19375.0
2025-08-09 20:30:33.696,True,111.75,102.12,-19375.0
2025-08-09 20:30:34.698,True,112.5,102.12,-18437.5
2025-08-09 20:30:35.700,True,110.75,102.12,-20625.0
2025-08-09 20:30:36.703,True,110.88,102.12,-20468.75
2025-08-09 20:30:37.706,True,109.5,102.25,-22187.5
2025-08-09 20:30:38.708,True,109.5,102.25,-22187.5
2025-08-09 20:30:39.711,True,111.25,102.25,-20156.25
2025-08-09 20:30:40.713,True,110.5,102.25,-21093.75
2025-08-09 20:30:41.715,True,111.38,102.25,-20000.0
2025-08-09 20:30:42.717,True,113.0,102.25,-17968.75
2025-08-09 20:30:43.719,True,109.5,102.25,-22187.5
2025-08-09 20:30:44.721,True,111.25,102.25,-20156.25
2025-08-09 20:30:45.727,True,111.25,102.25,-20156.25
2025-08-09 20:30:46.729,True,109.0,102.25,-22812.5
2025-08-09 20:30:47.731,True,112.38,102.25,-18750.0
2025-08-09 20:30:48.733,True,111.12,102.25,-20312.5
2025-08-09 20:30:49.735,True,112.5,102.25,-18593.75
2025-08-09 20:30:50.737,True,113.12,102.25,-17812.5
2025-08-09 20:30:51.740,True,111.88,102.25,-19375.0
2025-08-09 20:30:52.742,True,112.25,102.25,-18906.25
2025-08-09 20:30:53.744,True,109.0,102.25,-22812.5
2025-08-09 20:30:54.746,True,111.88,102.25,-19375.0
2025-08-09 20:30:55.748,True,112.12,102.25,-19062.5
2025-08-09 20:30:56.750,True,111.5,102.25,-19843.75
2025-08-09 20:30:57.753,True,107.38,102.38,-25000.0
2025-08-09 20:30:58.755,True,111.12,102.38,-20468.75
2025-08-09 20:30:59.757,True,111.75,102.38,-19687.5
2025-08-09 20:31:00.760,True,110.25,102.38,-21562.5
2025-08-09 20:31:01.762,True,111.38,102.38,-20156.25
2025-08-09 20:31:02.764,True,111.25,102.38,-20312.5
2025-08-09 20:31:03.767,True,113.75,102.38,-17343.75
2025-08-09 20:31:04.769,True,114.0,102.38,-17031.25
2025-08-09 20:31:05.771,True,111.62,102.38,-19843.75
2025-08-09 20:31:06.773,True,114.12,102.38,-16875.0
2025-08-09 20:31:07.775,True,113.38,102.38,-18437.5
2025-08-09 20:31:08.777,True,113.38,102.38,-17656.25
2025-08-09 20:31:09.779,True,112.5,102.38,-18750.0
2025-08-09 20:31:10.781,True,112.38,102.38,-18593.75
2025-08-09 20:31:11.783,True,108.88,102.38,-23125.0
2025-08-09 20:31:12.786,True,110.25,102.5,-21718.75
2025-08-09 20:31:13.788,True,111.62,102.5,-20000.0
2025-08-09 20:31:14.790,True,112.5,102.5,-18906.25
2025-08-09 20:31:15.792,True,108.88,102.5,-23281.25
2025-08-09 20:31:16.794,True,108.5,102.5,-23750.0
2025-08-09 20:31:17.796,True,110.12,102.5,-21875.0
2025-08-09 20:31:18.798,True,114.12,102.5,-17031.25
2025-08-09 20:31:19.801,True,113.38,102.5,-16875.0
2025-08-09 20:31:20.804,True,112.25,102.5,-19218.75
2025-08-09 20:31:21.809,True,113.88,102.5,-17343.75
2025-08-09 20:31:22.811,True,114.62,102.5,-16406.25
2025-08-09 20:31:23.814,True,113.62,102.5,-17500.0
2025-08-09 20:31:24.816,True,115.0,102.5,-15937.5
2025-08-09 20:31:25.818,True,114.5,102.5,-16562.5
2025-08-09 20:31:26.820,True,113.38,102.5,-17812.5
2025-08-09 20:31:27.825,True,114.38,102.5,-16718.75
2025-08-09 20:31:28.826,True,112.25,102.5,-19687.5
2025-08-09 20:31:29.828,True,111.25,102.5,-20468.75
2025-08-09 20:31:30.830,True,113.88,102.5,-17343.75
2025-08-09 20:31:31.832,True,113.38,102.5,-17812.5
2025-08-09 20:31:32.833,True,113.0,102.5,-18281.25
2025-08-09 20:31:33.836,True,113.25,102.5,-17968.75
2025-08-09 20:31:34.838,True,112.88,102.5,-18437.5
2025-08-09 20:31:35.840,True,111.12,102.5,-20625.0
2025-08-09 20:31:36.843,True,112.25,102.62,-19375.0
2025-08-09 20:31:37.844,True,111.25,102.62,-20625.0
2025-08-09 20:33:29.437,True,0.0,0.0,0.0
2025-08-09 20:33:30.460,True,35.5,103.25,-19843.75
2025-08-09 20:33:31.463,True,34.879999999999995,103.25,-20625.0
2025-08-09 20:33:32.465,True,36.25,103.25,-18906.25
2025-08-09 20:33:33.468,True,37.379999999999995,103.25,-17500.0
2025-08-09 20:33:34.470,True,37.379999999999995,103.25,-17500.0
2025-08-09 20:33:35.473,True,0.0,0.0,0.0
2025-08-09 20:33:36.476,True,39.0,103.25,-15625.0
2025-08-09 20:33:37.478,True,0.0,0.0,0.0
2025-08-09 20:33:38.481,True,37.879999999999995,103.25,-16875.0
2025-08-09 20:33:46.514,True,37.5,103.25,-17343.75
2025-08-09 20:33:47.516,True,37.75,103.25,-17031.25
2025-08-09 20:33:48.517,True,35.75,103.25,-19531.25
2025-08-09 20:33:49.521,True,36.5,103.25,-18593.75
2025-08-09 20:33:50.525,True,36.620000000000005,103.25,-18437.5
2025-08-09 20:33:51.527,True,36.0,103.25,-19218.75
2025-08-09 20:33:52.529,True,34.379999999999995,103.25,-21250.0
2025-08-09 20:33:53.533,True,34.120000000000005,103.38,-21718.75
2025-08-09 20:33:54.536,True,34.879999999999995,103.38,-20781.25
2025-08-09 20:33:55.538,True,35.379999999999995,103.38,-20156.25
2025-08-09 20:33:56.541,True,35.620000000000005,103.38,-19843.75
2025-08-09 20:33:57.544,True,36.120000000000005,103.38,-19218.75
2025-08-09 20:33:58.547,True,35.5,103.38,-20000.0
2025-08-09 20:33:59.549,True,36.879999999999995,103.38,-18281.25
2025-08-09 20:34:00.551,True,36.379999999999995,103.38,-18906.25
2025-08-09 20:34:01.932,True,35.25,103.38,-20312.5
2025-08-09 20:34:02.934,True,35.25,103.38,-20312.5
2025-08-09 20:34:03.936,True,35.120000000000005,103.38,-20468.75
2025-08-09 20:34:04.938,True,36.75,103.38,-18437.5
2025-08-09 20:34:05.939,True,36.5,103.38,-18750.0
2025-08-09 20:34:06.942,True,36.120000000000005,103.38,-19218.75
2025-08-09 20:34:07.944,True,37.379999999999995,103.38,-17656.25
2025-08-09 20:34:08.946,True,38.120000000000005,103.38,-16718.75
2025-08-09 20:34:09.949,True,37.5,103.38,-17500.0
2025-08-09 20:34:10.951,True,38.120000000000005,103.38,-16718.75
2025-08-09 20:34:11.954,True,38.75,103.38,-16093.75
2025-08-09 20:34:12.957,True,38.75,103.38,-16093.75
2025-08-09 20:34:13.961,True,38.879999999999995,103.38,-15937.5
2025-08-09 20:34:14.963,True,38.5,103.38,-16406.25
2025-08-09 20:34:15.966,True,38.879999999999995,103.38,-15937.5
2025-08-09 20:34:16.968,True,38.379999999999995,103.38,-16562.5
2025-08-09 20:34:17.970,True,38.120000000000005,103.38,-16718.75
2025-08-09 20:34:18.973,True,38.620000000000005,103.38,-16250.0
2025-08-09 20:34:19.975,True,39.0,103.38,-15781.25
2025-08-09 20:34:20.978,True,39.379999999999995,103.38,-15312.5
2025-08-09 20:34:21.980,True,40.379999999999995,103.38,-14062.5
2025-08-09 20:36:10.364,True,0.0,0.0,0.0
2025-08-09 20:36:11.380,True,25.25,104.0,-17343.75
2025-08-09 20:36:12.382,True,26.75,104.0,-15625.0
2025-08-09 20:36:13.388,True,27.25,104.0,-15000.0
2025-08-09 20:36:14.394,True,26.379999999999995,104.0,-15937.5
2025-08-09 20:36:15.398,True,27.25,104.0,-15000.0
2025-08-09 20:36:16.436,True,26.25,104.0,-16093.75
2025-08-09 20:36:17.439,True,26.620000000000005,104.0,-15781.25
2025-08-09 20:36:18.442,True,26.0,104.0,-16406.25
2025-08-09 20:36:20.064,True,27.0,104.0,-15312.5
2025-08-09 20:36:21.066,True,26.120000000000005,104.0,-16250.0
2025-08-09 20:36:28.427,True,27.120000000000005,104.0,-15156.25
2025-08-09 20:36:29.431,True,26.120000000000005,104.0,-16250.0
2025-08-09 20:36:30.433,True,25.120000000000005,104.0,-17500.0
2025-08-09 20:36:31.436,True,26.620000000000005,104.0,-16562.5
2025-08-09 20:36:32.440,True,24.25,104.0,-18593.75
2025-08-09 20:37:49.749,True,26.25,104.0,-16093.75
2025-08-09 20:37:50.751,True,26.120000000000005,104.0,-16250.0
2025-08-09 20:37:51.753,True,26.25,104.0,-16093.75
2025-08-09 20:37:52.755,True,26.25,104.0,-16093.75
2025-08-09 20:37:53.759,True,26.25,104.0,-16093.75
2025-08-09 20:37:54.762,True,26.25,104.0,-16093.75
2025-08-09 20:37:58.231,True,26.25,104.0,-16093.75
2025-08-09 20:37:59.233,True,26.25,104.0,-16093.75
2025-08-09 20:38:00.235,True,26.25,104.0,-16093.75
2025-08-09 20:38:01.237,True,26.25,104.0,-16093.75
2025-08-09 20:38:02.238,True,26.25,104.0,-16093.75
2025-08-09 20:38:08.519,True,28.0,104.12,-14218.75
2025-08-09 20:38:09.883,True,27.379999999999995,104.12,-15000.0
2025-08-09 20:38:10.885,True,28.25,104.12,-13906.25
2025-08-09 20:38:11.888,True,28.0,104.12,-14218.75
2025-08-09 20:38:12.890,True,28.120000000000005,104.12,-14062.5
2025-08-09 20:38:13.893,True,27.379999999999995,104.12,-15000.0
2025-08-09 20:38:14.895,True,27.620000000000005,104.12,-14687.5
2025-08-09 20:38:15.897,True,26.879999999999995,104.12,-15625.0
2025-08-09 20:38:16.900,True,26.120000000000005,104.12,-16406.25
2025-08-09 20:38:17.903,True,25.879999999999995,104.12,-16718.75
2025-08-09 20:38:18.907,True,25.75,104.12,-16875.0
2025-08-09 20:38:19.910,True,27.25,104.12,-15156.25
2025-08-09 20:38:20.918,True,27.75,104.12,-14531.25
2025-08-09 20:38:21.921,True,28.25,104.12,-13906.25
2025-08-09 20:38:43.035,True,26.0,104.25,-16718.75
2025-08-09 20:38:44.040,True,25.120000000000005,104.25,-17812.5
2025-08-09 20:38:45.042,True,25.75,104.25,-17031.25
2025-08-09 20:38:46.282,True,26.0,104.25,-16718.75
2025-08-09 20:38:47.677,True,27.75,104.25,-14687.5
2025-08-09 20:38:48.679,True,28.120000000000005,104.25,-14218.75
2025-08-09 20:38:49.687,True,26.879999999999995,104.25,-15625.0
2025-08-09 20:38:50.150,True,0.0,0.0,0.0
2025-08-09 20:38:50.693,True,25.75,104.25,-17031.25
2025-08-09 20:38:51.162,True,25.0,104.25,-17968.75
2025-08-09 20:38:51.695,True,26.0,104.25,-16718.75
2025-08-09 20:38:52.166,True,26.25,104.38,-16406.25
2025-08-09 20:38:52.698,True,28.379999999999995,104.25,-13906.25
2025-08-09 20:38:53.172,True,28.120000000000005,104.38,-14375.0
2025-08-09 20:38:53.700,True,28.0,104.25,-14531.25
2025-08-09 20:38:54.174,True,28.0,104.25,-14375.0
2025-08-09 20:38:54.702,True,28.879999999999995,104.25,-13750.0
2025-08-09 20:38:55.177,True,27.879999999999995,104.38,-14687.5
2025-08-09 20:38:55.705,True,28.0,104.25,-14375.0
2025-08-09 20:38:56.180,True,28.25,104.25,-14062.5
2025-08-09 20:38:59.290,True,27.879999999999995,104.38,-14687.5
2025-08-09 20:38:59.286,True,27.879999999999995,104.38,-14687.5
2025-08-09 20:39:01.020,True,27.879999999999995,104.38,-14687.5
2025-08-09 20:39:01.021,True,27.879999999999995,104.38,-14687.5
2025-08-09 20:39:02.239,True,27.5,104.38,-15156.25
2025-08-09 20:39:02.240,True,27.5,104.38,-15156.25
2025-08-09 20:39:03.241,True,29.120000000000005,104.38,-13125.0
2025-08-09 20:39:03.243,True,29.120000000000005,104.38,-13125.0
2025-08-09 20:39:04.244,True,29.25,104.38,-12968.75
2025-08-09 20:39:04.246,True,29.120000000000005,104.38,-12968.75
2025-08-09 20:39:05.246,True,28.120000000000005,104.38,-14375.0
2025-08-09 20:39:05.249,True,28.120000000000005,104.38,-14375.0
2025-08-09 20:39:06.249,True,27.620000000000005,104.38,-15000.0
2025-08-09 20:39:06.252,True,27.620000000000005,104.38,-15000.0
2025-08-09 20:39:07.253,True,28.879999999999995,104.38,-13437.5
2025-08-09 20:39:07.258,True,28.879999999999995,104.38,-13437.5
2025-08-09 20:39:08.256,True,27.25,104.38,-15312.5
2025-08-09 20:39:08.261,True,27.25,104.38,-15312.5
2025-08-09 20:39:09.260,True,28.0,104.38,-14531.25
2025-08-09 20:39:09.266,True,28.0,104.38,-14531.25
2025-08-09 20:39:10.265,True,28.0,104.38,-14531.25
2025-08-09 20:39:10.271,True,28.0,104.38,-14531.25
2025-08-09 20:39:11.267,True,28.0,104.38,-14531.25
2025-08-09 20:39:11.273,True,28.0,104.38,-14531.25
2025-08-09 20:39:13.077,True,27.120000000000005,104.38,-15468.75
2025-08-09 20:39:13.076,True,27.120000000000005,104.38,-15468.75
2025-08-09 20:39:14.081,True,28.0,104.38,-14531.25
2025-08-09 20:39:14.087,True,28.0,104.38,-14531.25
2025-08-09 20:39:15.083,True,27.25,104.38,-15312.5
2025-08-09 20:39:15.095,True,27.25,104.38,-15312.5
2025-08-09 20:39:16.086,True,26.5,104.38,-16250.0
2025-08-09 20:39:16.099,True,26.5,104.38,-16250.0
2025-08-09 20:39:17.088,True,26.879999999999995,104.38,-15781.25
2025-08-09 20:39:17.102,True,26.879999999999995,104.38,-15781.25
2025-08-09 20:39:18.091,True,26.620000000000005,104.38,-16093.75
2025-08-09 20:39:18.106,True,26.620000000000005,104.38,-16093.75
2025-08-09 20:39:20.166,True,21.879999999999995,104.38,-21875.0
2025-08-09 20:39:20.166,True,21.879999999999995,104.38,-21875.0
2025-08-09 20:39:21.169,True,23.379999999999995,104.38,-20156.25
2025-08-09 20:39:21.168,True,22.379999999999995,104.38,-21406.25
2025-08-09 20:39:22.172,True,24.620000000000005,104.38,-18593.75
2025-08-09 20:39:22.174,True,24.620000000000005,104.38,-18593.75
2025-08-09 20:39:23.175,True,28.620000000000005,104.38,-13750.0
2025-08-09 20:39:23.179,True,28.620000000000005,104.38,-13437.5
2025-08-09 20:39:24.178,True,28.879999999999995,104.38,-13437.5
2025-08-09 20:39:24.181,True,28.879999999999995,104.38,-13437.5
2025-08-09 20:39:25.463,True,29.0,104.38,-13281.25
2025-08-09 20:39:25.462,True,29.0,104.38,-13281.25
2025-08-09 20:39:26.470,True,27.879999999999995,104.38,-14687.5
2025-08-09 20:39:26.480,True,27.879999999999995,104.38,-14687.5
2025-08-09 20:39:27.483,True,26.879999999999995,104.38,-15781.25
2025-08-09 20:39:28.992,True,27.120000000000005,104.38,-15468.75
2025-08-09 20:39:29.995,True,27.120000000000005,104.38,-15468.75
2025-08-09 20:39:30.708,True,25.75,104.38,-17187.5
2025-08-09 20:39:30.997,True,25.0,104.38,-18125.0
2025-08-09 20:39:31.711,True,24.879999999999995,104.5,-18281.25
2025-08-09 20:39:32.000,True,26.25,104.5,-16718.75
2025-08-09 20:39:33.289,True,26.0,104.5,-17500.0
2025-08-09 20:39:33.002,True,26.5,104.5,-16406.25
2025-08-09 20:39:34.326,True,26.5,104.5,-16406.25
2025-08-09 20:39:34.330,True,26.5,104.5,-16406.25
2025-08-09 20:39:35.330,True,26.879999999999995,104.5,-15937.5
2025-08-09 20:39:35.332,True,26.879999999999995,104.5,-15937.5
2025-08-09 20:39:36.336,True,27.5,104.5,-15156.25
2025-08-09 20:39:36.338,True,26.5,104.5,-15156.25
2025-08-09 20:39:37.340,True,26.620000000000005,104.5,-16250.0
2025-08-09 20:39:37.340,True,26.620000000000005,104.5,-16250.0
2025-08-09 20:39:38.344,True,26.25,104.5,-16718.75
2025-08-09 20:39:38.345,True,26.25,104.5,-16718.75
2025-08-09 20:39:39.347,True,26.620000000000005,104.5,-16250.0
2025-08-09 20:39:39.350,True,26.620000000000005,104.5,-16250.0
2025-08-09 20:39:40.350,True,25.75,104.5,-17343.75
2025-08-09 20:39:40.353,True,25.75,104.5,-17343.75
2025-08-09 20:39:41.353,True,29.120000000000005,104.5,-13281.25
2025-08-09 20:39:41.356,True,29.120000000000005,104.5,-13281.25
2025-08-09 20:39:42.355,True,25.379999999999995,104.5,-17812.5
2025-08-09 20:39:42.358,True,25.379999999999995,104.5,-17812.5
2025-08-09 20:39:43.361,True,26.5,104.62,-16562.5
2025-08-09 20:39:43.364,True,26.5,104.62,-16562.5
2025-08-09 20:39:44.364,True,28.0,104.62,-14843.75
2025-08-09 20:39:44.366,True,27.379999999999995,104.62,-15468.75
2025-08-09 20:39:45.368,True,28.5,104.62,-14218.75
2025-08-09 20:39:45.369,True,28.5,104.62,-14218.75
2025-08-09 20:39:46.370,True,29.120000000000005,104.62,-13437.5
2025-08-09 20:39:47.372,True,29.25,104.62,-13281.25
2025-08-09 20:39:48.110,True,29.5,104.62,-12968.75
2025-08-09 20:39:48.378,True,29.620000000000005,104.62,-12812.5
2025-08-09 20:39:49.112,True,29.5,104.62,-12968.75
2025-08-09 20:39:50.845,True,27.620000000000005,104.62,-15156.25
2025-08-09 20:39:50.845,True,27.620000000000005,104.62,-15156.25
2025-08-09 20:39:52.119,True,28.620000000000005,104.62,-14062.5
2025-08-09 20:39:51.854,True,27.25,104.62,-15625.0
2025-08-09 20:39:53.121,True,27.5,104.62,-15312.5
2025-08-09 20:39:53.675,True,27.75,104.62,-15000.0
2025-08-09 20:39:54.123,True,27.75,104.62,-15000.0
2025-08-09 20:39:56.457,True,28.75,104.62,-13906.25
2025-08-09 20:39:56.459,True,28.75,104.62,-13906.25
2025-08-09 20:39:57.461,True,28.120000000000005,104.62,-14687.5
2025-08-09 20:39:57.461,True,28.120000000000005,104.62,-14687.5
2025-08-09 20:39:58.464,True,26.379999999999995,104.62,-16718.75
2025-08-09 20:39:58.465,True,26.379999999999995,104.62,-16718.75
2025-08-09 20:40:03.719,True,28.120000000000005,104.62,-14687.5
2025-08-09 20:40:03.719,True,28.120000000000005,104.62,-14687.5
2025-08-09 20:40:04.721,True,28.620000000000005,104.75,-14218.75
2025-08-09 20:40:04.723,True,28.620000000000005,104.75,-14218.75
2025-08-09 20:40:05.725,True,26.5,104.75,-16718.75
2025-08-09 20:40:05.728,True,26.5,104.75,-16718.75
2025-08-09 20:40:06.729,True,27.120000000000005,104.75,-15937.5
2025-08-09 20:40:06.731,True,27.879999999999995,104.75,-15937.5
2025-08-09 20:40:07.731,True,27.75,104.75,-15156.25
2025-08-09 20:40:07.734,True,27.75,104.75,-15156.25
2025-08-09 20:40:08.733,True,28.120000000000005,104.75,-14687.5
2025-08-09 20:40:08.737,True,28.120000000000005,104.75,-14687.5
2025-08-09 20:40:19.798,True,28.120000000000005,104.75,-14687.5
2025-08-09 20:40:19.798,True,28.120000000000005,104.75,-14687.5
2025-08-09 20:40:20.800,True,28.120000000000005,104.75,-14687.5
2025-08-09 20:40:20.801,True,28.120000000000005,104.75,-14687.5
2025-08-09 20:40:21.801,True,28.120000000000005,104.75,-14687.5
2025-08-09 20:40:22.803,True,28.120000000000005,104.75,-14687.5
2025-08-09 20:40:21.802,True,28.120000000000005,104.75,-14687.5
2025-08-09 20:40:23.805,True,28.120000000000005,104.75,-14687.5
2025-08-09 20:40:24.052,True,28.120000000000005,104.75,-14687.5
2025-08-09 20:40:24.807,True,29.120000000000005,104.88,-13750.0
2025-08-09 20:40:25.054,True,29.120000000000005,104.88,-13750.0
2025-08-09 20:40:28.278,True,29.879999999999995,104.88,-12812.5
2025-08-09 20:40:28.279,True,29.879999999999995,104.88,-12812.5
2025-08-09 20:40:29.282,True,31.120000000000005,104.88,-11250.0
2025-08-09 20:40:29.453,True,31.120000000000005,104.88,-11250.0
2025-08-09 20:40:30.284,True,30.5,104.88,-12031.25
2025-08-09 20:40:30.456,True,30.5,104.88,-12031.25
2025-08-09 20:40:31.635,True,30.25,104.88,-12343.75
2025-08-09 20:40:31.636,True,30.25,104.88,-12343.75
2025-08-09 20:40:32.638,True,29.879999999999995,104.88,-12812.5
2025-08-09 20:40:32.638,True,29.879999999999995,104.88,-12812.5
2025-08-09 20:40:33.641,True,29.120000000000005,104.88,-13437.5
2025-08-09 20:40:33.660,True,29.120000000000005,104.88,-13437.5
2025-08-09 20:40:34.646,True,28.620000000000005,105.0,-14375.0
2025-08-09 20:40:34.670,True,28.620000000000005,105.0,-14375.0
2025-08-09 20:40:35.648,True,30.5,105.0,-12187.5
2025-08-09 20:40:35.674,True,30.5,105.0,-12187.5
2025-08-09 20:40:36.650,True,29.0,105.0,-14062.5
2025-08-09 20:40:36.676,True,29.0,105.0,-14062.5
2025-08-09 20:40:37.652,True,29.5,105.0,-13437.5
2025-08-09 20:40:37.679,True,29.5,105.0,-13437.5
2025-08-09 20:40:38.655,True,30.75,105.0,-11875.0
2025-08-09 20:40:38.682,True,30.75,105.0,-11875.0
2025-08-09 20:40:39.658,True,30.620000000000005,105.0,-12031.25
2025-08-09 20:40:39.686,True,30.620000000000005,105.0,-12031.25
2025-08-09 20:40:40.660,True,29.5,105.0,-13437.5
2025-08-09 20:40:40.689,True,29.5,105.0,-13437.5
2025-08-09 20:40:41.663,True,29.120000000000005,105.0,-13906.25
2025-08-09 20:40:41.691,True,29.120000000000005,105.0,-13906.25
2025-08-09 20:40:42.667,True,28.75,105.0,-14218.75
2025-08-09 20:40:42.694,True,28.75,105.0,-14218.75
2025-08-09 20:40:43.670,True,28.75,105.0,-14218.75
2025-08-09 20:40:43.696,True,28.75,105.0,-14218.75
2025-08-09 20:40:44.673,True,27.620000000000005,105.0,-15625.0
2025-08-09 20:40:44.699,True,27.620000000000005,105.0,-16562.5
2025-08-09 20:40:45.675,True,24.5,105.0,-19531.25
2025-08-09 20:40:45.703,True,24.5,105.0,-19531.25
2025-08-09 20:40:46.678,True,24.379999999999995,105.0,-19687.5
2025-08-09 20:40:46.707,True,24.379999999999995,105.0,-19687.5
2025-08-09 20:40:47.680,True,26.5,105.12,-17187.5
2025-08-09 20:40:47.710,True,26.5,105.12,-17187.5
2025-08-09 20:40:48.682,True,27.120000000000005,105.12,-16406.25
2025-08-09 20:40:48.712,True,27.120000000000005,105.12,-16406.25
2025-08-09 20:40:49.684,True,28.620000000000005,105.12,-14531.25
2025-08-09 20:40:49.715,True,28.620000000000005,105.12,-14531.25
2025-08-09 20:40:51.174,True,27.879999999999995,105.12,-15625.0
2025-08-09 20:40:55.033,True,27.75,105.12,-15625.0
2025-08-09 20:41:13.426,True,27.120000000000005,105.25,-15781.25
2025-08-09 20:41:14.428,True,30.5,105.25,-12500.0
2025-08-09 20:41:16.393,True,29.25,105.25,-13906.25
2025-08-09 20:41:17.395,True,30.120000000000005,105.25,-12968.75
2025-08-09 20:41:18.397,True,29.879999999999995,105.25,-13281.25
2025-08-09 20:41:19.399,True,29.879999999999995,105.38,-13281.25
2025-08-09 20:41:20.364,True,29.75,105.38,-13125.0
2025-08-09 20:41:20.401,True,30.0,105.38,-13125.0
2025-08-09 20:41:21.367,True,30.25,105.38,-12968.75
2025-08-09 20:41:21.408,True,30.379999999999995,105.38,-12812.5
2025-08-09 20:41:22.370,True,29.620000000000005,105.38,-13593.75
2025-08-09 20:41:22.412,True,29.620000000000005,105.38,-13593.75
2025-08-09 20:41:23.372,True,28.620000000000005,105.38,-14843.75
2025-08-09 20:41:23.415,True,28.620000000000005,105.38,-14843.75
2025-08-09 20:41:24.375,True,29.120000000000005,105.38,-14218.75
2025-08-09 20:41:24.420,True,29.120000000000005,105.38,-14218.75
2025-08-09 20:41:25.378,True,29.5,105.38,-13750.0
2025-08-09 20:41:25.423,True,29.5,105.38,-13750.0
2025-08-09 20:41:26.381,True,30.5,105.38,-12656.25
2025-08-09 20:41:26.426,True,30.5,105.38,-12656.25
2025-08-09 20:41:27.384,True,31.120000000000005,105.38,-11875.0
2025-08-09 20:41:27.428,True,31.120000000000005,105.38,-11875.0
2025-08-09 20:41:28.385,True,29.75,105.38,-13437.5
2025-08-09 20:41:28.431,True,29.75,105.38,-13437.5
2025-08-09 20:41:29.388,True,31.620000000000005,105.38,-11250.0
2025-08-09 20:41:29.434,True,31.379999999999995,105.38,-11562.5
2025-08-09 20:41:30.394,True,31.75,105.38,-11093.75
2025-08-09 20:41:30.439,True,31.879999999999995,105.38,-10937.5
2025-08-09 20:41:31.398,True,31.620000000000005,105.38,-11250.0
2025-08-09 20:41:31.442,True,31.620000000000005,105.38,-11250.0
2025-08-09 20:41:32.400,True,30.75,105.38,-12343.75
2025-08-09 20:41:32.444,True,30.75,105.38,-12343.75
2025-08-09 20:41:33.402,True,27.620000000000005,105.5,-16250.0
2025-08-09 20:41:33.447,True,27.620000000000005,105.5,-16250.0
2025-08-09 20:41:34.406,True,26.5,105.5,-17656.25
2025-08-09 20:41:34.450,True,26.5,105.5,-17656.25
2025-08-09 20:41:35.410,True,28.25,105.5,-15468.75
2025-08-09 20:41:35.452,True,28.25,105.5,-15468.75
2025-08-09 20:41:36.414,True,26.379999999999995,105.5,-17812.5
2025-08-09 20:41:36.455,True,26.379999999999995,105.5,-17812.5
2025-08-09 20:41:37.416,True,26.120000000000005,105.5,-18125.0
2025-08-09 20:41:37.458,True,26.120000000000005,105.5,-18125.0
2025-08-09 20:41:38.420,True,27.0,105.62,-17187.5
2025-08-09 20:41:38.460,True,27.0,105.62,-17187.5
2025-08-09 20:41:39.424,True,29.879999999999995,105.62,-11562.5
2025-08-09 20:41:39.464,True,29.879999999999995,105.62,-13593.75
2025-08-09 20:41:40.426,True,29.0,105.62,-14687.5
2025-08-09 20:41:40.467,True,28.620000000000005,105.62,-15156.25
2025-08-09 20:41:41.429,True,29.379999999999995,105.62,-14218.75
2025-08-09 20:41:41.470,True,29.379999999999995,105.62,-14218.75
2025-08-09 20:41:42.432,True,32.120000000000005,105.62,-10937.5
2025-08-09 20:41:42.472,True,32.120000000000005,105.62,-10937.5
2025-08-09 20:41:43.437,True,32.25,105.62,-10781.25
2025-08-09 20:41:43.476,True,32.25,105.62,-10781.25
2025-08-09 20:41:44.439,True,28.879999999999995,105.62,-14843.75
2025-08-09 20:41:44.478,True,28.879999999999995,105.62,-14843.75
2025-08-09 20:41:45.443,True,32.379999999999995,105.62,-10625.0
2025-08-09 20:41:45.483,True,32.379999999999995,105.62,-10625.0
2025-08-09 20:41:46.446,True,30.379999999999995,105.62,-12968.75
2025-08-09 20:41:46.485,True,30.379999999999995,105.62,-12968.75
2025-08-09 20:41:47.448,True,31.379999999999995,105.62,-11875.0
2025-08-09 20:41:47.487,True,31.379999999999995,105.62,-11875.0
2025-08-09 20:41:48.450,True,30.379999999999995,105.62,-12968.75
2025-08-09 20:41:48.489,True,30.379999999999995,105.62,-12968.75
2025-08-09 20:41:49.453,True,27.120000000000005,105.62,-17031.25
2025-08-09 20:41:49.492,True,27.120000000000005,105.62,-17031.25
2025-08-09 20:41:50.455,True,29.120000000000005,105.62,-14531.25
2025-08-09 20:41:50.495,True,29.120000000000005,105.62,-14531.25
2025-08-09 20:41:51.458,True,29.879999999999995,105.62,-13593.75
2025-08-09 20:41:51.499,True,29.879999999999995,105.62,-13593.75
2025-08-09 20:41:52.461,True,28.0,105.75,-15937.5
2025-08-09 20:41:52.501,True,28.0,105.75,-15937.5
2025-08-09 20:41:53.463,True,31.0,105.75,-12343.75
2025-08-09 20:41:53.503,True,31.0,105.75,-12343.75
2025-08-09 20:41:54.465,True,30.620000000000005,105.75,-12812.5
2025-08-09 20:41:54.505,True,30.620000000000005,105.75,-12812.5
2025-08-09 20:41:55.468,True,29.120000000000005,105.75,-14687.5
2025-08-09 20:41:55.507,True,29.120000000000005,105.75,-14687.5
2025-08-09 20:41:57.101,True,30.75,105.75,-12656.25
2025-08-09 20:41:57.103,True,30.75,105.75,-12656.25
2025-08-09 20:41:58.103,True,27.620000000000005,105.75,-16562.5
2025-08-09 20:41:58.106,True,27.620000000000005,105.75,-16562.5
2025-08-09 20:41:59.109,True,33.0,105.75,-10000.0
2025-08-09 20:41:59.109,True,33.0,105.75,-10000.0
2025-08-09 20:42:00.111,True,32.120000000000005,105.75,-11093.75
2025-08-09 20:42:00.114,True,32.120000000000005,105.75,-11093.75
2025-08-09 20:42:01.114,True,30.0,105.75,-13593.75
2025-08-09 20:42:01.117,True,30.0,105.75,-13593.75
2025-08-09 20:42:02.118,True,29.120000000000005,105.75,-14687.5
2025-08-09 20:42:02.119,True,29.120000000000005,105.75,-14687.5
2025-08-09 20:42:03.120,True,29.120000000000005,105.75,-14687.5
2025-08-09 20:42:03.121,True,29.120000000000005,105.75,-14687.5
2025-08-09 20:42:04.122,True,30.25,105.75,-13281.25
2025-08-09 20:42:04.123,True,31.25,105.75,-12031.25
2025-08-09 20:42:05.125,True,24.379999999999995,105.88,-20781.25
2025-08-09 20:42:05.126,True,24.379999999999995,105.88,-20781.25
2025-08-09 20:42:06.127,True,27.620000000000005,105.88,-16718.75
2025-08-09 20:42:06.129,True,27.620000000000005,105.88,-16718.75
2025-08-09 20:42:07.130,True,27.25,105.88,-15937.5
2025-08-09 20:42:07.133,True,28.25,105.88,-15937.5
2025-08-09 20:42:08.133,True,29.5,105.88,-14375.0
2025-08-09 20:42:08.136,True,29.5,105.88,-14375.0
2025-08-09 20:42:09.135,True,26.120000000000005,106.0,-18750.0
2025-08-09 20:42:09.138,True,26.120000000000005,106.0,-18750.0
2025-08-09 20:42:10.138,True,26.120000000000005,106.0,-18750.0
2025-08-09 20:42:10.141,True,26.120000000000005,106.0,-18750.0
2025-08-09 20:42:11.140,True,28.120000000000005,106.0,-16250.0
2025-08-09 20:42:11.143,True,28.120000000000005,106.0,-16250.0
2025-08-09 20:42:12.143,True,28.75,106.0,-15468.75
2025-08-09 20:42:12.147,True,28.75,106.0,-15468.75
2025-08-09 20:42:13.146,True,27.879999999999995,106.0,-16562.5
2025-08-09 20:42:13.151,True,27.879999999999995,106.0,-16562.5
2025-08-09 20:42:14.148,True,25.5,106.12,-19687.5
2025-08-09 20:42:14.154,True,25.5,106.12,-19687.5
2025-08-09 20:42:15.150,True,25.620000000000005,106.12,-19531.25
2025-08-09 20:42:15.156,True,25.620000000000005,106.12,-19531.25
2025-08-09 20:42:16.152,True,31.5,106.12,-12187.5
2025-08-09 20:42:16.158,True,31.5,106.12,-12187.5
2025-08-09 20:42:17.154,True,28.379999999999995,106.12,-16093.75
2025-08-09 20:42:17.160,True,28.379999999999995,106.12,-16093.75
2025-08-09 20:42:18.157,True,31.0,106.12,-12812.5
2025-08-09 20:42:18.162,True,31.0,106.12,-13125.0
2025-08-09 20:42:19.159,True,30.75,106.12,-13125.0
2025-08-09 20:42:19.166,True,30.75,106.12,-13125.0
2025-08-09 20:42:20.163,True,30.25,106.12,-13750.0
2025-08-09 20:42:20.168,True,30.25,106.12,-13750.0
2025-08-09 20:42:21.165,True,32.120000000000005,106.12,-11406.25
2025-08-09 20:42:21.170,True,32.120000000000005,106.12,-11406.25
2025-08-09 20:42:22.167,True,34.379999999999995,106.12,-8593.75
2025-08-09 20:42:22.173,True,34.379999999999995,106.12,-8593.75
2025-08-09 20:42:23.169,True,33.120000000000005,106.12,-10156.25
2025-08-09 20:42:23.176,True,33.120000000000005,106.12,-10156.25
2025-08-09 20:42:24.172,True,33.120000000000005,106.12,-10156.25
2025-08-09 20:42:24.178,True,33.120000000000005,106.12,-9218.75
2025-08-09 20:42:25.174,True,33.75,106.12,-9375.0
2025-08-09 20:42:25.179,True,33.75,106.12,-9375.0
2025-08-09 20:42:26.176,True,33.620000000000005,106.12,-9531.25
2025-08-09 20:42:26.181,True,33.620000000000005,106.12,-9531.25
2025-08-09 20:42:27.179,True,32.620000000000005,106.12,-10781.25
2025-08-09 20:42:27.183,True,32.620000000000005,106.12,-10312.5
2025-08-09 20:42:28.183,True,33.120000000000005,106.12,-10156.25
2025-08-09 20:42:28.186,True,33.120000000000005,106.12,-10156.25
2025-08-09 20:42:29.186,True,33.379999999999995,106.12,-9843.75
2025-08-09 20:42:29.190,True,33.379999999999995,106.12,-9843.75
2025-08-09 20:42:30.190,True,33.620000000000005,106.12,-9531.25
2025-08-09 20:42:30.192,True,33.620000000000005,106.12,-9531.25
2025-08-09 20:42:31.193,True,33.75,106.12,-9375.0
2025-08-09 20:42:31.196,True,33.75,106.12,-9375.0
2025-08-09 20:42:32.196,True,33.879999999999995,106.12,-9218.75
2025-08-09 20:42:32.198,True,33.879999999999995,106.12,-9218.75
2025-08-09 20:42:33.198,True,33.379999999999995,106.12,-9843.75
2025-08-09 20:42:33.201,True,33.379999999999995,106.12,-9843.75
2025-08-09 20:42:34.201,True,32.379999999999995,106.12,-11093.75
2025-08-09 20:42:34.203,True,32.379999999999995,106.12,-11093.75
2025-08-09 20:42:35.203,True,32.75,106.12,-10625.0
2025-08-09 20:42:35.206,True,32.879999999999995,106.12,-10468.75
2025-08-09 20:42:36.207,True,32.620000000000005,106.12,-11250.0
2025-08-09 20:42:36.210,True,32.25,106.12,-11250.0
2025-08-09 20:42:37.213,True,27.879999999999995,106.25,-16875.0
2025-08-09 20:42:37.212,True,29.120000000000005,106.25,-15156.25
2025-08-09 20:42:38.215,True,29.379999999999995,106.25,-15000.0
2025-08-09 20:42:38.216,True,29.379999999999995,106.25,-15000.0
2025-08-09 20:42:39.218,True,30.620000000000005,106.25,-13437.5
2025-08-09 20:42:39.219,True,31.0,106.25,-12968.75
2025-08-09 20:42:40.220,True,29.620000000000005,106.25,-14687.5
2025-08-09 20:42:40.220,True,29.620000000000005,106.25,-14687.5
2025-08-09 20:42:41.224,True,32.5,106.25,-11093.75
2025-08-09 20:42:41.225,True,32.5,106.25,-11093.75
2025-08-09 20:42:42.226,True,32.620000000000005,106.25,-10937.5
2025-08-09 20:42:42.228,True,32.620000000000005,106.25,-10937.5
2025-08-09 20:42:43.228,True,32.0,106.25,-11718.75
2025-08-09 20:42:43.230,True,32.0,106.25,-11718.75
2025-08-09 20:42:44.230,True,31.379999999999995,106.25,-12500.0
2025-08-09 20:42:44.232,True,31.379999999999995,106.25,-12500.0
2025-08-09 20:42:45.233,True,30.75,106.25,-13281.25
2025-08-09 20:42:45.235,True,30.75,106.25,-13281.25
2025-08-09 20:42:46.235,True,30.120000000000005,106.25,-14062.5
2025-08-09 20:42:46.238,True,30.120000000000005,106.25,-14062.5
2025-08-09 20:42:47.237,True,29.25,106.25,-15156.25
2025-08-09 20:42:47.241,True,29.25,106.25,-15156.25
2025-08-09 20:42:48.240,True,33.0,106.25,-10468.75
2025-08-09 20:42:48.244,True,33.0,106.25,-10468.75
2025-08-09 20:42:49.242,True,33.5,106.25,-9843.75
2025-08-09 20:42:49.247,True,33.5,106.25,-9843.75
2025-08-09 20:42:50.244,True,32.0,106.25,-11718.75
2025-08-09 20:42:50.249,True,32.0,106.25,-11718.75
2025-08-09 20:42:51.245,True,35.0,106.25,-7968.75
2025-08-09 20:42:51.251,True,35.0,106.25,-7968.75
2025-08-09 20:42:52.248,True,32.25,106.25,-11406.25
2025-08-09 20:42:52.254,True,32.25,106.25,-11406.25
2025-08-09 20:42:53.250,True,32.75,106.25,-10781.25
2025-08-09 20:42:53.258,True,32.75,106.25,-10781.25
2025-08-09 20:42:54.252,True,30.0,106.25,-14218.75
2025-08-09 20:42:54.260,True,30.0,106.25,-14218.75
2025-08-09 20:42:55.254,True,33.379999999999995,106.25,-10000.0
2025-08-09 20:42:55.263,True,33.379999999999995,106.25,-10000.0
2025-08-09 20:42:56.256,True,32.620000000000005,106.25,-10937.5
2025-08-09 20:42:56.267,True,32.620000000000005,106.25,-10937.5
2025-08-09 20:42:57.258,True,31.75,106.25,-12031.25
2025-08-09 20:42:57.270,True,31.75,106.25,-12031.25
2025-08-09 20:42:58.260,True,31.0,106.25,-12968.75
2025-08-09 20:42:58.273,True,31.0,106.25,-12968.75
2025-08-09 20:42:59.262,True,27.379999999999995,106.25,-17500.0
2025-08-09 20:42:59.275,True,27.379999999999995,106.25,-17500.0
2025-08-09 20:43:00.264,True,30.75,106.25,-13281.25
2025-08-09 20:43:00.277,True,30.75,106.25,-13281.25
2025-08-09 20:43:01.266,True,31.5,106.25,-12343.75
2025-08-09 20:43:01.279,True,31.5,106.25,-12343.75
2025-08-09 20:43:02.268,True,30.620000000000005,106.25,-13437.5
2025-08-09 20:43:02.282,True,30.620000000000005,106.25,-13437.5
2025-08-09 20:43:03.270,True,31.0,106.38,-12968.75
2025-08-09 20:43:03.285,True,31.0,106.25,-12968.75
2025-08-09 20:43:04.273,True,31.620000000000005,106.38,-12343.75
2025-08-09 20:43:04.290,True,31.620000000000005,106.38,-12343.75
2025-08-09 20:43:05.275,True,31.25,106.38,-12812.5
2025-08-09 20:43:05.293,True,31.879999999999995,106.38,-12031.25
2025-08-09 20:43:06.277,True,31.0,106.38,-13125.0
2025-08-09 20:43:06.295,True,31.0,106.38,-13125.0
2025-08-09 20:43:07.279,True,31.25,106.38,-12812.5
2025-08-09 20:43:07.297,True,31.120000000000005,106.38,-12968.75
2025-08-09 20:43:08.282,True,31.0,106.38,-13125.0
2025-08-09 20:43:08.300,True,31.0,106.38,-13125.0
2025-08-09 20:43:09.284,True,31.75,106.38,-12187.5
2025-08-09 20:43:09.302,True,31.379999999999995,106.38,-12656.25
2025-08-09 20:43:10.286,True,30.5,106.38,-13750.0
2025-08-09 20:43:10.304,True,30.5,106.38,-13750.0
2025-08-09 20:43:11.288,True,31.75,106.38,-12187.5
2025-08-09 20:43:11.311,True,31.75,106.38,-12187.5
2025-08-09 20:43:12.290,True,33.379999999999995,106.38,-10156.25
2025-08-09 20:43:12.314,True,33.379999999999995,106.38,-10156.25
2025-08-09 20:43:13.292,True,31.25,106.38,-12812.5
2025-08-09 20:43:13.317,True,31.25,106.38,-12812.5
2025-08-09 20:43:14.296,True,32.620000000000005,106.38,-11093.75
2025-08-09 20:43:14.323,True,32.620000000000005,106.38,-11093.75
2025-08-09 20:43:15.299,True,31.120000000000005,106.38,-12968.75
2025-08-09 20:43:15.325,True,31.120000000000005,106.38,-12968.75
2025-08-09 20:43:16.301,True,31.25,106.38,-12812.5
2025-08-09 20:43:16.328,True,31.620000000000005,106.38,-12343.75
2025-08-09 20:43:17.303,True,32.5,106.38,-11250.0
2025-08-09 20:43:17.330,True,33.0,106.38,-11250.0
2025-08-09 20:43:18.305,True,31.120000000000005,106.38,-12968.75
2025-08-09 20:43:18.332,True,31.5,106.38,-12500.0
2025-08-09 20:43:19.307,True,31.379999999999995,106.38,-12656.25
2025-08-09 20:43:19.334,True,31.379999999999995,106.38,-12656.25
2025-08-09 20:43:20.309,True,31.879999999999995,106.38,-12031.25
2025-08-09 20:43:20.336,True,31.879999999999995,106.38,-11562.5
2025-08-09 20:43:21.311,True,31.620000000000005,106.38,-12343.75
2025-08-09 20:43:21.339,True,31.620000000000005,106.38,-12343.75
2025-08-09 20:43:22.313,True,32.620000000000005,106.38,-11093.75
2025-08-09 20:43:22.343,True,32.620000000000005,106.38,-11093.75
2025-08-09 20:43:23.315,True,30.75,106.38,-13437.5
2025-08-09 20:43:23.345,True,30.75,106.38,-13437.5
2025-08-09 20:43:24.318,True,30.5,106.38,-13750.0
2025-08-09 20:43:24.347,True,30.5,106.38,-13750.0
2025-08-09 20:43:25.322,True,29.5,106.5,-15156.25
2025-08-09 20:43:25.352,True,29.5,106.5,-15156.25
2025-08-09 20:43:26.325,True,30.379999999999995,106.5,-14062.5
2025-08-09 20:43:26.355,True,31.25,106.5,-14062.5
2025-08-09 20:43:27.327,True,30.879999999999995,106.5,-13437.5
2025-08-09 20:43:27.357,True,30.879999999999995,106.5,-13437.5
2025-08-09 20:43:28.329,True,30.25,106.5,-14218.75
2025-08-09 20:43:28.359,True,30.25,106.5,-14218.75
2025-08-09 20:43:29.331,True,31.0,106.5,-13281.25
2025-08-09 20:43:29.361,True,31.0,106.5,-11562.5
2025-08-09 20:43:30.333,True,32.620000000000005,106.5,-11250.0
2025-08-09 20:43:30.363,True,32.620000000000005,106.5,-11250.0
2025-08-09 20:43:31.335,True,28.879999999999995,106.5,-15937.5
2025-08-09 20:43:31.366,True,28.879999999999995,106.5,-15937.5
2025-08-09 20:43:32.337,True,29.879999999999995,106.5,-14687.5
2025-08-09 20:43:32.369,True,29.879999999999995,106.5,-14687.5
2025-08-09 20:43:33.339,True,30.879999999999995,106.5,-13437.5
2025-08-09 20:43:33.371,True,30.879999999999995,106.5,-13437.5
2025-08-09 20:43:34.341,True,31.5,106.5,-12656.25
2025-08-09 20:43:34.373,True,31.5,106.5,-12656.25
2025-08-09 20:43:35.344,True,32.5,106.5,-11406.25
2025-08-09 20:43:35.376,True,32.5,106.5,-11406.25
2025-08-09 20:43:36.348,True,32.75,106.5,-11093.75
2025-08-09 20:43:36.379,True,32.75,106.5,-11093.75
2025-08-09 20:43:37.350,True,32.879999999999995,106.5,-10937.5
2025-08-09 20:43:37.381,True,32.25,106.5,-11718.75
2025-08-09 20:43:38.353,True,33.120000000000005,106.5,-10625.0
2025-08-09 20:43:38.384,True,33.120000000000005,106.5,-10625.0
2025-08-09 20:43:39.355,True,33.75,106.5,-9843.75
2025-08-09 20:43:39.385,True,33.75,106.5,-9843.75
2025-08-09 20:43:40.359,True,31.879999999999995,106.5,-12187.5
2025-08-09 20:43:40.388,True,31.879999999999995,106.5,-12187.5
2025-08-09 20:43:41.361,True,32.379999999999995,106.5,-11562.5
2025-08-09 20:43:41.390,True,32.379999999999995,106.5,-11562.5
2025-08-09 20:43:42.363,True,33.5,106.5,-10156.25
2025-08-09 20:43:42.392,True,33.5,106.5,-10156.25
2025-08-09 20:43:43.365,True,33.120000000000005,106.5,-10625.0
2025-08-09 20:43:43.395,True,33.120000000000005,106.5,-10625.0
2025-08-09 20:43:44.368,True,32.25,106.5,-11718.75
2025-08-09 20:43:44.398,True,32.25,106.5,-11718.75
2025-08-09 20:43:45.370,True,32.620000000000005,106.5,-11250.0
2025-08-09 20:43:45.400,True,32.620000000000005,106.5,-11250.0
2025-08-09 20:43:46.374,True,32.379999999999995,106.5,-11562.5
2025-08-09 20:43:46.404,True,32.379999999999995,106.5,-11562.5
2025-08-09 20:43:47.377,True,31.379999999999995,106.5,-12812.5
2025-08-09 20:43:47.408,True,31.379999999999995,106.5,-12812.5
2025-08-09 20:43:48.379,True,29.25,106.5,-15468.75
2025-08-09 20:43:48.410,True,29.25,106.5,-15468.75
2025-08-09 20:43:49.381,True,31.620000000000005,106.5,-12500.0
2025-08-09 20:43:49.412,True,31.620000000000005,106.5,-12500.0
2025-08-09 20:43:50.384,True,32.5,106.5,-11406.25
2025-08-09 20:43:50.414,True,32.5,106.5,-11406.25
2025-08-09 20:43:51.386,True,32.120000000000005,106.5,-11875.0
2025-08-09 20:43:51.416,True,32.120000000000005,106.5,-11875.0
2025-08-09 20:43:52.389,True,33.0,106.5,-10781.25
2025-08-09 20:43:52.418,True,33.0,106.5,-10781.25
2025-08-09 20:43:53.392,True,31.25,106.5,-12968.75
2025-08-09 20:43:53.421,True,31.25,106.5,-12968.75
2025-08-09 20:43:54.394,True,31.379999999999995,106.5,-12812.5
2025-08-09 20:43:54.422,True,31.379999999999995,106.5,-12812.5
2025-08-09 20:43:55.396,True,32.0,106.5,-12031.25
2025-08-09 20:43:55.424,True,32.0,106.5,-12031.25
2025-08-09 20:43:56.398,True,32.120000000000005,106.62,-12031.25
2025-08-09 20:43:56.426,True,32.120000000000005,106.62,-12031.25
2025-08-09 20:43:57.401,True,31.620000000000005,106.5,-12500.0
2025-08-09 20:43:57.429,True,31.620000000000005,106.5,-12500.0
2025-08-09 20:43:58.403,True,31.25,106.5,-13125.0
2025-08-09 20:43:58.432,True,31.25,106.5,-11250.0
2025-08-09 20:43:59.405,True,31.379999999999995,106.5,-12812.5
2025-08-09 20:43:59.433,True,31.379999999999995,106.5,-12812.5
2025-08-09 20:44:00.407,True,31.25,106.62,-12968.75
2025-08-09 20:44:00.436,True,31.25,106.62,-12968.75
2025-08-09 20:44:01.410,True,31.75,106.5,-12343.75
2025-08-09 20:44:01.438,True,31.620000000000005,106.5,-12500.0
2025-08-09 20:44:02.412,True,32.75,106.5,-11093.75
2025-08-09 20:44:02.440,True,32.75,106.5,-11093.75
2025-08-09 20:44:03.414,True,32.75,106.5,-11093.75
2025-08-09 20:44:03.442,True,32.75,106.5,-11093.75
2025-08-09 20:44:04.417,True,31.0,106.5,-13281.25
2025-08-09 20:44:04.445,True,31.0,106.5,-13281.25
2025-08-09 20:44:05.419,True,31.379999999999995,106.5,-12812.5
2025-08-09 20:44:05.448,True,31.379999999999995,106.5,-12812.5
2025-08-09 20:44:06.422,True,29.5,106.5,-15156.25
2025-08-09 20:44:06.450,True,29.5,106.5,-15156.25
2025-08-09 20:44:07.427,True,29.879999999999995,106.62,-14843.75
2025-08-09 20:44:07.452,True,30.0,106.62,-14687.5
2025-08-09 20:44:08.430,True,30.879999999999995,106.62,-13593.75
2025-08-09 20:44:08.458,True,30.879999999999995,106.62,-13593.75
2025-08-09 20:44:09.432,True,31.120000000000005,106.62,-13281.25
2025-08-09 20:44:09.460,True,31.120000000000005,106.62,-13281.25
2025-08-09 20:44:10.435,True,31.75,106.62,-12500.0
2025-08-09 20:44:10.462,True,32.120000000000005,106.62,-12031.25
2025-08-09 20:44:11.437,True,31.75,106.62,-12500.0
2025-08-09 20:44:11.465,True,31.75,106.62,-12500.0
2025-08-09 20:44:12.441,True,32.879999999999995,106.62,-11093.75
2025-08-09 20:44:12.467,True,32.879999999999995,106.62,-11093.75
2025-08-09 20:44:13.445,True,32.0,106.62,-12187.5
2025-08-09 20:44:13.470,True,32.0,106.62,-12187.5
2025-08-09 20:44:14.448,True,32.0,106.62,-12187.5
2025-08-09 20:44:14.473,True,32.0,106.62,-12187.5
2025-08-09 20:44:15.450,True,31.879999999999995,106.62,-12343.75
2025-08-09 20:44:15.477,True,31.879999999999995,106.62,-12343.75
2025-08-09 20:44:16.452,True,33.379999999999995,106.62,-10468.75
2025-08-09 20:44:16.478,True,33.379999999999995,106.62,-10468.75
2025-08-09 20:44:17.455,True,31.620000000000005,106.62,-12656.25
2025-08-09 20:44:17.481,True,31.620000000000005,106.62,-12656.25
2025-08-09 20:44:18.460,True,32.120000000000005,106.62,-12031.25
2025-08-09 20:44:18.484,True,32.120000000000005,106.62,-12031.25
2025-08-09 20:44:19.462,True,30.620000000000005,106.62,-13125.0
2025-08-09 20:44:19.487,True,31.25,106.62,-13125.0
2025-08-09 20:44:20.464,True,31.620000000000005,106.62,-12656.25
2025-08-09 20:44:20.489,True,31.620000000000005,106.62,-12656.25
2025-08-09 20:44:21.467,True,23.120000000000005,106.62,-23125.0
2025-08-09 20:44:21.491,True,23.120000000000005,106.62,-23125.0
2025-08-09 20:44:22.469,True,30.120000000000005,106.62,-14531.25
2025-08-09 20:44:22.493,True,30.120000000000005,106.62,-14531.25
2025-08-09 20:44:23.471,True,28.25,106.62,-16875.0
2025-08-09 20:44:23.495,True,28.25,106.62,-16875.0
2025-08-09 20:44:24.473,True,30.25,106.62,-14375.0
2025-08-09 20:44:24.497,True,30.25,106.62,-14375.0
2025-08-09 20:44:25.477,True,31.379999999999995,106.62,-12968.75
2025-08-09 20:44:25.500,True,31.379999999999995,106.62,-12968.75
2025-08-09 20:44:26.479,True,32.620000000000005,106.62,-11406.25
2025-08-09 20:44:26.502,True,32.620000000000005,106.62,-11406.25
2025-08-09 20:44:27.482,True,33.379999999999995,106.62,-10468.75
2025-08-09 20:44:27.504,True,33.25,106.62,-10625.0
2025-08-09 20:44:28.485,True,32.620000000000005,106.62,-11406.25
2025-08-09 20:44:28.507,True,32.620000000000005,106.62,-11406.25
2025-08-09 20:44:29.487,True,31.25,106.62,-13125.0
2025-08-09 20:44:29.509,True,31.25,106.62,-13125.0
2025-08-09 20:44:30.490,True,31.5,106.62,-12812.5
2025-08-09 20:44:30.511,True,31.5,106.62,-14531.25
2025-08-09 20:44:31.492,True,31.0,106.62,-13437.5
2025-08-09 20:44:31.513,True,31.0,106.62,-13437.5
2025-08-09 20:44:32.494,True,29.620000000000005,106.62,-15156.25
2025-08-09 20:44:32.515,True,29.620000000000005,106.62,-15156.25
2025-08-09 20:44:33.497,True,30.620000000000005,106.62,-13906.25
2025-08-09 20:44:33.517,True,30.620000000000005,106.62,-13906.25
2025-08-09 20:44:34.499,True,31.0,106.62,-13437.5
2025-08-09 20:44:34.520,True,31.0,106.62,-13437.5
2025-08-09 20:44:35.502,True,31.120000000000005,106.62,-13281.25
2025-08-09 20:44:35.523,True,31.120000000000005,106.62,-13281.25
2025-08-09 20:44:36.504,True,30.879999999999995,106.62,-13593.75
2025-08-09 20:44:36.525,True,30.879999999999995,106.62,-13593.75
2025-08-09 20:44:37.506,True,32.120000000000005,106.62,-12031.25
2025-08-09 20:44:37.527,True,32.120000000000005,106.62,-12031.25
2025-08-09 20:44:38.508,True,31.0,106.62,-13437.5
2025-08-09 20:44:38.529,True,31.0,106.62,-13437.5
2025-08-09 20:44:39.510,True,31.25,106.62,-13125.0
2025-08-09 20:44:39.532,True,30.75,106.62,-13750.0
2025-08-09 20:44:40.512,True,30.25,106.62,-14375.0
2025-08-09 20:44:40.534,True,30.25,106.62,-14375.0
2025-08-09 20:44:41.516,True,30.879999999999995,106.62,-13593.75
2025-08-09 20:44:41.537,True,30.879999999999995,106.62,-13593.75
2025-08-09 20:44:42.518,True,27.879999999999995,106.62,-17343.75
2025-08-09 20:44:42.540,True,27.879999999999995,106.62,-17343.75
2025-08-09 20:44:43.520,True,29.620000000000005,106.62,-15156.25
2025-08-09 20:44:43.543,True,29.620000000000005,106.62,-15156.25
2025-08-09 20:44:44.522,True,29.379999999999995,106.62,-15468.75
2025-08-09 20:44:44.546,True,29.379999999999995,106.62,-15468.75
2025-08-09 20:44:45.525,True,29.620000000000005,106.62,-15156.25
2025-08-09 20:44:45.548,True,29.620000000000005,106.62,-15156.25
2025-08-09 20:44:46.527,True,31.120000000000005,106.62,-13281.25
2025-08-09 20:44:46.551,True,31.120000000000005,106.62,-13281.25
2025-08-09 20:44:47.529,True,30.5,106.62,-14062.5
2025-08-09 20:44:47.553,True,30.5,106.62,-14062.5
2025-08-09 20:44:48.532,True,30.0,106.62,-14687.5
2025-08-09 20:44:48.555,True,30.75,106.62,-13750.0
2025-08-09 20:44:49.535,True,31.25,106.62,-13125.0
2025-08-09 20:44:49.557,True,31.25,106.62,-13125.0
2025-08-09 20:44:50.537,True,30.879999999999995,106.62,-13593.75
2025-08-09 20:44:50.560,True,30.879999999999995,106.62,-13593.75
2025-08-09 20:44:51.541,True,30.0,106.75,-14843.75
2025-08-09 20:44:51.562,True,30.0,106.75,-14843.75
2025-08-09 20:44:52.543,True,32.0,106.75,-12343.75
2025-08-09 20:44:52.565,True,32.0,106.75,-12343.75
2025-08-09 20:44:53.546,True,30.879999999999995,106.75,-13750.0
2025-08-09 20:44:53.570,True,30.879999999999995,106.75,-13750.0
2025-08-09 20:44:54.549,True,31.25,106.75,-13281.25
2025-08-09 20:44:54.575,True,31.25,106.75,-13281.25
2025-08-09 20:44:55.553,True,31.879999999999995,106.75,-12500.0
2025-08-09 20:44:55.578,True,31.879999999999995,106.75,-12500.0
2025-08-09 20:44:56.556,True,31.120000000000005,106.75,-13437.5
2025-08-09 20:44:56.582,True,31.120000000000005,106.75,-13437.5
2025-08-09 20:44:57.559,True,30.879999999999995,106.75,-13750.0
2025-08-09 20:44:57.583,True,31.620000000000005,106.75,-12812.5
2025-08-09 20:44:58.561,True,32.620000000000005,106.75,-11562.5
2025-08-09 20:44:58.585,True,32.620000000000005,106.75,-11562.5
2025-08-09 20:44:59.564,True,31.5,106.75,-12968.75
2025-08-09 20:44:59.587,True,31.5,106.75,-12968.75
2025-08-09 20:45:00.567,True,29.120000000000005,106.75,-16093.75
2025-08-09 20:45:00.590,True,29.0,106.75,-16093.75
2025-08-09 20:45:01.570,True,29.620000000000005,106.75,-15312.5
2025-08-09 20:45:01.592,True,29.620000000000005,106.75,-15312.5
2025-08-09 20:45:02.573,True,25.75,106.75,-20156.25
2025-08-09 20:45:02.593,True,25.75,106.75,-20156.25
2025-08-09 20:45:03.576,True,27.379999999999995,106.75,-18125.0
2025-08-09 20:45:03.596,True,27.379999999999995,106.75,-18125.0
2025-08-09 20:45:04.578,True,28.5,106.88,-16875.0
2025-08-09 20:45:04.598,True,28.5,106.88,-16875.0
2025-08-09 20:45:05.581,True,29.379999999999995,106.88,-15781.25
2025-08-09 20:45:05.601,True,29.379999999999995,106.88,-15781.25
2025-08-09 20:45:06.584,True,30.5,106.88,-14375.0
2025-08-09 20:45:06.603,True,30.5,106.88,-14375.0
2025-08-09 20:45:07.587,True,29.879999999999995,106.88,-15156.25
2025-08-09 20:45:07.606,True,29.879999999999995,106.88,-15156.25
2025-08-09 20:45:08.589,True,30.0,106.88,-15000.0
2025-08-09 20:45:08.608,True,30.75,106.88,-14062.5
2025-08-09 20:45:09.593,True,27.879999999999995,106.88,-17656.25
2025-08-09 20:45:09.610,True,27.879999999999995,106.88,-17656.25
2025-08-09 20:45:10.595,True,29.5,106.88,-15625.0
2025-08-09 20:45:10.613,True,29.5,106.88,-15625.0
2025-08-09 20:45:11.599,True,28.120000000000005,106.88,-17343.75
2025-08-09 20:45:11.615,True,28.120000000000005,106.88,-17343.75
2025-08-09 20:45:12.602,True,32.0,106.88,-12500.0
2025-08-09 20:45:12.618,True,32.0,106.88,-12500.0
2025-08-09 20:45:13.606,True,31.120000000000005,106.88,-13593.75
2025-08-09 20:45:13.620,True,31.120000000000005,106.88,-13593.75
2025-08-09 20:45:14.609,True,31.25,106.88,-13437.5
2025-08-09 20:45:14.622,True,31.25,106.88,-13437.5
2025-08-09 20:45:15.612,True,31.5,106.88,-13125.0
2025-08-09 20:45:15.631,True,31.5,106.88,-13125.0
2025-08-09 20:45:16.614,True,30.879999999999995,106.88,-13906.25
2025-08-09 20:45:16.633,True,30.879999999999995,106.88,-13906.25
2025-08-09 20:45:17.617,True,30.379999999999995,106.88,-14531.25
2025-08-09 20:45:17.635,True,30.379999999999995,106.88,-14531.25
2025-08-09 20:45:18.619,True,31.620000000000005,106.88,-12968.75
2025-08-09 20:45:18.638,True,31.620000000000005,106.88,-12968.75
2025-08-09 20:45:19.621,True,31.75,107.0,-12968.75
2025-08-09 20:45:19.641,True,31.75,107.0,-12968.75
2025-08-09 20:45:20.623,True,32.620000000000005,106.88,-11718.75
2025-08-09 20:45:20.643,True,32.620000000000005,106.88,-11718.75
2025-08-09 20:45:21.625,True,32.5,106.88,-11875.0
2025-08-09 20:45:21.645,True,32.5,106.88,-11875.0
2025-08-09 20:45:22.627,True,31.879999999999995,107.0,-12656.25
2025-08-09 20:45:22.648,True,31.879999999999995,107.0,-12656.25
2025-08-09 20:45:23.630,True,30.620000000000005,107.0,-14375.0
2025-08-09 20:45:23.652,True,30.620000000000005,107.0,-14375.0
2025-08-09 20:45:24.633,True,29.879999999999995,107.0,-15312.5
2025-08-09 20:45:24.655,True,29.879999999999995,107.0,-15312.5
2025-08-09 20:45:25.636,True,30.25,107.0,-14843.75
2025-08-09 20:45:25.656,True,30.25,107.0,-14843.75
2025-08-09 20:45:26.638,True,30.5,107.0,-14531.25
2025-08-09 20:45:26.659,True,30.5,107.0,-14531.25
2025-08-09 20:45:27.640,True,30.75,107.0,-14218.75
2025-08-09 20:45:27.662,True,30.75,107.0,-14218.75
2025-08-09 20:45:28.643,True,31.879999999999995,107.0,-12812.5
2025-08-09 20:45:28.666,True,31.879999999999995,107.0,-12812.5
2025-08-09 20:45:29.646,True,31.120000000000005,107.0,-13750.0
2025-08-09 20:45:29.669,True,30.0,107.0,-15156.25
2025-08-09 20:45:30.648,True,30.75,107.0,-14218.75
2025-08-09 20:45:30.672,True,30.75,107.0,-14218.75
2025-08-09 20:45:31.651,True,31.75,107.0,-12968.75
2025-08-09 20:45:31.674,True,31.75,107.0,-12968.75
2025-08-09 20:45:32.658,True,31.879999999999995,107.0,-12812.5
2025-08-09 20:45:32.677,True,31.75,107.0,-12968.75
2025-08-09 20:45:33.661,True,33.620000000000005,107.0,-10625.0
2025-08-09 20:45:33.680,True,33.620000000000005,107.0,-10625.0
2025-08-09 20:45:34.666,True,30.620000000000005,107.0,-14375.0
2025-08-09 20:45:34.684,True,30.620000000000005,107.0,-14375.0
2025-08-09 20:45:35.669,True,31.879999999999995,107.0,-12812.5
2025-08-09 20:45:35.687,True,31.879999999999995,107.0,-12812.5
2025-08-09 20:45:36.671,True,29.5,107.0,-15781.25
2025-08-09 20:45:36.690,True,29.5,107.0,-15781.25
2025-08-09 20:45:37.673,True,31.620000000000005,107.12,-13281.25
2025-08-09 20:45:37.693,True,31.620000000000005,107.12,-13281.25
2025-08-09 20:45:38.676,True,33.120000000000005,107.0,-11250.0
2025-08-09 20:45:38.696,True,33.120000000000005,107.0,-11250.0
2025-08-09 20:45:39.679,True,32.5,107.0,-12031.25
2025-08-09 20:45:39.698,True,32.5,107.0,-12031.25
2025-08-09 20:45:40.681,True,32.379999999999995,107.0,-12187.5
2025-08-09 20:45:40.700,True,32.120000000000005,107.0,-12500.0
2025-08-09 20:45:41.684,True,32.379999999999995,107.0,-12187.5
2025-08-09 20:45:41.703,True,31.25,107.0,-13593.75
2025-08-09 20:45:42.686,True,30.620000000000005,107.0,-14531.25
2025-08-09 20:45:42.705,True,30.620000000000005,107.0,-14531.25
2025-08-09 20:45:43.689,True,32.620000000000005,107.0,-11875.0
2025-08-09 20:45:43.709,True,32.620000000000005,107.0,-11875.0
2025-08-09 20:45:44.692,True,33.120000000000005,107.0,-11250.0
2025-08-09 20:45:44.713,True,33.120000000000005,107.12,-11250.0
2025-08-09 20:45:45.694,True,33.75,107.0,-10468.75
2025-08-09 20:45:45.718,True,33.75,107.0,-10468.75
2025-08-09 20:45:46.696,True,32.75,107.0,-11718.75
2025-08-09 20:45:46.720,True,32.75,107.0,-11718.75
2025-08-09 20:45:47.699,True,31.5,107.0,-13281.25
2025-08-09 20:45:47.722,True,31.5,107.0,-13281.25
2025-08-09 20:45:48.702,True,30.25,107.12,-15000.0
2025-08-09 20:45:48.724,True,30.25,107.12,-15000.0
2025-08-09 20:45:49.705,True,31.379999999999995,107.12,-13593.75
2025-08-09 20:45:49.726,True,31.379999999999995,107.12,-13593.75
2025-08-09 20:45:50.709,True,31.75,107.12,-13281.25
2025-08-09 20:45:50.729,True,31.620000000000005,107.12,-13281.25
2025-08-09 20:45:51.712,True,31.620000000000005,107.12,-13281.25
2025-08-09 20:45:51.732,True,32.5,107.12,-12187.5
2025-08-09 20:45:52.715,True,32.379999999999995,107.12,-12343.75
2025-08-09 20:45:52.734,True,32.379999999999995,107.12,-13281.25
2025-08-09 20:45:53.718,True,31.75,107.12,-13125.0
2025-08-09 20:45:53.738,True,31.75,107.12,-13125.0
2025-08-09 20:45:54.722,True,33.120000000000005,107.12,-11406.25
2025-08-09 20:45:54.740,True,33.120000000000005,107.12,-11406.25
2025-08-09 20:45:55.727,True,32.75,107.12,-11875.0
2025-08-09 20:45:55.746,True,32.75,107.12,-11875.0
2025-08-09 20:45:56.730,True,29.25,107.12,-16250.0
2025-08-09 20:45:56.749,True,29.25,107.12,-16250.0
2025-08-09 20:45:57.733,True,28.120000000000005,107.12,-17656.25
2025-08-09 20:45:57.751,True,28.120000000000005,107.12,-17656.25
2025-08-09 20:45:58.737,True,31.120000000000005,107.12,-13906.25
2025-08-09 20:45:58.755,True,31.120000000000005,107.12,-13906.25
2025-08-09 20:45:59.740,True,31.25,107.12,-13750.0
2025-08-09 20:45:59.758,True,31.25,107.12,-13750.0
2025-08-09 20:46:00.743,True,31.879999999999995,107.12,-12968.75
2025-08-09 20:46:00.760,True,31.879999999999995,107.12,-12968.75
2025-08-09 20:46:01.756,True,30.379999999999995,107.12,-14843.75
2025-08-09 20:46:01.763,True,29.25,107.12,-16250.0
2025-08-09 20:46:02.759,True,28.620000000000005,107.25,-17187.5
2025-08-09 20:46:02.766,True,28.620000000000005,107.25,-17187.5
2025-08-09 20:46:03.761,True,32.25,107.25,-12656.25
2025-08-09 20:46:03.768,True,32.25,107.25,-12656.25
2025-08-09 20:46:04.765,True,31.879999999999995,107.25,-13125.0
2025-08-09 20:46:04.771,True,31.879999999999995,107.25,-13125.0
2025-08-09 20:46:05.768,True,31.75,107.25,-13281.25
2025-08-09 20:46:05.776,True,31.75,107.25,-13281.25
2025-08-09 20:46:06.773,True,30.879999999999995,107.25,-14375.0
2025-08-09 20:46:06.778,True,30.879999999999995,107.25,-14375.0
2025-08-09 20:46:07.775,True,30.379999999999995,107.25,-15000.0
2025-08-09 20:46:07.781,True,30.379999999999995,107.25,-15000.0
2025-08-09 20:46:08.777,True,31.379999999999995,107.25,-13750.0
2025-08-09 20:46:08.783,True,31.379999999999995,107.25,-13750.0
2025-08-09 20:46:09.779,True,31.5,107.25,-13593.75
2025-08-09 20:46:09.785,True,31.5,107.25,-13593.75
2025-08-09 20:46:10.782,True,31.0,107.25,-14218.75
2025-08-09 20:46:10.788,True,30.379999999999995,107.25,-15000.0
2025-08-09 20:46:11.785,True,32.120000000000005,107.25,-12812.5
2025-08-09 20:46:11.792,True,32.120000000000005,107.25,-12812.5
2025-08-09 20:46:12.788,True,34.379999999999995,107.25,-10000.0
2025-08-09 20:46:12.795,True,34.379999999999995,107.25,-10000.0
2025-08-09 20:46:13.792,True,32.379999999999995,107.25,-12500.0
2025-08-09 20:46:13.797,True,32.5,107.25,-12343.75
2025-08-09 20:46:14.794,True,34.879999999999995,107.25,-9375.0
2025-08-09 20:46:14.799,True,34.879999999999995,107.25,-9375.0
2025-08-09 20:46:15.797,True,34.379999999999995,107.25,-10000.0
2025-08-09 20:46:15.802,True,34.379999999999995,107.25,-10000.0
2025-08-09 20:46:16.799,True,35.120000000000005,107.25,-9062.5
2025-08-09 20:46:16.804,True,35.120000000000005,107.25,-9062.5
2025-08-09 20:46:17.804,True,34.0,107.25,-10468.75
2025-08-09 20:46:17.807,True,34.0,107.25,-10468.75
2025-08-09 20:46:18.807,True,33.120000000000005,107.25,-11562.5
2025-08-09 20:46:18.811,True,33.120000000000005,107.25,-11562.5
2025-08-09 20:46:19.808,True,34.25,107.25,-10156.25
2025-08-09 20:46:19.813,True,34.25,107.25,-10156.25
2025-08-09 20:46:20.811,True,34.620000000000005,107.25,-9687.5
2025-08-09 20:46:20.815,True,34.620000000000005,107.25,-9687.5
2025-08-09 20:46:21.814,True,35.620000000000005,107.25,-8437.5
2025-08-09 20:46:21.818,True,35.620000000000005,107.25,-8437.5
2025-08-09 20:46:22.817,True,32.0,107.25,-12968.75
2025-08-09 20:46:22.822,True,32.0,107.25,-12968.75
2025-08-09 20:46:23.819,True,31.75,107.25,-13281.25
2025-08-09 20:46:23.824,True,31.75,107.25,-13281.25
2025-08-09 20:46:24.821,True,33.620000000000005,107.25,-10937.5
2025-08-09 20:46:24.826,True,33.620000000000005,107.25,-10937.5
2025-08-09 20:46:25.823,True,32.0,107.25,-12968.75
2025-08-09 20:46:25.827,True,32.0,107.25,-12968.75
2025-08-09 20:46:26.826,True,31.620000000000005,107.25,-13437.5
2025-08-09 20:46:26.830,True,31.620000000000005,107.25,-13437.5
2025-08-09 20:46:27.829,True,33.620000000000005,107.25,-10937.5
2025-08-09 20:46:27.833,True,33.620000000000005,107.25,-10937.5
2025-08-09 20:46:28.831,True,34.0,107.25,-10468.75
2025-08-09 20:46:28.836,True,34.0,107.25,-10468.75
2025-08-09 20:46:29.833,True,32.120000000000005,107.25,-12812.5
2025-08-09 20:46:29.838,True,32.120000000000005,107.25,-12812.5
2025-08-09 20:46:30.835,True,26.879999999999995,107.25,-19375.0
2025-08-09 20:46:30.841,True,26.879999999999995,107.25,-19375.0
2025-08-09 20:46:31.837,True,30.75,107.38,-14687.5
2025-08-09 20:46:31.844,True,30.75,107.38,-14687.5
2025-08-09 20:46:32.841,True,32.25,107.38,-12812.5
2025-08-09 20:46:32.847,True,32.120000000000005,107.38,-12812.5
2025-08-09 20:46:33.844,True,34.879999999999995,107.25,-9375.0
2025-08-09 20:46:33.851,True,34.879999999999995,107.25,-10468.75
2025-08-09 20:46:34.846,True,33.379999999999995,107.25,-11250.0
2025-08-09 20:46:34.853,True,33.5,107.25,-11093.75
2025-08-09 20:46:35.848,True,33.0,107.25,-11718.75
2025-08-09 20:46:35.855,True,33.0,107.25,-11718.75
2025-08-09 20:46:36.851,True,33.120000000000005,107.25,-11562.5
2025-08-09 20:46:36.859,True,33.120000000000005,107.25,-11562.5
2025-08-09 20:46:37.854,True,34.0,107.25,-10468.75
2025-08-09 20:46:37.863,True,34.0,107.25,-10468.75
2025-08-09 20:46:38.860,True,32.620000000000005,107.25,-12187.5
2025-08-09 20:46:38.865,True,32.620000000000005,107.25,-12187.5
2025-08-09 20:46:39.862,True,32.75,107.25,-12031.25
2025-08-09 20:46:39.868,True,32.75,107.25,-12031.25
2025-08-09 20:46:40.864,True,30.0,107.25,-15468.75
2025-08-09 20:46:40.870,True,30.0,107.25,-15468.75
2025-08-09 20:46:41.867,True,31.120000000000005,107.38,-14218.75
2025-08-09 20:46:41.872,True,31.120000000000005,107.38,-14218.75
2025-08-09 20:46:42.869,True,30.379999999999995,107.38,-15156.25
2025-08-09 20:46:42.875,True,31.0,107.38,-14375.0
2025-08-09 20:46:43.873,True,30.75,107.38,-14687.5
2025-08-09 20:46:43.878,True,30.75,107.38,-14687.5
2025-08-09 20:46:44.875,True,30.25,107.38,-15312.5
2025-08-09 20:46:44.880,True,30.25,107.38,-15312.5
2025-08-09 20:46:45.877,True,30.120000000000005,107.38,-16093.75
2025-08-09 20:46:45.882,True,30.120000000000005,107.38,-15468.75
2025-08-09 20:46:46.879,True,28.879999999999995,107.38,-17031.25
2025-08-09 20:46:46.885,True,28.879999999999995,107.38,-17031.25
2025-08-09 20:46:47.882,True,29.0,107.38,-16875.0
2025-08-09 20:46:47.887,True,29.0,107.38,-16875.0
2025-08-09 20:46:48.885,True,29.0,107.38,-16875.0
2025-08-09 20:46:48.890,True,29.0,107.38,-16875.0
2025-08-09 20:46:49.888,True,29.879999999999995,107.38,-15781.25
2025-08-09 20:46:49.892,True,29.879999999999995,107.38,-15781.25
2025-08-09 20:46:50.891,True,30.25,107.5,-15468.75
2025-08-09 20:46:50.894,True,30.25,107.5,-15468.75
2025-08-09 20:46:51.893,True,31.25,107.38,-13906.25
2025-08-09 20:46:51.897,True,31.379999999999995,107.38,-13906.25
2025-08-09 20:46:52.897,True,28.120000000000005,107.5,-18125.0
2025-08-09 20:46:52.900,True,28.120000000000005,107.5,-18125.0
2025-08-09 20:46:53.899,True,29.620000000000005,107.5,-16250.0
2025-08-09 20:46:53.903,True,29.620000000000005,107.5,-14375.0
2025-08-09 20:46:54.906,True,32.5,107.5,-12656.25
2025-08-09 20:46:54.906,True,32.5,107.5,-12656.25
2025-08-09 20:46:55.909,True,32.879999999999995,107.5,-12187.5
2025-08-09 20:46:55.908,True,32.879999999999995,107.5,-12187.5
2025-08-09 20:46:56.911,True,33.620000000000005,107.5,-11250.0
2025-08-09 20:46:56.912,True,33.620000000000005,107.5,-11250.0
2025-08-09 20:46:57.914,True,33.879999999999995,107.5,-10937.5
2025-08-09 20:46:57.914,True,33.879999999999995,107.5,-10937.5
2025-08-09 20:46:58.917,True,34.379999999999995,107.38,-10312.5
2025-08-09 20:46:58.916,True,34.379999999999995,107.5,-10312.5
2025-08-09 20:46:59.921,True,33.5,107.38,-11250.0
2025-08-09 20:46:59.921,True,33.5,107.38,-11250.0
2025-08-09 20:47:00.923,True,34.25,107.38,-10312.5
2025-08-09 20:47:00.926,True,34.25,107.38,-10312.5
2025-08-09 20:47:01.928,True,33.379999999999995,107.38,-11406.25
2025-08-09 20:47:01.928,True,33.379999999999995,107.38,-11406.25
2025-08-09 20:47:02.929,True,32.75,107.38,-11875.0
2025-08-09 20:47:02.930,True,32.75,107.38,-12187.5
2025-08-09 20:47:03.931,True,33.0,107.38,-11875.0
2025-08-09 20:47:03.932,True,33.0,107.38,-11875.0
2025-08-09 20:47:04.935,True,33.620000000000005,107.38,-11093.75
2025-08-09 20:47:04.934,True,33.620000000000005,107.38,-11093.75
2025-08-09 20:47:05.937,True,32.620000000000005,107.38,-12343.75
2025-08-09 20:47:05.939,True,32.879999999999995,107.38,-12031.25
2025-08-09 20:47:06.941,True,33.5,107.38,-11250.0
2025-08-09 20:47:06.942,True,33.5,107.38,-11250.0
2025-08-09 20:47:07.944,True,33.25,107.38,-11562.5
2025-08-09 20:47:07.944,True,33.25,107.38,-11562.5
2025-08-09 20:47:08.947,True,33.5,107.38,-11250.0
2025-08-09 20:47:08.947,True,33.5,107.38,-11250.0
2025-08-09 20:47:09.949,True,33.0,107.38,-11875.0
2025-08-09 20:47:09.950,True,33.0,107.38,-11875.0
2025-08-09 20:47:10.952,True,30.620000000000005,107.38,-14843.75
2025-08-09 20:47:10.954,True,30.620000000000005,107.38,-14843.75
2025-08-09 20:47:11.954,True,31.120000000000005,107.5,-14375.0
2025-08-09 20:47:11.956,True,31.120000000000005,107.5,-14375.0
2025-08-09 20:47:12.957,True,31.25,107.5,-14218.75
2025-08-09 20:47:12.959,True,31.25,107.5,-14218.75
2025-08-09 20:47:13.961,True,32.120000000000005,107.5,-13125.0
2025-08-09 20:47:13.962,True,32.379999999999995,107.5,-12812.5
2025-08-09 20:47:14.963,True,28.0,107.5,-18281.25
2025-08-09 20:47:14.965,True,30.5,107.5,-15156.25
2025-08-09 20:47:15.966,True,30.379999999999995,107.5,-15312.5
2025-08-09 20:47:15.968,True,30.379999999999995,107.5,-15312.5
2025-08-09 20:47:16.968,True,30.879999999999995,107.5,-14687.5
2025-08-09 20:47:16.970,True,30.879999999999995,107.5,-14687.5
2025-08-09 20:47:17.971,True,33.25,107.5,-11718.75
2025-08-09 20:47:17.972,True,33.25,107.5,-11718.75
2025-08-09 20:47:18.975,True,32.879999999999995,107.5,-12187.5
2025-08-09 20:47:18.975,True,32.879999999999995,107.5,-12187.5
2025-08-09 20:47:19.978,True,32.379999999999995,107.5,-12812.5
2025-08-09 20:47:19.978,True,32.379999999999995,107.5,-12812.5
2025-08-09 20:47:20.983,True,34.379999999999995,107.5,-10312.5
2025-08-09 20:47:20.984,True,34.379999999999995,107.5,-10312.5
2025-08-09 20:47:21.987,True,33.620000000000005,107.5,-11250.0
2025-08-09 20:47:21.989,True,33.620000000000005,107.5,-11250.0
2025-08-09 20:47:22.989,True,34.0,107.5,-10781.25
2025-08-09 20:47:22.992,True,34.0,107.5,-10781.25
2025-08-09 20:47:23.994,True,34.620000000000005,107.5,-10000.0
2025-08-09 20:47:23.994,True,34.620000000000005,107.5,-10000.0
2025-08-09 20:47:24.996,True,32.75,107.5,-12343.75
2025-08-09 20:47:24.996,True,32.75,107.5,-12343.75
2025-08-09 20:47:25.999,True,34.620000000000005,107.5,-10000.0
2025-08-09 20:47:25.998,True,34.620000000000005,107.5,-10000.0
2025-08-09 20:47:27.001,True,32.620000000000005,107.5,-12500.0
2025-08-09 20:47:27.001,True,33.5,107.5,-11406.25
2025-08-09 20:47:28.003,True,31.0,107.5,-14531.25
2025-08-09 20:47:28.003,True,31.0,107.5,-14531.25
2025-08-09 20:47:29.007,True,31.379999999999995,107.5,-14062.5
2025-08-09 20:47:29.005,True,31.379999999999995,107.5,-14062.5
2025-08-09 20:47:30.010,True,34.25,107.5,-10468.75
2025-08-09 20:47:30.009,True,34.25,107.5,-10468.75
2025-08-09 20:47:31.011,True,32.620000000000005,107.5,-12500.0
2025-08-09 20:47:31.011,True,32.620000000000005,107.5,-12500.0
2025-08-09 20:47:32.015,True,32.879999999999995,107.5,-12187.5
2025-08-09 20:47:32.015,True,32.879999999999995,107.5,-12187.5
2025-08-09 20:47:33.017,True,33.120000000000005,107.5,-11875.0
2025-08-09 20:47:33.019,True,33.120000000000005,107.5,-11875.0
2025-08-09 20:47:34.019,True,33.379999999999995,107.5,-11562.5
2025-08-09 20:47:34.022,True,33.379999999999995,107.5,-11562.5
2025-08-09 20:47:35.022,True,24.75,107.5,-22187.5
2025-08-09 20:47:35.025,True,24.75,107.5,-22187.5
2025-08-09 20:47:36.024,True,31.25,107.5,-14218.75
2025-08-09 20:47:36.027,True,31.25,107.5,-14218.75
2025-08-09 20:47:37.027,True,28.5,107.5,-17656.25
2025-08-09 20:47:37.030,True,28.5,107.5,-17656.25
2025-08-09 20:47:38.029,True,33.879999999999995,107.5,-10937.5
2025-08-09 20:47:38.033,True,33.879999999999995,107.5,-10937.5
2025-08-09 20:47:39.034,True,32.25,107.5,-12968.75
2025-08-09 20:47:39.036,True,32.25,107.5,-12968.75
2025-08-09 20:47:40.038,True,33.75,107.5,-11093.75
2025-08-09 20:47:40.037,True,33.75,107.5,-11093.75
2025-08-09 20:47:41.042,True,33.379999999999995,107.5,-11562.5
2025-08-09 20:47:41.042,True,33.379999999999995,107.5,-11562.5
2025-08-09 20:47:42.044,True,33.25,107.5,-11718.75
2025-08-09 20:47:42.043,True,33.25,107.5,-11718.75
2025-08-09 20:47:43.047,True,34.5,107.5,-10156.25
2025-08-09 20:47:43.049,True,34.5,107.5,-10156.25
2025-08-09 20:47:44.049,True,32.25,107.5,-12968.75
2025-08-09 20:47:44.050,True,31.879999999999995,107.5,-13437.5
2025-08-09 20:47:45.051,True,33.0,107.5,-12031.25
2025-08-09 20:47:45.053,True,33.0,107.5,-12031.25
2025-08-09 20:47:46.055,True,32.5,107.5,-12656.25
2025-08-09 20:47:46.056,True,32.5,107.5,-12656.25
2025-08-09 20:47:47.059,True,33.879999999999995,107.5,-10937.5
2025-08-09 20:47:47.059,True,33.879999999999995,107.5,-10937.5
2025-08-09 20:47:48.062,True,33.120000000000005,107.5,-11875.0
2025-08-09 20:47:48.062,True,33.120000000000005,107.5,-11875.0
2025-08-09 20:47:49.064,True,32.25,107.5,-12968.75
2025-08-09 20:47:49.065,True,32.25,107.5,-12968.75
2025-08-09 20:47:50.066,True,32.879999999999995,107.62,-12343.75
2025-08-09 20:47:50.068,True,32.879999999999995,107.62,-12343.75
2025-08-09 20:47:51.068,True,33.5,107.62,-11406.25
2025-08-09 20:47:51.070,True,33.5,107.62,-11406.25
2025-08-09 20:47:52.222,True,32.0,107.62,-13437.5
2025-08-09 20:47:52.223,True,32.0,107.62,-13437.5
2025-08-09 20:47:53.225,True,32.25,107.62,-13125.0
2025-08-09 20:47:53.226,True,32.25,107.62,-13125.0
2025-08-09 20:47:54.228,True,33.379999999999995,107.62,-11718.75
2025-08-09 20:47:54.229,True,33.379999999999995,107.62,-11718.75
2025-08-09 20:47:55.230,True,32.25,107.62,-13125.0
2025-08-09 20:47:55.231,True,32.25,107.62,-13125.0
2025-08-09 20:47:56.233,True,32.75,107.62,-12500.0
2025-08-09 20:47:56.234,True,32.75,107.62,-12500.0
2025-08-09 20:47:57.235,True,33.379999999999995,107.62,-11718.75
2025-08-09 20:47:57.238,True,33.379999999999995,107.62,-11718.75
2025-08-09 20:47:58.237,True,33.379999999999995,107.62,-11718.75
2025-08-09 20:47:58.241,True,33.379999999999995,107.62,-11718.75
2025-08-09 20:47:59.240,True,32.75,107.62,-12500.0
2025-08-09 20:47:59.242,True,32.75,107.62,-12500.0
2025-08-09 20:48:00.243,True,31.379999999999995,107.62,-14218.75
2025-08-09 20:48:00.244,True,31.379999999999995,107.62,-14218.75
2025-08-09 20:48:01.244,True,29.75,107.62,-16250.0
2025-08-09 20:48:01.246,True,32.120000000000005,107.62,-13281.25
2025-08-09 20:48:02.247,True,31.120000000000005,107.75,-14687.5
2025-08-09 20:48:02.250,True,31.120000000000005,107.75,-14687.5
2025-08-09 20:48:03.249,True,30.75,107.75,-15156.25
2025-08-09 20:48:03.252,True,30.75,107.75,-15156.25
2025-08-09 20:48:04.252,True,33.379999999999995,107.75,-11875.0
2025-08-09 20:48:04.255,True,33.379999999999995,107.75,-11875.0
2025-08-09 20:48:05.257,True,31.25,107.75,-14531.25
2025-08-09 20:48:05.258,True,31.25,107.75,-14531.25
2025-08-09 20:48:06.260,True,32.120000000000005,107.75,-13437.5
2025-08-09 20:48:06.261,True,32.120000000000005,107.75,-13437.5
2025-08-09 20:48:07.262,True,32.879999999999995,107.75,-12500.0
2025-08-09 20:48:07.264,True,32.879999999999995,107.75,-12500.0
2025-08-09 20:48:08.265,True,34.120000000000005,107.75,-10937.5
2025-08-09 20:48:08.266,True,34.120000000000005,107.75,-10937.5
2025-08-09 20:48:09.268,True,34.5,107.75,-10468.75
2025-08-09 20:48:09.269,True,34.5,107.75,-10468.75
2025-08-09 20:48:10.270,True,33.620000000000005,107.75,-11562.5
2025-08-09 20:48:10.271,True,33.620000000000005,107.75,-11562.5
2025-08-09 20:48:11.272,True,34.120000000000005,107.75,-10937.5
2025-08-09 20:48:11.274,True,34.120000000000005,107.75,-10937.5
2025-08-09 20:48:12.274,True,32.879999999999995,107.75,-12500.0
2025-08-09 20:48:12.276,True,33.879999999999995,107.75,-11250.0
2025-08-09 20:48:13.277,True,33.0,107.75,-10937.5
2025-08-09 20:48:13.278,True,33.0,107.75,-12343.75
2025-08-09 20:48:14.280,True,32.75,107.75,-12656.25
2025-08-09 20:48:14.283,True,32.75,107.75,-12656.25
2025-08-09 20:48:15.282,True,34.0,107.75,-11093.75
2025-08-09 20:48:15.289,True,34.0,107.75,-11093.75
2025-08-09 20:48:16.284,True,35.120000000000005,107.75,-9687.5
2025-08-09 20:48:16.291,True,35.120000000000005,107.75,-9687.5
2025-08-09 20:48:17.286,True,34.75,107.75,-10156.25
2025-08-09 20:48:17.293,True,34.75,107.75,-10156.25
2025-08-09 20:48:18.288,True,34.5,107.75,-10468.75
2025-08-09 20:48:18.295,True,34.5,107.75,-10468.75
2025-08-09 20:48:19.290,True,31.879999999999995,107.75,-13750.0
2025-08-09 20:48:19.297,True,31.879999999999995,107.75,-13750.0
2025-08-09 20:48:20.293,True,32.379999999999995,107.88,-13281.25
2025-08-09 20:48:20.299,True,32.379999999999995,107.88,-13281.25
2025-08-09 20:48:21.295,True,29.120000000000005,107.88,-17343.75
2025-08-09 20:48:21.302,True,29.120000000000005,107.88,-17343.75
2025-08-09 20:48:22.297,True,33.620000000000005,107.88,-11718.75
2025-08-09 20:48:22.303,True,32.120000000000005,107.88,-11718.75
2025-08-09 20:48:23.298,True,31.25,107.88,-14687.5
2025-08-09 20:48:23.305,True,31.620000000000005,107.88,-14218.75
2025-08-09 20:48:24.301,True,34.120000000000005,107.88,-11093.75
2025-08-09 20:48:24.306,True,34.120000000000005,107.88,-11093.75
2025-08-09 20:48:25.304,True,33.379999999999995,107.88,-12031.25
2025-08-09 20:48:25.308,True,33.379999999999995,107.88,-12031.25
2025-08-09 20:48:26.307,True,34.0,107.88,-11250.0
2025-08-09 20:48:26.313,True,34.0,107.88,-11250.0
2025-08-09 20:48:27.309,True,34.620000000000005,107.88,-10468.75
2025-08-09 20:48:27.315,True,34.620000000000005,107.88,-10468.75
2025-08-09 20:48:28.312,True,33.379999999999995,107.88,-12031.25
2025-08-09 20:48:28.318,True,33.379999999999995,107.88,-12031.25
2025-08-09 20:48:29.315,True,33.25,107.88,-12187.5
2025-08-09 20:48:29.321,True,33.25,107.88,-12187.5
2025-08-09 20:48:30.317,True,30.5,108.0,-15781.25
2025-08-09 20:48:30.323,True,30.5,108.0,-15781.25
2025-08-09 20:48:31.319,True,32.25,108.0,-13593.75
2025-08-09 20:48:31.326,True,32.25,108.0,-13593.75
2025-08-09 20:48:32.323,True,32.879999999999995,108.0,-12812.5
2025-08-09 20:48:32.328,True,32.879999999999995,108.0,-12812.5
2025-08-09 20:48:33.327,True,32.25,108.0,-13593.75
2025-08-09 20:48:33.330,True,32.25,108.0,-13593.75
2025-08-09 20:48:34.330,True,34.120000000000005,108.0,-11250.0
2025-08-09 20:48:34.332,True,34.120000000000005,108.0,-11250.0
2025-08-09 20:48:35.333,True,34.5,108.0,-10781.25
2025-08-09 20:48:35.334,True,34.5,108.0,-10781.25
2025-08-09 20:48:36.336,True,32.0,108.0,-13906.25
2025-08-09 20:48:36.337,True,32.0,108.0,-13906.25
2025-08-09 20:48:37.339,True,32.620000000000005,108.0,-13281.25
2025-08-09 20:48:38.342,True,35.0,108.0,-10156.25
2025-08-09 20:48:39.344,True,34.879999999999995,108.0,-10312.5
2025-08-09 20:48:40.346,True,34.25,108.12,-11250.0
2025-08-09 20:48:41.349,True,33.879999999999995,108.12,-11718.75
2025-08-09 20:48:42.352,True,35.5,108.12,-9687.5
2025-08-09 20:48:43.355,True,35.620000000000005,108.12,-9531.25
2025-08-09 20:48:44.358,True,35.879999999999995,108.12,-9218.75
2025-08-09 20:48:45.361,True,35.620000000000005,108.12,-9531.25
2025-08-09 20:48:46.363,True,35.0,108.12,-10312.5
2025-08-09 20:48:47.369,True,36.120000000000005,108.12,-8906.25
2025-08-09 20:48:48.372,True,31.879999999999995,108.12,-14218.75
2025-08-09 20:48:49.374,True,34.5,108.12,-10937.5
2025-08-09 20:48:50.377,True,34.620000000000005,108.12,-10781.25
2025-08-09 20:48:51.379,True,35.120000000000005,108.12,-10156.25
2025-08-09 20:48:52.381,True,33.879999999999995,108.25,-11875.0
2025-08-09 20:48:53.384,True,33.0,108.25,-12968.75
2025-08-09 20:48:54.386,True,34.379999999999995,108.25,-11250.0
2025-08-09 20:48:55.389,True,34.379999999999995,108.25,-11250.0
2025-08-09 20:48:56.391,True,31.879999999999995,108.25,-14375.0
2025-08-09 20:48:57.393,True,34.75,108.25,-10781.25
2025-08-09 20:48:58.395,True,37.0,108.25,-7968.75
2025-08-09 20:48:59.397,True,36.620000000000005,108.25,-8437.5
2025-08-09 20:49:00.400,True,36.879999999999995,108.25,-8125.0
2025-08-09 20:49:01.402,True,37.0,108.25,-7968.75
2025-08-09 20:49:02.405,True,36.75,108.25,-8281.25
2025-08-09 20:49:04.300,True,37.25,108.25,-7656.25
2025-08-09 20:49:05.303,True,37.120000000000005,108.25,-7812.5
2025-08-09 20:49:06.306,True,37.0,108.25,-7968.75
2025-08-09 20:49:07.310,True,35.5,108.25,-9843.75
2025-08-09 20:49:08.312,True,34.75,108.25,-10781.25
2025-08-09 20:49:09.314,True,36.379999999999995,108.25,-8750.0
2025-08-09 20:49:10.317,True,35.0,108.38,-10468.75
2025-08-09 20:49:11.320,True,31.25,108.38,-15312.5
2025-08-09 20:49:12.322,True,31.0,108.38,-15625.0
2025-08-09 20:49:13.325,True,38.75,108.38,-5937.5
2025-08-09 20:49:14.327,True,38.379999999999995,108.38,-6406.25
2025-08-09 20:49:15.329,True,37.5,108.38,-7500.0
2025-08-09 20:49:16.332,True,36.5,108.38,-8750.0
2025-08-09 20:49:17.334,True,35.879999999999995,108.38,-9531.25
2025-08-09 20:49:18.336,True,35.5,108.38,-10000.0
2025-08-09 20:49:19.338,True,35.75,108.38,-9687.5
2025-08-09 20:49:20.342,True,34.75,108.38,-10937.5
2025-08-09 20:49:21.344,True,34.379999999999995,108.38,-11406.25
2025-08-09 20:49:22.346,True,34.0,108.38,-11875.0
2025-08-09 20:49:23.348,True,36.120000000000005,108.38,-9218.75
2025-08-09 20:49:24.350,True,36.0,108.38,-9375.0
2025-08-09 20:49:25.352,True,31.25,108.5,-15468.75
2025-08-09 20:49:26.355,True,33.120000000000005,108.5,-13125.0
2025-08-09 20:49:27.358,True,33.620000000000005,108.5,-12500.0
2025-08-09 20:49:28.360,True,35.0,108.5,-10781.25
2025-08-09 20:49:29.362,True,36.379999999999995,108.5,-9062.5
2025-08-09 20:49:30.365,True,36.379999999999995,108.5,-9062.5
2025-08-09 20:49:31.368,True,35.879999999999995,108.5,-9687.5
2025-08-09 20:49:32.371,True,35.0,108.5,-10781.25
2025-08-09 20:49:33.373,True,36.379999999999995,108.5,-9062.5
2025-08-09 20:49:34.375,True,35.5,108.5,-10156.25
2025-08-09 20:49:35.378,True,33.25,108.5,-12968.75
2025-08-09 20:49:36.380,True,39.0,108.5,-5781.25
2025-08-09 20:49:37.383,True,25.5,108.5,-22500.0
2025-08-09 20:49:38.385,True,36.879999999999995,108.5,-8593.75
2025-08-09 20:49:39.388,True,35.25,108.62,-10625.0
2025-08-09 20:49:40.390,True,35.25,108.62,-10625.0
2025-08-09 20:49:41.391,True,37.25,108.62,-8125.0
2025-08-09 20:49:42.393,True,36.5,108.62,-9062.5
2025-08-09 20:49:43.395,True,36.0,108.62,-9687.5
2025-08-09 20:49:44.397,True,37.0,108.62,-8437.5
2025-08-09 20:49:45.399,True,38.75,108.62,-6093.75
2025-08-09 20:49:46.401,True,37.620000000000005,108.62,-7656.25
2025-08-09 20:49:47.403,True,38.0,108.62,-7187.5
2025-08-09 20:49:48.405,True,36.5,108.62,-9062.5
2025-08-09 20:49:49.408,True,37.120000000000005,108.62,-8281.25
2025-08-09 20:49:50.409,True,37.879999999999995,108.62,-7343.75
2025-08-09 20:49:51.411,True,37.120000000000005,108.62,-8281.25
2025-08-09 20:49:52.413,True,36.25,108.62,-9375.0
2025-08-09 20:49:53.415,True,36.25,108.62,-9375.0
2025-08-09 20:49:54.417,True,34.879999999999995,108.62,-11093.75
2025-08-09 20:49:55.419,True,34.75,108.62,-11250.0
2025-08-09 20:49:56.421,True,34.879999999999995,108.62,-11093.75
2025-08-09 20:49:57.423,True,36.120000000000005,108.62,-9531.25
2025-08-09 20:49:58.425,True,34.75,108.62,-11250.0
2025-08-09 20:49:59.427,True,34.0,108.62,-12187.5
2025-08-09 20:50:00.428,True,36.879999999999995,108.75,-8750.0
2025-08-09 20:50:01.430,True,37.0,108.62,-8437.5
2025-08-09 20:50:02.433,True,29.620000000000005,108.75,-17656.25
2025-08-09 20:50:03.435,True,31.120000000000005,108.75,-15937.5
2025-08-09 20:50:04.436,True,35.75,108.75,-10156.25
2025-08-09 20:50:05.438,True,38.120000000000005,108.75,-7187.5
2025-08-09 20:50:06.441,True,36.620000000000005,108.75,-9062.5
2025-08-09 20:50:07.583,True,35.879999999999995,108.75,-10000.0
2025-08-09 20:50:08.585,True,37.120000000000005,108.75,-8437.5
2025-08-09 20:50:09.587,True,37.25,108.75,-8281.25
2025-08-09 20:50:10.589,True,36.75,108.62,-8906.25
2025-08-09 20:50:11.591,True,37.25,108.62,-8125.0
2025-08-09 20:50:12.593,True,37.120000000000005,108.62,-8281.25
2025-08-09 20:50:13.595,True,37.120000000000005,108.75,-8437.5
2025-08-09 20:50:14.597,True,36.120000000000005,108.62,-9531.25
2025-08-09 20:50:15.600,True,37.25,108.62,-8125.0
2025-08-09 20:50:16.602,True,37.0,108.62,-8437.5
2025-08-09 20:50:17.606,True,36.25,108.62,-9375.0
2025-08-09 20:50:18.608,True,36.379999999999995,108.62,-9218.75
2025-08-09 20:50:19.610,True,32.0,108.62,-14843.75
2025-08-09 20:50:20.612,True,31.620000000000005,108.75,-15312.5
2025-08-09 20:50:21.613,True,32.620000000000005,108.75,-14062.5
2025-08-09 20:50:22.615,True,30.879999999999995,108.75,-16250.0
2025-08-09 20:50:23.618,True,32.25,108.75,-14531.25
2025-08-09 20:50:24.620,True,33.5,108.75,-12968.75
2025-08-09 20:50:25.622,True,35.25,108.75,-10781.25
2025-08-09 20:50:26.624,True,34.879999999999995,108.75,-11250.0
2025-08-09 20:50:27.626,True,37.5,108.75,-8125.0
2025-08-09 20:50:28.628,True,35.5,108.75,-10468.75
2025-08-09 20:50:29.630,True,35.75,108.75,-10156.25
2025-08-09 20:50:30.631,True,31.5,108.75,-15468.75
2025-08-09 20:50:31.633,True,35.879999999999995,108.75,-10000.0
2025-08-09 20:50:32.636,True,29.75,108.75,-17500.0
2025-08-09 20:50:33.638,True,36.25,108.75,-9531.25
2025-08-09 20:50:34.645,True,34.620000000000005,108.75,-11562.5
2025-08-09 20:50:35.647,True,36.379999999999995,108.75,-9375.0
2025-08-09 20:50:36.649,True,34.379999999999995,108.75,-11875.0
2025-08-09 20:50:37.651,True,33.0,108.75,-13593.75
2025-08-09 20:50:38.653,True,33.379999999999995,108.75,-13125.0
2025-08-09 20:50:39.655,True,27.0,108.88,-21093.75
2025-08-09 20:50:40.658,True,35.120000000000005,108.75,-11093.75
2025-08-09 20:50:41.660,True,36.5,108.75,-9218.75
2025-08-09 20:50:42.662,True,31.879999999999995,108.88,-15156.25
2025-08-09 20:50:43.665,True,36.5,108.88,-9375.0
2025-08-09 20:50:44.667,True,35.75,108.88,-10312.5
2025-08-09 20:50:45.669,True,35.75,108.88,-10312.5
2025-08-09 20:50:46.672,True,33.25,108.88,-13437.5
2025-08-09 20:50:47.675,True,32.620000000000005,108.88,-14218.75
2025-08-09 20:50:48.677,True,35.879999999999995,108.88,-10468.75
2025-08-09 20:50:49.679,True,33.5,108.88,-13125.0
2025-08-09 20:50:50.681,True,30.120000000000005,108.88,-17187.5
2025-08-09 20:50:51.683,True,29.25,108.88,-18281.25
2025-08-09 20:50:52.684,True,31.120000000000005,109.0,-16250.0
2025-08-09 20:50:53.686,True,34.0,109.0,-12656.25
2025-08-09 20:50:54.689,True,33.379999999999995,109.0,-13437.5
2025-08-09 20:50:55.691,True,23.75,109.0,-25312.5
2025-08-09 20:50:56.693,True,34.379999999999995,109.0,-12187.5
2025-08-09 20:50:57.695,True,28.0,109.0,-20000.0
2025-08-09 20:50:58.697,True,32.0,109.0,-15156.25
2025-08-09 20:50:59.699,True,28.75,109.12,-19218.75
2025-08-09 20:51:00.701,True,32.620000000000005,109.12,-14531.25
2025-08-09 20:51:01.703,True,33.25,109.12,-13750.0
2025-08-09 20:51:02.706,True,31.5,109.12,-15781.25
2025-08-09 20:51:03.709,True,32.120000000000005,109.12,-15156.25
2025-08-09 20:51:04.712,True,30.5,109.12,-17031.25
2025-08-09 20:51:05.714,True,30.25,109.12,-17343.75
2025-08-09 20:51:06.718,True,31.620000000000005,109.12,-15625.0
2025-08-09 20:51:07.720,True,30.879999999999995,109.12,-16562.5
2025-08-09 20:51:08.723,True,29.5,109.12,-18281.25
2025-08-09 20:51:09.726,True,26.75,109.12,-21718.75
2025-08-09 20:51:10.727,True,31.0,109.12,-16406.25
2025-08-09 20:51:11.729,True,30.879999999999995,109.25,-16718.75
2025-08-09 20:51:12.731,True,30.75,109.25,-16875.0
2025-08-09 20:51:13.733,True,37.0,109.12,-8906.25
2025-08-09 20:51:14.735,True,34.75,109.12,-11875.0
2025-08-09 20:51:15.737,True,32.25,109.12,-15000.0
2025-08-09 20:51:16.740,True,31.879999999999995,109.12,-15468.75
2025-08-09 20:51:17.742,True,28.379999999999995,109.25,-19843.75
2025-08-09 20:51:18.743,True,31.5,109.25,-15937.5
2025-08-09 20:51:19.745,True,30.879999999999995,109.25,-16718.75
2025-08-09 20:51:20.748,True,29.25,109.25,-18750.0
2025-08-09 20:51:21.750,True,36.620000000000005,109.25,-9531.25
2025-08-09 20:51:22.752,True,33.379999999999995,109.25,-13750.0
2025-08-09 20:51:23.754,True,35.25,109.12,-11250.0
2025-08-09 20:51:24.756,True,24.5,109.25,-24687.5
2025-08-09 20:51:25.758,True,31.25,109.25,-16250.0
2025-08-09 20:51:26.760,True,27.120000000000005,109.25,-21406.25
2025-08-09 20:51:27.763,True,30.379999999999995,109.25,-17343.75
2025-08-09 20:51:28.765,True,34.75,109.25,-12031.25
2025-08-09 20:51:29.767,True,34.379999999999995,109.25,-12500.0
2025-08-09 20:51:30.770,True,37.5,109.25,-8437.5
2025-08-09 20:51:31.771,True,34.120000000000005,109.25,-12812.5
2025-08-09 20:51:32.773,True,33.379999999999995,109.25,-13750.0
2025-08-09 20:51:33.775,True,35.379999999999995,109.25,-11250.0
2025-08-09 20:51:34.777,True,36.25,109.25,-10000.0
2025-08-09 20:51:35.779,True,35.25,109.25,-11406.25
2025-08-09 20:51:36.781,True,36.0,109.25,-10312.5
2025-08-09 20:51:37.784,True,34.25,109.25,-12656.25
2025-08-09 20:51:38.786,True,27.879999999999995,109.25,-20468.75
2025-08-09 20:51:39.787,True,34.120000000000005,109.25,-12812.5
2025-08-09 20:51:40.789,True,29.25,109.25,-18750.0
2025-08-09 20:51:41.791,True,32.879999999999995,109.25,-14375.0
2025-08-09 20:51:42.793,True,35.5,109.25,-11093.75
2025-08-09 20:51:43.795,True,28.0,109.25,-20312.5
2025-08-09 20:51:44.797,True,34.25,109.25,-12656.25
2025-08-09 20:51:45.800,True,31.0,109.25,-16562.5
2025-08-09 20:51:46.802,True,28.5,109.25,-19687.5
2025-08-09 20:51:47.803,True,34.0,109.25,-12968.75
2025-08-09 20:51:48.805,True,32.5,109.38,-14843.75
2025-08-09 20:51:49.807,True,33.0,109.38,-14218.75
2025-08-09 20:51:50.810,True,26.75,109.38,-22031.25
2025-08-09 20:51:51.812,True,32.25,109.38,-15156.25
2025-08-09 20:51:52.814,True,29.5,109.38,-18593.75
2025-08-09 20:51:53.816,True,36.379999999999995,109.38,-10000.0
2025-08-09 20:51:54.818,True,31.620000000000005,109.38,-15937.5
2025-08-09 20:51:55.820,True,32.0,109.38,-15468.75
2025-08-09 20:51:56.822,True,26.620000000000005,109.38,-22187.5
2025-08-09 20:51:57.824,True,30.879999999999995,109.38,-16875.0
2025-08-09 20:51:58.826,True,35.0,109.38,-11718.75
2025-08-09 20:51:59.830,True,34.5,109.38,-12343.75
2025-08-09 20:52:00.832,True,36.879999999999995,109.38,-9375.0
2025-08-09 20:52:01.834,True,34.879999999999995,109.38,-11875.0
2025-08-09 20:52:02.836,True,33.620000000000005,109.38,-13437.5
2025-08-09 20:52:03.838,True,33.75,109.38,-13281.25
2025-08-09 20:52:04.841,True,36.620000000000005,109.38,-9687.5
2025-08-09 20:52:05.844,True,30.120000000000005,109.38,-17812.5
2025-08-09 20:52:06.847,True,33.379999999999995,109.38,-13750.0
2025-08-09 20:52:07.850,True,35.5,109.38,-11093.75
2025-08-09 20:52:08.852,True,30.75,109.38,-17031.25
2025-08-09 20:52:09.854,True,35.620000000000005,109.38,-10937.5
2025-08-09 20:52:10.859,True,32.379999999999995,109.38,-15000.0
2025-08-09 20:52:11.862,True,36.0,109.38,-10468.75
2025-08-09 20:52:12.865,True,32.5,109.38,-14843.75
2025-08-09 20:52:13.867,True,37.620000000000005,109.38,-8437.5
2025-08-09 20:52:14.871,True,37.5,109.38,-8593.75
2025-08-09 20:52:15.873,True,37.120000000000005,109.38,-9062.5
2025-08-09 20:52:16.875,True,38.120000000000005,109.38,-7812.5
2025-08-09 20:52:17.879,True,34.879999999999995,109.38,-11875.0
2025-08-09 20:52:18.881,True,27.120000000000005,109.38,-21562.5
2025-08-09 20:52:19.885,True,30.379999999999995,109.38,-17500.0
2025-08-09 20:52:20.888,True,25.5,109.5,-23593.75
2025-08-09 20:52:21.890,True,34.75,109.38,-12031.25
2025-08-09 20:52:22.893,True,35.620000000000005,109.38,-10937.5
2025-08-09 20:52:23.895,True,37.120000000000005,109.38,-9062.5
2025-08-09 20:52:24.898,True,36.75,109.38,-9531.25
2025-08-09 20:52:25.941,True,28.379999999999995,109.38,-20000.0
2025-08-09 20:52:26.943,True,31.0,109.5,-16875.0
2025-08-09 20:52:27.946,True,30.120000000000005,109.5,-17968.75
2025-08-09 20:52:28.948,True,35.0,109.5,-11875.0
2025-08-09 20:52:29.950,True,33.379999999999995,109.5,-13906.25
2025-08-09 20:52:30.952,True,35.25,109.5,-11562.5
2025-08-09 20:52:31.955,True,34.879999999999995,109.5,-12031.25
2025-08-09 20:52:32.957,True,28.75,109.5,-19687.5
2025-08-09 20:52:33.959,True,37.5,109.5,-8750.0
2025-08-09 20:52:34.962,True,35.120000000000005,109.5,-11718.75
2025-08-09 20:52:35.964,True,35.5,109.5,-11250.0
2025-08-09 20:52:36.966,True,32.379999999999995,109.5,-15156.25
2025-08-09 20:52:37.968,True,33.620000000000005,109.5,-14687.5
2025-08-09 20:52:38.970,True,32.5,109.5,-15000.0
2025-08-09 20:52:39.972,True,31.879999999999995,109.5,-15781.25
2025-08-09 20:52:40.975,True,33.120000000000005,109.5,-14218.75
2025-08-09 20:52:41.977,True,31.0,109.62,-16875.0
2025-08-09 20:52:42.980,True,30.620000000000005,109.62,-17500.0
2025-08-09 20:52:43.982,True,30.75,109.62,-17343.75
2025-08-09 20:52:44.983,True,29.75,109.62,-18593.75
2025-08-09 20:52:45.985,True,34.379999999999995,109.62,-12812.5
2025-08-09 20:52:46.987,True,32.0,109.62,-15781.25
2025-08-09 20:52:47.992,True,34.5,109.62,-12656.25
2025-08-09 20:52:48.994,True,34.620000000000005,109.62,-12500.0
2025-08-09 20:52:49.996,True,35.379999999999995,109.62,-12500.0
2025-08-09 20:52:50.998,True,38.120000000000005,109.5,-8125.0
2025-08-09 20:52:52.000,True,35.5,109.5,-11250.0
2025-08-09 20:52:53.002,True,38.25,109.62,-7968.75
2025-08-09 20:52:54.004,True,36.5,109.5,-10000.0
2025-08-09 20:52:55.006,True,37.25,109.5,-9062.5
2025-08-09 20:52:56.009,True,29.879999999999995,109.5,-18281.25
2025-08-09 20:52:57.010,True,35.620000000000005,109.5,-11093.75
2025-08-09 20:52:58.012,True,37.0,109.5,-9375.0
2025-08-09 20:52:59.014,True,35.379999999999995,109.5,-11875.0
2025-08-09 20:53:00.016,True,37.879999999999995,109.5,-8281.25
2025-08-09 20:53:01.018,True,36.620000000000005,109.5,-9843.75
2025-08-09 20:53:02.021,True,36.0,109.5,-10625.0
2025-08-09 20:53:03.023,True,30.75,109.5,-17187.5
2025-08-09 20:53:04.025,True,27.879999999999995,109.62,-20937.5
2025-08-09 20:53:05.027,True,33.75,109.62,-13593.75
2025-08-09 20:53:06.029,True,30.25,109.62,-17968.75
2025-08-09 20:53:07.031,True,32.75,109.62,-14843.75
2025-08-09 20:53:08.033,True,34.879999999999995,109.62,-12187.5
2025-08-09 20:53:09.035,True,33.120000000000005,109.62,-14375.0
2025-08-09 20:53:10.037,True,34.620000000000005,109.62,-12500.0
2025-08-09 20:53:11.039,True,35.0,109.62,-12031.25
2025-08-09 20:53:12.041,True,34.620000000000005,109.62,-12500.0
2025-08-09 20:53:13.043,True,32.75,109.62,-14843.75
2025-08-09 20:53:14.045,True,26.879999999999995,109.62,-22187.5
2025-08-09 20:53:15.047,True,29.75,109.62,-18593.75
2025-08-09 20:53:16.049,True,31.879999999999995,109.62,-15937.5
2025-08-09 20:53:17.051,True,34.620000000000005,109.62,-12500.0
2025-08-09 20:53:18.054,True,33.379999999999995,109.62,-14062.5
2025-08-09 20:53:19.056,True,34.620000000000005,109.62,-12500.0
2025-08-09 20:53:20.059,True,30.620000000000005,109.62,-17500.0
2025-08-09 20:53:21.060,True,37.25,109.62,-9218.75
2025-08-09 20:53:22.062,True,35.5,109.62,-11406.25
2025-08-09 20:53:23.065,True,37.879999999999995,109.62,-8437.5
2025-08-09 20:53:24.068,True,35.620000000000005,109.62,-11250.0
2025-08-09 20:53:25.072,True,32.0,109.62,-15781.25
2025-08-09 20:53:26.075,True,33.379999999999995,109.62,-14062.5
2025-08-09 20:53:27.077,True,34.120000000000005,109.62,-13125.0
2025-08-09 20:53:28.078,True,35.75,109.62,-11093.75
2025-08-09 20:53:29.081,True,35.620000000000005,109.62,-11250.0
2025-08-09 20:53:30.083,True,29.379999999999995,109.62,-19062.5
2025-08-09 20:53:31.086,True,38.379999999999995,109.62,-7812.5
2025-08-09 20:53:32.089,True,33.120000000000005,109.75,-14375.0
2025-08-09 20:53:33.091,True,32.75,109.75,-15000.0
2025-08-09 20:53:34.095,True,30.5,109.75,-17812.5
2025-08-09 20:53:35.098,True,35.75,109.75,-11250.0
2025-08-09 20:53:36.100,True,37.620000000000005,109.75,-8906.25
2025-08-09 20:53:37.102,True,26.120000000000005,109.75,-23281.25
2025-08-09 20:53:38.105,True,31.379999999999995,109.75,-16718.75
2025-08-09 20:53:39.108,True,31.0,109.75,-17187.5
2025-08-09 20:53:40.109,True,29.25,109.75,-19375.0
2025-08-09 20:53:41.111,True,32.25,109.88,-15781.25
2025-08-09 20:53:42.113,True,28.620000000000005,109.88,-20312.5
2025-08-09 20:53:43.115,True,31.5,109.88,-16718.75
2025-08-09 20:53:44.117,True,31.75,109.88,-16406.25
2025-08-09 20:53:45.120,True,29.25,109.88,-19531.25
2025-08-09 20:53:46.122,True,29.75,109.88,-18906.25
2025-08-09 20:53:47.124,True,32.120000000000005,109.88,-15937.5
2025-08-09 20:53:48.126,True,32.379999999999995,109.88,-16562.5
2025-08-09 20:53:49.128,True,33.120000000000005,109.88,-14687.5
2025-08-09 20:53:50.129,True,32.879999999999995,109.88,-15000.0
2025-08-09 20:53:51.131,True,32.120000000000005,109.88,-17187.5
2025-08-09 20:53:52.134,True,32.879999999999995,109.88,-15000.0
2025-08-09 20:53:53.136,True,31.120000000000005,109.88,-17187.5
2025-08-09 20:53:54.138,True,35.0,109.88,-12343.75
2025-08-09 20:53:55.139,True,36.620000000000005,109.75,-10156.25
2025-08-09 20:53:56.141,True,35.0,109.75,-12187.5
2025-08-09 20:53:57.144,True,36.0,109.75,-10937.5
2025-08-09 20:53:58.146,True,33.75,109.75,-13750.0
2025-08-09 20:53:59.148,True,32.879999999999995,109.75,-14843.75
2025-08-09 20:54:00.151,True,32.75,109.75,-15000.0
2025-08-09 20:54:01.153,True,33.620000000000005,109.75,-13906.25
2025-08-09 20:54:02.156,True,31.879999999999995,109.75,-16093.75
2025-08-09 20:54:03.160,True,30.75,109.75,-17500.0
2025-08-09 20:54:04.163,True,32.620000000000005,109.75,-15156.25
2025-08-09 20:54:05.166,True,30.75,109.88,-17656.25
2025-08-09 20:54:06.168,True,31.0,109.88,-17343.75
2025-08-09 20:54:07.171,True,31.0,109.88,-17343.75
2025-08-09 20:54:08.173,True,33.75,109.88,-13906.25
2025-08-09 20:54:09.174,True,32.25,109.88,-15781.25
2025-08-09 20:54:10.177,True,31.620000000000005,109.88,-16562.5
2025-08-09 20:54:11.179,True,32.120000000000005,109.88,-15937.5
2025-08-09 20:54:12.181,True,29.0,109.88,-19843.75
2025-08-09 20:54:13.183,True,28.879999999999995,109.88,-20000.0
2025-08-09 20:54:14.185,True,27.25,109.88,-22031.25
2025-08-09 20:54:15.187,True,32.5,109.88,-15468.75
2025-08-09 20:54:16.189,True,35.379999999999995,109.88,-11875.0
2025-08-09 20:54:17.191,True,27.5,109.88,-21718.75
2025-08-09 20:54:18.194,True,28.75,110.0,-20312.5
2025-08-09 20:54:19.196,True,34.379999999999995,109.88,-13125.0
2025-08-09 20:54:20.198,True,33.75,110.0,-14062.5
2025-08-09 20:54:21.201,True,30.879999999999995,110.0,-17656.25
2025-08-09 20:54:22.203,True,36.5,110.0,-10625.0
2025-08-09 20:54:23.204,True,20.75,110.0,-30156.25
2025-08-09 20:54:24.206,True,28.120000000000005,110.0,-21093.75
2025-08-09 20:54:25.208,True,33.0,110.0,-15000.0
2025-08-09 20:54:26.210,True,31.5,110.0,-16875.0
2025-08-09 20:54:27.212,True,30.25,110.0,-18437.5
2025-08-09 20:54:28.214,True,31.620000000000005,110.0,-16718.75
2025-08-09 20:54:29.216,True,35.75,110.0,-11562.5
2025-08-09 20:54:30.217,True,30.25,110.0,-18437.5
2025-08-09 20:54:31.220,True,29.379999999999995,110.0,-19531.25
2025-08-09 20:54:32.222,True,30.120000000000005,110.0,-18593.75
2025-08-09 20:54:33.224,True,36.0,110.0,-11250.0
2025-08-09 20:54:34.225,True,33.879999999999995,110.0,-13906.25
2025-08-09 20:54:35.227,True,27.120000000000005,110.0,-22343.75
2025-08-09 20:54:36.230,True,28.620000000000005,110.0,-20468.75
2025-08-09 20:54:37.232,True,30.620000000000005,110.0,-17968.75
2025-08-09 20:54:38.236,True,33.379999999999995,110.0,-14531.25
2025-08-09 20:54:39.239,True,31.620000000000005,110.12,-16875.0
2025-08-09 20:54:40.241,True,31.75,110.12,-16718.75
2025-08-09 20:54:41.243,True,30.75,110.12,-17968.75
2025-08-09 20:54:42.246,True,32.5,110.12,-15781.25
2025-08-09 20:54:43.257,True,30.379999999999995,110.12,-18437.5
2025-08-09 20:54:44.258,True,31.5,110.12,-17031.25
2025-08-09 20:54:45.261,True,30.879999999999995,110.12,-17812.5
2025-08-09 20:54:46.264,True,29.620000000000005,110.12,-19375.0
2025-08-09 20:54:47.265,True,30.25,110.12,-18593.75
2025-08-09 20:54:48.267,True,30.120000000000005,110.12,-18750.0
2025-08-09 20:54:49.269,True,31.0,110.12,-17656.25
2025-08-09 20:54:50.272,True,30.120000000000005,110.12,-18750.0
2025-08-09 20:54:51.274,True,29.620000000000005,110.12,-19375.0
2025-08-09 20:54:52.276,True,28.0,110.12,-21406.25
2025-08-09 20:54:53.278,True,31.879999999999995,110.25,-16718.75
2025-08-09 20:54:54.280,True,32.620000000000005,110.25,-15625.0
2025-08-09 20:54:55.283,True,33.120000000000005,110.25,-15156.25
2025-08-09 20:54:56.285,True,31.25,110.12,-17343.75
2025-08-09 20:54:57.287,True,31.379999999999995,110.12,-17187.5
2025-08-09 20:54:58.289,True,26.620000000000005,110.25,-23281.25
2025-08-09 20:54:59.291,True,29.879999999999995,110.25,-19218.75
2025-08-09 20:55:00.293,True,31.379999999999995,110.25,-17343.75
2025-08-09 20:55:01.295,True,30.5,110.25,-18437.5
2025-08-09 20:55:02.298,True,29.120000000000005,110.25,-20156.25
2025-08-09 20:55:03.303,True,29.75,110.25,-19375.0
2025-08-09 20:55:04.305,True,31.25,110.25,-17500.0
2025-08-09 20:55:05.307,True,29.75,110.25,-19375.0
2025-08-09 20:55:06.309,True,28.25,110.25,-21250.0
2025-08-09 20:55:07.311,True,31.25,110.25,-17500.0
2025-08-09 20:55:08.314,True,32.25,110.25,-16250.0
2025-08-09 20:55:09.316,True,30.5,110.25,-18437.5
2025-08-09 20:55:10.318,True,28.120000000000005,110.25,-21406.25
2025-08-09 20:55:11.324,True,28.120000000000005,110.25,-21406.25
2025-08-09 20:55:12.326,True,29.25,110.25,-20000.0
2025-08-09 20:55:13.329,True,26.75,110.25,-23125.0
2025-08-09 20:55:14.332,True,30.25,110.25,-18750.0
2025-08-09 20:55:15.334,True,28.0,110.25,-21562.5
2025-08-09 20:55:16.336,True,28.379999999999995,110.25,-21093.75
2025-08-09 20:55:17.338,True,31.5,110.25,-17187.5
2025-08-09 20:55:18.341,True,29.620000000000005,110.25,-19531.25
2025-08-09 20:55:19.344,True,26.0,110.25,-24062.5
2025-08-09 20:55:20.346,True,27.620000000000005,110.25,-22812.5
2025-08-09 20:55:21.348,True,30.25,110.25,-18750.0
2025-08-09 20:55:22.350,True,30.879999999999995,110.25,-17968.75
2025-08-09 20:55:23.352,True,28.379999999999995,110.25,-17812.5
2025-08-09 20:55:24.354,True,29.120000000000005,110.25,-20156.25
2025-08-09 20:55:25.356,True,27.620000000000005,110.38,-22031.25
2025-08-09 20:55:26.359,True,28.5,110.25,-20937.5
2025-08-09 20:55:27.362,True,28.75,110.25,-20625.0
2025-08-09 20:55:28.575,True,28.75,110.25,-20625.0
2025-08-09 20:55:29.577,True,33.879999999999995,110.25,-14218.75
2025-08-09 20:55:30.579,True,27.75,110.25,-21875.0
2025-08-09 20:55:31.581,True,29.25,110.25,-17812.5
2025-08-09 20:55:32.583,True,31.120000000000005,110.38,-17656.25
2025-08-09 20:55:33.590,True,28.620000000000005,110.38,-20781.25
2025-08-09 20:55:34.592,True,30.879999999999995,110.38,-18125.0
2025-08-09 20:55:35.594,True,28.0,110.38,-21718.75
2025-08-09 20:55:36.596,True,32.0,110.38,-16718.75
2025-08-09 20:55:37.598,True,30.5,110.38,-18593.75
2025-08-09 20:55:38.601,True,31.0,110.38,-17968.75
2025-08-09 20:55:39.603,True,32.25,110.38,-16406.25
2025-08-09 20:55:40.607,True,27.5,110.38,-22343.75
2025-08-09 20:55:41.609,True,27.879999999999995,110.38,-21875.0
2025-08-09 20:55:42.611,True,29.879999999999995,110.38,-19375.0
2025-08-09 20:55:43.614,True,30.5,110.38,-18593.75
2025-08-09 20:55:44.616,True,29.5,110.38,-19843.75
2025-08-09 20:55:45.618,True,30.120000000000005,110.38,-19062.5
2025-08-09 20:55:46.621,True,28.5,110.38,-21093.75
2025-08-09 20:55:47.623,True,32.120000000000005,110.38,-16562.5
2025-08-09 20:55:48.625,True,31.25,110.38,-17656.25
2025-08-09 20:55:49.627,True,35.5,110.38,-12343.75
2025-08-09 20:55:50.629,True,34.379999999999995,110.38,-13750.0
2025-08-09 20:55:51.630,True,31.379999999999995,110.38,-17500.0
2025-08-09 20:55:52.634,True,32.120000000000005,110.38,-16562.5
2025-08-09 20:55:53.636,True,30.0,110.38,-19218.75
2025-08-09 20:55:54.639,True,29.879999999999995,110.38,-19375.0
2025-08-09 20:55:55.641,True,0.0,0.0,0.0
2025-08-09 20:55:56.643,True,31.5,110.38,-17343.75
2025-08-09 20:55:57.645,True,27.75,110.38,-22031.25
2025-08-09 20:55:58.647,True,33.5,110.38,-14843.75
2025-08-09 20:55:59.649,True,30.5,110.38,-18593.75
2025-08-09 20:56:00.650,True,33.120000000000005,110.38,-15312.5
2025-08-09 20:56:01.653,True,31.379999999999995,110.38,-17500.0
2025-08-09 20:56:02.655,True,27.5,110.38,-22343.75
2025-08-09 20:56:03.661,True,30.879999999999995,110.38,-18125.0
2025-08-09 20:56:04.663,True,31.25,110.38,-17656.25
2025-08-09 20:56:05.664,True,34.620000000000005,110.38,-13437.5
2025-08-09 20:56:06.666,True,33.879999999999995,110.38,-14375.0
2025-08-09 20:56:07.669,True,29.379999999999995,110.38,-20000.0
2025-08-09 20:56:08.671,True,27.879999999999995,110.5,-22031.25
2025-08-09 20:56:09.674,True,31.879999999999995,110.38,-16875.0
2025-08-09 20:56:10.677,True,30.879999999999995,110.5,-18281.25
2025-08-09 20:56:11.679,True,32.5,110.38,-16093.75
2025-08-09 20:56:12.681,True,34.620000000000005,110.38,-13593.75
2025-08-09 20:56:13.685,True,37.0,110.38,-10468.75
2025-08-09 20:56:14.690,True,32.379999999999995,110.38,-16250.0
2025-08-09 20:56:15.692,True,32.379999999999995,110.38,-16250.0
2025-08-09 20:56:16.695,True,34.379999999999995,110.38,-13750.0
2025-08-09 20:56:17.697,True,32.75,110.5,-15937.5
2025-08-09 20:56:18.703,True,34.25,110.5,-14062.5
2025-08-09 20:56:19.706,True,30.379999999999995,110.5,-18906.25
2025-08-09 20:56:20.708,True,32.0,110.5,-16562.5
2025-08-09 20:56:21.710,True,33.25,110.5,-15312.5
2025-08-09 20:56:22.713,True,32.0,110.5,-16875.0
2025-08-09 20:56:23.716,True,30.879999999999995,110.5,-18281.25
2025-08-09 20:56:24.721,True,33.379999999999995,110.5,-15156.25
2025-08-09 20:56:25.723,True,33.879999999999995,110.5,-14531.25
2025-08-09 20:56:26.725,True,30.25,110.5,-19062.5
2025-08-09 20:56:27.728,True,31.5,110.5,-17500.0
2025-08-09 20:56:28.730,True,32.120000000000005,110.5,-16718.75
2025-08-09 20:56:29.732,True,32.120000000000005,110.62,-16875.0
2025-08-09 20:56:30.735,True,29.879999999999995,110.62,-19687.5
2025-08-09 20:56:31.737,True,32.120000000000005,110.62,-16875.0
2025-08-09 20:56:32.739,True,32.879999999999995,110.62,-15937.5
2025-08-09 20:56:33.746,True,33.25,110.62,-15468.75
2025-08-09 20:56:34.749,True,33.0,110.62,-15781.25
2025-08-09 20:56:35.751,True,29.75,110.62,-19843.75
2025-08-09 20:56:36.753,True,30.75,110.62,-18593.75
2025-08-09 20:56:37.756,True,34.25,110.62,-14218.75
2025-08-09 20:56:38.759,True,30.879999999999995,110.62,-18437.5
2025-08-09 20:56:39.762,True,31.120000000000005,110.62,-18125.0
2025-08-09 20:56:40.765,True,32.120000000000005,110.62,-16875.0
2025-08-09 20:56:41.767,True,32.120000000000005,110.62,-16875.0
2025-08-09 20:56:42.769,True,28.620000000000005,110.62,-21250.0
2025-08-09 20:56:43.771,True,28.620000000000005,110.62,-21250.0
2025-08-09 20:56:44.773,True,30.0,110.62,-19531.25
2025-08-09 20:56:45.776,True,32.379999999999995,110.62,-16562.5
2025-08-09 20:56:46.779,True,30.5,110.62,-18906.25
2025-08-09 20:56:47.780,True,30.25,110.62,-19218.75
2025-08-09 20:56:48.782,True,31.379999999999995,110.62,-17812.5
2025-08-09 20:56:49.784,True,29.379999999999995,110.62,-20312.5
2025-08-09 20:56:50.786,True,33.25,110.62,-15468.75
2025-08-09 20:56:51.788,True,31.379999999999995,110.62,-17812.5
2025-08-09 20:56:52.792,True,27.879999999999995,110.62,-22187.5
2025-08-09 20:56:53.795,True,27.75,110.62,-22343.75
2025-08-09 20:56:54.797,True,29.75,110.62,-19843.75
2025-08-09 20:56:55.800,True,26.879999999999995,110.75,-23593.75
2025-08-09 20:56:56.802,True,31.379999999999995,110.75,-17968.75
2025-08-09 20:56:57.804,True,28.120000000000005,110.75,-22031.25
2025-08-09 20:56:58.807,True,33.25,110.75,-15625.0
2025-08-09 20:56:59.809,True,31.0,110.75,-18437.5
2025-08-09 20:57:00.813,True,31.75,110.75,-17500.0
2025-08-09 20:57:01.815,True,31.120000000000005,110.75,-18281.25
2025-08-09 20:57:02.819,True,33.620000000000005,110.75,-15156.25
2025-08-09 20:57:03.821,True,30.0,110.75,-19687.5
2025-08-09 20:57:04.823,True,28.0,110.75,-22187.5
2025-08-09 20:57:05.826,True,30.0,110.75,-19687.5
2025-08-09 20:57:06.829,True,32.25,110.75,-16875.0
2025-08-09 20:57:07.833,True,28.620000000000005,110.75,-21406.25
2025-08-09 20:57:08.835,True,31.5,110.75,-17812.5
2025-08-09 20:57:09.837,True,32.120000000000005,110.75,-19843.75
2025-08-09 20:57:10.840,True,29.5,110.75,-20312.5
2025-08-09 20:57:11.843,True,30.879999999999995,110.75,-18593.75
2025-08-09 20:57:12.847,True,31.120000000000005,110.75,-18281.25
2025-08-09 20:57:13.849,True,32.120000000000005,110.75,-17031.25
2025-08-09 20:57:14.851,True,29.620000000000005,110.75,-20156.25
2025-08-09 20:57:15.854,True,32.620000000000005,110.75,-16406.25
2025-08-09 20:57:16.857,True,30.620000000000005,110.75,-18906.25
2025-08-09 20:57:17.859,True,31.379999999999995,110.75,-17968.75
2025-08-09 20:57:18.862,True,30.379999999999995,110.75,-19218.75
2025-08-09 20:57:19.865,True,26.620000000000005,110.75,-23906.25
2025-08-09 20:57:20.867,True,29.120000000000005,110.75,-20781.25
2025-08-09 20:57:21.870,True,32.120000000000005,110.75,-17031.25
2025-08-09 20:57:22.872,True,29.120000000000005,110.75,-20781.25
2025-08-09 20:57:23.874,True,30.379999999999995,110.75,-19218.75
2025-08-09 20:57:24.877,True,30.120000000000005,110.75,-19531.25
2025-08-09 20:57:25.878,True,30.620000000000005,110.75,-18906.25
2025-08-09 20:57:26.880,True,31.25,110.75,-18125.0
2025-08-09 20:57:27.882,True,30.379999999999995,110.75,-19218.75
2025-08-09 20:57:28.885,True,30.379999999999995,110.75,-19218.75
2025-08-09 20:57:29.887,True,29.120000000000005,110.75,-20781.25
2025-08-09 20:57:30.889,True,31.879999999999995,110.75,-17343.75
2025-08-09 20:57:31.891,True,29.5,110.75,-20312.5
2025-08-09 20:57:32.894,True,27.75,110.75,-22500.0
2025-08-09 20:57:33.895,True,31.379999999999995,110.75,-17968.75
2025-08-09 20:57:34.897,True,31.620000000000005,110.75,-17656.25
2025-08-09 20:57:35.899,True,31.120000000000005,110.75,-18281.25
2025-08-09 20:57:36.901,True,29.5,110.75,-20312.5
2025-08-09 20:57:37.903,True,28.879999999999995,110.75,-21093.75
2025-08-09 20:57:38.905,True,32.5,110.75,-16562.5
2025-08-09 20:57:39.908,True,30.25,110.75,-19375.0
2025-08-09 20:57:40.910,True,31.25,110.75,-18125.0
2025-08-09 20:57:41.914,True,31.120000000000005,110.75,-18281.25
2025-08-09 20:57:42.918,True,28.379999999999995,110.75,-21718.75
2025-08-09 20:57:43.920,True,30.5,110.75,-19062.5
2025-08-09 20:57:44.922,True,27.620000000000005,110.75,-22656.25
2025-08-09 20:57:45.924,True,29.0,110.75,-20937.5
2025-08-09 20:57:46.926,True,31.379999999999995,110.75,-17968.75
2025-08-09 20:57:47.930,True,30.5,110.75,-19062.5
2025-08-09 20:57:48.933,True,33.879999999999995,110.75,-14843.75
2025-08-09 20:57:49.936,True,33.879999999999995,110.75,-14843.75
2025-08-09 20:57:50.938,True,28.879999999999995,110.75,-21093.75
2025-08-09 20:57:51.940,True,30.879999999999995,110.75,-18593.75
2025-08-09 20:57:52.944,True,30.379999999999995,110.75,-19218.75
2025-08-09 20:57:53.947,True,31.0,110.75,-18437.5
2025-08-09 20:57:54.949,True,27.379999999999995,110.88,-22968.75
2025-08-09 20:57:55.952,True,31.25,110.75,-18125.0
2025-08-09 20:57:56.955,True,28.379999999999995,110.88,-21875.0
2025-08-09 20:57:57.958,True,31.25,110.88,-18281.25
2025-08-09 20:57:58.969,True,33.25,110.75,-15625.0
2025-08-09 20:57:59.971,True,34.25,110.75,-14375.0
2025-08-09 20:58:00.973,True,29.75,110.75,-20000.0
2025-08-09 20:58:01.977,True,31.5,110.75,-24687.5
2025-08-09 20:58:02.980,True,28.879999999999995,110.75,-21093.75
2025-08-09 20:58:03.993,True,29.879999999999995,110.88,-20000.0
2025-08-09 20:58:04.997,True,31.379999999999995,110.88,-18125.0
2025-08-09 20:58:05.998,True,31.379999999999995,110.75,-18125.0
2025-08-09 20:58:07.000,True,32.0,110.88,-17343.75
2025-08-09 20:58:08.002,True,28.620000000000005,110.88,-21562.5
2025-08-09 20:58:09.179,True,26.879999999999995,110.88,-23750.0
2025-08-09 20:58:10.183,True,27.879999999999995,110.88,-22500.0
2025-08-09 20:58:11.185,True,32.379999999999995,110.88,-16875.0
2025-08-09 20:58:12.187,True,33.25,110.88,-15781.25
2025-08-09 20:58:13.189,True,28.75,110.88,-21406.25
2025-08-09 20:58:14.191,True,31.5,110.88,-17968.75
2025-08-09 20:58:15.193,True,32.120000000000005,110.88,-17187.5
2025-08-09 20:58:16.195,True,30.120000000000005,110.88,-19687.5
2025-08-09 20:58:17.197,True,32.75,110.88,-16406.25
2025-08-09 20:58:18.200,True,30.120000000000005,110.88,-19687.5
2025-08-09 20:58:19.201,True,30.120000000000005,110.88,-19687.5
2025-08-09 20:58:20.203,True,28.879999999999995,110.88,-21250.0
2025-08-09 20:58:21.205,True,27.75,110.88,-22656.25
2025-08-09 20:58:22.209,True,32.620000000000005,110.88,-16562.5
2025-08-09 20:58:23.211,True,29.620000000000005,110.88,-20312.5
2025-08-09 20:58:24.213,True,29.120000000000005,110.88,-20937.5
2025-08-09 20:58:25.216,True,30.75,110.88,-18906.25
2025-08-09 20:58:26.219,True,30.75,110.88,-18906.25
2025-08-09 20:58:27.221,True,28.879999999999995,110.88,-21250.0
2025-08-09 20:58:28.223,True,31.75,110.88,-17656.25
2025-08-09 20:58:29.225,True,27.620000000000005,110.88,-22812.5
2025-08-09 20:58:30.227,True,28.879999999999995,110.88,-21250.0
2025-08-09 20:58:31.230,True,30.25,110.88,-19531.25
2025-08-09 20:58:32.232,True,27.379999999999995,110.88,-23125.0
2025-08-09 20:58:33.235,True,29.620000000000005,110.88,-20312.5
2025-08-09 20:58:34.237,True,33.0,110.88,-16093.75
2025-08-09 20:58:35.239,True,28.120000000000005,110.88,-22187.5
2025-08-09 20:58:36.241,True,32.620000000000005,110.88,-16562.5
2025-08-09 20:58:37.243,True,31.620000000000005,110.88,-17812.5
2025-08-09 20:58:38.245,True,27.379999999999995,111.0,-23281.25
2025-08-09 20:58:39.247,True,29.5,110.88,-20468.75
2025-08-09 20:58:40.249,True,30.0,111.0,-20000.0
2025-08-09 20:58:41.251,True,29.75,111.0,-20156.25
2025-08-09 20:58:42.254,True,30.120000000000005,111.0,-19843.75
2025-08-09 20:58:43.255,True,29.879999999999995,111.0,-20156.25
2025-08-09 20:58:44.257,True,28.75,111.0,-21562.5
2025-08-09 20:58:45.259,True,31.5,111.0,-18125.0
2025-08-09 20:58:46.262,True,28.879999999999995,111.0,-21406.25
2025-08-09 20:58:47.264,True,32.5,111.0,-16875.0
2025-08-09 20:58:48.266,True,31.25,111.0,-18437.5
2025-08-09 20:58:49.270,True,32.5,111.0,-16875.0
2025-08-09 20:58:50.273,True,28.879999999999995,111.0,-21406.25
2025-08-09 20:58:51.274,True,28.379999999999995,111.0,-22031.25
2025-08-09 20:58:52.276,True,27.879999999999995,111.0,-22656.25
2025-08-09 20:58:53.278,True,31.25,111.0,-18437.5
2025-08-09 20:58:54.281,True,30.5,111.0,-19375.0
2025-08-09 20:58:55.283,True,32.120000000000005,111.0,-17343.75
2025-08-09 20:58:56.285,True,30.5,111.0,-19375.0
2025-08-09 20:58:57.287,True,31.620000000000005,111.0,-17968.75
2025-08-09 20:58:58.291,True,32.5,111.0,-16875.0
2025-08-09 20:58:59.293,True,31.379999999999995,111.0,-18281.25
2025-08-09 20:59:00.296,True,33.0,111.0,-16250.0
2025-08-09 20:59:01.298,True,33.0,111.0,-16250.0
2025-08-09 20:59:02.299,True,31.879999999999995,111.0,-17656.25
2025-08-09 20:59:03.301,True,32.5,111.0,-16875.0
2025-08-09 20:59:04.303,True,28.25,111.0,-22187.5
2025-08-09 20:59:05.306,True,33.120000000000005,111.0,-16093.75
2025-08-09 20:59:06.307,True,35.120000000000005,110.88,-13437.5
2025-08-09 20:59:07.309,True,30.879999999999995,110.88,-18750.0
2025-08-09 20:59:08.311,True,28.879999999999995,111.0,-21406.25
2025-08-09 20:59:09.314,True,31.75,111.0,-19687.5
2025-08-09 20:59:10.316,True,28.620000000000005,111.0,-21718.75
2025-08-09 20:59:11.318,True,30.0,111.0,-20000.0
2025-08-09 20:59:12.320,True,29.620000000000005,111.0,-20156.25
2025-08-09 20:59:13.322,True,32.75,111.0,-16562.5
2025-08-09 20:59:14.324,True,30.879999999999995,111.0,-18906.25
2025-08-09 20:59:15.326,True,32.5,111.0,-16875.0
2025-08-09 20:59:16.328,True,31.879999999999995,111.0,-17656.25
2025-08-09 20:59:17.330,True,32.25,111.0,-17187.5
2025-08-09 20:59:18.332,True,31.620000000000005,111.0,-17968.75
2025-08-09 20:59:19.334,True,32.879999999999995,111.0,-16406.25
2025-08-09 20:59:20.337,True,33.25,111.0,-15937.5
2025-08-09 20:59:21.339,True,32.879999999999995,111.0,-16406.25
2025-08-09 20:59:22.341,True,33.0,111.0,-16250.0
2025-08-09 20:59:23.343,True,35.75,111.0,-12812.5
2025-08-09 20:59:24.345,True,30.25,111.0,-19687.5
2025-08-09 20:59:25.347,True,34.75,111.0,-14062.5
2025-08-09 20:59:26.350,True,29.120000000000005,111.0,-21093.75
2025-08-09 20:59:27.352,True,34.0,111.0,-15000.0
2025-08-09 20:59:28.354,True,35.620000000000005,111.0,-12968.75
2025-08-09 20:59:29.355,True,35.620000000000005,111.0,-12968.75
2025-08-09 20:59:30.357,True,33.75,111.0,-15312.5
2025-08-09 20:59:31.359,True,32.5,111.0,-16875.0
2025-08-09 20:59:32.361,True,36.379999999999995,111.0,-12031.25
2025-08-09 20:59:33.363,True,35.0,111.0,-13750.0
2025-08-09 20:59:34.365,True,27.879999999999995,111.0,-22656.25
2025-08-09 20:59:35.367,True,34.75,111.0,-14062.5
2025-08-09 20:59:36.369,True,33.5,111.0,-15625.0
2025-08-09 20:59:37.371,True,30.379999999999995,111.0,-19531.25
2025-08-09 20:59:38.373,True,31.75,111.0,-17812.5
2025-08-09 20:59:39.375,True,35.5,111.0,-13125.0
2025-08-09 20:59:40.377,True,35.75,111.0,-12812.5
2025-08-09 20:59:41.378,True,35.620000000000005,111.0,-12968.75
2025-08-09 20:59:42.380,True,35.5,111.0,-13125.0
2025-08-09 20:59:43.382,True,33.25,111.0,-15937.5
2025-08-09 20:59:44.385,True,36.5,111.0,-11875.0
2025-08-09 20:59:45.389,True,33.620000000000005,111.0,-15468.75
2025-08-09 20:59:46.391,True,34.620000000000005,111.0,-14218.75
2025-08-09 20:59:47.394,True,36.25,111.0,-12187.5
2025-08-09 20:59:48.397,True,32.120000000000005,111.0,-17343.75
2025-08-09 20:59:49.400,True,31.120000000000005,111.12,-18750.0
2025-08-09 20:59:49.741,True,0.0,0.0,0.0
2025-08-09 20:59:50.401,True,35.620000000000005,111.12,-13125.0
2025-08-09 20:59:50.746,True,30.379999999999995,111.12,-19687.5
2025-08-09 20:59:53.073,True,33.879999999999995,111.12,-15312.5
2025-08-09 20:59:53.074,True,33.879999999999995,111.12,-15312.5
2025-08-09 20:59:54.075,True,34.620000000000005,111.12,-14375.0
2025-08-09 20:59:54.077,True,34.620000000000005,111.12,-14375.0
2025-08-09 20:59:55.079,True,32.620000000000005,111.12,-16875.0
2025-08-09 20:59:55.080,True,32.620000000000005,111.12,-16875.0
2025-08-09 20:59:56.082,True,35.5,111.12,-13281.25
2025-08-09 20:59:56.083,True,35.0,111.12,-13281.25
2025-08-09 20:59:57.084,True,34.120000000000005,111.12,-15000.0
2025-08-09 20:59:57.086,True,34.120000000000005,111.12,-15000.0
2025-08-09 20:59:58.086,True,38.379999999999995,111.12,-9687.5
2025-08-09 20:59:58.088,True,38.379999999999995,111.12,-9687.5
2025-08-09 20:59:59.089,True,36.0,111.12,-12656.25
2025-08-09 20:59:59.090,True,36.0,111.12,-12656.25
2025-08-09 21:00:00.091,True,35.25,111.12,-13593.75
2025-08-09 21:00:00.093,True,35.25,111.12,-13593.75
2025-08-09 21:00:03.029,True,33.620000000000005,111.12,-15625.0
2025-08-09 21:00:03.028,True,33.620000000000005,111.12,-15625.0
2025-08-09 21:00:04.031,True,36.0,111.12,-12656.25
2025-08-09 21:00:04.032,True,36.0,111.12,-12500.0
2025-08-09 21:00:05.034,True,37.25,111.12,-11093.75
2025-08-09 21:00:05.036,True,37.25,111.12,-11093.75
2025-08-09 21:00:06.866,True,34.620000000000005,111.12,-14375.0
2025-08-09 21:00:06.868,True,34.620000000000005,111.12,-14375.0
2025-08-09 21:00:07.870,True,36.25,111.12,-12343.75
2025-08-09 21:00:07.873,True,36.25,111.12,-12343.75
2025-08-09 21:00:08.873,True,35.25,111.25,-13750.0
2025-08-09 21:00:08.876,True,35.25,111.25,-13750.0
2025-08-09 21:00:09.875,True,34.620000000000005,111.25,-14531.25
2025-08-09 21:00:09.878,True,34.620000000000005,111.25,-14531.25
2025-08-09 21:00:10.877,True,31.379999999999995,111.25,-18593.75
2025-08-09 21:00:10.880,True,31.379999999999995,111.25,-18593.75
2025-08-09 21:00:11.880,True,34.75,111.25,-14375.0
2025-08-09 21:00:11.883,True,34.75,111.25,-14375.0
2025-08-09 21:00:12.882,True,34.120000000000005,111.25,-15156.25
2025-08-09 21:00:12.886,True,34.120000000000005,111.25,-15156.25
2025-08-09 21:00:13.887,True,35.25,111.25,-13437.5
2025-08-09 21:00:13.890,True,35.5,111.25,-13437.5
2025-08-09 21:00:14.890,True,35.75,111.25,-13125.0
2025-08-09 21:00:14.894,True,35.75,111.25,-13125.0
2025-08-09 21:00:15.896,True,33.379999999999995,111.25,-16093.75
2025-08-09 21:00:15.896,True,33.379999999999995,111.25,-16093.75
2025-08-09 21:00:16.900,True,37.120000000000005,111.25,-11406.25
2025-08-09 21:00:16.901,True,37.120000000000005,111.25,-11406.25
2025-08-09 21:00:17.903,True,29.879999999999995,111.25,-20468.75
2025-08-09 21:00:17.903,True,29.879999999999995,111.25,-20468.75
2025-08-09 21:00:18.906,True,35.379999999999995,111.25,-13593.75
2025-08-09 21:00:18.907,True,35.379999999999995,111.25,-13593.75
2025-08-09 21:00:19.908,True,37.25,111.25,-11406.25
2025-08-09 21:00:19.911,True,37.25,111.38,-11406.25
2025-08-09 21:00:20.911,True,36.879999999999995,111.25,-11718.75
2025-08-09 21:00:20.915,True,36.879999999999995,111.25,-11718.75
2025-08-09 21:00:21.913,True,37.379999999999995,111.25,-11093.75
2025-08-09 21:00:21.918,True,37.379999999999995,111.25,-11093.75
2025-08-09 21:00:22.915,True,38.0,111.25,-10312.5
2025-08-09 21:00:22.920,True,38.0,111.25,-10312.5
2025-08-09 21:00:23.917,True,36.379999999999995,111.25,-12343.75
2025-08-09 21:00:23.922,True,36.379999999999995,111.25,-12343.75
2025-08-09 21:00:24.919,True,37.879999999999995,111.25,-10468.75
2025-08-09 21:00:24.925,True,37.879999999999995,111.25,-10468.75
2025-08-09 21:00:25.921,True,36.620000000000005,111.25,-12031.25
2025-08-09 21:00:25.929,True,36.120000000000005,111.25,-12656.25
2025-08-09 21:00:26.925,True,35.620000000000005,111.25,-13437.5
2025-08-09 21:00:26.932,True,35.620000000000005,111.25,-13437.5
2025-08-09 21:00:27.927,True,36.5,111.25,-12187.5
2025-08-09 21:00:27.934,True,36.5,111.38,-12187.5
2025-08-09 21:00:28.937,True,36.379999999999995,111.38,-12500.0
2025-08-09 21:00:29.939,True,34.620000000000005,111.38,-14687.5
2025-08-09 21:00:31.009,True,36.379999999999995,111.38,-12500.0
2025-08-09 21:00:32.012,True,34.120000000000005,111.38,-15312.5
2025-08-09 21:00:33.014,True,37.620000000000005,111.38,-10937.5
2025-08-09 21:00:34.016,True,36.120000000000005,111.38,-12812.5
2025-08-09 21:00:35.137,True,37.620000000000005,111.38,-10937.5
2025-08-09 21:00:38.431,True,36.5,111.38,-12343.75
2025-08-09 21:00:40.405,True,36.25,111.38,-12656.25
2025-08-09 21:00:44.809,True,38.379999999999995,111.5,-10156.25
2025-08-09 21:00:45.814,True,37.75,111.5,-10937.5
2025-08-09 21:00:46.817,True,39.75,111.5,-8437.5
2025-08-09 21:00:47.819,True,39.25,111.5,-9062.5
2025-08-09 21:00:48.821,True,35.879999999999995,111.5,-13281.25
2025-08-09 21:00:52.108,True,0.0,0.0,0.0
2025-08-09 21:00:55.121,True,36.25,111.5,-12812.5
2025-08-09 21:00:55.121,True,36.25,111.5,-12812.5
2025-08-09 21:00:56.639,True,34.5,111.5,-15000.0
2025-08-09 21:00:56.642,True,34.5,111.5,-15000.0
2025-08-09 21:00:57.642,True,36.120000000000005,111.62,-13125.0
2025-08-09 21:00:57.644,True,36.120000000000005,111.62,-13125.0
2025-08-09 21:00:58.644,True,35.5,111.62,-13906.25
2025-08-09 21:00:58.648,True,35.5,111.62,-13906.25
2025-08-09 21:00:59.647,True,37.120000000000005,111.62,-11875.0
2025-08-09 21:00:59.651,True,37.120000000000005,111.62,-11875.0
2025-08-09 21:01:00.649,True,35.75,111.62,-13593.75
2025-08-09 21:01:00.653,True,35.75,111.62,-13593.75
2025-08-09 21:01:03.441,True,36.75,111.62,-12343.75
2025-08-09 21:01:03.442,True,36.75,111.62,-12343.75
2025-08-09 21:01:04.443,True,34.879999999999995,111.62,-14687.5
2025-08-09 21:01:04.449,True,33.120000000000005,111.62,-16875.0
2025-08-09 21:01:05.446,True,36.879999999999995,111.62,-12187.5
2025-08-09 21:01:05.453,True,36.879999999999995,111.62,-12187.5
2025-08-09 21:01:06.449,True,37.879999999999995,111.62,-10937.5
2025-08-09 21:01:06.456,True,37.879999999999995,111.62,-10937.5
2025-08-09 21:01:07.451,True,35.620000000000005,111.62,-13750.0
2025-08-09 21:01:07.459,True,35.620000000000005,111.62,-13750.0
2025-08-09 21:01:08.453,True,34.879999999999995,111.62,-14687.5
2025-08-09 21:01:08.463,True,34.879999999999995,111.62,-14687.5
2025-08-09 21:01:09.455,True,35.5,111.62,-13906.25
2025-08-09 21:01:09.467,True,35.5,111.62,-13906.25
2025-08-09 21:01:10.457,True,33.879999999999995,111.62,-15937.5
2025-08-09 21:01:10.470,True,33.879999999999995,111.62,-15937.5
2025-08-09 21:01:11.459,True,37.75,111.62,-11093.75
2025-08-09 21:01:11.472,True,38.879999999999995,111.62,-9687.5
2025-08-09 21:01:12.461,True,37.120000000000005,111.62,-11875.0
2025-08-09 21:01:12.474,True,37.120000000000005,111.62,-11875.0
2025-08-09 21:01:13.464,True,35.25,111.62,-14218.75
2025-08-09 21:01:13.477,True,35.25,111.62,-14218.75
2025-08-09 21:01:14.466,True,34.75,111.62,-13125.0
2025-08-09 21:01:14.479,True,34.75,111.62,-14843.75
2025-08-09 21:01:15.468,True,33.5,111.62,-16406.25
2025-08-09 21:01:15.481,True,33.5,111.62,-16406.25
2025-08-09 21:01:16.470,True,34.25,111.62,-15468.75
2025-08-09 21:01:16.483,True,34.25,111.62,-15468.75
2025-08-09 21:01:17.472,True,37.75,111.62,-11093.75
2025-08-09 21:01:17.485,True,37.75,111.62,-11093.75
2025-08-09 21:01:18.474,True,30.5,111.62,-20156.25
2025-08-09 21:01:18.488,True,30.5,111.62,-20156.25
2025-08-09 21:01:19.478,True,37.75,111.62,-11093.75
2025-08-09 21:01:19.490,True,37.75,111.62,-11093.75
2025-08-09 21:01:20.480,True,36.5,111.62,-12656.25
2025-08-09 21:01:20.493,True,36.5,111.62,-12656.25
2025-08-09 21:01:21.483,True,35.879999999999995,111.75,-13593.75
2025-08-09 21:01:21.495,True,35.879999999999995,111.75,-13593.75
2025-08-09 21:01:22.486,True,35.379999999999995,111.62,-14218.75
2025-08-09 21:01:22.497,True,36.0,111.62,-13281.25
2025-08-09 21:01:23.489,True,36.620000000000005,111.75,-12656.25
2025-08-09 21:01:23.499,True,38.75,111.75,-9843.75
2025-08-09 21:01:24.491,True,38.0,111.75,-10937.5
2025-08-09 21:01:24.501,True,38.0,111.75,-10937.5
2025-08-09 21:01:25.494,True,35.120000000000005,111.75,-14531.25
2025-08-09 21:01:25.503,True,35.120000000000005,111.75,-14531.25
2025-08-09 21:01:26.497,True,36.0,111.75,-13437.5
2025-08-09 21:01:26.507,True,36.0,111.75,-13437.5
2025-08-09 21:01:27.501,True,32.120000000000005,111.75,-18281.25
2025-08-09 21:01:27.509,True,32.120000000000005,111.75,-18281.25
2025-08-09 21:01:28.503,True,36.879999999999995,111.75,-12343.75
2025-08-09 21:01:28.511,True,36.879999999999995,111.75,-12343.75
2025-08-09 21:01:29.505,True,36.75,111.75,-12500.0
2025-08-09 21:01:29.513,True,36.75,111.75,-12500.0
2025-08-09 21:01:30.507,True,31.5,111.75,-19062.5
2025-08-09 21:01:30.515,True,31.5,111.75,-19062.5
2025-08-09 21:01:31.509,True,33.0,111.75,-17187.5
2025-08-09 21:01:31.517,True,35.25,111.75,-14375.0
2025-08-09 21:01:32.519,True,38.5,111.75,-10312.5
2025-08-09 21:01:33.522,True,36.0,111.75,-13437.5
2025-08-09 21:01:34.524,True,39.0,111.75,-9687.5
2025-08-09 21:01:35.526,True,39.120000000000005,111.75,-9531.25
2025-08-09 21:01:36.528,True,38.5,111.75,-10312.5
2025-08-09 21:01:37.529,True,39.5,111.75,-9062.5
2025-08-09 21:01:38.533,True,39.5,111.75,-9062.5
2025-08-09 21:01:39.603,True,39.5,111.75,-9062.5
2025-08-09 21:01:40.605,True,39.5,111.75,-9062.5
2025-08-09 21:01:42.435,True,0.0,0.0,0.0
2025-08-09 21:01:47.842,True,41.879999999999995,111.88,-6093.75
2025-08-09 21:01:47.843,True,41.879999999999995,111.88,-6093.75
2025-08-09 21:01:48.845,True,41.879999999999995,111.88,-6093.75
2025-08-09 21:01:48.847,True,41.879999999999995,111.88,-6093.75
2025-08-09 21:01:49.848,True,41.879999999999995,111.88,-6093.75
2025-08-09 21:01:49.850,True,41.879999999999995,111.88,-6093.75
2025-08-09 21:01:50.849,True,41.879999999999995,111.88,-6093.75
2025-08-09 21:01:50.852,True,41.879999999999995,111.88,-6093.75
2025-08-09 21:01:51.851,True,41.879999999999995,111.88,-6093.75
2025-08-09 21:01:51.854,True,41.879999999999995,111.88,-6093.75
2025-08-09 21:01:52.853,True,41.879999999999995,111.88,-6093.75
2025-08-09 21:01:52.856,True,41.879999999999995,111.88,-6093.75
2025-08-09 21:01:53.858,True,36.879999999999995,111.88,-12500.0
2025-08-09 21:01:53.855,True,36.879999999999995,111.88,-12500.0
2025-08-09 21:01:56.469,True,36.879999999999995,112.0,-12656.25
2025-08-09 21:01:56.900,True,34.25,112.0,-15937.5
2025-08-09 21:01:57.473,True,37.379999999999995,112.0,-12031.25
2025-08-09 21:01:57.902,True,35.879999999999995,112.0,-13906.25
2025-08-09 21:01:58.478,True,35.5,112.0,-14375.0
2025-08-09 21:01:58.905,True,34.620000000000005,112.0,-15468.75
2025-08-09 21:01:59.485,True,35.25,112.0,-14687.5
2025-08-09 21:01:59.906,True,35.25,112.0,-14687.5
2025-08-09 21:02:01.890,True,35.620000000000005,112.0,-14218.75
2025-08-09 21:02:01.890,True,35.620000000000005,112.0,-14218.75
2025-08-09 21:02:02.893,True,37.0,112.0,-12500.0
2025-08-09 21:02:02.893,True,37.0,112.0,-12500.0
2025-08-09 21:02:03.895,True,34.379999999999995,112.0,-15781.25
2025-08-09 21:02:03.896,True,34.379999999999995,112.0,-15781.25
2025-08-09 21:02:04.897,True,37.75,112.0,-11562.5
2025-08-09 21:02:04.899,True,37.75,112.0,-11562.5
2025-08-09 21:02:05.899,True,35.25,112.0,-14687.5
2025-08-09 21:02:05.902,True,35.25,112.0,-14687.5
2025-08-09 21:02:09.844,True,37.879999999999995,112.0,-11406.25
2025-08-09 21:02:09.843,True,37.879999999999995,112.0,-11406.25
2025-08-09 21:02:10.849,True,36.120000000000005,112.0,-13593.75
2025-08-09 21:02:10.850,True,36.120000000000005,112.0,-13593.75
2025-08-09 21:02:11.853,True,36.0,112.0,-13750.0
2025-08-09 21:02:11.854,True,36.0,112.0,-13750.0
2025-08-09 21:02:12.856,True,38.0,112.0,-11250.0
2025-08-09 21:02:12.857,True,38.0,112.0,-11250.0
2025-08-09 21:02:13.857,True,39.5,112.0,-9375.0
2025-08-09 21:02:13.862,True,39.5,112.0,-9375.0
2025-08-09 21:02:14.860,True,34.879999999999995,112.0,-15156.25
2025-08-09 21:02:14.864,True,34.879999999999995,112.0,-15156.25
2025-08-09 21:02:15.862,True,38.0,112.0,-11250.0
2025-08-09 21:02:15.867,True,38.0,112.0,-11250.0
2025-08-09 21:02:16.864,True,32.379999999999995,112.0,-18281.25
2025-08-09 21:02:16.871,True,36.0,112.0,-13750.0
2025-08-09 21:02:17.867,True,34.879999999999995,112.0,-15156.25
2025-08-09 21:02:17.873,True,34.879999999999995,112.0,-15156.25
2025-08-09 21:02:18.869,True,39.120000000000005,112.0,-9843.75
2025-08-09 21:02:18.875,True,39.120000000000005,112.0,-9843.75
2025-08-09 21:02:19.872,True,35.879999999999995,112.0,-13906.25
2025-08-09 21:02:19.878,True,37.120000000000005,112.0,-12343.75
2025-08-09 21:02:20.875,True,37.25,112.0,-12187.5
2025-08-09 21:02:20.882,True,37.25,112.0,-12187.5
2025-08-09 21:02:21.877,True,38.25,112.0,-10937.5
2025-08-09 21:02:21.884,True,38.25,112.0,-10937.5
2025-08-09 21:02:22.882,True,38.379999999999995,112.12,-10937.5
2025-08-09 21:02:22.887,True,38.379999999999995,112.12,-10937.5
2025-08-09 21:02:23.884,True,38.620000000000005,112.0,-10468.75
2025-08-09 21:02:23.891,True,38.620000000000005,112.0,-10468.75
2025-08-09 21:02:24.886,True,39.620000000000005,112.0,-9062.5
2025-08-09 21:02:24.894,True,39.620000000000005,112.0,-9062.5
2025-08-09 21:02:25.888,True,40.379999999999995,112.0,-8125.0
2025-08-09 21:02:25.897,True,40.379999999999995,112.0,-8125.0
2025-08-09 21:02:26.890,True,35.75,112.0,-14062.5
2025-08-09 21:02:26.899,True,35.75,112.0,-14062.5
2025-08-09 21:02:27.893,True,36.75,112.0,-12812.5
2025-08-09 21:02:27.901,True,35.5,112.0,-14375.0
2025-08-09 21:02:28.897,True,33.0,112.12,-17656.25
2025-08-09 21:02:28.904,True,33.25,112.12,-17656.25
2025-08-09 21:02:29.899,True,33.120000000000005,112.12,-17500.0
2025-08-09 21:02:29.907,True,33.120000000000005,112.12,-17500.0
2025-08-09 21:02:30.902,True,33.879999999999995,112.12,-16562.5
2025-08-09 21:02:30.910,True,33.879999999999995,112.12,-16562.5
2025-08-09 21:02:31.904,True,36.5,112.12,-13281.25
2025-08-09 21:02:31.913,True,36.5,112.12,-13281.25
2025-08-09 21:02:32.906,True,35.0,112.12,-15156.25
2025-08-09 21:02:32.916,True,35.0,112.12,-15156.25
2025-08-09 21:02:33.908,True,33.75,112.12,-16718.75
2025-08-09 21:02:33.920,True,33.75,112.12,-16718.75
2025-08-09 21:02:34.910,True,37.379999999999995,112.12,-12187.5
2025-08-09 21:02:34.922,True,37.379999999999995,112.12,-12187.5
2025-08-09 21:02:35.915,True,28.379999999999995,112.12,-23281.25
2025-08-09 21:02:35.925,True,28.379999999999995,112.12,-23281.25
2025-08-09 21:02:36.917,True,37.25,112.12,-12343.75
2025-08-09 21:02:36.928,True,34.620000000000005,112.12,-15625.0
2025-08-09 21:02:37.920,True,39.5,112.12,-9375.0
2025-08-09 21:02:37.932,True,39.5,112.12,-9375.0
2025-08-09 21:02:38.922,True,37.75,112.12,-11718.75
2025-08-09 21:02:38.936,True,36.379999999999995,112.12,-13437.5
2025-08-09 21:02:39.930,True,37.879999999999995,112.12,-13593.75
2025-08-09 21:02:39.941,True,37.879999999999995,112.12,-11562.5
2025-08-09 21:02:40.932,True,36.120000000000005,112.12,-13750.0
2025-08-09 21:02:40.946,True,36.5,112.12,-13281.25
2025-08-09 21:02:41.935,True,37.0,112.12,-12656.25
2025-08-09 21:02:41.951,True,37.0,112.12,-12656.25
2025-08-09 21:02:42.937,True,37.120000000000005,112.12,-12500.0
2025-08-09 21:02:42.953,True,37.120000000000005,112.12,-12500.0
2025-08-09 21:02:43.939,True,38.620000000000005,112.12,-10625.0
2025-08-09 21:02:43.957,True,38.620000000000005,112.12,-10625.0
2025-08-09 21:02:44.941,True,39.25,112.12,-9843.75
2025-08-09 21:02:44.960,True,39.25,112.12,-9843.75
2025-08-09 21:02:45.943,True,37.0,112.12,-12656.25
2025-08-09 21:02:45.962,True,37.0,112.12,-12656.25
2025-08-09 21:02:46.945,True,37.5,112.12,-12031.25
2025-08-09 21:02:46.965,True,37.5,112.12,-12031.25
2025-08-09 21:02:47.947,True,36.5,112.12,-13281.25
2025-08-09 21:02:47.968,True,36.5,112.12,-13281.25
2025-08-09 21:02:48.950,True,37.620000000000005,112.12,-11875.0
2025-08-09 21:02:48.971,True,37.120000000000005,112.12,-12500.0
2025-08-09 21:02:49.951,True,37.0,112.12,-12656.25
2025-08-09 21:02:49.976,True,37.75,112.12,-11718.75
2025-08-09 21:02:50.954,True,36.879999999999995,112.12,-12812.5
2025-08-09 21:02:50.978,True,36.879999999999995,112.12,-12812.5
2025-08-09 21:02:51.956,True,37.75,112.12,-11718.75
2025-08-09 21:02:51.980,True,37.75,112.12,-11718.75
2025-08-09 21:02:52.958,True,34.75,112.12,-15468.75
2025-08-09 21:02:52.984,True,34.75,112.12,-15468.75
2025-08-09 21:02:53.961,True,37.120000000000005,112.12,-12500.0
2025-08-09 21:02:53.988,True,37.120000000000005,112.12,-12500.0
2025-08-09 21:02:54.963,True,40.5,112.12,-8125.0
2025-08-09 21:02:54.990,True,40.5,112.12,-8125.0
2025-08-09 21:02:55.965,True,38.25,112.12,-11093.75
2025-08-09 21:02:55.992,True,38.25,112.12,-11093.75
2025-08-09 21:02:56.968,True,34.0,112.25,-16562.5
2025-08-09 21:02:56.994,True,34.0,112.25,-16562.5
2025-08-09 21:02:57.969,True,38.379999999999995,112.25,-11093.75
2025-08-09 21:02:57.996,True,37.25,112.25,-11093.75
2025-08-09 21:02:58.973,True,34.75,112.25,-15625.0
2025-08-09 21:02:58.999,True,34.379999999999995,112.25,-16093.75
2025-08-09 21:02:59.975,True,36.5,112.25,-13437.5
2025-08-09 21:03:00.001,True,36.5,112.25,-13437.5
2025-08-09 21:03:00.978,True,36.75,112.25,-13125.0
2025-08-09 21:03:01.004,True,37.75,112.25,-11875.0
2025-08-09 21:03:01.980,True,35.620000000000005,112.25,-14531.25
2025-08-09 21:03:02.007,True,35.620000000000005,112.25,-14531.25
2025-08-09 21:03:02.983,True,35.620000000000005,112.25,-14531.25
2025-08-09 21:03:03.009,True,35.620000000000005,112.25,-14531.25
2025-08-09 21:03:03.985,True,37.25,112.25,-12500.0
2025-08-09 21:03:04.012,True,37.25,112.25,-12500.0
2025-08-09 21:03:04.988,True,37.75,112.25,-11875.0
2025-08-09 21:03:05.015,True,37.75,112.25,-11875.0
2025-08-09 21:03:05.991,True,36.25,112.25,-13750.0
2025-08-09 21:03:06.019,True,36.25,112.25,-13750.0
2025-08-09 21:03:06.994,True,37.379999999999995,112.25,-12343.75
2025-08-09 21:03:07.022,True,37.379999999999995,112.25,-12343.75
2025-08-09 21:03:07.999,True,35.879999999999995,112.25,-14218.75
2025-08-09 21:03:08.024,True,35.879999999999995,112.25,-14218.75
2025-08-09 21:03:09.003,True,41.0,112.25,-8593.75
2025-08-09 21:03:09.027,True,40.25,112.25,-8593.75
2025-08-09 21:03:10.006,True,37.379999999999995,112.25,-12343.75
2025-08-09 21:03:10.030,True,37.379999999999995,112.25,-12343.75
2025-08-09 21:03:11.009,True,36.75,112.25,-13125.0
2025-08-09 21:03:11.034,True,36.75,112.25,-13125.0
2025-08-09 21:03:12.013,True,36.5,112.38,-13593.75
2025-08-09 21:03:12.037,True,34.75,112.38,-15781.25
2025-08-09 21:03:13.016,True,36.620000000000005,112.38,-13281.25
2025-08-09 21:03:13.040,True,36.620000000000005,112.38,-13281.25
2025-08-09 21:03:14.018,True,38.879999999999995,112.25,-10312.5
2025-08-09 21:03:14.042,True,38.879999999999995,112.25,-10312.5
2025-08-09 21:03:15.022,True,38.620000000000005,112.38,-10937.5
2025-08-09 21:03:15.044,True,38.620000000000005,112.38,-10937.5
2025-08-09 21:03:16.024,True,38.120000000000005,112.38,-11562.5
2025-08-09 21:03:16.048,True,38.120000000000005,112.38,-11562.5
2025-08-09 21:03:17.026,True,39.620000000000005,112.25,-9375.0
2025-08-09 21:03:17.052,True,39.620000000000005,112.25,-9375.0
2025-08-09 21:03:18.029,True,39.5,112.38,-9687.5
2025-08-09 21:03:18.054,True,39.5,112.38,-9687.5
2025-08-09 21:03:19.032,True,33.5,112.38,-17343.75
2025-08-09 21:03:19.058,True,33.5,112.38,-17343.75
2025-08-09 21:03:20.035,True,38.75,112.38,-10625.0
2025-08-09 21:03:20.060,True,38.75,112.38,-10625.0
2025-08-09 21:03:21.038,True,37.75,112.38,-12031.25
2025-08-09 21:03:21.062,True,38.120000000000005,112.38,-11562.5
2025-08-09 21:03:22.041,True,36.379999999999995,112.38,-13750.0
2025-08-09 21:03:22.066,True,36.379999999999995,112.38,-13750.0
2025-08-09 21:03:23.049,True,36.5,112.38,-13593.75
2025-08-09 21:03:23.069,True,36.5,112.38,-13437.5
2025-08-09 21:03:24.052,True,40.379999999999995,112.38,-8593.75
2025-08-09 21:03:24.071,True,40.379999999999995,112.38,-8593.75
2025-08-09 21:03:25.054,True,36.0,112.38,-14218.75
2025-08-09 21:03:25.073,True,36.0,112.38,-14218.75
2025-08-09 21:03:26.057,True,40.379999999999995,112.38,-8593.75
2025-08-09 21:03:26.076,True,40.379999999999995,112.38,-8593.75
2025-08-09 21:03:27.059,True,36.0,112.38,-14218.75
2025-08-09 21:03:27.079,True,36.0,112.38,-14218.75
2025-08-09 21:03:28.063,True,38.75,112.38,-10625.0
2025-08-09 21:03:28.082,True,38.75,112.38,-10625.0
2025-08-09 21:03:29.065,True,39.879999999999995,112.38,-10937.5
2025-08-09 21:03:29.084,True,39.879999999999995,112.38,-9218.75
2025-08-09 21:03:30.068,True,38.620000000000005,112.38,-10781.25
2025-08-09 21:03:30.087,True,38.620000000000005,112.38,-10781.25
2025-08-09 21:03:31.070,True,39.620000000000005,112.38,-9531.25
2025-08-09 21:03:31.090,True,39.620000000000005,112.38,-9531.25
2025-08-09 21:03:32.072,True,38.879999999999995,112.38,-10468.75
2025-08-09 21:03:32.094,True,37.120000000000005,112.38,-10468.75
2025-08-09 21:03:33.076,True,38.620000000000005,112.38,-10781.25
2025-08-09 21:03:33.098,True,38.620000000000005,112.38,-10781.25
2025-08-09 21:03:34.078,True,39.75,112.38,-9375.0
2025-08-09 21:03:34.100,True,39.75,112.38,-9375.0
2025-08-09 21:03:35.081,True,40.120000000000005,112.38,-8906.25
2025-08-09 21:03:35.102,True,40.120000000000005,112.38,-8906.25
2025-08-09 21:03:36.085,True,38.5,112.38,-11093.75
2025-08-09 21:03:36.104,True,38.5,112.38,-11093.75
2025-08-09 21:03:37.087,True,38.379999999999995,112.38,-11250.0
2025-08-09 21:03:37.106,True,38.379999999999995,112.38,-11250.0
2025-08-09 21:03:38.089,True,37.25,112.38,-12656.25
2025-08-09 21:03:38.110,True,37.25,112.38,-12656.25
2025-08-09 21:03:39.091,True,35.25,112.38,-15156.25
2025-08-09 21:03:39.113,True,35.25,112.38,-15156.25
2025-08-09 21:03:40.094,True,40.379999999999995,112.38,-8593.75
2025-08-09 21:03:40.116,True,37.120000000000005,112.38,-12812.5
2025-08-09 21:03:41.096,True,40.5,112.38,-8437.5
2025-08-09 21:03:41.118,True,40.5,112.38,-8437.5
2025-08-09 21:03:42.098,True,38.5,112.38,-11093.75
2025-08-09 21:03:42.122,True,38.5,112.38,-11093.75
2025-08-09 21:03:43.101,True,40.379999999999995,112.38,-8593.75
2025-08-09 21:03:43.124,True,40.379999999999995,112.38,-8593.75
2025-08-09 21:03:44.104,True,39.5,112.38,-9687.5
2025-08-09 21:03:44.127,True,39.5,112.38,-9687.5
2025-08-09 21:03:45.107,True,39.5,112.38,-9687.5
2025-08-09 21:03:45.130,True,39.5,112.38,-9687.5
2025-08-09 21:03:46.109,True,41.620000000000005,112.38,-7031.25
2025-08-09 21:03:46.132,True,41.620000000000005,112.38,-7031.25
2025-08-09 21:03:47.111,True,38.379999999999995,112.38,-11250.0
2025-08-09 21:03:47.134,True,38.379999999999995,112.38,-11250.0
2025-08-09 21:03:48.113,True,38.879999999999995,112.38,-10468.75
2025-08-09 21:03:48.136,True,38.879999999999995,112.38,-10468.75
2025-08-09 21:03:49.116,True,37.379999999999995,112.38,-12500.0
2025-08-09 21:03:49.139,True,37.379999999999995,112.38,-12500.0
2025-08-09 21:03:50.118,True,37.620000000000005,112.38,-12187.5
2025-08-09 21:03:50.142,True,37.620000000000005,112.38,-12187.5
2025-08-09 21:03:51.122,True,36.120000000000005,112.38,-14062.5
2025-08-09 21:03:51.146,True,36.120000000000005,112.38,-14062.5
2025-08-09 21:03:52.124,True,39.25,112.38,-10000.0
2025-08-09 21:03:52.148,True,36.75,112.38,-10000.0
2025-08-09 21:03:53.126,True,37.120000000000005,112.38,-12812.5
2025-08-09 21:03:53.150,True,37.120000000000005,112.38,-12812.5
2025-08-09 21:03:54.129,True,34.879999999999995,112.5,-15625.0
2025-08-09 21:03:54.153,True,34.879999999999995,112.5,-15625.0
2025-08-09 21:03:55.131,True,41.5,112.5,-7343.75
2025-08-09 21:03:55.156,True,41.5,112.5,-7343.75
2025-08-09 21:03:56.134,True,39.0,112.38,-10312.5
2025-08-09 21:03:56.158,True,39.0,112.38,-10312.5
2025-08-09 21:03:57.136,True,39.25,112.38,-10000.0
2025-08-09 21:03:57.161,True,39.25,112.38,-10000.0
2025-08-09 21:03:58.140,True,38.0,112.38,-11718.75
2025-08-09 21:03:58.165,True,38.0,112.38,-11718.75
2025-08-09 21:03:59.143,True,36.0,112.38,-14218.75
2025-08-09 21:03:59.168,True,36.0,112.38,-14218.75
2025-08-09 21:04:00.145,True,39.5,112.5,-9843.75
2025-08-09 21:04:00.171,True,40.379999999999995,112.5,-8750.0
2025-08-09 21:04:01.148,True,38.75,112.38,-10625.0
2025-08-09 21:04:01.173,True,38.75,112.38,-10625.0
2025-08-09 21:04:02.150,True,36.25,112.5,-13906.25
2025-08-09 21:04:02.176,True,36.25,112.5,-13906.25
2025-08-09 21:04:03.154,True,36.620000000000005,112.5,-12656.25
2025-08-09 21:04:03.179,True,36.620000000000005,112.5,-13593.75
2025-08-09 21:04:04.157,True,36.379999999999995,112.5,-13906.25
2025-08-09 21:04:04.183,True,36.379999999999995,112.5,-13906.25
2025-08-09 21:04:05.162,True,38.620000000000005,112.5,-10937.5
2025-08-09 21:04:05.187,True,38.620000000000005,112.5,-10937.5
2025-08-09 21:04:06.164,True,38.120000000000005,112.5,-11718.75
2025-08-09 21:04:06.190,True,38.120000000000005,112.5,-11718.75
2025-08-09 21:04:07.167,True,38.120000000000005,112.5,-11718.75
2025-08-09 21:04:07.192,True,38.120000000000005,112.5,-11718.75
2025-08-09 21:04:08.170,True,36.75,112.5,-13437.5
2025-08-09 21:04:08.196,True,36.75,112.5,-13437.5
2025-08-09 21:04:09.172,True,37.379999999999995,112.5,-12656.25
2025-08-09 21:04:09.199,True,37.379999999999995,112.5,-12656.25
2025-08-09 21:04:10.174,True,0.0,0.0,0.0
2025-08-09 21:04:10.202,True,36.379999999999995,112.5,-13906.25
2025-08-09 21:04:11.178,True,37.879999999999995,112.5,-12031.25
2025-08-09 21:04:11.205,True,39.879999999999995,112.5,-9375.0
2025-08-09 21:04:12.180,True,38.75,112.5,-10781.25
2025-08-09 21:04:12.208,True,39.25,112.5,-10781.25
2025-08-09 21:04:13.182,True,40.5,112.5,-8593.75
2025-08-09 21:04:13.211,True,39.25,112.5,-10156.25
2025-08-09 21:04:14.184,True,31.879999999999995,112.5,-19531.25
2025-08-09 21:04:14.215,True,31.879999999999995,112.5,-19531.25
2025-08-09 21:04:15.186,True,38.75,112.5,-10781.25
2025-08-09 21:04:15.220,True,38.75,112.5,-10781.25
2025-08-09 21:04:16.190,True,34.75,112.5,-15937.5
2025-08-09 21:04:16.224,True,34.75,112.5,-15937.5
2025-08-09 21:04:17.192,True,39.120000000000005,112.5,-10312.5
2025-08-09 21:04:17.228,True,39.120000000000005,112.5,-10312.5
2025-08-09 21:04:18.194,True,38.75,112.5,-10781.25
2025-08-09 21:04:18.230,True,38.75,112.5,-10781.25
2025-08-09 21:04:19.196,True,35.620000000000005,112.62,-15000.0
2025-08-09 21:04:19.233,True,35.620000000000005,112.62,-15000.0
2025-08-09 21:04:20.198,True,37.120000000000005,112.5,-12968.75
2025-08-09 21:04:20.235,True,36.120000000000005,112.5,-14218.75
2025-08-09 21:04:21.201,True,32.5,112.62,-18906.25
2025-08-09 21:04:21.237,True,32.5,112.62,-18906.25
2025-08-09 21:04:22.202,True,37.620000000000005,112.62,-12500.0
2025-08-09 21:04:22.240,True,0.0,0.0,0.0
2025-08-09 21:04:23.204,True,31.879999999999995,112.62,-19687.5
2025-08-09 21:04:23.242,True,31.879999999999995,112.62,-19687.5
2025-08-09 21:04:24.207,True,39.620000000000005,112.62,-9843.75
2025-08-09 21:04:24.244,True,37.879999999999995,112.62,-12031.25
2025-08-09 21:04:25.208,True,34.0,112.62,-17031.25
2025-08-09 21:04:25.246,True,34.0,112.62,-17031.25
2025-08-09 21:04:26.210,True,39.620000000000005,112.62,-9843.75
2025-08-09 21:04:26.252,True,39.620000000000005,112.62,-9843.75
2025-08-09 21:04:27.214,True,40.120000000000005,112.62,-9218.75
2025-08-09 21:04:27.255,True,40.120000000000005,112.62,-9218.75
2025-08-09 21:04:28.216,True,39.120000000000005,112.62,-10468.75
2025-08-09 21:04:28.257,True,39.120000000000005,112.62,-10468.75
2025-08-09 21:04:29.219,True,34.25,112.62,-16718.75
2025-08-09 21:04:29.260,True,35.120000000000005,112.62,-15625.0
2025-08-09 21:04:30.223,True,37.620000000000005,112.62,-12500.0
2025-08-09 21:04:30.262,True,37.620000000000005,112.62,-12500.0
2025-08-09 21:04:31.225,True,33.75,112.62,-17343.75
2025-08-09 21:04:31.264,True,33.75,112.62,-17343.75
2025-08-09 21:04:32.230,True,38.120000000000005,112.62,-9843.75
2025-08-09 21:04:32.267,True,38.120000000000005,112.62,-11718.75
2025-08-09 21:04:33.232,True,38.75,112.62,-10937.5
2025-08-09 21:04:33.270,True,40.120000000000005,112.62,-9218.75
2025-08-09 21:04:34.235,True,37.620000000000005,112.62,-12500.0
2025-08-09 21:04:34.275,True,37.620000000000005,112.62,-12500.0
2025-08-09 21:04:35.238,True,39.379999999999995,112.62,-10156.25
2025-08-09 21:04:35.278,True,39.379999999999995,112.62,-10156.25
2025-08-09 21:04:36.240,True,31.620000000000005,112.62,-20000.0
2025-08-09 21:04:36.280,True,31.620000000000005,112.62,-20000.0
2025-08-09 21:04:37.243,True,35.0,112.75,-15937.5
2025-08-09 21:04:37.283,True,35.0,112.62,-15937.5
2025-08-09 21:04:38.246,True,38.0,112.62,-11875.0
2025-08-09 21:04:38.285,True,38.0,112.62,-11875.0
2025-08-09 21:04:39.248,True,35.879999999999995,112.75,-14843.75
2025-08-09 21:04:39.287,True,35.879999999999995,112.75,-14843.75
2025-08-09 21:04:40.250,True,33.75,112.75,-17500.0
2025-08-09 21:04:40.290,True,33.75,112.75,-17500.0
2025-08-09 21:04:41.253,True,37.0,112.75,-13437.5
2025-08-09 21:04:41.294,True,33.879999999999995,112.75,-13437.5
2025-08-09 21:04:42.255,True,37.120000000000005,112.75,-13281.25
2025-08-09 21:04:42.296,True,37.120000000000005,112.75,-13281.25
2025-08-09 21:04:43.258,True,32.25,112.75,-19375.0
2025-08-09 21:04:43.299,True,32.25,112.75,-19375.0
2025-08-09 21:04:44.260,True,38.379999999999995,112.75,-11562.5
2025-08-09 21:04:44.302,True,39.5,112.75,-10156.25
2025-08-09 21:04:45.262,True,35.120000000000005,112.75,-15781.25
2025-08-09 21:04:45.305,True,35.120000000000005,112.75,-15781.25
2025-08-09 21:04:46.264,True,36.120000000000005,112.75,-14531.25
2025-08-09 21:04:46.308,True,36.120000000000005,112.75,-14531.25
2025-08-09 21:04:47.266,True,33.120000000000005,112.75,-18281.25
2025-08-09 21:04:47.311,True,33.120000000000005,112.75,-18281.25
2025-08-09 21:04:48.268,True,37.379999999999995,112.75,-12968.75
2025-08-09 21:04:48.314,True,37.379999999999995,112.75,-12968.75
2025-08-09 21:04:49.273,True,36.620000000000005,112.75,-13906.25
2025-08-09 21:04:49.316,True,36.620000000000005,112.75,-13906.25
2025-08-09 21:04:50.275,True,36.25,112.75,-14375.0
2025-08-09 21:04:50.320,True,36.25,112.75,-14375.0
2025-08-09 21:04:51.277,True,34.0,112.75,-17187.5
2025-08-09 21:04:51.323,True,34.0,112.75,-17187.5
2025-08-09 21:04:52.280,True,38.120000000000005,112.75,-11875.0
2025-08-09 21:04:52.327,True,38.75,112.75,-11093.75
2025-08-09 21:04:53.282,True,39.5,112.75,-10156.25
2025-08-09 21:04:53.330,True,39.120000000000005,112.75,-10625.0
2025-08-09 21:04:54.285,True,35.0,112.75,-15937.5
2025-08-09 21:04:54.334,True,34.379999999999995,112.75,-16718.75
2025-08-09 21:04:55.288,True,39.620000000000005,112.75,-10000.0
2025-08-09 21:04:55.337,True,39.620000000000005,112.75,-10000.0
2025-08-09 21:04:56.291,True,38.25,112.75,-11718.75
2025-08-09 21:04:56.339,True,38.25,112.75,-11718.75
2025-08-09 21:04:57.294,True,37.0,112.75,-13437.5
2025-08-09 21:04:57.341,True,37.0,112.75,-13437.5
2025-08-09 21:04:58.296,True,40.0,112.75,-9531.25
2025-08-09 21:04:58.343,True,40.0,112.75,-9531.25
2025-08-09 21:04:59.300,True,40.25,112.75,-9218.75
2025-08-09 21:04:59.348,True,40.25,112.75,-9218.75
2025-08-09 21:05:00.301,True,37.379999999999995,112.75,-12968.75
2025-08-09 21:05:00.350,True,37.379999999999995,112.75,-12968.75
2025-08-09 21:05:01.304,True,39.879999999999995,112.75,-9687.5
2025-08-09 21:05:01.354,True,39.879999999999995,112.75,-9687.5
2025-08-09 21:05:02.306,True,39.379999999999995,112.75,-10312.5
2025-08-09 21:05:02.357,True,40.75,112.75,-10312.5
2025-08-09 21:05:03.309,True,35.879999999999995,112.75,-14843.75
2025-08-09 21:05:03.359,True,38.379999999999995,112.75,-11562.5
2025-08-09 21:05:04.311,True,39.120000000000005,112.75,-10625.0
2025-08-09 21:05:04.362,True,39.5,112.75,-10156.25
2025-08-09 21:05:05.313,True,33.620000000000005,112.75,-17656.25
2025-08-09 21:05:05.364,True,29.120000000000005,112.75,-23125.0
2025-08-09 21:05:06.315,True,35.620000000000005,112.75,-15156.25
2025-08-09 21:05:06.366,True,35.620000000000005,112.75,-15156.25
2025-08-09 21:05:07.320,True,38.379999999999995,112.75,-11562.5
2025-08-09 21:05:07.368,True,38.379999999999995,112.75,-11562.5
2025-08-09 21:05:08.323,True,37.75,112.75,-12343.75
2025-08-09 21:05:08.371,True,37.75,112.75,-12343.75
2025-08-09 21:05:09.325,True,39.620000000000005,112.75,-10000.0
2025-08-09 21:05:09.373,True,39.620000000000005,112.75,-10000.0
2025-08-09 21:05:10.327,True,38.879999999999995,112.75,-10937.5
2025-08-09 21:05:10.375,True,38.879999999999995,112.75,-10937.5
2025-08-09 21:05:11.329,True,38.25,112.75,-11718.75
2025-08-09 21:05:11.379,True,38.25,112.75,-11718.75
2025-08-09 21:05:12.332,True,38.0,112.75,-12031.25
2025-08-09 21:05:12.383,True,36.879999999999995,112.75,-13593.75
2025-08-09 21:05:13.335,True,39.0,112.75,-10781.25
2025-08-09 21:05:13.386,True,38.620000000000005,112.75,-11250.0
2025-08-09 21:05:14.337,True,41.120000000000005,112.75,-8125.0
2025-08-09 21:05:14.391,True,40.75,112.75,-8593.75
2025-08-09 21:05:15.340,True,39.620000000000005,112.75,-10000.0
2025-08-09 21:05:15.394,True,39.620000000000005,112.75,-10000.0
2025-08-09 21:05:16.343,True,39.5,112.75,-10156.25
2025-08-09 21:05:16.398,True,39.5,112.75,-10156.25
2025-08-09 21:05:17.345,True,38.5,112.75,-11406.25
2025-08-09 21:05:17.401,True,38.5,112.75,-11406.25
2025-08-09 21:05:18.347,True,39.879999999999995,112.75,-9687.5
2025-08-09 21:05:18.403,True,39.879999999999995,112.75,-9687.5
2025-08-09 21:05:19.349,True,37.75,112.75,-12343.75
2025-08-09 21:05:19.406,True,37.75,112.75,-12343.75
2025-08-09 21:05:20.352,True,39.0,112.75,-10781.25
2025-08-09 21:05:20.409,True,39.0,112.75,-10781.25
2025-08-09 21:05:21.354,True,39.75,112.75,-10468.75
2025-08-09 21:05:21.412,True,39.25,112.75,-10468.75
2025-08-09 21:05:22.357,True,39.25,112.75,-10468.75
2025-08-09 21:05:22.415,True,39.25,112.75,-10468.75
2025-08-09 21:05:23.359,True,37.5,112.75,-12656.25
2025-08-09 21:05:23.419,True,37.379999999999995,112.75,-12968.75
2025-08-09 21:05:24.362,True,39.620000000000005,112.88,-10156.25
2025-08-09 21:05:24.421,True,37.75,112.88,-12500.0
2025-08-09 21:05:25.364,True,39.379999999999995,112.88,-10468.75
2025-08-09 21:05:25.424,True,38.5,112.88,-11562.5
2025-08-09 21:05:26.367,True,39.879999999999995,112.88,-9843.75
2025-08-09 21:05:26.426,True,39.879999999999995,112.88,-9843.75
2025-08-09 21:05:27.369,True,37.620000000000005,112.75,-12500.0
2025-08-09 21:05:27.430,True,37.620000000000005,112.88,-12500.0
2025-08-09 21:05:28.371,True,38.120000000000005,112.88,-12031.25
2025-08-09 21:05:28.433,True,38.120000000000005,112.88,-12031.25
2025-08-09 21:05:29.373,True,40.5,112.88,-9062.5
2025-08-09 21:05:29.435,True,40.5,112.88,-9062.5
2025-08-09 21:05:30.376,True,40.0,112.88,-9687.5
2025-08-09 21:05:30.437,True,40.0,112.88,-9687.5
2025-08-09 21:05:31.378,True,39.0,112.88,-10937.5
2025-08-09 21:05:31.440,True,39.0,112.88,-10937.5
2025-08-09 21:05:32.380,True,39.75,112.88,-10000.0
2025-08-09 21:05:32.444,True,41.379999999999995,112.88,-7968.75
2025-08-09 21:05:33.383,True,42.120000000000005,112.88,-7031.25
2025-08-09 21:05:33.446,True,42.120000000000005,112.88,-7031.25
2025-08-09 21:05:34.385,True,38.879999999999995,112.88,-11093.75
2025-08-09 21:05:34.449,True,37.25,112.88,-13125.0
2025-08-09 21:05:35.388,True,37.0,112.88,-11875.0
2025-08-09 21:05:35.453,True,37.0,112.88,-13593.75
2025-08-09 21:05:36.390,True,40.379999999999995,112.88,-9218.75
2025-08-09 21:05:36.456,True,40.379999999999995,112.88,-9218.75
2025-08-09 21:05:37.393,True,39.75,112.88,-10000.0
2025-08-09 21:05:37.458,True,39.75,112.88,-10000.0
2025-08-09 21:05:38.396,True,39.75,112.88,-10000.0
2025-08-09 21:05:38.461,True,39.75,112.88,-10000.0
2025-08-09 21:05:39.399,True,38.879999999999995,112.88,-11093.75
2025-08-09 21:05:39.463,True,38.879999999999995,112.88,-11093.75
2025-08-09 21:05:40.401,True,40.620000000000005,112.88,-8906.25
2025-08-09 21:05:40.467,True,40.620000000000005,112.88,-8906.25
2025-08-09 21:05:41.403,True,39.379999999999995,112.88,-10468.75
2025-08-09 21:05:41.472,True,39.379999999999995,112.88,-10468.75
2025-08-09 21:05:42.408,True,41.120000000000005,112.88,-8281.25
2025-08-09 21:05:42.475,True,41.120000000000005,112.88,-8281.25
2025-08-09 21:05:43.410,True,40.25,112.88,-9375.0
2025-08-09 21:05:43.477,True,40.5,112.88,-9062.5
2025-08-09 21:05:44.412,True,39.120000000000005,112.88,-10781.25
2025-08-09 21:05:44.480,True,39.120000000000005,112.88,-10781.25
2025-08-09 21:05:45.414,True,40.0,112.88,-9687.5
2025-08-09 21:05:45.482,True,40.25,112.88,-9375.0
2025-08-09 21:05:46.416,True,40.0,112.88,-9687.5
2025-08-09 21:05:46.485,True,41.120000000000005,112.88,-8281.25
2025-08-09 21:05:47.418,True,40.25,112.88,-9375.0
2025-08-09 21:05:47.487,True,40.25,112.88,-9375.0
2025-08-09 21:05:48.419,True,40.25,112.88,-9375.0
2025-08-09 21:05:48.490,True,39.620000000000005,112.88,-10156.25
2025-08-09 21:05:49.424,True,39.620000000000005,112.88,-10156.25
2025-08-09 21:05:49.492,True,39.620000000000005,112.88,-10156.25
2025-08-09 21:05:50.426,True,39.879999999999995,112.88,-9843.75
2025-08-09 21:05:50.495,True,39.879999999999995,112.88,-9843.75
2025-08-09 21:05:51.428,True,40.25,112.88,-9375.0
2025-08-09 21:05:51.497,True,40.25,112.88,-9375.0
2025-08-09 21:05:52.431,True,38.379999999999995,112.88,-11718.75
2025-08-09 21:05:52.499,True,38.0,112.88,-12187.5
2025-08-09 21:05:53.432,True,37.0,112.88,-13593.75
2025-08-09 21:05:53.501,True,37.0,112.88,-13593.75
2025-08-09 21:05:54.434,True,38.75,112.88,-11250.0
2025-08-09 21:05:54.503,True,39.120000000000005,112.88,-10781.25
2025-08-09 21:05:55.436,True,39.879999999999995,112.88,-10625.0
2025-08-09 21:05:55.506,True,39.25,112.88,-10625.0
2025-08-09 21:05:56.438,True,40.120000000000005,112.88,-9531.25
2025-08-09 21:05:56.508,True,40.120000000000005,112.88,-9531.25
2025-08-09 21:05:57.440,True,40.379999999999995,112.88,-9218.75
2025-08-09 21:05:57.510,True,39.75,112.88,-10000.0
2025-08-09 21:05:58.443,True,39.620000000000005,112.88,-10156.25
2025-08-09 21:05:58.514,True,39.620000000000005,112.88,-10156.25
2025-08-09 21:05:59.446,True,39.25,112.88,-10625.0
2025-08-09 21:05:59.518,True,39.25,112.88,-10625.0
2025-08-09 21:06:00.448,True,39.25,112.88,-10625.0
2025-08-09 21:06:00.523,True,39.25,112.88,-10625.0
2025-08-09 21:06:01.451,True,38.75,112.88,-11250.0
2025-08-09 21:06:01.525,True,38.75,112.88,-11250.0
2025-08-09 21:06:02.453,True,37.620000000000005,113.0,-12812.5
2025-08-09 21:06:02.527,True,38.75,113.0,-11406.25
2025-08-09 21:06:03.457,True,39.120000000000005,112.88,-10781.25
2025-08-09 21:06:03.529,True,39.120000000000005,112.88,-10781.25
2025-08-09 21:06:04.459,True,39.120000000000005,112.88,-10781.25
2025-08-09 21:06:04.531,True,37.379999999999995,112.88,-12968.75
2025-08-09 21:06:05.462,True,38.879999999999995,113.0,-11093.75
2025-08-09 21:06:05.534,True,38.879999999999995,113.0,-10937.5
2025-08-09 21:06:06.464,True,40.0,113.0,-9843.75
2025-08-09 21:06:06.537,True,38.620000000000005,113.0,-11562.5
2025-08-09 21:06:07.466,True,37.5,113.0,-12968.75
2025-08-09 21:06:07.539,True,37.5,113.0,-12968.75
2025-08-09 21:06:08.469,True,37.0,113.0,-13593.75
2025-08-09 21:06:08.543,True,36.379999999999995,113.0,-14531.25
2025-08-09 21:06:09.471,True,36.120000000000005,113.0,-14843.75
2025-08-09 21:06:09.546,True,36.120000000000005,113.0,-14843.75
2025-08-09 21:06:10.474,True,39.0,113.0,-11093.75
2025-08-09 21:06:10.552,True,39.0,113.0,-11093.75
2025-08-09 21:06:11.477,True,39.620000000000005,113.0,-10312.5
2025-08-09 21:06:11.554,True,39.620000000000005,113.0,-10312.5
2025-08-09 21:06:12.479,True,40.620000000000005,113.0,-9062.5
2025-08-09 21:06:13.481,True,40.25,113.0,-9531.25
2025-08-09 21:06:14.483,True,41.0,113.0,-8593.75
2025-08-09 21:06:15.486,True,40.5,113.0,-9218.75
2025-08-09 21:06:16.489,True,41.25,113.0,-8281.25
2025-08-09 21:06:17.491,True,40.25,113.0,-9531.25
2025-08-09 21:06:18.493,True,38.5,113.0,-11718.75
2025-08-09 21:06:19.495,True,40.5,113.0,-9218.75
2025-08-09 21:06:20.497,True,38.5,113.0,-11718.75
2025-08-09 21:06:21.499,True,36.620000000000005,113.0,-14062.5
2025-08-09 21:06:22.502,True,37.0,113.0,-13593.75
2025-08-09 21:06:23.504,True,36.879999999999995,113.0,-13750.0
2025-08-09 21:06:24.506,True,37.620000000000005,113.0,-12812.5
2025-08-09 21:06:25.515,True,38.879999999999995,113.0,-11250.0
2025-08-09 21:06:26.518,True,37.879999999999995,113.0,-12500.0
2025-08-09 21:06:27.519,True,39.25,113.0,-10781.25
2025-08-09 21:06:28.522,True,37.5,113.0,-12968.75
2025-08-09 21:06:29.525,True,36.25,113.0,-14687.5
2025-08-09 21:06:30.527,True,39.879999999999995,113.0,-10000.0
2025-08-09 21:06:31.529,True,38.75,113.0,-11406.25
2025-08-09 21:06:32.531,True,38.620000000000005,113.0,-11562.5
2025-08-09 21:06:33.533,True,38.120000000000005,113.0,-12187.5
2025-08-09 21:06:34.535,True,38.379999999999995,113.12,-12031.25
2025-08-09 21:06:35.538,True,37.120000000000005,113.12,-13593.75
2025-08-09 21:06:36.540,True,39.75,113.12,-10312.5
2025-08-09 21:06:37.542,True,39.0,113.12,-11093.75
2025-08-09 21:06:38.544,True,39.5,113.12,-10625.0
2025-08-09 21:06:39.548,True,39.75,113.12,-10312.5
2025-08-09 21:06:40.550,True,37.620000000000005,113.12,-12968.75
2025-08-09 21:06:41.552,True,37.879999999999995,113.12,-12656.25
2025-08-09 21:06:42.554,True,39.120000000000005,113.12,-11093.75
2025-08-09 21:06:43.557,True,39.379999999999995,113.12,-10781.25
2025-08-09 21:06:44.559,True,40.379999999999995,113.12,-9531.25
2025-08-09 21:06:45.561,True,42.379999999999995,113.12,-7031.25
2025-08-09 21:06:46.564,True,41.25,113.12,-8437.5
2025-08-09 21:06:47.566,True,40.25,113.12,-9687.5
2025-08-09 21:06:48.568,True,41.120000000000005,113.12,-8593.75
2025-08-09 21:06:49.570,True,40.120000000000005,113.12,-9843.75
2025-08-09 21:06:50.572,True,37.879999999999995,113.12,-12656.25
2025-08-09 21:06:51.574,True,39.25,113.12,-10937.5
2025-08-09 21:06:52.576,True,39.620000000000005,113.12,-10468.75
2025-08-09 21:06:53.578,True,37.879999999999995,113.12,-12656.25
2025-08-09 21:06:54.582,True,38.75,113.12,-12812.5
2025-08-09 21:06:55.584,True,38.620000000000005,113.12,-11718.75
2025-08-09 21:06:56.587,True,38.379999999999995,113.12,-12031.25
2025-08-09 21:06:57.591,True,39.5,113.12,-10625.0
2025-08-09 21:06:58.595,True,40.75,113.12,-9062.5
2025-08-09 21:06:59.598,True,39.5,113.12,-10625.0
2025-08-09 21:07:00.601,True,39.5,113.12,-10625.0
2025-08-09 21:07:01.604,True,40.25,113.12,-9687.5
2025-08-09 21:07:02.606,True,41.620000000000005,113.12,-7968.75
2025-08-09 21:07:03.608,True,42.5,113.12,-6875.0
2025-08-09 21:07:04.610,True,40.75,113.12,-9062.5
2025-08-09 21:07:05.612,True,40.620000000000005,113.12,-9218.75
2025-08-09 21:07:06.615,True,41.120000000000005,113.12,-8593.75
2025-08-09 21:07:07.618,True,39.5,113.12,-10625.0
2025-08-09 21:07:08.621,True,40.0,113.12,-10000.0
2025-08-09 21:07:09.623,True,41.120000000000005,113.12,-8593.75
2025-08-09 21:07:10.625,True,41.379999999999995,113.12,-8281.25
2025-08-09 21:07:11.628,True,39.0,113.12,-11250.0
2025-08-09 21:07:12.630,True,39.5,113.12,-10000.0
2025-08-09 21:07:13.634,True,40.25,113.12,-9687.5
2025-08-09 21:07:14.638,True,38.879999999999995,113.12,-11406.25
2025-08-09 21:07:15.640,True,40.25,113.12,-9687.5
2025-08-09 21:07:16.642,True,38.620000000000005,113.12,-11718.75
2025-08-09 21:07:17.644,True,39.25,113.12,-10937.5
2025-08-09 21:07:18.648,True,39.0,113.12,-11250.0
2025-08-09 21:07:19.650,True,39.75,113.12,-10312.5
2025-08-09 21:07:20.656,True,40.379999999999995,113.12,-9531.25
2025-08-09 21:07:21.658,True,41.120000000000005,113.12,-8593.75
2025-08-09 21:07:22.660,True,39.120000000000005,113.12,-11093.75
2025-08-09 21:07:23.662,True,41.25,113.12,-8437.5
2025-08-09 21:07:24.663,True,40.75,113.12,-8125.0
2025-08-09 21:07:25.665,True,36.25,113.12,-14687.5
2025-08-09 21:07:26.667,True,39.5,113.25,-10781.25
2025-08-09 21:07:27.669,True,38.879999999999995,113.25,-11562.5
2025-08-09 21:07:28.672,True,37.379999999999995,113.25,-13437.5
2025-08-09 21:07:29.673,True,36.879999999999995,113.25,-14062.5
2025-08-09 21:07:30.675,True,36.379999999999995,113.25,-14687.5
2025-08-09 21:07:31.677,True,36.75,113.25,-14218.75
2025-08-09 21:07:32.680,True,38.0,113.25,-12656.25
2025-08-09 21:07:33.682,True,39.5,113.25,-10781.25
2025-08-09 21:07:34.684,True,40.879999999999995,113.25,-9062.5
2025-08-09 21:07:35.686,True,39.25,113.25,-11093.75
2025-08-09 21:07:36.688,True,37.75,113.25,-12968.75
2025-08-09 21:07:37.689,True,39.620000000000005,113.25,-10625.0
2025-08-09 21:07:38.793,True,40.75,113.25,-9218.75
2025-08-09 21:07:39.794,True,42.120000000000005,113.25,-7500.0
2025-08-09 21:07:40.796,True,40.879999999999995,113.25,-9062.5
2025-08-09 21:07:41.799,True,41.0,113.25,-8906.25
2025-08-09 21:07:42.801,True,40.5,113.25,-9218.75
2025-08-09 21:07:48.539,True,39.75,113.25,-10468.75
2025-08-09 21:07:49.540,True,42.25,113.25,-7343.75
2025-08-09 21:07:50.542,True,40.5,113.25,-9531.25
2025-08-09 21:07:51.545,True,40.879999999999995,113.25,-9062.5
2025-08-09 21:07:52.547,True,39.0,113.25,-11406.25
2025-08-09 21:07:53.549,True,39.0,113.25,-11406.25
2025-08-09 21:07:55.544,True,40.620000000000005,113.25,-9375.0
2025-08-09 21:07:56.547,True,40.25,113.25,-9843.75
2025-08-09 21:07:57.549,True,41.379999999999995,113.25,-8437.5
2025-08-09 21:07:58.551,True,40.620000000000005,113.38,-9375.0
2025-08-09 21:08:02.086,True,42.120000000000005,113.25,-7500.0
2025-08-09 21:08:03.088,True,42.75,113.25,-6718.75
2025-08-09 21:08:04.449,True,40.0,113.38,-10312.5
2025-08-09 21:08:05.451,True,41.25,113.38,-8750.0
2025-08-09 21:08:06.959,True,38.620000000000005,113.38,-11875.0
2025-08-09 21:08:08.057,True,41.879999999999995,113.38,-7968.75
2025-08-09 21:08:09.153,True,41.879999999999995,113.38,-7968.75
2025-08-09 21:08:11.841,True,41.0,113.38,-8906.25
2025-08-09 21:08:12.904,True,42.120000000000005,113.25,-7500.0
                                                                                                                                                                                                                                                                                                                                                                                                                                                                                                                                                                                                   2025-08-09 21:08:27.003,True,0.0,0.0,0.0
2025-08-09 21:08:28.034,True,22.75,107.25,-24375.0
2025-08-09 21:08:29.040,True,29.620000000000005,107.25,-15937.5
2025-08-09 21:08:30.042,True,19.75,107.25,-28750.0
2025-08-09 21:08:31.045,True,30.879999999999995,107.25,-14375.0
2025-08-09 21:08:32.063,True,30.879999999999995,107.25,-14375.0
2025-08-09 21:08:33.065,True,14.75,107.88,-34531.25
2025-08-09 21:08:34.067,True,25.879999999999995,107.75,-21093.75
2025-08-09 21:08:35.069,True,21.620000000000005,107.25,-26250.0
2025-08-09 21:08:36.071,True,23.379999999999995,107.25,-23593.75
2025-08-09 21:08:37.073,True,23.75,107.5,-23437.5
2025-08-09 21:08:38.075,True,11.75,107.88,-38281.25
2025-08-09 21:08:44.684,True,23.879999999999995,107.25,-22968.75
2025-08-09 21:08:45.686,True,32.5,107.25,-12343.75
2025-08-09 21:08:46.690,True,6.8799999999999955,107.38,-43750.0
2025-08-09 21:08:47.692,True,11.379999999999995,107.38,-38750.0
2025-08-09 21:08:48.694,True,16.620000000000005,107.88,-32500.0
2025-08-09 21:08:49.696,True,19.75,107.75,-28750.0
2025-08-10 12:39:54.511,True,21.5,107.75,-26406.25
2025-08-10 12:39:55.569,True,24.620000000000005,107.75,-22656.25
2025-08-10 12:39:56.571,True,21.0,107.38,-27343.75
2025-08-10 12:39:57.573,True,25.75,107.75,-21250.0
2025-08-10 12:39:58.575,True,10.620000000000005,107.5,-39687.5
2025-08-10 12:39:59.577,True,25.25,107.38,-21406.25
2025-08-10 12:40:00.578,True,9.5,107.38,-40625.0
2025-08-10 12:40:01.582,True,24.5,107.38,-22343.75
2025-08-10 12:40:02.585,True,24.25,107.38,-22656.25
2025-08-10 12:47:20.042,True,0.0,0.0,0.0
2025-08-10 12:47:21.093,True,32.120000000000005,114.75,-21875.0
2025-08-10 12:47:22.095,True,33.379999999999995,114.75,-20312.5
2025-08-10 12:47:23.098,True,32.879999999999995,114.75,-21093.75
2025-08-10 12:47:24.100,True,34.5,114.75,-18906.25
2025-08-10 12:47:25.103,True,32.120000000000005,114.88,-22031.25
2025-08-10 12:47:26.112,True,32.120000000000005,114.88,-19843.75
2025-08-10 12:47:27.116,True,34.120000000000005,114.88,-19531.25
2025-08-10 12:47:28.118,True,33.0,114.88,-20937.5
2025-08-10 12:47:29.120,True,32.620000000000005,114.88,-21406.25
2025-08-10 12:47:30.122,True,33.5,115.0,-20468.75
2025-08-10 12:47:31.124,True,32.879999999999995,115.0,-21250.0
2025-08-10 12:47:36.523,True,32.879999999999995,115.12,-21406.25
2025-08-10 12:47:37.527,True,32.75,115.25,-21718.75
2025-08-10 12:47:38.535,True,33.120000000000005,115.25,-21250.0
2025-08-10 12:47:39.539,True,30.879999999999995,115.38,-24218.75
2025-08-10 12:47:50.606,True,30.5,115.75,-25156.25
2025-08-10 12:48:22.491,True,30.25,115.75,-25468.75
2025-08-10 12:48:23.495,True,29.5,115.75,-26406.25
2025-08-10 12:48:24.497,True,30.75,115.75,-24843.75
2025-08-10 12:48:25.499,True,32.75,115.75,-22343.75
2025-08-10 12:48:26.500,True,32.0,115.75,-23437.5
2025-08-10 12:48:28.305,True,33.120000000000005,115.75,-21875.0
2025-08-10 12:48:29.312,True,33.379999999999995,115.88,-21718.75
2025-08-10 12:48:30.315,True,31.5,115.88,-24218.75
2025-08-10 12:48:31.318,True,34.75,115.88,-20000.0
2025-08-10 12:48:32.321,True,34.620000000000005,115.88,-20156.25
2025-08-10 12:48:36.653,True,33.379999999999995,116.0,-21875.0
2025-08-10 12:48:37.655,True,33.379999999999995,116.12,-22031.25
2025-08-10 12:48:38.657,True,33.620000000000005,116.12,-21718.75
2025-08-10 12:48:39.659,True,34.25,116.12,-20937.5
2025-08-10 12:48:40.662,True,30.0,116.25,-26406.25
2025-08-10 12:48:41.664,True,32.879999999999995,116.25,-22812.5
2025-08-10 12:48:49.608,True,33.25,116.38,-22500.0
2025-08-10 12:48:50.612,True,31.5,116.62,-24843.75
2025-08-10 12:48:51.615,True,31.25,116.75,-25156.25
2025-08-10 12:48:52.619,True,34.620000000000005,116.62,-25000.0
2025-08-10 12:48:58.215,True,34.25,116.75,-21718.75
2025-08-10 12:48:59.219,True,33.879999999999995,116.75,-22187.5
2025-08-10 12:49:00.223,True,33.25,116.88,-23125.0
2025-08-10 12:49:01.226,True,34.120000000000005,116.88,-22031.25
2025-08-10 12:49:02.229,True,31.379999999999995,117.0,-25625.0
2025-08-10 12:49:03.232,True,30.620000000000005,116.88,-26718.75
2025-08-10 12:49:04.235,True,34.25,117.12,-22031.25
2025-08-10 12:49:05.238,True,35.0,117.12,-21093.75
2025-08-10 12:49:06.240,True,34.620000000000005,117.0,-21562.5
2025-08-10 12:49:07.242,True,33.75,117.12,-22656.25
2025-08-10 12:49:08.244,True,36.0,117.12,-20000.0
2025-08-10 12:49:09.246,True,32.5,117.25,-24531.25
2025-08-10 12:49:15.512,True,34.120000000000005,117.38,-22656.25
2025-08-10 12:49:16.515,True,33.25,117.38,-23906.25
2025-08-10 12:49:17.517,True,33.75,117.5,-23281.25
2025-08-10 12:49:18.519,True,31.379999999999995,117.62,-26406.25
2025-08-10 12:49:19.521,True,30.120000000000005,117.62,-27968.75
2025-08-10 12:49:20.523,True,29.379999999999995,117.62,-28906.25
2025-08-10 12:49:21.527,True,36.879999999999995,117.5,-19375.0
2025-08-10 12:49:22.529,True,35.379999999999995,117.62,-21406.25
2025-08-10 12:49:23.540,True,35.0,117.62,-22031.25
2025-08-10 12:49:24.549,True,34.25,117.62,-21875.0
2025-08-10 12:49:25.552,True,33.879999999999995,117.62,-23437.5
2025-08-10 12:49:26.554,True,34.879999999999995,117.75,-22187.5
2025-08-10 12:49:27.556,True,35.120000000000005,117.75,-21875.0
2025-08-10 12:49:28.558,True,36.120000000000005,117.75,-20625.0
2025-08-10 12:49:29.560,True,37.5,117.88,-18906.25
2025-08-10 12:49:30.563,True,31.879999999999995,117.88,-19375.0
2025-08-10 12:49:31.565,True,35.0,117.88,-22187.5
2025-08-10 12:49:33.247,True,34.620000000000005,118.0,-22812.5
2025-08-10 12:49:34.250,True,34.25,118.12,-23437.5
2025-08-10 12:49:35.251,True,34.120000000000005,118.25,-23750.0
2025-08-10 12:49:36.253,True,34.879999999999995,118.25,-22812.5
2025-08-10 12:49:37.256,True,34.0,118.25,-23906.25
2025-08-10 12:49:38.259,True,31.120000000000005,118.25,-27500.0
2025-08-10 12:49:39.261,True,35.0,118.25,-22656.25
2025-08-10 12:49:40.263,True,30.879999999999995,118.25,-27812.5
2025-08-10 12:49:41.265,True,36.0,118.25,-21250.0
2025-08-10 12:49:46.652,True,32.0,118.38,-23281.25
2025-08-10 12:49:57.213,True,35.25,118.62,-22812.5
2025-08-10 12:49:59.859,True,33.379999999999995,119.0,-25468.75
2025-08-10 12:50:00.862,True,31.25,119.0,-28125.0
2025-08-10 12:50:01.864,True,32.5,119.12,-26718.75
2025-08-10 12:50:02.867,True,32.120000000000005,119.12,-27187.5
2025-08-10 12:50:03.870,True,30.620000000000005,119.25,-29218.75
2025-08-10 12:50:04.873,True,29.25,119.25,-30937.5
2025-08-10 12:50:05.875,True,29.379999999999995,119.25,-30781.25
2025-08-10 12:50:06.877,True,30.0,119.25,-30000.0
2025-08-10 12:50:09.357,True,34.75,119.25,-24062.5
2025-08-10 12:50:10.359,True,35.879999999999995,119.38,-22812.5
2025-08-10 12:50:11.364,True,30.879999999999995,119.38,-29218.75
2025-08-10 12:50:12.366,True,30.879999999999995,119.62,-29375.0
2025-08-10 12:50:13.533,True,34.879999999999995,119.62,-24375.0
2025-08-10 12:50:14.536,True,35.879999999999995,119.62,-23125.0
2025-08-10 12:50:15.538,True,35.5,119.62,-23593.75
2025-08-10 12:50:16.539,True,34.25,119.5,-25000.0
2025-08-10 12:50:17.542,True,35.5,119.62,-23593.75
2025-08-10 12:50:18.544,True,31.75,119.62,-28437.5
2025-08-10 12:50:19.548,True,33.0,119.62,-26875.0
2025-08-10 12:50:20.550,True,33.620000000000005,119.88,-26250.0
2025-08-10 12:50:21.552,True,33.379999999999995,119.75,-26562.5
2025-08-10 12:50:22.554,True,34.5,119.88,-25156.25
2025-08-10 12:50:23.556,True,33.879999999999995,120.0,-26093.75
2025-08-10 12:50:24.558,True,34.5,120.0,-25312.5
2025-08-10 12:50:25.560,True,34.620000000000005,120.0,-25156.25
2025-08-10 12:50:26.562,True,32.379999999999995,120.0,-25312.5
2025-08-10 12:50:27.565,True,34.879999999999995,120.0,-24843.75
2025-08-10 12:50:28.568,True,31.25,120.0,-29531.25
2025-08-10 12:50:29.571,True,32.25,120.12,-22343.75
2025-08-10 12:50:30.573,True,33.0,120.12,-27500.0
2025-08-10 12:50:31.575,True,33.879999999999995,120.12,-26406.25
2025-08-10 12:50:32.576,True,34.5,120.25,-25625.0
2025-08-10 12:50:33.578,True,34.879999999999995,120.25,-25312.5
2025-08-10 12:50:34.580,True,35.5,120.38,-24531.25
2025-08-10 12:50:35.583,True,35.120000000000005,120.38,-25000.0
2025-08-10 12:50:36.585,True,34.379999999999995,120.38,-25937.5
2025-08-10 12:50:37.587,True,31.75,120.38,-29218.75
2025-08-10 12:50:38.589,True,31.5,120.38,-29687.5
2025-08-10 12:50:39.591,True,31.879999999999995,120.5,-29218.75
2025-08-10 12:50:40.594,True,32.75,120.5,-28281.25
2025-08-10 12:50:41.596,True,33.5,120.62,-27343.75
2025-08-10 12:50:42.598,True,33.620000000000005,120.62,-27343.75
2025-08-10 12:50:43.600,True,34.379999999999995,120.75,-26406.25
2025-08-10 12:50:44.602,True,34.620000000000005,120.75,-26093.75
2025-08-10 12:50:45.605,True,34.75,120.88,-26093.75
2025-08-10 12:50:46.607,True,35.5,120.75,-25000.0
2025-08-10 12:50:47.610,True,31.620000000000005,120.75,-30000.0
2025-08-10 12:50:48.613,True,35.379999999999995,120.75,-25156.25
2025-08-10 12:50:49.615,True,32.25,120.88,-29218.75
2025-08-10 12:50:50.617,True,32.25,120.88,-29375.0
2025-08-10 12:50:51.620,True,33.5,121.0,-27812.5
2025-08-10 12:50:52.622,True,33.75,121.0,-27656.25
2025-08-10 12:50:53.624,True,33.75,121.12,-27656.25
2025-08-10 12:50:54.626,True,35.5,121.12,-25468.75
2025-08-10 12:50:55.628,True,35.379999999999995,121.12,-25625.0
2025-08-10 12:50:56.630,True,35.0,121.25,-26250.0
2025-08-10 12:50:57.633,True,35.620000000000005,121.12,-25312.5
2025-08-10 12:50:58.636,True,32.5,121.12,-29375.0
2025-08-10 12:50:59.638,True,31.120000000000005,121.25,-31093.75
2025-08-10 12:51:00.641,True,30.620000000000005,121.38,-31875.0
2025-08-10 12:51:01.643,True,33.25,121.5,-28593.75
2025-08-10 12:51:02.645,True,32.0,121.5,-30312.5
2025-08-10 12:51:03.647,True,34.879999999999995,121.5,-26718.75
2025-08-10 12:51:04.649,True,34.75,121.62,-27031.25
2025-08-10 12:51:05.651,True,34.120000000000005,121.62,-27812.5
2025-08-10 12:51:06.653,True,35.120000000000005,121.62,-26562.5
2025-08-10 12:51:07.655,True,35.379999999999995,121.62,-26250.0
2025-08-10 12:51:08.657,True,32.879999999999995,121.62,-29531.25
2025-08-10 12:51:09.658,True,35.879999999999995,121.62,-25625.0
2025-08-10 12:51:10.660,True,31.879999999999995,121.62,-30781.25
2025-08-10 12:51:11.662,True,32.879999999999995,121.75,-29687.5
2025-08-10 12:51:12.664,True,33.120000000000005,121.88,-29375.0
2025-08-10 12:51:13.666,True,35.120000000000005,122.0,-26875.0
2025-08-10 12:51:14.668,True,35.5,122.0,-26562.5
2025-08-10 12:51:15.670,True,35.620000000000005,122.0,-26406.25
2025-08-10 12:51:16.672,True,34.75,122.0,-27500.0
2025-08-10 12:51:17.674,True,35.620000000000005,122.0,-26406.25
2025-08-10 12:51:18.675,True,32.879999999999995,122.0,-30000.0
2025-08-10 12:51:19.677,True,35.5,122.0,-26562.5
2025-08-10 12:51:20.679,True,31.5,122.0,-31718.75
2025-08-10 12:51:21.682,True,32.5,122.12,-30625.0
2025-08-10 12:51:22.684,True,34.5,122.25,-28125.0
2025-08-10 12:51:23.686,True,32.620000000000005,122.38,-30625.0
2025-08-10 12:51:24.688,True,34.120000000000005,122.38,-28750.0
2025-08-10 12:51:25.690,True,36.379999999999995,122.38,-25937.5
2025-08-10 12:51:26.691,True,35.25,122.5,-27500.0
2025-08-10 12:51:27.693,True,32.120000000000005,122.38,-31406.25
2025-08-10 12:51:28.695,True,36.120000000000005,122.38,-26250.0
2025-08-10 12:51:29.697,True,31.620000000000005,122.38,-32031.25
2025-08-10 12:51:30.700,True,32.120000000000005,122.5,-31406.25
2025-08-10 12:51:31.702,True,32.75,122.62,-30781.25
2025-08-10 12:51:32.704,True,33.620000000000005,122.5,-29687.5
2025-08-10 12:51:33.706,True,34.25,122.75,-29062.5
2025-08-10 12:51:34.708,True,35.5,122.75,-27500.0
2025-08-10 12:51:35.710,True,34.75,122.88,-28593.75
2025-08-10 12:51:36.713,True,35.620000000000005,122.88,-27500.0
2025-08-10 12:51:37.715,True,34.620000000000005,122.88,-28750.0
2025-08-10 12:51:38.718,True,32.5,122.88,-31406.25
2025-08-10 12:51:39.721,True,33.379999999999995,122.88,-30468.75
2025-08-10 12:51:40.722,True,32.620000000000005,122.88,-31250.0
2025-08-10 12:51:41.724,True,31.620000000000005,122.88,-32656.25
2025-08-10 12:51:42.726,True,33.379999999999995,123.12,-30625.0
2025-08-10 12:51:43.728,True,34.120000000000005,123.12,-29687.5
2025-08-10 12:51:44.732,True,34.5,123.12,-29218.75
2025-08-10 12:51:45.736,True,35.379999999999995,123.25,-28281.25
2025-08-10 12:51:46.738,True,35.620000000000005,123.25,-27968.75
2025-08-10 12:51:47.741,True,35.25,123.25,-28437.5
2025-08-10 12:51:48.744,True,32.379999999999995,123.25,-32187.5
2025-08-10 12:51:49.748,True,33.879999999999995,123.25,-30156.25
2025-08-10 12:51:50.751,True,29.5,123.25,-35781.25
2025-08-10 12:51:51.754,True,30.379999999999995,123.25,-34687.5
2025-08-10 12:51:52.757,True,31.379999999999995,123.5,-33593.75
2025-08-10 12:51:53.759,True,32.5,123.38,-32187.5
2025-08-10 12:51:54.761,True,33.620000000000005,123.62,-30937.5
2025-08-10 12:51:55.764,True,34.5,123.5,-29687.5
2025-08-10 12:51:56.771,True,41.620000000000005,123.62,-20781.25
2025-08-10 12:51:57.773,True,21.379999999999995,123.75,-46250.0
2025-08-10 12:51:58.776,True,32.120000000000005,123.75,-32968.75
2025-08-10 12:51:59.779,True,19.879999999999995,123.75,-48125.0
2025-08-10 12:52:00.782,True,15.25,123.75,-53906.25
2025-08-10 12:52:01.785,True,16.620000000000005,124.0,-52187.5
2025-08-10 12:52:02.787,True,14.75,123.88,-54687.5
2025-08-10 12:52:03.789,True,19.75,124.25,-48750.0
2025-08-10 12:52:04.791,True,19.75,124.38,-48906.25
2025-08-10 12:52:05.793,True,25.75,124.5,-41718.75
2025-08-10 12:52:06.795,True,29.75,124.38,-36718.75
2025-08-10 12:52:07.797,True,16.879999999999995,124.38,-52500.0
2025-08-10 12:52:08.798,True,35.5,124.38,-29531.25
2025-08-10 12:52:09.800,True,23.879999999999995,124.25,-43906.25
2025-08-10 12:52:10.802,True,26.379999999999995,124.12,-40937.5
2025-08-10 12:52:11.804,True,19.25,124.12,-49531.25
2025-08-10 12:52:12.806,True,15.620000000000005,124.12,-54062.5
2025-08-10 12:52:13.807,True,24.0,124.62,-44062.5
2025-08-10 12:52:14.809,True,24.120000000000005,124.25,-44062.5
2025-08-10 12:52:15.811,True,29.379999999999995,124.62,-37500.0
2025-08-10 12:52:16.813,True,30.120000000000005,124.75,-36718.75
2025-08-10 12:52:17.815,True,29.879999999999995,124.88,-37187.5
2025-08-10 12:52:18.817,True,14.120000000000005,124.88,-56250.0
2025-08-10 12:52:19.819,True,17.620000000000005,124.62,-52187.5
2025-08-10 12:52:20.821,True,19.879999999999995,124.88,-49375.0
2025-08-10 12:52:21.823,True,17.120000000000005,124.5,-52500.0
2025-08-10 12:52:22.825,True,20.120000000000005,124.75,-48906.25
2025-08-10 12:52:23.827,True,18.5,125.0,-51250.0
2025-08-10 12:52:24.828,True,21.75,125.12,-47500.0
2025-08-10 12:52:25.830,True,29.120000000000005,125.0,-38281.25
2025-08-10 12:52:26.832,True,29.120000000000005,125.25,-38593.75
2025-08-10 12:52:27.835,True,33.25,125.12,-33281.25
2025-08-10 12:52:28.837,True,16.620000000000005,125.25,-53750.0
2025-08-10 12:52:29.839,True,32.379999999999995,125.25,-34531.25
2025-08-10 12:52:30.841,True,20.120000000000005,125.0,-49687.5
2025-08-10 12:52:31.843,True,23.25,124.88,-45937.5
2025-08-10 12:52:32.847,True,22.0,125.12,-47187.5
2025-08-10 12:52:33.849,True,20.0,125.0,-49687.5
2025-08-10 12:52:34.851,True,27.879999999999995,125.38,-40312.5
2025-08-10 12:52:35.853,True,23.879999999999995,125.5,-45312.5
2025-08-10 12:52:36.855,True,28.5,125.62,-39843.75
2025-08-10 12:52:37.857,True,12.5,125.5,-59218.75
2025-08-10 12:52:38.859,True,33.25,125.62,-33906.25
2025-08-10 12:52:39.861,True,21.25,125.5,-48593.75
2025-08-10 12:52:40.862,True,21.25,125.38,-48593.75
2025-08-10 12:52:41.865,True,20.379999999999995,125.75,-49843.75
2025-08-10 12:52:42.866,True,21.25,125.25,-48593.75
2025-08-10 12:52:43.868,True,21.75,125.5,-47968.75
2025-08-10 12:52:44.871,True,25.0,125.75,-44218.75
2025-08-10 12:52:45.872,True,24.75,125.88,-44687.5
2025-08-10 12:52:46.874,True,29.879999999999995,125.75,-38281.25
2025-08-10 12:52:47.876,True,29.120000000000005,126.0,-39531.25
2025-08-10 12:52:48.878,True,34.25,126.0,-33125.0
2025-08-10 12:52:49.880,True,20.620000000000005,125.88,-49843.75
2025-08-10 12:52:50.883,True,36.25,125.88,-30468.75
2025-08-10 12:52:51.885,True,25.620000000000005,125.62,-43750.0
2025-08-10 12:52:52.887,True,23.25,126.0,-46718.75
2025-08-10 12:52:53.889,True,19.379999999999995,126.0,-51406.25
2025-08-10 12:52:54.892,True,21.75,126.0,-48593.75
2025-08-10 12:52:55.894,True,28.120000000000005,126.12,-40937.5
2025-08-10 12:52:56.896,True,21.0,126.12,-38593.75
2025-08-10 12:52:57.898,True,30.5,126.25,-38125.0
2025-08-10 12:52:58.900,True,16.120000000000005,126.12,-55625.0
2025-08-10 12:52:59.903,True,23.879999999999995,126.38,-46250.0
2025-08-10 12:53:00.905,True,19.379999999999995,126.38,-52031.25
2025-08-10 12:53:01.908,True,24.379999999999995,126.0,-45937.5
2025-08-10 12:53:02.910,True,23.75,126.38,-46562.5
2025-08-10 12:53:03.913,True,25.120000000000005,126.0,-44687.5
2025-08-10 12:53:04.916,True,23.379999999999995,126.38,-47031.25
2025-08-10 12:53:05.918,True,25.379999999999995,126.5,-44687.5
2025-08-10 12:53:06.920,True,29.120000000000005,126.5,-40156.25
2025-08-10 12:53:07.922,True,33.0,126.5,-35312.5
2025-08-10 12:53:08.924,True,18.620000000000005,126.5,-52968.75
2025-08-10 12:53:09.926,True,30.25,126.62,-38906.25
2025-08-10 12:53:10.928,True,24.25,126.5,-46250.0
2025-08-10 12:53:11.930,True,22.75,126.62,-48125.0
2025-08-10 12:53:12.934,True,22.120000000000005,126.38,-49218.75
2025-08-10 12:53:13.935,True,23.25,126.62,-47500.0
2025-08-10 12:53:14.937,True,20.75,126.62,-50468.75
2025-08-10 12:53:15.940,True,29.120000000000005,126.75,-40468.75
2025-08-10 12:53:16.942,True,28.5,126.88,-41406.25
2025-08-10 12:53:17.945,True,17.25,127.0,-55000.0
2025-08-10 12:53:18.947,True,37.5,127.0,-30156.25
2025-08-10 12:53:19.950,True,17.879999999999995,126.88,-54531.25
2025-08-10 12:53:20.954,True,26.25,127.0,-44218.75
2025-08-10 12:53:21.956,True,26.5,126.88,-43750.0
2025-08-10 12:53:22.959,True,27.620000000000005,126.62,-42500.0
2025-08-10 12:53:23.962,True,22.120000000000005,126.88,-49218.75
2025-08-10 12:53:24.968,True,18.5,127.0,-53750.0
2025-08-10 12:53:25.972,True,26.5,127.0,-43906.25
2025-08-10 12:53:26.974,True,27.620000000000005,127.25,-42812.5
2025-08-10 12:53:27.977,True,33.120000000000005,127.12,-35937.5
2025-08-10 12:53:28.979,True,33.620000000000005,127.25,-35468.75
2025-08-10 12:53:29.983,True,15.879999999999995,127.38,-57187.5
2025-08-10 12:53:30.985,True,37.620000000000005,127.25,-30312.5
2025-08-10 12:53:31.988,True,24.0,127.12,-47500.0
2025-08-10 12:53:32.990,True,25.5,127.25,-45000.0
2025-08-10 12:53:34.149,True,33.25,127.0,-35625.0
2025-08-10 12:53:35.151,True,37.120000000000005,127.0,-30625.0
2025-08-10 12:53:36.153,True,18.5,127.0,-54062.5
2025-08-10 12:53:37.155,True,45.379999999999995,127.12,-20312.5
2025-08-10 12:53:38.158,True,29.120000000000005,127.62,-41406.25
2025-08-10 12:53:39.169,True,28.75,127.12,-42031.25
2025-08-10 12:53:40.170,True,36.120000000000005,127.5,-32656.25
2025-08-10 12:53:41.172,True,35.0,127.12,-34218.75
2025-08-10 12:53:42.175,True,35.25,127.75,-34062.5
2025-08-10 12:53:43.177,True,39.0,127.62,-29062.5
2025-08-10 12:53:44.181,True,37.120000000000005,127.38,-31093.75
2025-08-10 12:53:45.183,True,26.879999999999995,127.25,-44218.75
2025-08-10 12:53:46.185,True,38.5,127.38,-29375.0
2025-08-10 12:53:47.187,True,25.25,127.38,-46250.0
2025-08-10 12:53:48.189,True,25.120000000000005,127.38,-46718.75
2025-08-10 12:53:49.192,True,26.879999999999995,128.0,-44687.5
2025-08-10 12:53:50.194,True,34.879999999999995,128.0,-34687.5
2025-08-10 12:53:51.197,True,35.379999999999995,128.0,-34218.75
2025-08-10 12:53:52.199,True,38.879999999999995,127.88,-29531.25
2025-08-10 12:53:53.201,True,36.620000000000005,128.0,-32500.0
2025-08-10 12:53:54.203,True,36.5,127.88,-32500.0
2025-08-10 12:53:55.206,True,37.25,127.62,-31250.0
2025-08-10 12:53:56.208,True,38.379999999999995,127.62,-29843.75
2025-08-10 12:53:57.210,True,24.379999999999995,127.62,-47656.25
2025-08-10 12:53:58.212,True,45.379999999999995,127.62,-20937.5
2025-08-10 12:53:59.214,True,30.75,127.62,-40000.0
2025-08-10 12:54:00.216,True,26.620000000000005,128.25,-45312.5
2025-08-10 12:54:01.219,True,34.0,128.25,-36250.0
2025-08-10 12:54:02.221,True,39.379999999999995,128.12,-29218.75
2025-08-10 12:54:03.223,True,36.5,128.25,-32968.75
2025-08-10 12:54:04.225,True,40.0,128.0,-28281.25
2025-08-10 12:54:05.227,True,36.879999999999995,128.0,-32187.5
2025-08-10 12:54:06.229,True,24.379999999999995,127.88,-48125.0
2025-08-10 12:54:07.232,True,41.120000000000005,127.88,-26718.75
2025-08-10 12:54:08.234,True,24.879999999999995,127.88,-47500.0
2025-08-10 12:54:09.236,True,29.620000000000005,127.88,-41875.0
2025-08-10 12:54:10.238,True,26.25,128.38,-45937.5
2025-08-10 12:54:11.240,True,34.379999999999995,128.0,-35937.5
2025-08-10 12:54:12.242,True,31.620000000000005,128.62,-39687.5
2025-08-10 12:54:13.244,True,36.0,128.62,-34062.5
2025-08-10 12:54:14.246,True,33.25,128.5,-37500.0
2025-08-10 12:54:15.248,True,38.379999999999995,128.38,-30781.25
2025-08-10 12:54:16.250,True,28.5,128.12,-31562.5
2025-08-10 12:54:17.252,True,38.75,128.12,-30000.0
2025-08-10 12:54:18.254,True,20.620000000000005,128.12,-52968.75
2025-08-10 12:54:19.256,True,27.879999999999995,128.62,-44218.75
2025-08-10 12:54:20.258,True,30.5,128.25,-41093.75
2025-08-10 12:54:21.261,True,31.120000000000005,128.62,-40312.5
2025-08-10 12:54:22.263,True,31.379999999999995,128.75,-40156.25
2025-08-10 12:54:23.265,True,37.75,128.62,-31875.0
2025-08-10 12:54:24.268,True,32.879999999999995,128.88,-38437.5
2025-08-10 12:54:25.270,True,20.879999999999995,128.75,-53125.0
2025-08-10 12:54:26.272,True,26.0,128.5,-46406.25
2025-08-10 12:54:27.274,True,24.75,128.38,-48281.25
2025-08-10 12:54:28.277,True,27.120000000000005,128.38,-45156.25
2025-08-10 12:54:29.279,True,25.379999999999995,128.38,-47500.0
2025-08-10 12:54:30.281,True,28.620000000000005,128.38,-43750.0
2025-08-10 12:54:31.283,True,32.879999999999995,128.88,-38437.5
2025-08-10 12:54:32.284,True,36.75,128.5,-33437.5
2025-08-10 12:54:33.286,True,38.120000000000005,128.88,-31718.75
2025-08-10 12:54:34.288,True,34.879999999999995,129.0,-36093.75
2025-08-10 12:54:35.290,True,39.75,128.88,-29687.5
2025-08-10 12:54:36.292,True,35.879999999999995,128.75,-34375.0
2025-08-10 12:54:37.294,True,25.25,128.62,-48125.0
2025-08-10 12:54:38.296,True,25.879999999999995,128.62,-47031.25
2025-08-10 12:54:39.298,True,23.75,128.62,-49843.75
2025-08-10 12:54:40.300,True,31.75,128.62,-40000.0
2025-08-10 12:54:41.303,True,30.5,129.12,-41718.75
2025-08-10 12:54:42.305,True,31.879999999999995,128.75,-40156.25
2025-08-10 12:54:43.307,True,39.5,129.12,-30312.5
2025-08-10 12:54:44.309,True,39.5,129.12,-30312.5
2025-08-10 12:54:45.312,True,38.379999999999995,129.12,-31718.75
2025-08-10 12:54:46.314,True,27.879999999999995,129.12,-44843.75
2025-08-10 12:54:47.316,True,30.25,128.88,-42187.5
2025-08-10 12:54:48.317,True,25.25,128.88,-48125.0
2025-08-10 12:54:49.320,True,21.879999999999995,128.88,-52343.75
2025-08-10 12:54:50.322,True,27.879999999999995,129.12,-44843.75
2025-08-10 12:54:51.324,True,29.120000000000005,128.88,-43750.0
2025-08-10 12:54:52.326,True,34.5,129.25,-36875.0
2025-08-10 12:54:53.328,True,34.75,129.38,-36718.75
2025-08-10 12:54:54.330,True,37.75,129.5,-32968.75
2025-08-10 12:54:55.332,True,40.75,129.38,-29062.5
2025-08-10 12:54:56.334,True,27.120000000000005,129.38,-46250.0
2025-08-10 12:54:57.336,True,39.879999999999995,129.12,-29843.75
2025-08-10 12:54:58.338,True,27.879999999999995,129.0,-45156.25
2025-08-10 12:54:59.340,True,28.620000000000005,129.0,-44062.5
2025-08-10 12:55:00.343,True,24.120000000000005,129.38,-49843.75
2025-08-10 12:55:01.345,True,28.0,129.12,-45312.5
2025-08-10 12:55:02.347,True,34.5,129.5,-37187.5
2025-08-10 12:55:03.349,True,34.5,129.62,-37343.75
2025-08-10 12:55:04.351,True,41.120000000000005,129.5,-28750.0
2025-08-10 12:55:05.353,True,21.879999999999995,129.62,-52968.75
2025-08-10 12:55:06.355,True,38.879999999999995,129.75,-31875.0
2025-08-10 12:55:07.357,True,26.379999999999995,129.5,-47500.0
2025-08-10 12:55:08.359,True,29.120000000000005,129.25,-44062.5
2025-08-10 12:55:09.361,True,29.75,129.5,-43125.0
2025-08-10 12:55:10.363,True,25.25,129.25,-48593.75
2025-08-10 12:55:11.365,True,30.379999999999995,129.62,-42500.0
2025-08-10 12:55:12.368,True,29.120000000000005,129.88,-44375.0
2025-08-10 12:55:13.370,True,31.75,129.88,-41093.75
2025-08-10 12:55:14.372,True,40.25,129.75,-30156.25
2025-08-10 12:55:15.374,True,19.379999999999995,129.88,-31406.25
2025-08-10 12:55:16.376,True,42.379999999999995,129.75,-27500.0
2025-08-10 12:55:17.379,True,27.620000000000005,129.75,-45937.5
2025-08-10 12:55:18.382,True,27.75,129.5,-30468.75
2025-08-10 12:55:19.384,True,29.5,129.5,-43906.25
2025-08-10 12:55:20.387,True,27.879999999999995,129.38,-45468.75
2025-08-10 12:55:21.396,True,28.879999999999995,129.75,-44375.0
2025-08-10 12:55:22.400,True,31.5,129.5,-41406.25
2025-08-10 12:55:23.401,True,35.25,129.75,-36562.5
2025-08-10 12:55:24.403,True,32.620000000000005,130.0,-40156.25
2025-08-10 12:55:25.405,True,40.0,130.12,-30937.5
2025-08-10 12:55:26.407,True,22.25,129.88,-52968.75
2025-08-10 12:55:27.410,True,27.0,130.0,-47031.25
2025-08-10 12:55:28.412,True,30.25,130.0,-43125.0
2025-08-10 12:55:29.414,True,29.620000000000005,129.62,-43906.25
2025-08-10 12:55:30.417,True,25.25,129.88,-49062.5
2025-08-10 12:55:31.419,True,26.0,129.62,-48125.0
2025-08-10 12:55:32.420,True,31.25,130.0,-41875.0
2025-08-10 12:55:33.423,True,32.75,130.0,-40000.0
2025-08-10 12:55:34.426,True,31.620000000000005,130.12,-41562.5
2025-08-10 12:55:35.428,True,40.120000000000005,130.12,-30781.25
2025-08-10 12:55:36.431,True,26.379999999999995,130.25,-47968.75
2025-08-10 12:55:37.435,True,40.379999999999995,130.25,-30625.0
2025-08-10 12:55:38.438,True,27.620000000000005,130.0,-46562.5
2025-08-10 12:55:39.439,True,27.25,129.88,-47031.25
2025-08-10 12:55:40.441,True,30.75,129.75,-42656.25
2025-08-10 12:55:41.443,True,25.75,129.75,-48593.75
2025-08-10 12:55:42.446,True,26.5,130.25,-47968.75
2025-08-10 12:55:43.448,True,33.120000000000005,130.25,-39843.75
2025-08-10 12:55:44.451,True,35.25,130.25,-37031.25
2025-08-10 12:55:45.452,True,23.0,130.25,-52343.75
2025-08-10 12:55:46.454,True,36.75,130.38,-35312.5
2025-08-10 12:55:47.457,True,26.620000000000005,130.25,-47812.5
2025-08-10 12:55:48.459,True,27.5,130.25,-46718.75
2025-08-10 12:55:49.461,True,26.879999999999995,130.5,-47812.5
2025-08-10 12:55:50.463,True,32.0,130.0,-41406.25
2025-08-10 12:55:51.465,True,26.0,130.25,-48593.75
2025-08-10 12:55:52.466,True,31.879999999999995,130.25,-41406.25
2025-08-10 12:55:53.469,True,32.5,130.38,-40781.25
2025-08-10 12:55:54.470,True,31.879999999999995,130.5,-41718.75
2025-08-10 12:55:55.473,True,17.120000000000005,130.5,-32343.75
2025-08-10 12:55:56.475,True,41.25,130.38,-29687.5
2025-08-10 12:55:57.477,True,27.25,130.38,-47187.5
2025-08-10 12:55:58.479,True,30.120000000000005,130.5,-30625.0
2025-08-10 12:55:59.481,True,30.75,130.12,-43125.0
2025-08-10 12:56:00.483,True,26.379999999999995,130.12,-48281.25
2025-08-10 12:56:01.486,True,22.75,130.38,-52812.5
2025-08-10 12:56:02.487,True,28.120000000000005,130.62,-46093.75
2025-08-10 12:56:03.489,True,30.25,130.62,-43906.25
2025-08-10 12:56:04.492,True,36.879999999999995,130.5,-35312.5
2025-08-10 12:56:05.494,True,33.0,130.62,-40468.75
2025-08-10 12:56:06.496,True,34.5,130.62,-38593.75
2025-08-10 12:56:07.499,True,16.879999999999995,130.62,-60312.5
2025-08-10 12:56:08.501,True,22.5,130.62,-53437.5
2025-08-10 12:56:09.503,True,29.879999999999995,130.62,-44375.0
2025-08-10 12:56:10.505,True,30.379999999999995,130.5,-43593.75
2025-08-10 12:56:11.507,True,31.75,130.25,-42031.25
2025-08-10 12:56:12.509,True,26.0,130.5,-48906.25
2025-08-10 12:56:13.511,True,23.620000000000005,130.62,-52031.25
2025-08-10 12:56:14.513,True,45.620000000000005,130.25,-23906.25
2025-08-10 12:56:15.516,True,28.25,130.75,-46406.25
2025-08-10 12:56:16.518,True,30.120000000000005,130.62,-43750.0
2025-08-10 12:56:17.520,True,31.620000000000005,130.62,-46406.25
2025-08-10 12:56:18.522,True,31.379999999999995,130.62,-42656.25
2025-08-10 12:56:19.524,True,25.879999999999995,130.75,-49531.25
2025-08-10 12:56:20.526,True,24.25,130.75,-51406.25
2025-08-10 12:56:21.528,True,25.620000000000005,130.75,-49687.5
2025-08-10 12:56:22.531,True,24.879999999999995,130.75,-50625.0
2025-08-10 12:56:23.533,True,26.620000000000005,130.75,-48437.5
2025-08-10 12:56:24.534,True,29.120000000000005,130.75,-45468.75
2025-08-10 12:56:25.536,True,25.0,131.0,-50781.25
2025-08-10 12:56:26.538,True,27.379999999999995,131.0,-47187.5
2025-08-10 12:56:27.540,True,26.0,130.75,-49218.75
2025-08-10 12:56:28.542,True,32.0,130.62,-42031.25
2025-08-10 12:56:29.544,True,29.0,131.0,-45781.25
2025-08-10 12:56:30.546,True,23.75,131.0,-52343.75
2025-08-10 12:56:31.548,True,18.620000000000005,131.0,-58593.75
2025-08-10 12:56:32.549,True,18.379999999999995,131.0,-58906.25
2025-08-10 12:56:33.551,True,26.5,130.88,-48750.0
2025-08-10 12:56:34.553,True,30.379999999999995,130.88,-44062.5
2025-08-10 12:56:35.555,True,33.620000000000005,131.0,-39531.25
2025-08-10 12:56:36.557,True,29.25,130.88,-45468.75
2025-08-10 12:56:37.559,True,27.25,131.0,-47656.25
2025-08-10 12:52025-08-10 12:56:33.350,True,0.0,0.0,0.0
2025-08-10 12:56:34.381,True,13.379999999999995,98.25,-24843.75
2025-08-10 12:56:35.383,True,9.120000000000005,98.75,-30468.75
2025-08-10 12:56:36.385,True,14.120000000000005,98.62,-24375.0
2025-08-10 12:56:37.388,True,-0.75,98.25,-41875.0
2025-08-10 12:56:39.150,True,4.8799999999999955,98.75,-35312.5
2025-08-10 12:56:40.153,True,9.5,98.62,-30000.0
2025-08-10 12:56:41.159,True,15.75,98.25,-22031.25
2025-08-10 12:56:42.162,True,5.5,98.75,-34687.5
2025-08-10 12:56:43.164,True,15.879999999999995,98.62,-22343.75
2025-08-10 12:56:44.166,True,15.5,98.5,-22500.0
2025-08-10 12:56:47.482,True,5.8799999999999955,98.62,-34062.5
2025-08-10 12:56:48.485,True,10.379999999999995,98.62,-28750.0
2025-08-10 12:56:49.490,True,13.75,98.38,-24375.0
2025-08-10 12:56:50.494,True,9.25,98.75,-30312.5
2025-08-10 12:56:51.496,True,15.25,98.62,-22500.0
2025-08-10 12:56:52.499,True,20.620000000000005,98.88,-16093.75
2025-08-10 12:56:53.501,True,14.879999999999995,98.25,-22968.75
2025-08-10 12:56:54.503,True,13.75,98.62,-24375.0
2025-08-11 12:48:10.810,True,12.620000000000005,98.25,-25625.0
2025-08-11 12:48:11.812,True,-2.5,98.88,-43906.25
2025-08-11 12:48:12.815,True,15.75,98.75,-22500.0
2025-08-11 12:48:13.817,True,4.75,98.25,-35468.75
2025-08-11 12:48:14.818,True,4.75,98.25,-35468.75
2025-08-11 12:48:15.820,True,4.75,98.25,-35468.75
2025-08-11 12:48:16.822,True,9.5,98.25,-24843.75
2025-08-11 12:48:17.833,True,10.25,98.62,-28437.5
2025-08-11 12:48:18.836,True,11.75,98.75,-26718.75
2025-08-11 12:48:20.008,True,-1.6200000000000045,98.62,-42656.25
2025-08-11 12:48:21.018,True,10.379999999999995,98.75,-28906.25
2025-08-11 12:48:22.020,True,17.120000000000005,98.62,-20781.25
2025-08-11 12:48:23.023,True,16.120000000000005,98.5,-21875.0
2025-08-11 12:48:24.535,True,3.25,98.5,-36875.0
2025-08-11 12:48:25.537,True,-1.75,98.25,-42968.75
2025-08-11 12:48:26.538,True,17.379999999999995,98.25,-20468.75
2025-08-11 15:16:05.640,True,0.0,0.0,0.0
2025-08-11 15:16:07.385,True,20.25,100.38,-19062.5
2025-08-11 15:16:08.387,True,19.879999999999995,100.38,-19531.25
2025-08-11 15:16:09.389,True,18.620000000000005,100.38,-21093.75
2025-08-11 15:16:10.392,True,20.0,100.38,-19375.0
2025-08-11 15:16:12.724,True,20.620000000000005,100.38,-18593.75
2025-08-11 15:16:13.726,True,19.620000000000005,100.38,-19843.75
2025-08-11 15:16:14.728,True,17.620000000000005,100.38,-22343.75
2025-08-11 15:16:15.730,True,17.620000000000005,100.38,-19218.75
2025-08-11 15:16:18.773,True,18.0,100.38,-21875.0
2025-08-11 15:16:19.776,True,16.75,100.5,-23437.5
2025-08-11 15:16:20.778,True,18.25,100.5,-18125.0
2025-08-11 15:16:23.908,True,20.0,100.5,-19531.25
2025-08-11 15:16:24.910,True,19.120000000000005,100.5,-20625.0
2025-08-11 15:16:26.622,True,17.75,100.5,-22343.75
2025-08-11 15:16:27.624,True,22.379999999999995,100.5,-16718.75
2025-08-11 15:16:28.627,True,18.25,100.5,-21718.75
2025-08-11 15:16:29.629,True,18.120000000000005,100.5,-21875.0
2025-08-11 15:16:30.631,True,15.879999999999995,100.5,-24531.25
2025-08-11 15:16:31.633,True,16.620000000000005,100.5,-23593.75
2025-08-11 15:16:36.147,True,15.879999999999995,100.62,-24531.25
2025-08-11 15:16:37.152,True,19.75,100.62,-18750.0
2025-08-11 15:16:38.155,True,18.379999999999995,100.62,-21718.75
2025-08-11 15:16:39.157,True,19.379999999999995,100.62,-20468.75
2025-08-11 15:16:40.159,True,20.620000000000005,100.62,-18906.25
2025-08-11 15:16:41.162,True,18.0,100.62,-22187.5
2025-08-11 15:16:42.164,True,19.379999999999995,100.62,-20468.75
2025-08-11 15:16:46.021,True,18.25,100.62,-21093.75
2025-08-11 15:16:47.027,True,19.120000000000005,100.75,-20937.5
2025-08-11 15:16:48.028,True,7.8799999999999955,101.12,-34687.5
2025-08-11 15:16:49.030,True,-0.8799999999999955,101.25,-45000.0
2025-08-11 15:16:50.032,True,17.5,101.12,-23281.25
2025-08-11 15:16:51.034,True,9.0,101.12,-33281.25
2025-08-11 15:16:52.036,True,17.879999999999995,101.12,-22812.5
2025-08-11 15:16:53.205,True,13.879999999999995,101.12,-27656.25
2025-08-11 15:16:54.207,True,7.75,101.12,-34843.75
2025-08-11 15:16:55.685,True,15.879999999999995,100.75,-24843.75
2025-08-11 15:16:56.905,True,24.120000000000005,101.12,-14843.75
2025-08-11 15:16:57.908,True,28.25,100.75,-9843.75
2025-08-11 15:16:58.910,True,8.0,101.25,-34687.5
2025-08-11 15:16:59.915,True,18.879999999999995,100.75,-21250.0
2025-08-11 15:17:00.917,True,16.75,100.75,-23750.0
2025-08-11 15:17:01.920,True,19.75,101.12,-20625.0
2025-08-11 15:17:02.923,True,22.0,101.12,-17968.75
2025-08-11 15:17:03.926,True,-0.6200000000000045,100.88,-10468.75
2025-08-11 15:17:04.928,True,16.120000000000005,101.12,-25000.0
2025-08-11 15:17:06.253,True,9.620000000000005,101.38,-32968.75
2025-08-11 15:17:07.489,True,17.620000000000005,100.88,-23281.25
2025-08-11 15:17:08.492,True,12.120000000000005,101.12,-29687.5
2025-08-11 15:17:09.493,True,15.120000000000005,101.0,-25937.5
2025-08-11 15:17:10.495,True,11.620000000000005,100.88,-30000.0
2025-08-11 15:17:11.497,True,12.879999999999995,100.88,-28906.25
2025-08-11 15:17:12.499,True,12.5,101.25,-29375.0
2025-08-11 15:17:13.503,True,10.75,101.25,-31406.25
2025-08-11 15:17:19.952,True,6.5,101.38,-36562.5
2025-08-11 15:17:20.957,True,8.75,101.38,-33906.25
2025-08-11 15:17:21.989,True,28.379999999999995,101.38,-10000.0
2025-08-11 15:17:24.786,True,-5.6200000000000045,101.62,-50781.25
2025-08-11 15:17:25.788,True,31.379999999999995,101.0,-6250.0
2025-08-11 15:17:26.790,True,13.0,101.38,-28906.25
                                                                                                                                                                                                                                                                                           2025-08-11 15:19:31.778,True,0.0,0.0,0.0
2025-08-11 15:19:33.758,True,21.379999999999995,102.25,-20000.0
2025-08-11 15:19:34.760,True,22.120000000000005,102.25,-19062.5
2025-08-11 15:19:35.762,True,22.0,102.25,-19218.75
2025-08-11 15:19:36.764,True,17.620000000000005,102.25,-24531.25
2025-08-11 15:19:37.767,True,22.620000000000005,102.25,-18437.5
2025-08-11 15:19:40.501,True,21.75,102.25,-19531.25
2025-08-11 15:19:41.503,True,22.25,102.25,-18906.25
2025-08-11 15:19:42.505,True,21.620000000000005,102.25,-19687.5
2025-08-11 15:19:43.507,True,21.379999999999995,102.25,-20000.0
2025-08-11 15:19:44.872,True,20.75,102.25,-20781.25
2025-08-11 15:19:45.874,True,21.75,102.25,-19531.25
2025-08-11 15:19:46.876,True,21.379999999999995,102.38,-20156.25
2025-08-11 15:19:47.878,True,22.25,102.38,-18906.25
2025-08-11 15:19:49.392,True,18.879999999999995,102.38,-23125.0
2025-08-11 15:19:50.394,True,21.120000000000005,102.38,-20468.75
2025-08-11 15:19:51.397,True,23.120000000000005,102.38,-17968.75
2025-08-11 15:19:52.398,True,21.0,102.38,-20625.0
2025-08-11 15:19:53.402,True,23.0,102.38,-18125.0
2025-08-11 15:19:59.093,True,20.379999999999995,102.38,-21406.25
2025-08-11 15:20:00.096,True,12.379999999999995,102.75,-20937.5
2025-08-11 15:20:01.662,True,7.8799999999999955,102.75,-36718.75
2025-08-11 15:20:02.665,True,14.620000000000005,102.88,-28906.25
2025-08-11 15:20:03.667,True,19.25,102.75,-22968.75
2025-08-11 15:20:05.317,True,18.25,102.88,-24531.25
2025-08-11 15:20:06.319,True,1.5,102.62,-43906.25
2025-08-11 15:20:07.321,True,22.5,102.62,-19062.5
2025-08-11 15:20:08.323,True,15.120000000000005,103.0,-28437.5
2025-08-11 15:20:12.832,True,18.25,102.75,-24531.25
2025-08-11 15:20:13.834,True,7.0,102.75,-37968.75
2025-08-11 15:20:14.837,True,15.5,103.12,-27656.25
2025-08-11 15:20:16.034,True,-2.5,103.25,-49218.75
2025-08-11 15:20:17.041,True,18.879999999999995,103.25,-24218.75
2025-08-11 15:20:18.044,True,25.0,103.12,-16718.75
2025-08-11 15:20:19.046,True,13.0,102.88,-30781.25
2025-08-11 15:20:20.049,True,8.379999999999995,102.75,-15156.25
2025-08-11 15:20:21.102,True,11.379999999999995,102.88,-32656.25
2025-08-11 15:20:22.104,True,14.120000000000005,102.88,-19375.0
2025-08-11 15:20:23.315,True,21.879999999999995,102.75,-20000.0
2025-08-11 15:20:26.015,True,15.0,103.12,-28750.0
2025-08-11 15:20:27.625,True,20.0,103.25,-22812.5
2025-08-11 15:20:28.632,True,10.879999999999995,103.25,-33750.0
2025-08-11 15:20:29.638,True,16.120000000000005,103.0,-27187.5
2025-08-11 15:20:33.185,True,10.75,103.38,-34062.5
2025-08-11 15:20:34.189,True,18.0,102.88,-25312.5
2025-08-11 15:20:35.192,True,11.120000000000005,103.38,-35468.75
2025-08-11 15:20:36.418,True,23.879999999999995,103.12,-17968.75
2025-08-11 15:20:37.480,True,17.0,103.38,-26562.5
2025-08-11 15:20:38.482,True,9.0,103.38,-36093.75
2025-08-11 15:20:39.485,True,29.0,103.0,-11562.5
2025-08-11 15:20:40.488,True,21.120000000000005,103.12,-21406.25
2025-08-11 15:20:41.492,True,22.0,103.38,-33437.5
2025-08-11 15:20:42.494,True,8.379999999999995,103.38,-36875.0
2025-08-11 15:20:43.495,True,18.5,103.25,-24687.5
2025-08-11 15:20:44.497,True,18.5,103.25,-24687.5
2025-08-11 15:20:45.499,True,18.5,103.25,-24687.5
2025-08-11 15:20:47.639,True,11.379999999999995,103.25,-33125.0
2025-08-11 15:20:48.642,True,28.120000000000005,103.5,-12656.25
2025-08-11 15:20:49.648,True,14.879999999999995,103.38,-29218.75
2025-08-11 15:20:50.650,True,4.75,103.38,-41093.75
2025-08-11 15:20:51.679,True,21.5,103.5,-20781.25
2025-08-11 15:20:52.682,True,16.620000000000005,103.5,-27187.5
2025-08-11 15:20:53.684,True,16.379999999999995,103.38,-27343.75
2025-08-11 15:20:54.687,True,9.879999999999995,103.38,-35000.0
2025-08-11 15:20:55.689,True,30.379999999999995,103.12,-10000.0
2025-08-11 15:20:56.693,True,11.25,103.5,-33593.75
2025-08-11 15:20:59.190,True,14.5,103.25,-29375.0
2025-08-11 15:21:00.192,True,14.379999999999995,103.5,-29843.75
2025-08-11 15:21:01.197,True,11.0,103.62,-34062.5
2025-08-11 15:21:02.199,True,26.0,103.12,-15468.75
2025-08-11 15:21:03.201,True,16.379999999999995,103.62,-27656.25
2025-08-11 15:21:05.504,True,7.5,103.62,-38125.0
2025-08-11 15:21:06.506,True,15.879999999999995,103.25,-28281.25
2025-08-11 15:21:07.508,True,21.879999999999995,103.38,-20781.25
2025-08-11 15:21:08.510,True,30.379999999999995,103.25,-10156.25
2025-08-11 15:21:09.512,True,17.379999999999995,103.75,-26562.5
2025-08-11 15:21:10.514,True,10.75,103.5,-34218.75
2025-08-11 15:21:11.516,True,25.0,103.38,-17187.5
2025-08-11 15:21:12.542,True,28.5,103.75,-12656.25
2025-08-11 15:21:13.548,True,27.0,103.75,-14375.0
2025-08-11 15:21:14.550,True,22.379999999999995,103.38,-20468.75
2025-08-11 15:21:15.554,True,24.379999999999995,103.75,-18125.0
2025-08-11 15:21:16.558,True,19.75,103.62,-23437.5
2025-08-11 15:21:17.561,True,23.620000000000005,103.75,-19062.5
2025-08-11 15:21:18.563,True,18.5,103.75,-24843.75
2025-08-11 15:21:19.565,True,11.379999999999995,103.88,-33906.25
2025-08-11 15:21:20.567,True,28.75,103.38,-12343.75
2025-08-11 15:21:22.463,True,24.879999999999995,103.38,-17656.25
2025-08-11 15:21:23.464,True,24.0,103.38,-18593.75
2025-08-11 15:21:24.466,True,23.379999999999995,103.62,-19218.75
2025-08-11 15:21:25.467,True,12.620000000000005,103.5,-32031.25
2025-08-11 15:21:26.469,True,27.0,103.5,-14687.5
2025-08-11 15:21:27.470,True,13.620000000000005,104.0,-31406.25
2025-08-11 15:21:28.979,True,33.5,104.0,-6562.5
2025-08-11 15:21:29.981,True,16.0,103.88,-28437.5
2025-08-11 15:21:37.355,True,13.620000000000005,104.0,-31250.0
2025-08-11 15:21:38.356,True,18.379999999999995,104.12,-25937.5
2025-08-11 15:21:39.358,True,23.620000000000005,103.62,-18906.25
2025-08-11 15:21:43.684,True,17.75,104.0,-26406.25
2025-08-11 15:21:44.686,True,24.75,104.0,-17500.0
2025-08-11 15:21:46.198,True,20.0,104.0,-23750.0
2025-08-11 15:21:47.221,True,9.5,104.0,-36093.75
2025-08-11 15:21:48.226,True,24.620000000000005,104.25,-17968.75
2025-08-11 15:21:49.228,True,24.25,104.12,-18281.25
2025-08-11 15:21:50.230,True,17.879999999999995,104.0,-26093.75
2025-08-11 15:21:51.233,True,11.5,104.12,-34062.5
2025-08-11 15:21:53.115,True,25.0,103.75,-17343.75
2025-08-11 15:21:54.117,True,24.879999999999995,104.12,-17500.0
2025-08-11 15:21:55.119,True,31.379999999999995,104.12,-9531.25
2025-08-11 15:21:56.121,True,20.379999999999995,104.12,-23437.5
2025-08-11 15:21:57.123,True,28.5,104.12,-13125.0
2025-08-11 15:21:58.151,True,16.879999999999995,104.0,-27500.0
2025-08-11 15:21:59.153,True,19.75,104.0,-23906.25
2025-08-11 15:22:00.154,True,17.5,103.88,-27031.25
2025-08-11 15:22:01.156,True,28.120000000000005,104.0,-13906.25
2025-08-11 15:22:02.158,True,14.120000000000005,104.25,-31093.75
2025-08-11 15:22:03.249,True,10.620000000000005,104.25,-35156.25
2025-08-11 15:22:04.251,True,12.879999999999995,104.38,-32656.25
2025-08-11 15:22:05.416,True,17.879999999999995,104.25,-26093.75
2025-08-11 15:22:06.419,True,26.620000000000005,104.25,-15781.25
2025-08-11 15:22:07.423,True,36.120000000000005,104.25,-3750.0
2025-08-11 15:22:08.430,True,28.25,104.25,-13593.75
2025-08-11 15:22:09.432,True,18.0,104.38,-26562.5
2025-08-11 15:22:10.433,True,19.0,104.38,-25468.75
2025-08-11 15:22:11.435,True,25.120000000000005,103.88,-17343.75
2025-08-11 15:22:18.839,True,26.75,104.38,-15937.5
2025-08-11 15:22:19.840,True,25.25,104.5,-17343.75
2025-08-11 15:22:20.843,True,9.5,104.0,-36875.0
2025-08-11 15:22:21.845,True,16.620000000000005,104.0,-27812.5
2025-08-11 15:22:22.847,True,20.0,104.0,-24375.0
2025-08-11 15:22:23.849,True,19.75,104.38,-24531.25
2025-08-11 15:22:24.851,True,19.25,104.38,-24687.5
2025-08-11 15:22:25.854,True,28.0,104.38,-14062.5
2025-08-11 15:22:26.856,True,22.879999999999995,104.38,-20781.25
2025-08-11 15:22:27.862,True,23.379999999999995,104.5,-20000.0
2025-08-11 15:22:28.865,True,14.0,104.12,-31718.75
2025-08-11 15:22:29.867,True,24.5,104.12,-18437.5
2025-08-11 15:22:30.869,True,11.620000000000005,104.25,-34375.0
2025-08-11 15:22:31.871,True,29.120000000000005,104.5,-12812.5
2025-08-11 15:22:32.873,True,31.879999999999995,104.62,-9375.0
2025-08-11 15:22:33.875,True,21.879999999999995,104.12,-22187.5
2025-08-11 15:22:34.878,True,16.879999999999995,104.5,-27812.5
2025-08-11 15:22:35.880,True,26.620000000000005,104.38,-16093.75
2025-08-11 15:22:36.885,True,18.75,104.25,-25937.5
2025-08-11 15:22:37.888,True,10.120000000000005,104.5,-36093.75
2025-08-11 15:22:38.890,True,35.620000000000005,104.12,-4687.5
2025-08-11 15:22:39.892,True,15.0,104.62,-30468.75
2025-08-11 15:22:40.894,True,9.25,104.62,-37343.75
2025-08-11 15:22:41.896,True,20.379999999999995,104.5,-23593.75
2025-08-11 15:22:42.899,True,19.879999999999995,104.62,-24687.5
2025-08-11 15:22:43.900,True,15.379999999999995,104.5,-30000.0
2025-08-11 15:22:44.903,True,18.0,104.25,-26718.75
2025-08-11 15:22:45.905,True,27.379999999999995,104.5,-15156.25
2025-08-11 15:22:46.910,True,25.379999999999995,104.25,-17500.0
2025-08-11 15:22:47.912,True,11.120000000000005,104.75,-35156.25
2025-08-11 15:22:48.914,True,22.0,104.5,-21875.0
2025-08-11 15:22:49.917,True,26.0,104.25,-16718.75
                                                                                                                                                                                     2025-08-11 16:04:46.729,True,0.0,0.0,0.0
2025-08-11 16:04:47.927,True,32.620000000000005,108.88,-14218.75
2025-08-11 16:04:48.929,True,33.75,108.88,-12812.5
2025-08-11 16:04:49.931,True,33.5,108.88,-13125.0
2025-08-11 16:04:50.933,True,33.25,108.88,-13437.5
2025-08-11 16:04:51.935,True,33.25,108.88,-13437.5
2025-08-11 16:04:52.951,True,33.879999999999995,108.88,-12656.25
2025-08-11 16:04:53.953,True,34.25,109.0,-12187.5
2025-08-11 16:04:54.955,True,33.879999999999995,109.0,-12812.5
2025-08-11 16:04:55.957,True,33.5,109.0,-13281.25
2025-08-11 16:04:56.958,True,33.5,109.0,-13281.25
2025-08-11 16:05:03.529,True,33.120000000000005,109.0,-13750.0
2025-08-11 16:05:04.533,True,26.5,109.25,-22187.5
2025-08-11 16:05:05.535,True,26.379999999999995,109.5,-22500.0
2025-08-11 16:05:06.537,True,27.879999999999995,109.62,-20937.5
2025-08-11 16:05:07.542,True,25.879999999999995,109.62,-23437.5
2025-08-11 16:05:08.546,True,19.620000000000005,109.5,-30781.25
2025-08-11 16:05:09.548,True,31.620000000000005,109.12,-15625.0
2025-08-11 16:05:10.549,True,33.5,109.12,-13437.5
2025-08-11 16:05:11.552,True,24.120000000000005,109.62,-25625.0
2025-08-11 16:05:12.553,True,26.620000000000005,109.62,-22343.75
2025-08-11 16:05:13.630,True,19.5,109.12,-31093.75
2025-08-11 16:05:15.640,True,26.75,109.75,-21875.0
2025-08-11 16:05:16.642,True,27.379999999999995,109.5,-21562.5
2025-08-11 16:05:17.643,True,27.879999999999995,109.25,-20625.0
2025-08-11 16:05:18.645,True,31.120000000000005,109.25,-16406.25
2025-08-11 16:05:20.833,True,22.879999999999995,109.62,-27187.5
2025-08-11 16:05:21.939,True,15.0,109.5,-36718.75
2025-08-11 16:05:23.048,True,40.25,109.62,-5000.0
2025-08-11 16:05:25.489,True,32.0,109.25,-15312.5
2025-08-11 16:05:26.491,True,37.879999999999995,109.25,-7968.75
                                                                                                                                                                                                                                                                                                                                                                                                                                                                                                                                                                                                                                                                                                                                                                                                                                                                                                                                                                                   2025-08-13 07:56:46.539,True,0.0,0.0,0.0
2025-08-13 07:56:49.531,True,12.620000000000005,91.38,-17500.0
2025-08-13 07:56:50.534,True,10.379999999999995,91.38,-20156.25
2025-08-13 07:56:52.098,True,9.5,91.38,-21250.0
2025-08-13 07:56:53.101,True,12.25,91.38,-17968.75
2025-08-13 07:56:54.105,True,5.3799999999999955,91.5,-24375.0
2025-08-13 07:56:55.110,True,9.620000000000005,91.75,-21093.75
2025-08-13 07:56:56.112,True,6.8799999999999955,91.5,-24531.25
2025-08-13 07:56:57.114,True,10.120000000000005,91.75,-20468.75
2025-08-13 07:56:58.116,True,12.5,91.5,-17812.5
2025-08-13 07:57:00.953,True,7.6200000000000045,91.75,-23906.25
2025-08-13 07:57:03.196,True,7.25,91.62,-24062.5
2025-08-13 07:57:04.238,True,4.3799999999999955,91.62,-27500.0
2025-08-13 07:57:05.241,True,11.0,91.38,-19375.0
2025-08-13 07:57:06.247,True,8.75,91.75,-22500.0
2025-08-13 07:57:07.256,True,12.379999999999995,91.75,-17812.5
2025-08-13 07:57:08.259,True,5.0,91.38,-26875.0
2025-08-13 07:57:09.262,True,7.8799999999999955,91.38,-23281.25
2025-08-13 07:57:10.318,True,9.25,91.75,-21875.0
2025-08-13 07:57:11.321,True,5.1200000000000045,91.62,-26250.0
2025-08-13 07:57:12.324,True,8.879999999999995,91.62,-21875.0
2025-08-13 07:57:13.327,True,2.75,91.62,-29375.0
2025-08-13 07:57:14.330,True,8.75,91.5,-22187.5
2025-08-13 07:57:15.333,True,6.0,91.75,-25781.25
2025-08-13 07:57:16.336,True,3.3799999999999955,91.5,-28437.5
2025-08-13 07:57:17.338,True,14.120000000000005,91.62,-15781.25
2025-08-13 07:57:19.033,True,10.120000000000005,91.38,-20781.25
2025-08-13 07:57:20.036,True,5.25,91.62,-26406.25
2025-08-13 07:57:21.038,True,5.25,91.62,-26406.25
2025-08-13 07:57:22.041,True,5.25,91.62,-26406.25
2025-08-13 07:57:23.044,True,8.5,91.62,-22656.25
2025-08-13 07:57:24.046,True,9.120000000000005,91.62,-21875.0
2025-08-13 07:57:25.047,True,10.879999999999995,91.5,-19687.5
2025-08-13 07:57:26.049,True,9.25,91.62,-21718.75
2025-08-13 07:57:27.051,True,5.25,91.5,-26250.0
2025-08-13 07:57:28.127,True,8.0,91.38,-22968.75
2025-08-13 07:57:29.129,True,10.75,91.62,-20000.0
2025-08-13 07:57:30.131,True,12.620000000000005,91.38,-17500.0
2025-08-13 07:57:31.134,True,9.5,91.62,-21562.5
2025-08-13 07:57:32.136,True,12.25,91.62,-27187.5
2025-08-13 07:57:36.563,True,17.379999999999995,91.25,-11718.75
2025-08-13 07:57:37.565,True,13.25,91.62,-16718.75
2025-08-13 07:57:39.873,True,7.8799999999999955,91.5,-23125.0
2025-08-13 07:57:40.875,True,9.879999999999995,91.5,-20781.25
2025-08-13 07:57:41.877,True,9.620000000000005,91.5,-21250.0
2025-08-13 07:57:44.424,True,5.0,91.62,-26718.75
2025-08-13 07:57:45.465,True,8.120000000000005,91.25,-23125.0
2025-08-13 07:57:48.501,True,1.1200000000000045,91.62,-31250.0
2025-08-13 07:57:49.504,True,5.3799999999999955,91.62,-26250.0
2025-08-13 07:57:50.508,True,7.6200000000000045,91.5,-23593.75
2025-08-13 07:57:51.510,True,9.5,91.5,-21406.25
2025-08-13 07:57:52.512,True,6.6200000000000045,91.5,-24687.5
2025-08-13 07:57:53.515,True,7.1200000000000045,91.38,-23906.25
2025-08-13 07:57:54.517,True,8.25,91.25,-22500.0
2025-08-13 07:57:55.520,True,5.8799999999999955,91.62,-25781.25
2025-08-13 07:57:56.522,True,12.620000000000005,91.38,-17500.0
2025-08-13 07:57:57.524,True,7.0,91.5,-24218.75
2025-08-13 07:57:58.526,True,9.75,91.5,-21093.75
2025-08-13 07:57:59.531,True,11.75,91.5,-18750.0
2025-08-13 07:58:00.535,True,7.6200000000000045,91.5,-23593.75
2025-08-13 07:58:01.537,True,3.6200000000000045,91.5,-28125.0
2025-08-13 07:58:02.540,True,7.0,91.5,-23906.25
2025-08-13 07:58:03.541,True,9.5,91.5,-21406.25
2025-08-13 07:58:04.544,True,10.879999999999995,91.5,-19687.5
2025-08-13 07:58:05.546,True,12.75,91.25,-17187.5
2025-08-13 07:58:06.548,True,9.75,91.38,-20937.5
2025-08-13 07:58:07.550,True,1.8799999999999955,91.5,-30156.25
2025-08-13 07:58:08.553,True,9.0,91.5,-21875.0
2025-08-13 07:58:09.555,True,8.620000000000005,91.5,-22031.25
2025-08-13 07:58:10.558,True,9.379999999999995,91.5,-21562.5
2025-08-13 07:58:11.560,True,11.620000000000005,91.25,-18750.0
2025-08-13 07:58:12.562,True,5.75,91.5,-25781.25
2025-08-13 07:58:13.563,True,8.75,91.25,-21875.0
2025-08-13 07:58:14.565,True,11.620000000000005,91.25,-18593.75
2025-08-13 07:58:15.567,True,9.379999999999995,91.38,-21406.25
2025-08-13 07:58:16.570,True,0.75,91.25,-31562.5
2025-08-13 07:58:17.572,True,8.25,91.38,-22656.25
2025-08-13 07:58:18.574,True,10.5,91.5,-20156.25
2025-08-13 07:58:19.577,True,14.5,91.38,-15312.5
2025-08-13 07:58:20.579,True,6.3799999999999955,91.5,-25000.0
2025-08-13 07:58:21.581,True,6.8799999999999955,91.5,-24218.75
2025-08-13 07:58:22.583,True,4.75,91.38,-26718.75
2025-08-13 07:58:23.586,True,7.25,91.25,-23906.25
2025-08-13 07:58:24.588,True,4.6200000000000045,91.5,-27031.25
2025-08-13 07:58:25.589,True,10.620000000000005,91.25,-19687.5
2025-08-13 07:58:26.591,True,10.879999999999995,91.62,-19843.75
2025-08-13 07:58:27.593,True,11.120000000000005,91.25,-19218.75
2025-08-13 07:58:28.595,True,12.620000000000005,91.5,-17343.75
2025-08-13 07:58:29.597,True,9.75,91.38,-20937.5
2025-08-13 07:58:30.600,True,6.6200000000000045,91.5,-24687.5
2025-08-13 07:58:31.604,True,7.8799999999999955,91.5,-23281.25
2025-08-13 07:58:32.606,True,8.75,91.5,-22187.5
2025-08-13 07:58:33.609,True,6.25,91.38,-25000.0
2025-08-13 07:58:34.611,True,6.5,91.5,-24531.25
2025-08-13 07:58:35.615,True,8.5,91.38,-22343.75
2025-08-13 07:58:36.617,True,7.8799999999999955,91.25,-23281.25
2025-08-13 07:58:37.704,True,3.0,91.38,-28906.25
2025-08-13 07:58:38.706,True,8.620000000000005,91.38,-22187.5
2025-08-13 07:58:39.708,True,5.8799999999999955,91.5,-25625.0
2025-08-13 07:58:40.710,True,10.620000000000005,91.38,-19843.75
2025-08-13 07:58:41.712,True,8.620000000000005,91.25,-22031.25
2025-08-13 07:58:42.715,True,5.6200000000000045,91.25,-25937.5
2025-08-13 07:58:43.717,True,15.620000000000005,91.38,-13906.25
2025-08-13 07:58:44.719,True,8.879999999999995,91.5,-21718.75
2025-08-13 07:58:45.721,True,18.120000000000005,91.25,-10781.25
2025-08-13 07:58:46.723,True,14.25,91.25,-15468.75
2025-08-13 07:58:47.726,True,11.620000000000005,91.5,-18906.25
2025-08-13 07:58:48.727,True,4.5,91.5,-27031.25
2025-08-13 07:58:49.729,True,10.0,91.38,-20312.5
2025-08-13 07:58:50.731,True,11.5,91.38,-18593.75
2025-08-13 07:58:51.733,True,7.6200000000000045,91.5,-23593.75
2025-08-13 07:58:52.735,True,11.0,91.25,-19218.75
2025-08-13 07:58:53.738,True,6.1200000000000045,91.25,-25156.25
2025-08-13 07:58:54.740,True,13.75,91.38,-15937.5
2025-08-13 07:58:55.742,True,9.25,91.38,-21562.5
2025-08-13 07:58:56.744,True,8.75,91.12,-16406.25
2025-08-13 07:58:57.746,True,4.8799999999999955,91.38,-26562.5
2025-08-13 07:58:58.748,True,7.1200000000000045,91.5,-24062.5
2025-08-13 07:58:59.752,True,4.8799999999999955,91.12,-26718.75
2025-08-13 07:59:00.755,True,6.6200000000000045,91.38,-24531.25
2025-08-13 07:59:01.864,True,6.75,91.5,-24531.25
2025-08-13 07:59:02.866,True,14.379999999999995,91.12,-15156.25
2025-08-13 07:59:03.868,True,6.25,91.38,-25000.0
2025-08-13 07:59:04.870,True,14.620000000000005,91.12,-14843.75
2025-08-13 07:59:05.873,True,9.75,91.12,-20625.0
2025-08-13 07:59:06.875,True,9.379999999999995,91.38,-21406.25
2025-08-13 07:59:07.877,True,12.5,91.12,-17343.75
2025-08-13 07:59:08.879,True,6.5,91.38,-24687.5
2025-08-13 07:59:09.881,True,9.75,91.38,-20937.5
2025-08-13 07:59:10.883,True,11.5,91.25,-18750.0
2025-08-13 07:59:11.885,True,3.3799999999999955,91.12,-28281.25
2025-08-13 07:59:12.888,True,9.5,91.12,-20937.5
2025-08-13 07:59:13.891,True,9.5,91.12,-21250.0
2025-08-13 07:59:14.893,True,3.1200000000000045,91.12,-28593.75
2025-08-13 07:59:15.896,True,11.25,91.25,-19218.75
2025-08-13 07:59:16.898,True,7.25,91.25,-23593.75
2025-08-13 07:59:17.900,True,0.5,91.12,-31562.5
2025-08-13 07:59:18.901,True,5.75,91.38,-25625.0
2025-08-13 07:59:19.903,True,9.75,91.38,-20937.5
2025-08-13 07:59:20.911,True,12.5,91.12,-17343.75
2025-08-13 07:59:21.912,True,5.3799999999999955,91.12,-25937.5
2025-08-13 07:59:22.914,True,10.879999999999995,91.12,-19531.25
2025-08-13 07:59:23.917,True,11.620000000000005,91.12,-18437.5
2025-08-13 07:59:24.919,True,10.75,91.38,-19687.5
2025-08-13 07:59:25.922,True,11.0,91.12,-19375.0
2025-08-13 07:59:26.924,True,10.0,91.38,-20625.0
2025-08-13 07:59:27.926,True,3.25,91.12,-28125.0
2025-08-13 07:59:28.928,True,4.5,91.38,-27031.25
2025-08-13 07:59:29.930,True,6.75,91.38,-24375.0
2025-08-13 07:59:30.932,True,8.379999999999995,91.38,-22500.0
2025-08-13 07:59:31.934,True,7.6200000000000045,91.12,-23437.5
2025-08-13 07:59:32.937,True,10.620000000000005,91.12,-19531.25
2025-08-13 07:59:33.938,True,4.0,91.38,-27656.25
2025-08-13 07:59:34.941,True,9.379999999999995,91.12,-21093.75
2025-08-13 07:59:35.944,True,12.0,91.25,-18125.0
2025-08-13 07:59:36.946,True,13.75,91.25,-16250.0
2025-08-13 07:59:37.948,True,11.620000000000005,91.0,-18281.25
2025-08-13 07:59:38.950,True,8.25,91.12,-22343.75
2025-08-13 07:59:39.951,True,7.75,91.38,-22968.75
2025-08-13 07:59:40.953,True,9.379999999999995,91.38,-21406.25
2025-08-13 07:59:41.956,True,6.25,91.25,-24843.75
2025-08-13 07:59:42.958,True,6.3799999999999955,91.38,-24531.25
2025-08-13 07:59:43.960,True,13.879999999999995,91.0,-15625.0
2025-08-13 07:59:44.961,True,5.0,91.25,-26250.0
2025-08-13 07:59:45.963,True,8.620000000000005,91.12,-22031.25
2025-08-13 07:59:46.965,True,6.25,91.25,-24843.75
2025-08-13 07:59:47.968,True,8.879999999999995,91.38,-21562.5
2025-08-13 07:59:48.970,True,13.75,91.0,-5625.0
2025-08-13 07:59:49.973,True,0.12000000000000455,91.12,-32031.25
2025-08-13 07:59:50.975,True,12.0,91.0,-17812.5
2025-08-13 07:59:51.977,True,10.879999999999995,91.0,-19218.75
2025-08-13 07:59:52.979,True,0.5,91.38,-31562.5
2025-08-13 07:59:53.981,True,11.379999999999995,91.12,-18750.0
2025-08-13 07:59:54.983,True,11.0,91.25,-19062.5
2025-08-13 07:59:55.985,True,8.379999999999995,91.25,-22343.75
2025-08-13 07:59:56.987,True,13.75,91.25,-15781.25
2025-08-13 07:59:57.989,True,12.120000000000005,91.38,-17656.25
2025-08-13 07:59:58.991,True,7.3799999999999955,91.38,-23750.0
2025-08-13 07:59:59.992,True,3.6200000000000045,91.25,-27812.5
2025-08-13 08:00:00.995,True,7.5,91.25,-23437.5
2025-08-13 08:00:01.996,True,9.120000000000005,91.25,-21562.5
2025-08-13 08:00:02.999,True,8.75,91.25,-21718.75
2025-08-13 08:00:04.000,True,5.75,91.25,-25625.0
2025-08-13 08:00:05.002,True,9.879999999999995,91.12,-20625.0
2025-08-13 08:00:06.004,True,14.879999999999995,91.25,-14375.0
2025-08-13 08:00:07.006,True,4.0,91.0,-27500.0
2025-08-13 08:00:08.008,True,4.25,91.25,-27031.25
2025-08-13 08:00:09.011,True,6.3799999999999955,91.25,-24687.5
2025-08-13 08:00:10.013,True,12.5,91.25,-17500.0
2025-08-13 08:00:11.015,True,10.0,91.25,-20468.75
2025-08-13 08:00:12.018,True,10.620000000000005,91.0,-19375.0
2025-08-13 08:00:13.020,True,12.120000000000005,91.0,-17656.25
2025-08-13 08:00:14.022,True,5.1200000000000045,91.0,-26093.75
2025-08-13 08:00:15.023,True,9.75,91.25,-20781.25
2025-08-13 08:00:16.025,True,12.0,91.0,-17968.75
2025-08-13 08:00:17.027,True,8.879999999999995,91.38,-21875.0
2025-08-13 08:00:18.029,True,14.379999999999995,91.25,-15000.0
2025-08-13 08:00:19.031,True,8.379999999999995,91.38,-22187.5
2025-08-13 08:00:20.033,True,4.8799999999999955,91.25,-26406.25
2025-08-13 08:00:21.035,True,1.75,91.38,-30156.25
2025-08-13 08:00:22.037,True,9.620000000000005,91.25,-20937.5
2025-08-13 08:00:23.039,True,14.0,91.25,-15781.25
2025-08-13 08:00:24.041,True,9.75,91.0,-20468.75
2025-08-13 08:00:25.043,True,8.0,91.25,-26093.75
2025-08-13 08:00:26.045,True,4.6200000000000045,91.12,-26718.75
2025-08-13 08:00:27.048,True,10.25,91.12,-20000.0
2025-08-13 08:00:28.050,True,6.5,91.25,-24531.25
2025-08-13 08:00:29.053,True,6.0,91.0,-24843.75
2025-08-13 08:00:30.057,True,8.5,91.25,-22187.5
2025-08-13 08:00:31.060,True,10.75,91.38,-19687.5
2025-08-13 08:00:32.062,True,10.25,91.25,-20156.25
2025-08-13 08:00:33.065,True,9.379999999999995,91.12,-21093.75
2025-08-13 08:00:34.069,True,10.0,91.38,-20625.0
2025-08-13 08:00:35.071,True,7.0,91.25,-23906.25
2025-08-13 08:00:36.074,True,6.75,91.25,-23906.25
2025-08-13 08:00:37.076,True,11.25,91.12,-18906.25
2025-08-13 08:00:38.078,True,5.75,91.25,-25468.75
2025-08-13 08:00:39.081,True,4.1200000000000045,91.0,-27500.0
2025-08-13 08:00:40.083,True,13.120000000000005,91.0,-16562.5
2025-08-13 08:00:41.086,True,6.0,91.25,-25156.25
2025-08-13 08:00:42.087,True,15.0,91.25,-14531.25
2025-08-13 08:00:43.089,True,8.0,91.25,-22812.5
2025-08-13 08:00:44.092,True,15.120000000000005,91.0,-14062.5
2025-08-13 08:00:45.094,True,12.379999999999995,91.25,-17812.5
2025-08-13 08:00:46.096,True,10.620000000000005,91.25,-19687.5
2025-08-13 08:00:47.098,True,10.379999999999995,91.25,-20000.0
2025-08-13 08:00:48.100,True,4.0,91.25,-27500.0
2025-08-13 08:00:49.103,True,10.620000000000005,91.25,-19531.25
2025-08-13 08:00:50.105,True,12.0,91.38,-18281.25
2025-08-13 08:00:51.107,True,17.620000000000005,91.0,-11093.75
2025-08-13 08:00:52.110,True,8.25,91.38,-22656.25
2025-08-13 08:00:53.112,True,15.879999999999995,91.25,-28281.25
2025-08-13 08:00:54.115,True,7.3799999999999955,91.38,-23750.0
2025-08-13 08:00:55.117,True,10.25,91.0,-20156.25
2025-08-13 08:00:56.119,True,12.5,91.0,-17187.5
2025-08-13 08:00:57.121,True,9.379999999999995,91.25,-21250.0
2025-08-13 08:00:58.123,True,5.75,91.0,-25468.75
2025-08-13 08:00:59.125,True,5.8799999999999955,91.25,-25312.5
2025-08-13 08:01:00.133,True,7.8799999999999955,91.25,-22968.75
2025-08-13 08:01:01.135,True,12.120000000000005,91.0,-17656.25
2025-08-13 08:01:02.137,True,13.5,91.25,-16406.25
2025-08-13 08:01:03.140,True,10.120000000000005,91.0,-20312.5
2025-08-13 08:01:04.142,True,7.0,91.38,-24062.5
2025-08-13 08:01:05.144,True,4.3799999999999955,91.12,-17812.5
2025-08-13 08:01:06.147,True,9.120000000000005,91.12,-21406.25
2025-08-13 08:01:07.149,True,7.25,91.25,-23750.0
2025-08-13 08:01:08.152,True,8.120000000000005,91.38,-22812.5
2025-08-13 08:01:09.154,True,5.6200000000000045,91.38,-25781.25
2025-08-13 08:01:10.156,True,8.25,91.38,-22656.25
2025-08-13 08:01:11.158,True,6.1200000000000045,91.38,-25156.25
2025-08-13 08:01:12.163,True,3.1200000000000045,91.38,-28593.75
2025-08-13 08:01:13.165,True,5.3799999999999955,91.12,-25937.5
2025-08-13 08:01:14.167,True,3.8799999999999955,91.38,-20781.25
2025-08-13 08:01:15.169,True,13.75,91.38,-15937.5
2025-08-13 08:01:16.171,True,9.120000000000005,91.25,-21562.5
2025-08-13 08:01:17.173,True,11.620000000000005,91.38,-18750.0
2025-08-13 08:01:18.176,True,3.3799999999999955,91.38,-28281.25
2025-08-13 08:01:19.178,True,3.8799999999999955,91.38,-27812.5
2025-08-13 08:01:20.180,True,8.0,91.12,-22656.25
2025-08-13 08:01:21.182,True,2.8799999999999955,91.38,-28906.25
2025-08-13 08:01:22.186,True,4.5,91.38,-27031.25
2025-08-13 08:01:23.188,True,8.379999999999995,91.5,-22656.25
2025-08-13 08:01:24.190,True,6.3799999999999955,91.38,-25000.0
2025-08-13 08:01:25.192,True,5.0,91.5,-26250.0
2025-08-13 08:01:26.195,True,10.379999999999995,91.38,-20156.25
2025-08-13 08:01:27.197,True,4.75,91.38,-26718.75
2025-08-13 08:01:28.199,True,10.120000000000005,91.25,-20312.5
2025-08-13 08:01:29.202,True,12.620000000000005,91.25,-17343.75
2025-08-13 08:01:30.204,True,4.3799999999999955,91.5,-27343.75
2025-08-13 08:01:31.206,True,6.5,91.5,-24843.75
2025-08-13 08:01:32.208,True,7.25,91.5,-23906.25
2025-08-13 08:01:33.211,True,7.25,91.5,-23906.25
2025-08-13 08:01:34.213,True,7.8799999999999955,91.5,-23125.0
2025-08-13 08:01:35.214,True,6.0,91.38,-22031.25
2025-08-13 08:01:36.216,True,11.75,91.38,-18593.75
2025-08-13 08:01:37.219,True,7.75,91.5,-23437.5
2025-08-13 08:01:38.221,True,11.25,91.25,-19062.5
2025-08-13 08:01:39.224,True,7.8799999999999955,91.38,-23125.0
2025-08-13 08:01:40.226,True,11.0,91.38,-19375.0
2025-08-13 08:01:41.229,True,8.620000000000005,91.5,-22343.75
2025-08-13 08:01:42.231,True,6.75,91.5,-24531.25
2025-08-13 08:01:43.232,True,12.879999999999995,91.25,-17343.75
2025-08-13 08:01:44.235,True,6.3799999999999955,91.5,-25000.0
2025-08-13 08:01:45.238,True,12.879999999999995,91.5,-17031.25
2025-08-13 08:01:46.240,True,11.620000000000005,91.25,-18593.75
2025-08-13 08:01:47.242,True,10.5,91.5,-20156.25
2025-08-13 08:01:48.244,True,8.25,91.5,-22812.5
2025-08-13 08:01:49.247,True,7.0,91.25,-24218.75
2025-08-13 08:01:50.249,True,6.75,91.62,-24687.5
2025-08-13 08:01:51.251,True,11.75,91.5,-18750.0
2025-08-13 08:01:52.253,True,7.5,91.5,-23750.0
2025-08-13 08:01:53.255,True,7.25,91.5,-23906.25
2025-08-13 08:01:54.258,True,11.879999999999995,91.5,-18281.25
2025-08-13 08:01:55.261,True,4.1200000000000045,91.25,-27812.5
2025-08-13 08:01:56.263,True,17.25,91.25,-11875.0
2025-08-13 08:01:57.265,True,10.620000000000005,91.5,-20000.0
2025-08-13 08:01:58.269,True,13.25,91.62,-16718.75
2025-08-13 08:01:59.271,True,11.379999999999995,91.38,-19062.5
2025-08-13 08:02:00.273,True,10.379999999999995,91.62,-20468.75
2025-08-13 08:02:01.276,True,4.25,91.62,-27656.25
2025-08-13 08:02:02.278,True,4.3799999999999955,91.62,-27500.0
2025-08-13 08:02:03.280,True,11.620000000000005,91.5,-18906.25
2025-08-13 08:02:04.282,True,9.120000000000005,91.5,-21718.75
2025-08-13 08:02:05.284,True,8.5,91.5,-22500.0
2025-08-13 08:02:06.287,True,6.5,91.38,-25000.0
2025-08-13 08:02:07.289,True,7.0,91.5,-24062.5
2025-08-13 08:02:08.291,True,11.0,91.62,-19531.25
2025-08-13 08:02:09.293,True,11.75,91.38,-18593.75
2025-08-13 08:02:10.295,True,7.8799999999999955,91.62,-23437.5
2025-08-13 08:02:11.297,True,7.25,91.62,-24062.5
2025-08-13 08:02:12.299,True,8.5,91.62,-22656.25
2025-08-13 08:02:13.301,True,11.379999999999995,91.38,-19062.5
2025-08-13 08:02:14.303,True,7.6200000000000045,91.5,-20156.25
2025-08-13 08:02:15.305,True,6.8799999999999955,91.62,-24218.75
2025-08-13 08:02:16.308,True,5.0,91.62,-26718.75
2025-08-13 08:02:17.310,True,11.25,91.38,-19218.75
2025-08-13 08:02:18.312,True,12.75,91.5,-17500.0
2025-08-13 08:02:19.314,True,3.3799999999999955,91.62,-28593.75
2025-08-13 08:02:20.316,True,6.75,91.62,-24687.5
2025-08-13 08:02:21.317,True,7.75,91.75,-23750.0
2025-08-13 08:02:22.319,True,12.379999999999995,91.75,-17968.75
2025-08-13 08:02:23.322,True,10.120000000000005,91.75,-20468.75
2025-08-13 08:02:24.324,True,4.8799999999999955,91.62,-26875.0
2025-08-13 08:02:25.325,True,15.879999999999995,91.62,-13750.0
2025-08-13 08:02:26.328,True,6.0,91.75,-25781.25
2025-08-13 08:02:27.330,True,14.379999999999995,91.5,-15625.0
2025-08-13 08:02:28.332,True,7.0,91.62,-24375.0
2025-08-13 08:02:29.335,True,2.1200000000000045,91.38,-30000.0
2025-08-13 08:02:30.337,True,11.25,91.62,-19375.0
2025-08-13 08:02:31.339,True,9.120000000000005,91.75,-22031.25
2025-08-13 08:02:32.341,True,6.0,91.75,-25468.75
2025-08-13 08:02:33.343,True,5.3799999999999955,91.5,-26093.75
2025-08-13 08:02:34.345,True,15.120000000000005,91.75,-14687.5
2025-08-13 08:02:35.347,True,8.0,91.62,-23281.25
2025-08-13 08:02:36.350,True,13.25,91.75,-16875.0
2025-08-13 08:02:37.353,True,11.25,91.62,-19531.25
2025-08-13 08:02:38.355,True,11.75,91.5,-18750.0
2025-08-13 08:02:39.357,True,14.379999999999995,91.5,-15625.0
2025-08-13 08:02:40.359,True,6.6200000000000045,91.5,-24687.5
2025-08-13 08:02:41.361,True,6.6200000000000045,91.75,-25000.0
2025-08-13 08:02:42.362,True,12.120000000000005,91.5,-18281.25
2025-08-13 08:02:43.365,True,9.620000000000005,91.75,-21250.0
2025-08-13 08:02:44.367,True,9.5,91.75,-21718.75
2025-08-13 08:02:45.369,True,6.3799999999999955,91.75,-25312.5
2025-08-13 08:02:46.371,True,8.5,91.75,-22812.5
2025-08-13 08:02:47.373,True,12.25,91.75,-18437.5
2025-08-13 08:02:48.375,True,14.120000000000005,91.5,-15937.5
2025-08-13 08:02:49.377,True,12.120000000000005,91.75,-18593.75
2025-08-13 08:02:50.379,True,5.25,91.88,-26718.75
2025-08-13 08:02:51.382,True,3.75,91.88,-28437.5
2025-08-13 08:02:52.384,True,0.25,91.88,-32500.0
2025-08-13 08:02:53.386,True,13.25,91.88,-16875.0
2025-08-13 08:02:54.388,True,9.0,91.62,-22187.5
2025-08-13 08:02:55.390,True,6.25,91.88,-25625.0
2025-08-13 08:02:56.393,True,8.5,91.75,-22812.5
2025-08-13 08:02:57.395,True,18.379999999999995,91.5,-10781.25
2025-08-13 08:02:58.398,True,4.6200000000000045,91.75,-27343.75
2025-08-13 08:02:59.402,True,5.6200000000000045,91.75,-26093.75
2025-08-13 08:03:00.404,True,7.75,91.75,-23750.0
2025-08-13 08:03:01.406,True,5.5,91.88,-26406.25
2025-08-13 08:03:02.408,True,8.879999999999995,91.62,-22343.75
2025-08-13 08:03:03.411,True,6.5,91.75,-25156.25
2025-08-13 08:03:04.413,True,9.75,91.88,-21250.0
2025-08-13 08:03:05.415,True,12.620000000000005,91.62,-18125.0
2025-08-13 08:03:06.417,True,6.25,91.88,-25625.0
2025-08-13 08:03:07.419,True,7.8799999999999955,91.88,-23437.5
2025-08-13 08:03:08.421,True,12.879999999999995,91.62,-17500.0
2025-08-13 08:03:09.424,True,4.0,91.88,-28125.0
2025-08-13 08:03:10.426,True,8.620000000000005,91.88,-22812.5
2025-08-13 08:03:11.429,True,3.8799999999999955,91.88,-28281.25
2025-08-13 08:03:12.431,True,11.25,91.62,-19375.0
2025-08-13 08:03:13.433,True,10.620000000000005,91.62,-20156.25
2025-08-13 08:03:14.436,True,13.0,91.88,-17343.75
2025-08-13 08:03:15.437,True,11.620000000000005,91.62,-19062.5
2025-08-13 08:03:16.439,True,4.0,91.88,-28125.0
2025-08-13 08:03:17.441,True,9.25,91.75,-22031.25
2025-08-13 08:03:18.444,True,13.75,91.62,-16562.5
2025-08-13 08:03:19.446,True,16.379999999999995,91.62,-13437.5
2025-08-13 08:03:20.449,True,15.379999999999995,91.62,-14531.25
2025-08-13 08:03:21.451,True,7.1200000000000045,91.62,-24218.75
2025-08-13 08:03:22.453,True,9.620000000000005,91.62,-21406.25
2025-08-13 08:03:23.455,True,9.25,91.62,-22031.25
2025-08-13 08:03:24.458,True,14.25,91.75,-16093.75
2025-08-13 08:03:25.461,True,13.0,91.62,-17656.25
2025-08-13 08:03:26.463,True,7.0,91.88,-24687.5
2025-08-13 08:03:27.465,True,6.3799999999999955,91.88,-25468.75
2025-08-13 08:03:28.467,True,13.120000000000005,91.62,-17187.5
2025-08-13 08:03:29.470,True,12.379999999999995,91.62,-18125.0
2025-08-13 08:03:30.472,True,12.620000000000005,91.62,-17812.5
2025-08-13 08:03:31.477,True,8.879999999999995,91.88,-22500.0
2025-08-13 08:03:32.479,True,11.879999999999995,92.0,-19218.75
2025-08-13 08:03:33.482,True,11.25,91.62,-19687.5
2025-08-13 08:03:34.483,True,8.5,91.75,-23125.0
2025-08-13 08:03:35.486,True,2.8799999999999955,91.62,-29687.5
2025-08-13 08:03:36.489,True,8.879999999999995,91.75,-22343.75
2025-08-13 08:03:37.491,True,8.379999999999995,92.0,-22968.75
2025-08-13 08:03:38.493,True,12.120000000000005,91.62,-18437.5
2025-08-13 08:03:39.495,True,15.0,91.62,-15000.0
2025-08-13 08:03:40.498,True,4.75,91.88,-27343.75
2025-08-13 08:03:41.501,True,11.879999999999995,92.0,-19218.75
2025-08-13 08:03:42.503,True,15.120000000000005,91.62,-14843.75
2025-08-13 08:03:43.506,True,11.25,91.62,-19375.0
2025-08-13 08:03:44.509,True,12.879999999999995,91.75,-17656.25
2025-08-13 08:03:45.512,True,3.0,92.0,-23750.0
2025-08-13 08:03:46.515,True,9.879999999999995,91.88,-21093.75
2025-08-13 08:03:47.517,True,5.0,91.62,-27187.5
2025-08-13 08:03:48.520,True,13.879999999999995,91.75,-16562.5
2025-08-13 08:03:49.522,True,9.620000000000005,91.62,-21406.25
2025-08-13 08:03:50.524,True,9.5,91.62,-21562.5
2025-08-13 08:03:51.526,True,9.75,92.0,-21718.75
2025-08-13 08:03:52.528,True,12.379999999999995,91.88,-18437.5
2025-08-13 08:03:53.529,True,7.6200000000000045,92.0,-24062.5
2025-08-13 08:03:54.532,True,9.25,91.88,-21875.0
2025-08-13 08:03:55.533,True,5.8799999999999955,91.75,-26093.75
2025-08-13 08:03:56.535,True,13.620000000000005,91.88,-16875.0
2025-08-13 08:03:57.537,True,12.5,91.88,-17968.75
2025-08-13 08:03:58.539,True,7.8799999999999955,92.0,-23906.25
2025-08-13 08:03:59.541,True,7.0,92.0,-24843.75
2025-08-13 08:04:00.544,True,12.879999999999995,91.88,-17812.5
2025-08-13 08:04:01.546,True,11.75,91.62,-18906.25
2025-08-13 08:04:02.548,True,7.0,91.88,-24687.5
2025-08-13 08:04:03.555,True,8.620000000000005,92.0,-22968.75
2025-08-13 08:04:04.557,True,12.25,92.0,-18437.5
2025-08-13 08:04:05.559,True,13.0,91.75,-17812.5
2025-08-13 08:04:06.561,True,10.379999999999995,91.88,-20937.5
2025-08-13 08:04:07.563,True,12.75,91.88,-17968.75
2025-08-13 08:04:08.565,True,6.5,92.0,-25468.75
2025-08-13 08:04:09.566,True,13.25,91.75,-17187.5
2025-08-13 08:04:10.569,True,24.379999999999995,91.75,-3906.25
2025-08-13 08:04:11.571,True,10.25,92.0,-21093.75
2025-08-13 08:04:12.574,True,12.379999999999995,92.0,-18593.75
2025-08-13 08:04:13.576,True,11.620000000000005,92.0,-19375.0
2025-08-13 08:04:14.578,True,18.75,92.0,-10625.0
2025-08-13 08:04:15.580,True,7.5,91.75,-24218.75
2025-08-13 08:04:16.582,True,11.620000000000005,92.0,-19375.0
2025-08-13 08:04:17.584,True,8.620000000000005,92.0,-22968.75
2025-08-13 08:04:18.586,True,11.25,92.0,-19843.75
2025-08-13 08:04:19.589,True,9.75,92.0,-21718.75
2025-08-13 08:04:20.591,True,13.379999999999995,91.75,-17031.25
2025-08-13 08:04:21.593,True,11.75,91.75,-19062.5
2025-08-13 08:04:22.595,True,10.879999999999995,92.0,-20312.5
2025-08-13 08:04:23.597,True,7.3799999999999955,92.0,-24375.0
2025-08-13 08:04:24.600,True,13.0,91.75,-17187.5
2025-08-13 08:04:25.602,True,8.120000000000005,91.75,-23593.75
2025-08-13 08:04:26.605,True,6.6200000000000045,91.75,-25312.5
2025-08-13 08:04:27.607,True,7.8799999999999955,92.0,-23906.25
2025-08-13 08:04:28.609,True,12.5,92.0,-18437.5
2025-08-13 08:04:29.610,True,7.5,92.0,-24218.75
2025-08-13 08:04:30.612,True,12.120000000000005,92.0,-18906.25
2025-08-13 08:04:31.614,True,9.379999999999995,92.0,-22031.25
2025-08-13 08:04:32.617,True,8.620000000000005,91.75,-22656.25
2025-08-13 08:04:33.619,True,13.379999999999995,92.12,-17343.75
2025-08-13 08:04:34.752,True,6.8799999999999955,92.12,-25156.25
2025-08-13 08:04:35.755,True,11.5,91.88,-19375.0
2025-08-13 08:04:36.757,True,10.120000000000005,91.88,-21093.75
2025-08-13 08:04:37.759,True,7.5,92.0,-24218.75
2025-08-13 08:04:38.762,True,8.379999999999995,92.0,-23281.25
2025-08-13 08:04:39.764,True,6.75,92.0,-25156.25
2025-08-13 08:04:40.767,True,7.8799999999999955,91.75,-16406.25
2025-08-13 08:04:41.768,True,5.0,92.0,-27187.5
2025-08-13 08:04:42.770,True,7.3799999999999955,92.0,-24375.0
2025-08-13 08:04:43.773,True,10.0,91.88,-22968.75
2025-08-13 08:04:44.775,True,13.620000000000005,91.88,-17031.25
2025-08-13 08:04:45.778,True,3.25,91.88,-29218.75
2025-08-13 08:04:46.780,True,14.120000000000005,91.75,-16250.0
2025-08-13 08:04:47.782,True,12.620000000000005,92.0,-18281.25
2025-08-13 08:04:48.783,True,8.879999999999995,92.0,-22656.25
2025-08-13 08:04:49.786,True,10.620000000000005,92.0,-20625.0
2025-08-13 08:04:50.788,True,12.879999999999995,91.75,-17656.25
2025-08-13 08:04:51.791,True,4.6200000000000045,91.75,-27656.25
2025-08-13 08:04:52.793,True,8.5,92.0,-23125.0
2025-08-13 08:04:53.796,True,10.379999999999995,91.75,-20937.5
2025-08-13 08:04:54.798,True,15.620000000000005,91.75,-14375.0
2025-08-13 08:04:55.800,True,13.620000000000005,91.88,-16875.0
2025-08-13 08:04:56.802,True,13.25,92.0,-17500.0
2025-08-13 08:04:57.805,True,12.0,92.0,-18750.0
2025-08-13 08:04:58.808,True,10.379999999999995,92.0,-20937.5
2025-08-13 08:04:59.810,True,20.0,91.75,-9218.75
2025-08-13 08:05:00.812,True,8.75,92.0,-22812.5
2025-08-13 08:05:01.814,True,12.75,92.0,-18125.0
2025-08-13 08:05:02.816,True,6.1200000000000045,92.0,-25937.5
2025-08-13 08:05:03.819,True,12.5,91.88,-18281.25
2025-08-13 08:05:04.820,True,13.120000000000005,91.75,-17343.75
2025-08-13 08:05:05.823,True,3.3799999999999955,92.12,-29218.75
2025-08-13 08:05:06.825,True,17.25,91.75,-12500.0
2025-08-13 08:05:07.828,True,10.879999999999995,92.0,-20312.5
2025-08-13 08:05:08.829,True,16.75,91.75,-13125.0
2025-08-13 08:05:09.831,True,10.120000000000005,91.75,-20937.5
2025-08-13 08:05:10.834,True,10.25,92.0,-21093.75
2025-08-13 08:05:11.838,True,16.25,91.75,-13750.0
2025-08-13 08:05:12.839,True,9.120000000000005,92.0,-22031.25
2025-08-13 08:05:13.841,True,9.0,92.0,-22500.0
2025-08-13 08:05:14.843,True,3.5,92.12,-29062.5
2025-08-13 08:05:15.845,True,10.120000000000005,92.0,-21250.0
2025-08-13 08:05:16.847,True,8.0,92.12,-23906.25
2025-08-13 08:05:17.849,True,10.620000000000005,92.12,-20781.25
2025-08-13 08:05:18.851,True,9.5,92.0,-21875.0
2025-08-13 08:05:19.853,True,14.5,92.0,-16093.75
2025-08-13 08:05:20.854,True,14.0,91.75,-16406.25
2025-08-13 08:05:21.857,True,12.25,92.12,-18906.25
2025-08-13 08:05:22.860,True,12.879999999999995,92.12,-18125.0
2025-08-13 08:05:23.862,True,9.379999999999995,92.0,-22031.25
2025-08-13 08:05:24.864,True,14.379999999999995,92.0,-16250.0
2025-08-13 08:05:25.866,True,7.1200000000000045,92.0,-24531.25
2025-08-13 08:05:26.867,True,11.879999999999995,91.88,-19062.5
2025-08-13 08:05:27.869,True,11.25,91.88,-19687.5
2025-08-13 08:05:28.872,True,6.6200000000000045,92.12,-25468.75
2025-08-13 08:05:29.873,True,9.25,91.88,-22343.75
2025-08-13 08:05:30.875,True,6.8799999999999955,91.88,-24843.75
2025-08-13 08:05:31.878,True,12.5,92.12,-18281.25
2025-08-13 08:05:32.881,True,4.25,91.88,-28125.0
2025-08-13 08:05:33.883,True,12.620000000000005,92.12,-18437.5
2025-08-13 08:05:34.886,True,9.0,91.88,-22656.25
2025-08-13 08:05:35.888,True,15.120000000000005,91.88,-15156.25
2025-08-13 08:05:36.891,True,7.75,92.12,-24062.5
2025-08-13 08:05:37.893,True,15.879999999999995,92.12,-14531.25
2025-08-13 08:05:38.896,True,21.0,91.75,-7968.75
2025-08-13 08:05:39.899,True,9.75,91.88,-21562.5
2025-08-13 08:05:40.901,True,15.120000000000005,91.75,-15312.5
2025-08-13 08:05:41.903,True,8.379999999999995,91.88,-23437.5
2025-08-13 08:05:42.904,True,5.75,92.12,-26406.25
2025-08-13 08:05:43.906,True,11.120000000000005,92.12,-20156.25
2025-08-13 08:05:44.908,True,11.620000000000005,91.88,-19375.0
2025-08-13 08:05:45.911,True,12.379999999999995,92.12,-18750.0
2025-08-13 08:05:46.913,True,13.5,92.0,-17187.5
2025-08-13 08:05:47.914,True,12.120000000000005,92.12,-19062.5
2025-08-13 08:05:48.917,True,7.25,92.12,-24687.5
2025-08-13 08:05:49.920,True,3.8799999999999955,92.12,-28593.75
2025-08-13 08:05:50.923,True,10.75,92.0,-20625.0
2025-08-13 08:05:51.925,True,10.0,92.12,-21250.0
2025-08-13 08:05:52.927,True,14.0,92.12,-16718.75
2025-08-13 08:05:53.928,True,16.0,92.12,-14218.75
2025-08-13 08:05:54.930,True,12.379999999999995,92.12,-18750.0
2025-08-13 08:05:55.932,True,11.120000000000005,92.12,-19843.75
2025-08-13 08:05:56.935,True,11.379999999999995,92.12,-19843.75
2025-08-13 08:05:57.937,True,8.5,92.25,-23437.5
2025-08-13 08:05:58.939,True,10.379999999999995,92.25,-21250.0
2025-08-13 08:05:59.940,True,13.5,91.88,-17031.25
2025-08-13 08:06:00.943,True,10.5,91.88,-21093.75
2025-08-13 08:06:01.945,True,15.25,92.12,-15000.0
2025-08-13 08:06:02.948,True,9.75,92.25,-21875.0
2025-08-13 08:06:03.951,True,14.0,92.25,-16562.5
2025-08-13 08:06:04.953,True,7.5,92.25,-24531.25
2025-08-13 08:06:05.955,True,15.879999999999995,92.0,-14375.0
2025-08-13 08:06:06.957,True,10.0,92.12,-21562.5
2025-08-13 08:06:07.959,True,10.5,92.12,-20937.5
2025-08-13 08:06:08.961,True,15.0,92.0,-15468.75
2025-08-13 08:06:09.963,True,10.75,92.25,-20781.25
2025-08-13 08:06:10.965,True,12.620000000000005,92.0,-18281.25
2025-08-13 08:06:11.967,True,7.0,92.25,-25156.25
2025-08-13 08:06:12.969,True,6.0,92.25,-26250.0
2025-08-13 08:06:13.971,True,12.620000000000005,92.25,-18593.75
2025-08-13 08:06:14.973,True,10.120000000000005,92.12,-21406.25
2025-08-13 08:06:15.975,True,8.879999999999995,92.0,-22968.75
2025-08-13 08:06:16.978,True,15.120000000000005,92.0,-15312.5
2025-08-13 08:06:17.981,True,15.25,92.0,-15156.25
2025-08-13 08:06:18.983,True,14.0,92.0,-16718.75
2025-08-13 08:06:19.987,True,15.5,92.0,-14843.75
2025-08-13 08:06:20.988,True,15.25,92.0,-15468.75
2025-08-13 08:06:21.990,True,13.75,92.25,-17187.5
2025-08-13 08:06:22.994,True,13.75,92.25,-17187.5
2025-08-13 08:06:23.998,True,10.0,92.0,-21406.25
2025-08-13 08:06:25.000,True,10.0,92.25,-21718.75
2025-08-13 08:06:26.002,True,18.75,92.25,-11250.0
2025-08-13 08:06:27.004,True,11.379999999999995,92.0,-19687.5
2025-08-13 08:06:28.006,True,12.120000000000005,92.0,-18906.25
2025-08-13 08:06:29.008,True,10.75,92.25,-20781.25
2025-08-13 08:06:30.010,True,7.25,92.25,-24843.75
2025-08-13 08:06:31.013,True,15.25,92.0,-15156.25
2025-08-13 08:06:32.016,True,15.75,92.12,-14687.5
2025-08-13 08:06:33.019,True,12.879999999999995,92.25,-17968.75
2025-08-13 08:06:34.021,True,13.25,92.25,-17500.0
2025-08-13 08:06:35.024,True,8.75,92.25,-23125.0
2025-08-13 08:06:36.027,True,9.620000000000005,92.25,-22031.25
2025-08-13 08:06:37.030,True,6.75,92.25,-25468.75
2025-08-13 08:06:38.033,True,13.379999999999995,92.25,-17343.75
2025-08-13 08:06:39.036,True,10.0,92.0,-21718.75
2025-08-13 08:06:40.038,True,13.620000000000005,92.25,-17343.75
2025-08-13 08:06:41.041,True,16.75,92.12,-13593.75
2025-08-13 08:06:42.043,True,14.5,92.0,-16093.75
2025-08-13 08:06:43.045,True,16.120000000000005,92.0,-14062.5
2025-08-13 08:06:44.048,True,9.379999999999995,92.25,-22343.75
2025-08-13 08:06:45.050,True,6.0,92.38,-26406.25
2025-08-13 08:06:46.052,True,12.0,92.12,-19218.75
2025-08-13 08:06:47.054,True,11.75,92.25,-19531.25
2025-08-13 08:06:48.056,True,8.120000000000005,92.25,-23906.25
2025-08-13 08:06:49.058,True,8.120000000000005,92.25,-23906.25
2025-08-13 08:06:50.059,True,14.25,92.25,-16406.25
2025-08-13 08:06:51.061,True,15.75,92.38,-14531.25
2025-08-13 08:06:52.063,True,10.120000000000005,92.12,-21562.5
2025-08-13 08:06:53.065,True,11.120000000000005,92.38,-20468.75
2025-08-13 08:06:54.067,True,14.620000000000005,92.12,-16093.75
2025-08-13 08:06:55.069,True,14.620000000000005,92.0,-15937.5
2025-08-13 08:06:56.071,True,14.120000000000005,92.12,-16718.75
2025-08-13 08:06:57.073,True,12.75,92.38,-18593.75
2025-08-13 08:06:58.075,True,15.25,92.38,-15625.0
2025-08-13 08:06:59.077,True,7.8799999999999955,92.38,-24218.75
2025-08-13 08:07:00.079,True,7.5,92.38,-24687.5
2025-08-13 08:07:01.081,True,11.379999999999995,92.12,-20156.25
2025-08-13 08:07:02.084,True,9.620000000000005,92.25,-22031.25
2025-08-13 08:07:03.087,True,12.25,92.38,-18906.25
2025-08-13 08:07:04.089,True,18.120000000000005,92.38,-11875.0
2025-08-13 08:07:05.092,True,18.379999999999995,92.38,-11562.5
2025-08-13 08:07:06.095,True,17.0,92.38,-13593.75
2025-08-13 08:07:07.097,True,11.879999999999995,92.38,-19531.25
2025-08-13 08:07:08.100,True,13.120000000000005,92.38,-18125.0
2025-08-13 08:07:09.102,True,12.879999999999995,92.12,-18125.0
2025-08-13 08:07:10.105,True,9.620000000000005,92.25,-22187.5
2025-08-13 08:07:11.107,True,10.5,92.25,-17656.25
2025-08-13 08:07:12.109,True,8.879999999999995,92.5,-22968.75
2025-08-13 08:07:13.111,True,10.25,92.5,-21562.5
2025-08-13 08:07:14.112,True,12.879999999999995,92.38,-18281.25
2025-08-13 08:07:15.115,True,11.620000000000005,92.38,-19843.75
2025-08-13 08:07:16.117,True,14.879999999999995,92.38,-16093.75
2025-08-13 08:07:17.119,True,13.25,92.38,-17968.75
2025-08-13 08:07:18.122,True,14.75,92.38,-15937.5
2025-08-13 08:07:19.124,True,13.5,92.38,-17343.75
2025-08-13 08:07:20.125,True,10.879999999999995,92.38,-20781.25
2025-08-13 08:07:21.128,True,8.879999999999995,92.25,-23125.0
2025-08-13 08:07:22.130,True,14.0,92.5,-16875.0
2025-08-13 08:07:23.132,True,13.120000000000005,92.38,-18125.0
2025-08-13 08:07:24.134,True,10.379999999999995,92.5,-21562.5
2025-08-13 08:07:25.136,True,14.25,92.5,-16875.0
2025-08-13 08:07:26.138,True,4.8799999999999955,92.5,-27968.75
2025-08-13 08:07:27.140,True,9.379999999999995,92.5,-20625.0
2025-08-13 08:07:28.143,True,7.5,92.25,-24531.25
2025-08-13 08:07:29.145,True,13.120000000000005,92.25,-18281.25
2025-08-13 08:07:30.147,True,0.75,92.25,-32343.75
2025-08-13 08:07:31.149,True,16.0,92.38,-14687.5
2025-08-13 08:07:32.151,True,17.620000000000005,92.25,-12656.25
2025-08-13 08:07:33.152,True,-4.75,92.38,-38750.0
2025-08-13 08:07:34.155,True,19.25,92.5,-10937.5
2025-08-13 08:07:35.157,True,11.5,92.25,-20000.0
2025-08-13 08:07:36.159,True,2.6200000000000045,92.38,-30156.25
2025-08-13 08:07:37.162,True,3.3799999999999955,92.38,-29531.25
2025-08-13 08:07:38.164,True,14.879999999999995,92.38,-16093.75
2025-08-13 08:07:39.166,True,25.5,92.25,-3125.0
2025-08-13 08:07:40.167,True,17.75,92.25,-12500.0
2025-08-13 08:07:41.169,True,19.75,92.25,-10156.25
2025-08-13 08:07:42.172,True,22.25,92.25,-7031.25
2025-08-13 08:07:43.173,True,17.25,92.12,-13125.0
2025-08-13 08:07:44.175,True,17.75,92.12,-12343.75
2025-08-13 08:07:45.177,True,11.0,92.25,-20468.75
2025-08-13 08:07:46.179,True,21.75,92.12,-7500.0
2025-08-13 08:07:47.181,True,19.0,92.12,-10781.25
2025-08-13 08:07:48.183,True,18.379999999999995,92.25,-11718.75
2025-08-13 08:07:49.185,True,25.25,92.12,-3281.25
2025-08-13 08:07:50.187,True,13.379999999999995,92.25,-17656.25
2025-08-13 08:07:51.189,True,22.0,92.12,-7187.5
2025-08-13 08:07:52.191,True,15.75,92.12,-14687.5
2025-08-13 08:07:53.192,True,16.5,92.25,-13906.25
2025-08-13 08:07:54.194,True,3.3799999999999955,92.25,-29375.0
2025-08-13 08:07:55.196,True,23.879999999999995,92.25,-5156.25
2025-08-13 08:07:56.199,True,8.5,92.25,-23437.5
2025-08-13 08:07:57.202,True,24.5,92.25,-4375.0
2025-08-13 08:07:58.205,True,16.0,92.25,-14531.25
2025-08-13 08:07:59.207,True,9.120000000000005,92.25,-22656.25
2025-08-13 08:08:00.209,True,12.25,92.25,-19062.5
2025-08-13 08:08:01.212,True,17.0,92.25,-13437.5
2025-08-13 08:08:02.213,True,24.620000000000005,92.25,-4218.75
2025-08-13 08:08:03.216,True,22.25,92.25,-7031.25
2025-08-13 08:08:04.218,True,17.25,92.25,-13125.0
2025-08-13 08:08:05.220,True,16.620000000000005,92.25,-13750.0
2025-08-13 08:08:06.222,True,17.120000000000005,92.25,-13281.25
2025-08-13 08:08:07.225,True,10.379999999999995,92.5,-21250.0
2025-08-13 08:08:08.227,True,34.120000000000005,92.5,7187.5
2025-08-13 08:08:09.229,True,25.120000000000005,92.5,-3906.25
2025-08-13 08:08:10.230,True,17.75,92.5,-12812.5
2025-08-13 08:08:11.232,True,9.25,92.62,-22968.75
2025-08-13 08:08:12.234,True,26.25,92.62,-2656.25
2025-08-13 08:08:13.236,True,29.25,92.62,-19375.0
2025-08-13 08:08:14.238,True,29.25,92.62,1250.0
2025-08-13 08:08:15.240,True,17.879999999999995,92.62,-12500.0
2025-08-13 08:08:16.243,True,16.379999999999995,92.5,-14375.0
2025-08-13 08:08:17.245,True,32.0,92.38,4531.25
2025-08-13 08:08:18.246,True,18.75,92.5,-11562.5
2025-08-13 08:08:19.249,True,16.379999999999995,92.62,-14531.25
2025-08-13 08:08:20.251,True,22.879999999999995,92.5,-6562.5
2025-08-13 08:08:21.252,True,19.75,92.38,-10156.25
2025-08-13 08:08:22.254,True,18.620000000000005,92.5,-11718.75
2025-08-13 08:08:23.257,True,22.5,92.5,-7031.25
2025-08-13 08:08:24.259,True,21.120000000000005,92.38,-8593.75
2025-08-13 08:08:25.261,True,25.75,92.38,-2968.75
2025-08-13 08:08:26.263,True,21.620000000000005,92.5,-7968.75
2025-08-13 08:08:27.265,True,24.25,92.5,-4843.75
2025-08-13 08:08:28.267,True,17.75,92.5,-12812.5
2025-08-13 08:08:29.271,True,15.0,92.5,-16093.75
2025-08-13 08:08:30.275,True,17.75,92.5,-12812.5
2025-08-13 08:08:31.277,True,21.75,92.38,-7812.5
2025-08-13 08:08:32.278,True,20.75,92.62,-9375.0
2025-08-13 08:08:33.280,True,19.25,92.62,-11093.75
2025-08-13 08:08:34.282,True,14.879999999999995,92.62,-16406.25
2025-08-13 08:08:35.284,True,18.120000000000005,92.62,-12500.0
2025-08-13 08:08:36.285,True,18.620000000000005,92.62,-11718.75
2025-08-13 08:08:37.287,True,16.0,92.5,-14843.75
2025-08-13 08:08:38.289,True,17.0,92.62,-13750.0
2025-08-13 08:08:39.291,True,17.620000000000005,92.5,-13281.25
2025-08-13 08:08:40.294,True,18.5,92.5,-11875.0
2025-08-13 08:08:41.296,True,18.75,92.5,-11562.5
2025-08-13 08:08:42.299,True,15.5,92.62,-15625.0
2025-08-13 08:08:43.302,True,17.879999999999995,92.75,-12968.75
2025-08-13 08:08:44.305,True,20.379999999999995,92.75,-9843.75
2025-08-13 08:08:45.354,True,22.25,92.75,-19062.5
2025-08-13 08:08:46.356,True,19.379999999999995,92.75,-11093.75
2025-08-13 08:08:47.358,True,15.0,92.88,-16562.5
2025-08-13 08:08:48.360,True,17.0,92.75,-13906.25
2025-08-13 08:08:49.363,True,16.5,92.75,-14531.25
2025-08-13 08:08:50.365,True,19.620000000000005,92.75,-10781.25
2025-08-13 08:08:51.367,True,13.879999999999995,92.88,-17812.5
2025-08-13 08:08:52.369,True,15.379999999999995,92.88,-16093.75
2025-08-13 08:08:53.370,True,20.879999999999995,92.88,-9375.0
2025-08-13 08:08:54.372,True,16.25,92.75,-15000.0
2025-08-13 08:08:55.374,True,17.120000000000005,92.75,-13906.25
2025-08-13 08:08:56.376,True,20.0,92.88,-10468.75
2025-08-13 08:08:57.378,True,17.25,92.75,-13593.75
2025-08-13 08:08:58.380,True,13.0,93.0,-19062.5
2025-08-13 08:08:59.382,True,19.5,93.0,-11093.75
2025-08-13 08:09:00.384,True,17.379999999999995,92.88,-13750.0
2025-08-13 08:09:01.386,True,18.620000000000005,93.0,-12343.75
2025-08-13 08:09:02.388,True,14.0,93.12,-17968.75
2025-08-13 08:09:03.390,True,19.0,93.25,-12187.5
2025-08-13 08:09:04.392,True,20.879999999999995,92.88,-9531.25
2025-08-13 08:09:05.394,True,15.0,93.25,-16875.0
2025-08-13 08:09:06.396,True,22.620000000000005,93.0,-7500.0
2025-08-13 08:09:07.398,True,10.120000000000005,93.25,-22343.75
2025-08-13 08:09:08.401,True,14.620000000000005,93.0,-17343.75
2025-08-13 08:09:09.404,True,18.75,93.12,-12343.75
2025-08-13 08:09:10.406,True,17.120000000000005,93.12,-14218.75
2025-08-13 08:09:11.408,True,19.120000000000005,93.0,-11718.75
2025-08-13 08:09:12.410,True,14.25,93.12,-17656.25
2025-08-13 08:09:13.412,True,15.120000000000005,93.25,-16718.75
2025-08-13 08:09:14.414,True,17.120000000000005,93.25,-14375.0
2025-08-13 08:09:15.417,True,19.379999999999995,93.38,-11875.0
2025-08-13 08:09:16.419,True,15.75,93.25,-16093.75
2025-08-13 08:09:17.420,True,16.620000000000005,93.38,-15156.25
2025-08-13 08:09:18.422,True,15.620000000000005,93.38,-16250.0
2025-08-13 08:09:19.425,True,17.120000000000005,93.38,-14375.0
2025-08-13 08:09:20.518,True,12.120000000000005,93.5,-20468.75
2025-08-13 08:09:21.522,True,17.5,93.5,-14218.75
2025-08-13 08:09:22.524,True,17.620000000000005,93.38,-13906.25
2025-08-13 08:09:23.527,True,15.120000000000005,93.38,-16875.0
2025-08-13 08:09:24.529,True,20.25,93.38,-10781.25
2025-08-13 08:09:25.531,True,18.120000000000005,93.5,-13437.5
2025-08-13 08:09:26.533,True,11.75,93.38,-20937.5
2025-08-13 08:09:27.535,True,19.0,93.5,-12500.0
2025-08-13 08:09:28.538,True,18.25,93.5,-13281.25
2025-08-13 08:09:29.539,True,17.879999999999995,93.38,-13593.75
2025-08-13 08:09:30.542,True,18.0,93.62,-13750.0
2025-08-13 08:09:31.544,True,18.379999999999995,93.62,-13281.25
2025-08-13 08:09:32.545,True,18.25,93.62,-13437.5
2025-08-13 08:09:33.547,True,19.25,93.62,-12187.5
2025-08-13 08:09:34.549,True,13.620000000000005,93.5,-19218.75
2025-08-13 08:09:35.551,True,15.379999999999995,93.75,-16718.75
2025-08-13 08:09:36.553,True,10.879999999999995,93.75,-22500.0
2025-08-13 08:09:37.555,True,14.25,93.75,-18437.5
2025-08-13 08:09:38.557,True,11.5,93.88,-21875.0
2025-08-13 08:09:39.560,True,10.620000000000005,93.88,-22812.5
2025-08-13 08:09:40.562,True,9.25,94.0,-24531.25
2025-08-13 08:09:41.564,True,10.379999999999995,94.0,-23281.25
2025-08-13 08:09:42.567,True,12.120000000000005,93.88,-21093.75
2025-08-13 08:09:43.569,True,13.75,94.12,-19375.0
2025-08-13 08:09:44.571,True,13.75,94.12,-19375.0
2025-08-13 08:09:45.572,True,13.379999999999995,94.0,-19843.75
2025-08-13 08:09:46.574,True,9.379999999999995,94.12,-24531.25
2025-08-13 08:09:47.576,True,10.379999999999995,94.25,-23281.25
2025-08-13 08:09:48.578,True,15.379999999999995,94.0,-17343.75
2025-08-13 08:09:49.582,True,11.0,94.12,-22656.25
2025-08-13 08:09:50.584,True,11.879999999999995,94.38,-22031.25
2025-08-13 08:09:51.586,True,11.120000000000005,94.38,-22500.0
2025-08-13 08:09:52.588,True,11.25,94.38,-22343.75
2025-08-13 08:09:53.591,True,11.620000000000005,94.25,-22187.5
2025-08-13 08:09:54.593,True,9.879999999999995,94.25,-24531.25
2025-08-13 08:09:55.595,True,12.0,94.25,-22031.25
2025-08-13 08:09:56.597,True,14.5,94.25,-18750.0
2025-08-13 08:09:57.599,True,8.5,94.5,-26093.75
2025-08-13 08:09:58.601,True,13.379999999999995,94.62,-20468.75
2025-08-13 08:09:59.603,True,12.620000000000005,94.38,-21093.75
2025-08-13 08:10:00.606,True,13.75,94.38,-19687.5
2025-08-13 08:10:01.608,True,8.75,94.62,-25937.5
2025-08-13 08:10:02.609,True,10.25,94.62,-24218.75
2025-08-13 08:10:03.611,True,13.5,94.5,-20156.25
2025-08-13 08:10:04.613,True,8.5,94.75,-26406.25
2025-08-13 08:10:05.616,True,11.879999999999995,94.62,-22343.75
2025-08-13 08:10:06.621,True,9.5,94.62,-25312.5
2025-08-13 08:10:07.623,True,7.1200000000000045,94.75,-27968.75
2025-08-13 08:10:08.625,True,10.620000000000005,94.88,-24062.5
2025-08-13 08:10:09.628,True,12.379999999999995,94.88,-22031.25
2025-08-13 08:10:10.630,True,14.0,94.75,-19843.75
2025-08-13 08:10:11.633,True,11.120000000000005,94.88,-23437.5
2025-08-13 08:10:12.636,True,9.75,95.0,-25156.25
2025-08-13 08:10:13.638,True,9.379999999999995,94.88,-25468.75
2025-08-13 08:10:14.641,True,8.75,95.0,-26406.25
2025-08-13 08:10:15.644,True,9.120000000000005,95.0,-25937.5
2025-08-13 08:10:16.647,True,7.5,95.12,-27968.75
2025-08-13 08:10:17.649,True,11.120000000000005,95.0,-23593.75
2025-08-13 08:10:18.652,True,11.620000000000005,95.0,-22968.75
2025-08-13 08:10:19.654,True,11.0,95.0,-23750.0
2025-08-13 08:10:20.657,True,5.75,95.25,-30156.25
2025-08-13 08:10:21.659,True,8.879999999999995,95.25,-24375.0
2025-08-13 08:10:22.661,True,11.25,95.25,-23593.75
2025-08-13 08:10:23.663,True,7.8799999999999955,95.25,-27656.25
2025-08-13 08:10:24.665,True,13.5,95.38,-20937.5
2025-08-13 08:10:25.668,True,12.25,95.38,-22343.75
2025-08-13 08:10:26.670,True,11.0,95.38,-24218.75
2025-08-13 08:10:27.673,True,10.75,95.38,-24531.25
2025-08-13 08:10:28.674,True,5.75,95.5,-30468.75
2025-08-13 08:10:29.677,True,7.25,95.5,-28750.0
2025-08-13 08:10:30.678,True,7.8799999999999955,95.5,-27968.75
2025-08-13 08:10:31.682,True,6.8799999999999955,95.5,-29218.75
2025-08-13 08:10:32.685,True,9.379999999999995,95.38,-26093.75
2025-08-13 08:10:33.688,True,14.120000000000005,95.38,-20468.75
2025-08-13 08:10:34.690,True,9.25,95.38,-26562.5
2025-08-13 08:10:35.692,True,7.8799999999999955,95.62,-27968.75
2025-08-13 08:10:36.694,True,9.620000000000005,95.75,-25937.5
2025-08-13 08:10:37.696,True,11.5,95.5,-24062.5
2025-08-13 08:10:38.699,True,7.3799999999999955,95.75,-28750.0
2025-08-13 08:10:39.701,True,6.0,95.75,-30468.75
2025-08-13 08:10:40.703,True,6.75,95.75,-29531.25
2025-08-13 08:10:41.705,True,11.0,95.88,-24843.75
2025-08-13 08:10:42.708,True,7.8799999999999955,95.62,-28125.0
2025-08-13 08:10:43.710,True,8.5,95.88,-27656.25
2025-08-13 08:10:44.712,True,7.8799999999999955,95.88,-28437.5
2025-08-13 08:10:45.714,True,9.75,95.75,-26093.75
2025-08-13 08:10:46.716,True,6.1200000000000045,96.0,-30625.0
2025-08-13 08:10:47.718,True,7.8799999999999955,96.0,-28593.75
2025-08-13 08:10:48.722,True,9.379999999999995,95.88,-26718.75
2025-08-13 08:10:49.724,True,11.25,96.0,-24687.5
2025-08-13 08:10:50.726,True,12.75,95.88,-22656.25
2025-08-13 08:10:51.728,True,6.5,96.12,-30312.5
2025-08-13 08:10:52.729,True,9.5,96.12,-26875.0
2025-08-13 08:10:53.731,True,13.120000000000005,96.0,-22343.75
2025-08-13 08:10:54.734,True,8.75,96.0,-27656.25
2025-08-13 08:10:55.736,True,10.25,96.25,-25781.25
2025-08-13 08:10:56.738,True,10.620000000000005,96.0,-25312.5
2025-08-13 08:10:57.740,True,8.0,96.25,-28750.0
2025-08-13 08:10:58.742,True,9.379999999999995,96.25,-27187.5
2025-08-13 08:10:59.744,True,12.379999999999995,96.12,-23437.5
2025-08-13 08:11:00.745,True,9.379999999999995,96.38,-27343.75
2025-08-13 08:11:01.748,True,8.379999999999995,96.38,-28437.5
2025-08-13 08:11:02.749,True,10.379999999999995,96.25,-25937.5
2025-08-13 08:11:03.751,True,7.5,96.25,-23593.75
2025-08-13 08:11:04.753,True,6.0,96.25,-31250.0
2025-08-13 08:11:05.756,True,8.5,96.25,-28125.0
2025-08-13 08:11:06.758,True,6.1200000000000045,96.5,-31093.75
2025-08-13 08:11:07.760,True,10.379999999999995,96.25,-25937.5
2025-08-13 08:11:08.762,True,12.75,96.62,-23281.25
2025-08-13 08:11:09.764,True,8.75,96.38,-27968.75
2025-08-13 08:11:10.766,True,10.620000000000005,96.62,-26093.75
2025-08-13 08:11:11.769,True,10.120000000000005,96.5,-26562.5
2025-08-13 08:11:12.771,True,8.75,96.62,-28281.25
2025-08-13 08:11:13.773,True,7.8799999999999955,96.75,-29218.75
2025-08-13 08:11:14.776,True,10.75,96.5,-25781.25
2025-08-13 08:11:15.777,True,8.379999999999995,96.62,-28906.25
2025-08-13 08:11:16.779,True,8.75,96.62,-28437.5
2025-08-13 08:11:17.781,True,10.879999999999995,96.88,-25781.25
2025-08-13 08:11:18.783,True,10.379999999999995,96.88,-26562.5
2025-08-13 08:11:19.785,True,9.75,96.75,-27343.75
2025-08-13 08:11:20.788,True,8.620000000000005,96.88,-28750.0
2025-08-13 08:11:21.790,True,7.25,96.88,-30312.5
2025-08-13 08:11:22.792,True,8.75,96.88,-28437.5
2025-08-13 08:11:23.794,True,5.75,97.0,-32187.5
2025-08-13 08:11:24.796,True,9.879999999999995,96.88,-27343.75
2025-08-13 08:11:25.798,True,7.3799999999999955,97.0,-30312.5
2025-08-13 08:11:26.800,True,12.620000000000005,96.88,-24062.5
2025-08-13 08:11:27.802,True,9.379999999999995,96.88,-27812.5
2025-08-13 08:11:28.804,True,6.3799999999999955,97.12,-31718.75
2025-08-13 08:11:29.806,True,7.6200000000000045,97.12,-30156.25
2025-08-13 08:11:30.808,True,10.75,97.12,-26562.5
2025-08-13 08:11:31.810,True,8.5,97.0,-29062.5
2025-08-13 08:11:32.812,True,13.379999999999995,97.12,-23281.25
2025-08-13 08:11:33.813,True,5.1200000000000045,97.25,-33281.25
2025-08-13 08:11:34.816,True,7.5,97.12,-30468.75
2025-08-13 08:11:35.817,True,8.620000000000005,97.25,-29218.75
2025-08-13 08:11:36.819,True,8.0,97.12,-29843.75
2025-08-13 08:11:37.822,True,9.620000000000005,97.25,-27968.75
2025-08-13 08:11:38.824,True,7.3799999999999955,97.38,-30781.25
2025-08-13 08:11:39.826,True,7.6200000000000045,97.25,-30312.5
2025-08-13 08:11:40.828,True,8.0,97.38,-30000.0
2025-08-13 08:11:41.829,True,7.1200000000000045,97.38,-31093.75
2025-08-13 08:11:42.832,True,7.25,97.38,-30937.5
2025-08-13 08:11:43.834,True,10.75,97.5,-27031.25
2025-08-13 08:11:44.837,True,4.8799999999999955,97.5,-33593.75
2025-08-13 08:11:45.839,True,8.0,97.25,-30156.25
2025-08-13 08:11:46.841,True,7.6200000000000045,97.5,-30468.75
2025-08-13 08:11:47.843,True,12.0,97.62,-25312.5
2025-08-13 08:11:48.845,True,9.25,97.5,-28750.0
2025-08-13 08:11:49.847,True,9.0,97.38,-28906.25
2025-08-13 08:11:50.849,True,9.0,97.5,-29062.5
2025-08-13 08:11:51.852,True,7.75,97.62,-30625.0
2025-08-13 08:11:52.854,True,8.75,97.75,-29687.5
2025-08-13 08:11:53.856,True,5.6200000000000045,97.75,-33281.25
2025-08-13 08:11:54.858,True,7.75,97.75,-30468.75
2025-08-13 08:11:55.861,True,8.620000000000005,97.75,-29531.25
2025-08-13 08:11:56.862,True,8.75,97.75,-34062.5
2025-08-13 08:11:57.865,True,8.0,97.88,-30625.0
2025-08-13 08:11:58.867,True,7.1200000000000045,97.88,-31718.75
2025-08-13 08:11:59.870,True,4.25,97.88,-35000.0
2025-08-13 08:12:00.871,True,4.5,97.88,-34687.5
2025-08-13 08:12:01.873,True,9.25,98.0,-32343.75
2025-08-13 08:12:02.875,True,7.1200000000000045,97.88,-31875.0
2025-08-13 08:12:03.877,True,8.120000000000005,97.88,-30468.75
2025-08-13 08:12:04.879,True,9.0,98.0,-29687.5
2025-08-13 08:12:05.881,True,9.620000000000005,98.0,-28906.25
2025-08-13 08:12:06.884,True,9.620000000000005,98.0,-28750.0
2025-08-13 08:12:07.886,True,6.5,98.0,-32656.25
2025-08-13 08:12:08.887,True,10.379999999999995,98.12,-27812.5
2025-08-13 08:12:09.889,True,5.75,98.12,-33593.75
2025-08-13 08:12:10.891,True,6.1200000000000045,98.12,-33125.0
2025-08-13 08:12:11.893,True,9.879999999999995,98.0,-28593.75
2025-08-13 08:12:12.897,True,4.6200000000000045,98.12,-34843.75
2025-08-13 08:12:13.900,True,8.25,98.25,-30468.75
2025-08-13 08:12:14.902,True,7.75,98.0,-31406.25
2025-08-13 08:12:15.904,True,9.379999999999995,98.25,-29218.75
2025-08-13 08:12:16.906,True,9.120000000000005,98.25,-29687.5
2025-08-13 08:12:17.909,True,8.5,98.25,-30468.75
2025-08-13 08:12:18.911,True,6.5,98.25,-32812.5
2025-08-13 08:12:19.914,True,7.0,98.38,-32500.0
2025-08-13 08:12:20.916,True,10.120000000000005,98.5,-28437.5
2025-08-13 08:12:21.919,True,8.0,98.38,-31250.0
2025-08-13 08:12:22.921,True,5.3799999999999955,98.5,-34531.25
2025-08-13 08:12:23.923,True,9.120000000000005,98.5,-30156.25
2025-08-13 08:12:24.926,True,6.75,98.5,-32812.5
2025-08-13 08:12:25.928,True,6.1200000000000045,98.25,-26562.5
2025-08-13 08:12:26.931,True,4.75,98.5,-35156.25
2025-08-13 08:12:27.934,True,10.5,98.38,-28281.25
2025-08-13 08:12:28.936,True,5.5,98.62,-34375.0
2025-08-13 08:12:29.938,True,10.25,98.5,-28750.0
2025-08-13 08:12:30.940,True,8.5,98.75,-30625.0
2025-08-13 08:12:31.942,True,4.0,98.75,-36406.25
2025-08-13 08:12:32.944,True,11.5,98.5,-33750.0
2025-08-13 08:12:33.948,True,5.8799999999999955,98.62,-34062.5
2025-08-13 08:12:34.953,True,10.5,98.75,-37343.75
2025-08-13 08:12:35.955,True,5.75,98.75,-34375.0
2025-08-13 08:12:36.957,True,9.620000000000005,98.75,-29531.25
2025-08-13 08:12:37.959,True,8.5,98.62,-30937.5
2025-08-13 08:12:38.962,True,5.5,98.88,-34687.5
2025-08-13 08:12:39.966,True,9.5,98.62,-29843.75
2025-08-13 08:12:40.969,True,4.25,98.62,-36250.0
2025-08-13 08:12:41.973,True,7.75,98.88,-32187.5
2025-08-13 08:12:42.975,True,5.3799999999999955,99.0,-35000.0
2025-08-13 08:12:43.977,True,4.6200000000000045,99.0,-35937.5
2025-08-13 08:12:44.979,True,9.620000000000005,99.0,-29843.75
2025-08-13 08:12:45.982,True,7.3799999999999955,99.0,-32656.25
2025-08-13 08:12:46.984,True,9.5,99.0,-30000.0
2025-08-13 08:12:47.986,True,6.3799999999999955,99.0,-33750.0
2025-08-13 08:12:48.988,True,4.75,99.0,-35781.25
2025-08-13 08:12:49.990,True,4.3799999999999955,99.12,-36406.25
2025-08-13 08:12:50.992,True,6.75,99.0,-33437.5
2025-08-13 08:12:51.994,True,7.8799999999999955,98.88,-32031.25
2025-08-13 08:12:52.997,True,6.8799999999999955,99.25,-33593.75
2025-08-13 08:12:53.998,True,7.5,99.0,-32656.25
2025-08-13 08:12:55.001,True,8.379999999999995,99.0,-31718.75
2025-08-13 08:12:56.004,True,7.8799999999999955,99.12,-32343.75
2025-08-13 08:12:57.006,True,5.8799999999999955,99.25,-34843.75
2025-08-13 08:12:58.008,True,8.120000000000005,99.25,-32187.5
2025-08-13 08:12:59.010,True,5.75,99.12,-34843.75
2025-08-13 08:13:00.012,True,7.3799999999999955,99.38,-33125.0
2025-08-13 08:13:01.013,True,2.8799999999999955,99.38,-38437.5
2025-08-13 08:13:02.016,True,8.5,99.38,-36875.0
2025-08-13 08:13:03.018,True,8.25,99.38,-32187.5
2025-08-13 08:13:04.020,True,7.3799999999999955,99.25,-32968.75
2025-08-13 08:13:05.022,True,4.5,99.25,-36718.75
2025-08-13 08:13:06.024,True,9.120000000000005,99.25,-31250.0
2025-08-13 08:13:07.026,True,3.5,99.5,-37812.5
2025-08-13 08:13:08.028,True,8.379999999999995,99.38,-32187.5
2025-08-13 08:13:09.030,True,5.3799999999999955,99.38,-35468.75
2025-08-13 08:13:10.032,True,3.6200000000000045,99.5,-37656.25
2025-08-13 08:13:11.034,True,4.3799999999999955,99.5,-36875.0
2025-08-13 08:13:12.036,True,7.8799999999999955,99.5,-32812.5
2025-08-13 08:13:13.038,True,6.5,99.62,-34531.25
2025-08-13 08:13:14.042,True,10.0,99.38,-30156.25
2025-08-13 08:13:15.043,True,7.25,99.62,-33437.5
2025-08-13 08:13:16.045,True,5.1200000000000045,99.5,-35937.5
2025-08-13 08:13:17.048,True,12.5,99.5,-27343.75
2025-08-13 08:13:18.050,True,12.25,99.62,-27812.5
2025-08-13 08:13:19.052,True,10.120000000000005,99.5,-30156.25
2025-08-13 08:13:20.055,True,23.25,99.5,-14375.0
2025-08-13 08:13:21.056,True,9.0,99.5,-31406.25
2025-08-13 08:13:22.059,True,6.6200000000000045,99.62,-34375.0
2025-08-13 08:13:23.060,True,13.25,99.62,-26562.5
2025-08-13 08:13:24.063,True,17.0,99.75,-22343.75
2025-08-13 08:13:25.065,True,16.120000000000005,99.5,-23125.0
2025-08-13 08:13:26.067,True,17.5,99.62,-21562.5
2025-08-13 08:13:27.070,True,17.379999999999995,99.5,-21718.75
2025-08-13 08:13:28.071,True,14.25,99.62,-25468.75
2025-08-13 08:13:29.073,True,17.120000000000005,99.5,-21875.0
2025-08-13 08:13:30.076,True,18.120000000000005,99.5,-20625.0
2025-08-13 08:13:31.078,True,7.8799999999999955,99.62,-32968.75
2025-08-13 08:13:32.081,True,16.25,99.75,-23125.0
2025-08-13 08:13:33.084,True,18.25,99.5,-20937.5
2025-08-13 08:13:34.088,True,14.5,99.62,-25156.25
2025-08-13 08:13:35.091,True,13.0,99.75,-27031.25
2025-08-13 08:13:36.093,True,20.0,99.75,-18437.5
2025-08-13 08:13:37.096,True,15.25,99.75,-24062.5
2025-08-13 08:13:38.098,True,18.120000000000005,99.62,-20781.25
2025-08-13 08:13:39.100,True,16.75,99.75,-22500.0
2025-08-13 08:13:40.102,True,18.5,99.62,-20312.5
2025-08-13 08:13:41.104,True,17.5,99.75,-21406.25
2025-08-13 08:13:42.106,True,13.879999999999995,99.75,-25937.5
2025-08-13 08:13:43.108,True,17.25,99.75,-22031.25
2025-08-13 08:13:44.110,True,19.0,99.88,-19687.5
2025-08-13 08:13:45.112,True,18.5,100.0,-20312.5
2025-08-13 08:13:46.114,True,19.5,99.88,-19062.5
2025-08-13 08:13:47.117,True,15.879999999999995,99.88,-23750.0
2025-08-13 08:13:48.119,True,18.879999999999995,99.88,-20156.25
2025-08-13 08:13:49.121,True,15.0,99.75,-24687.5
2025-08-13 08:13:50.123,True,19.379999999999995,99.75,-19375.0
2025-08-13 08:13:51.126,True,21.0,99.75,-17500.0
2025-08-13 08:13:52.128,True,15.5,100.0,-24218.75
2025-08-13 08:13:53.131,True,18.75,99.75,-20312.5
2025-08-13 08:13:54.133,True,17.120000000000005,99.75,-22343.75
2025-08-13 08:13:55.135,True,15.379999999999995,99.75,-24531.25
2025-08-13 08:13:56.137,True,22.379999999999995,99.75,-15781.25
2025-08-13 08:13:57.139,True,19.0,100.0,-20156.25
2025-08-13 08:13:58.141,True,18.25,100.0,-21093.75
2025-08-13 08:13:59.143,True,19.75,99.75,-18906.25
2025-08-13 08:14:00.145,True,18.5,99.75,-20468.75
2025-08-13 08:14:01.147,True,15.879999999999995,100.0,-23906.25
2025-08-13 08:14:02.149,True,18.620000000000005,100.0,-22343.75
2025-08-13 08:14:03.151,True,17.5,100.0,-22031.25
2025-08-13 08:14:04.154,True,16.620000000000005,100.0,-22968.75
2025-08-13 08:14:05.156,True,15.879999999999995,99.88,-23906.25
2025-08-13 08:14:06.158,True,19.379999999999995,99.88,-19687.5
2025-08-13 08:14:07.160,True,17.5,99.88,-22031.25
2025-08-13 08:14:08.162,True,19.379999999999995,100.12,-19843.75
2025-08-13 08:14:09.165,True,17.620000000000005,100.0,-21875.0
2025-08-13 08:14:10.167,True,14.0,100.12,-26250.0
2025-08-13 08:14:11.169,True,17.75,100.12,-21875.0
2025-08-13 08:14:12.171,True,18.620000000000005,99.88,-20781.25
2025-08-13 08:14:13.174,True,15.75,100.12,-24218.75
2025-08-13 08:14:14.176,True,17.879999999999995,100.0,-21562.5
2025-08-13 08:14:15.178,True,17.879999999999995,100.12,-21718.75
2025-08-13 08:14:16.179,True,19.620000000000005,100.12,-19375.0
2025-08-13 08:14:17.181,True,21.75,100.12,-16875.0
2025-08-13 08:14:18.183,True,19.620000000000005,100.0,-19375.0
2025-08-13 08:14:19.186,True,17.879999999999995,100.0,-21562.5
2025-08-13 08:14:20.189,True,19.620000000000005,100.12,-19531.25
2025-08-13 08:14:21.191,True,16.0,100.25,-23750.0
2025-08-13 08:14:22.194,True,16.5,100.0,-23281.25
2025-08-13 08:14:23.195,True,16.75,100.25,-23125.0
2025-08-13 08:14:24.197,True,19.25,100.25,-20156.25
2025-08-13 08:14:25.199,True,16.75,100.12,-23125.0
2025-08-13 08:14:26.202,True,17.5,100.25,-22343.75
2025-08-13 08:14:27.204,True,16.879999999999995,100.25,-22968.75
2025-08-13 08:14:28.207,True,17.879999999999995,100.25,-21875.0
2025-08-13 08:14:29.210,True,17.879999999999995,100.25,-21875.0
2025-08-13 08:14:30.211,True,17.25,100.38,-22656.25
2025-08-13 08:14:31.213,True,16.379999999999995,100.25,-23593.75
2025-08-13 08:14:32.217,True,18.5,100.25,-21093.75
2025-08-13 08:14:33.220,True,19.879999999999995,100.12,-19218.75
2025-08-13 08:14:34.221,True,15.25,100.12,-25156.25
2025-08-13 08:14:35.224,True,20.379999999999995,100.25,-18750.0
2025-08-13 08:14:36.229,True,18.120000000000005,100.38,-21562.5
2025-08-13 08:14:37.231,True,18.379999999999995,100.38,-21250.0
2025-08-13 08:14:38.234,True,17.75,100.38,-22187.5
2025-08-13 08:14:39.236,True,18.620000000000005,100.38,-21093.75
2025-08-13 08:14:40.238,True,16.5,100.38,-23593.75
2025-08-13 08:14:41.240,True,17.120000000000005,100.38,-22812.5
2025-08-13 08:14:42.242,True,20.120000000000005,100.38,-19218.75
2025-08-13 08:14:43.247,True,16.879999999999995,100.5,-23281.25
2025-08-13 08:14:44.249,True,22.75,100.25,-15937.5
2025-08-13 08:14:45.252,True,17.120000000000005,100.38,-18906.25
2025-08-13 08:14:46.254,True,19.379999999999995,100.5,-20312.5
2025-08-13 08:14:47.256,True,20.379999999999995,100.5,-18906.25
2025-08-13 08:14:48.259,True,23.620000000000005,100.38,-15000.0
2025-08-13 08:14:49.261,True,20.120000000000005,100.5,-19375.0
2025-08-13 08:14:50.263,True,17.25,100.5,-22812.5
2025-08-13 08:14:51.266,True,19.620000000000005,100.5,-20000.0
2025-08-13 08:14:52.267,True,18.120000000000005,100.62,-22031.25
2025-08-13 08:14:53.272,True,15.379999999999995,100.62,-25312.5
2025-08-13 08:14:54.275,True,23.120000000000005,100.38,-15625.0
2025-08-13 08:14:55.277,True,20.75,100.62,-18750.0
2025-08-13 08:14:56.280,True,19.25,100.62,-20625.0
2025-08-13 08:14:57.284,True,21.379999999999995,100.5,-17968.75
2025-08-13 08:14:58.286,True,17.25,100.5,-22812.5
2025-08-13 08:14:59.291,True,18.25,100.62,-21875.0
2025-08-13 08:15:00.293,True,18.120000000000005,100.62,-19062.5
2025-08-13 08:15:01.295,True,22.120000000000005,100.75,-17031.25
2025-08-13 08:15:02.297,True,19.879999999999995,100.75,-19687.5
2025-08-13 08:15:03.300,True,19.75,100.62,-20156.25
2025-08-13 08:15:04.303,True,18.25,100.62,-22031.25
2025-08-13 08:15:05.305,True,20.879999999999995,100.75,-18593.75
2025-08-13 08:15:06.307,True,17.75,100.62,-22500.0
2025-08-13 08:15:07.309,True,20.120000000000005,100.75,-19843.75
2025-08-13 08:15:08.311,True,23.25,100.88,-15781.25
2025-08-13 08:15:09.313,True,18.75,100.75,-21562.5
2025-08-13 08:15:10.315,True,15.879999999999995,100.88,-25000.0
2025-08-13 08:15:11.317,True,16.879999999999995,100.75,-23593.75
2025-08-13 08:15:12.320,True,14.879999999999995,100.88,-26093.75
2025-08-13 08:15:13.323,True,18.879999999999995,100.75,-21406.25
2025-08-13 08:15:14.325,True,20.379999999999995,100.75,-19531.25
2025-08-13 08:15:15.327,True,23.25,100.88,-15937.5
2025-08-13 08:15:16.330,True,22.379999999999995,100.75,-17031.25
2025-08-13 08:15:17.332,True,18.620000000000005,101.0,-21875.0
2025-08-13 08:15:18.335,True,16.5,100.75,-24375.0
2025-08-13 08:15:19.336,True,16.75,101.0,-24062.5
2025-08-13 08:15:20.338,True,19.120000000000005,101.0,-21250.0
2025-08-13 08:15:21.413,True,19.75,101.0,-20312.5
2025-08-13 08:15:22.415,True,20.620000000000005,100.88,-19218.75
2025-08-13 08:15:23.418,True,22.5,101.0,-17187.5
2025-08-13 08:15:24.421,True,20.120000000000005,100.88,-20000.0
2025-08-13 08:15:25.424,True,21.879999999999995,101.0,-17812.5
2025-08-13 08:15:26.426,True,16.879999999999995,101.12,-24062.5
2025-08-13 08:15:27.428,True,15.75,100.88,-25468.75
2025-08-13 08:15:28.431,True,16.620000000000005,101.12,-24218.75
2025-08-13 08:15:29.432,True,19.620000000000005,101.12,-20468.75
2025-08-13 08:15:30.435,True,21.120000000000005,101.0,-18750.0
2025-08-13 08:15:31.450,True,18.120000000000005,101.12,-22500.0
2025-08-13 08:15:32.453,True,19.379999999999995,101.12,-20937.5
2025-08-13 08:15:33.455,True,22.120000000000005,101.12,-17812.5
2025-08-13 08:15:34.456,True,20.75,101.12,-19218.75
2025-08-13 08:15:35.458,True,20.879999999999995,101.12,-19218.75
2025-08-13 08:15:36.461,True,17.75,101.0,-22968.75
2025-08-13 08:15:37.463,True,21.5,101.25,-18281.25
2025-08-13 08:15:38.464,True,20.25,101.25,-19843.75
2025-08-13 08:15:39.466,True,21.120000000000005,101.12,-19062.5
2025-08-13 08:15:40.468,True,18.75,101.25,-22031.25
2025-08-13 08:15:41.470,True,22.379999999999995,101.12,-17500.0
2025-08-13 08:15:42.472,True,17.5,101.25,-21093.75
2025-08-13 08:15:43.474,True,18.379999999999995,101.25,-22343.75
2025-08-13 08:15:44.475,True,19.620000000000005,101.12,-20781.25
2025-08-13 08:15:45.477,True,20.379999999999995,101.25,-20000.0
2025-08-13 08:15:46.480,True,19.25,101.25,-21406.25
2025-08-13 08:15:47.482,True,21.0,101.25,-19218.75
2025-08-13 08:15:48.484,True,18.75,101.38,-22187.5
2025-08-13 08:15:49.486,True,21.620000000000005,101.38,-18437.5
2025-08-13 08:15:50.488,True,20.120000000000005,101.25,-20468.75
2025-08-13 08:15:51.490,True,22.5,101.38,-17500.0
2025-08-13 08:15:52.491,True,0.0,0.0,0.0
2025-08-13 08:15:53.493,True,19.879999999999995,101.38,-20781.25
2025-08-13 08:15:54.496,True,20.879999999999995,101.38,-19531.25
2025-08-13 08:15:55.498,True,23.879999999999995,101.25,-15781.25
2025-08-13 08:15:56.499,True,20.5,101.5,-20156.25
2025-08-13 08:15:57.501,True,21.75,101.5,-18281.25
2025-08-13 08:15:58.504,True,21.75,101.5,-18281.25
2025-08-13 08:15:59.505,True,18.25,101.5,-22812.5
2025-08-13 08:16:00.507,True,21.75,101.5,-18437.5
2025-08-13 08:16:01.510,True,23.5,101.5,-16406.25
2025-08-13 08:16:02.513,True,21.120000000000005,101.5,-19375.0
2025-08-13 08:16:03.515,True,23.75,101.38,-16093.75
2025-08-13 08:16:04.517,True,21.879999999999995,101.62,-18437.5
2025-08-13 08:16:05.519,True,20.75,101.38,-20000.0
2025-08-13 08:16:06.779,True,19.120000000000005,101.62,-21718.75
2025-08-13 08:16:07.780,True,21.620000000000005,101.62,-18906.25
2025-08-13 08:16:08.783,True,23.5,101.5,-16562.5
2025-08-13 08:16:09.785,True,15.879999999999995,101.62,-17187.5
2025-08-13 08:16:10.787,True,16.5,101.5,-25156.25
2025-08-13 08:16:11.789,True,18.75,101.62,-22343.75
2025-08-13 08:16:12.791,True,21.379999999999995,101.5,-19375.0
2025-08-13 08:16:13.793,True,16.5,101.75,-25312.5
2025-08-13 08:16:14.796,True,18.620000000000005,101.5,-22343.75
2025-08-13 08:16:15.798,True,20.0,101.62,-20937.5
2025-08-13 08:16:16.800,True,21.25,101.75,-19375.0
2025-08-13 08:16:17.803,True,18.0,101.62,-23437.5
2025-08-13 08:16:18.806,True,22.379999999999995,101.62,-17968.75
2025-08-13 08:16:19.808,True,19.879999999999995,101.75,-21250.0
2025-08-13 08:16:20.810,True,21.620000000000005,101.75,-18906.25
2025-08-13 08:16:21.812,True,19.879999999999995,101.62,-21093.75
2025-08-13 08:16:22.814,True,20.379999999999995,101.88,-20781.25
2025-08-13 08:16:23.817,True,22.25,101.88,-18125.0
2025-08-13 08:16:24.819,True,16.879999999999995,101.75,-24843.75
2025-08-13 08:16:25.821,True,19.379999999999995,101.88,-22031.25
2025-08-13 08:16:26.823,True,24.379999999999995,101.88,-15781.25
2025-08-13 08:16:27.825,True,21.25,101.88,-19687.5
2025-08-13 08:16:28.829,True,19.75,102.0,-21406.25
2025-08-13 08:16:29.833,True,17.5,102.0,-24375.0
2025-08-13 08:16:30.835,True,21.379999999999995,102.0,-19687.5
2025-08-13 08:16:31.838,True,22.0,102.0,-18906.25
2025-08-13 08:16:32.840,True,21.25,101.88,-19687.5
2025-08-13 08:16:33.844,True,0.0,0.0,0.0
2025-08-13 08:16:34.847,True,22.5,102.0,-18281.25
2025-08-13 08:16:35.849,True,22.0,101.88,-18750.0
2025-08-13 08:16:36.852,True,19.620000000000005,102.0,-21875.0
2025-08-13 08:16:37.854,True,21.75,101.88,-19062.5
2025-08-13 08:16:38.857,True,18.0,102.12,-23437.5
2025-08-13 08:16:39.860,True,18.5,101.88,-23281.25
2025-08-13 08:16:40.862,True,21.379999999999995,102.12,-19687.5
2025-08-13 08:16:41.867,True,22.379999999999995,102.0,-18437.5
2025-08-13 08:16:42.869,True,20.379999999999995,102.0,-21093.75
2025-08-13 08:16:43.872,True,21.879999999999995,102.12,-19218.75
2025-08-13 08:16:44.874,True,0.0,0.0,0.0
2025-08-13 08:16:45.876,True,22.620000000000005,102.12,-18281.25
2025-08-13 08:16:46.879,True,21.620000000000005,102.12,-19531.25
2025-08-13 08:16:47.881,True,22.379999999999995,102.12,-18593.75
2025-08-13 08:16:48.883,True,21.0,102.25,-20468.75
2025-08-13 08:16:49.886,True,20.120000000000005,102.12,-21562.5
2025-08-13 08:16:50.890,True,22.879999999999995,102.12,-18125.0
2025-08-13 08:16:51.893,True,21.879999999999995,102.12,-19375.0
2025-08-13 08:16:52.898,True,22.879999999999995,102.25,-18125.0
2025-08-13 08:16:53.900,True,19.379999999999995,102.12,-22343.75
2025-08-13 08:16:54.902,True,21.120000000000005,102.12,-20468.75
2025-08-13 08:16:55.907,True,19.120000000000005,102.12,-22656.25
2025-08-13 08:16:56.909,True,21.620000000000005,102.25,-19687.5
2025-08-13 08:16:57.911,True,18.120000000000005,102.25,-23906.25
2025-08-13 08:16:58.913,True,24.620000000000005,102.38,-16093.75
2025-08-13 08:16:59.915,True,20.25,102.25,-21562.5
2025-08-13 08:17:00.919,True,22.0,102.38,-19375.0
2025-08-13 08:17:01.921,True,20.620000000000005,102.38,-21093.75
2025-08-13 08:17:02.923,True,21.5,102.5,-20000.0
2025-08-13 08:17:03.926,True,22.5,102.5,-18906.25
2025-08-13 08:17:04.928,True,18.75,102.5,-23437.5
2025-08-13 08:17:05.930,True,22.379999999999995,102.5,-19062.5
2025-08-13 08:17:06.933,True,21.379999999999995,102.38,-20156.25
2025-08-13 08:17:07.935,True,22.75,102.5,-18437.5
2025-08-13 08:17:08.938,True,20.0,102.38,-22031.25
2025-08-13 08:17:09.941,True,20.620000000000005,102.38,-21250.0
2025-08-13 08:17:10.943,True,19.120000000000005,102.5,-22968.75
2025-08-13 08:17:11.945,True,21.25,102.5,-20468.75
2025-08-13 08:17:12.947,True,17.879999999999995,102.5,-24531.25
2025-08-13 08:17:13.949,True,20.379999999999995,102.5,-21562.5
2025-08-13 08:17:14.951,True,22.120000000000005,102.62,-19531.25
2025-08-13 08:17:15.953,True,23.620000000000005,102.5,-17500.0
2025-08-13 08:17:16.955,True,20.5,102.5,-21562.5
2025-08-13 08:17:17.957,True,20.879999999999995,102.62,-21093.75
2025-08-13 08:17:18.959,True,22.379999999999995,102.75,-19375.0
2025-08-13 08:17:19.960,True,21.0,102.5,-20937.5
2025-08-13 08:17:20.962,True,18.75,102.75,-23750.0
2025-08-13 08:17:21.964,True,23.75,102.75,-17656.25
2025-08-13 08:17:22.966,True,21.75,102.5,-19843.75
2025-08-13 08:17:23.968,True,22.5,102.75,-19218.75
2025-08-13 08:17:24.969,True,20.379999999999995,102.75,-21875.0
2025-08-13 08:17:25.971,True,20.379999999999995,102.75,-21875.0
2025-08-13 08:17:26.973,True,18.620000000000005,102.75,-23906.25
2025-08-13 08:17:27.975,True,20.379999999999995,102.75,-21875.0
2025-08-13 08:17:28.977,True,24.879999999999995,102.62,-16250.0
2025-08-13 08:17:29.980,True,23.620000000000005,102.62,-17656.25
2025-08-13 08:17:30.981,True,18.75,102.62,-23906.25
2025-08-13 08:17:31.983,True,17.0,102.75,-25937.5
2025-08-13 08:17:32.985,True,21.5,102.75,-20625.0
2025-08-13 08:17:33.988,True,23.120000000000005,102.75,-18437.5
2025-08-13 08:17:34.990,True,26.5,102.88,-14375.0
2025-08-13 08:17:35.992,True,23.120000000000005,102.88,-18593.75
2025-08-13 08:17:36.994,True,22.75,102.88,-19062.5
2025-08-13 08:17:37.996,True,23.120000000000005,102.75,-18750.0
2025-08-13 08:17:38.997,True,19.120000000000005,102.75,-23593.75
2025-08-13 08:17:40.000,True,19.0,102.88,-23750.0
2025-08-13 08:17:41.002,True,23.620000000000005,103.0,-17968.75
2025-08-13 08:17:42.004,True,20.25,103.0,-22031.25
2025-08-13 08:17:43.007,True,23.0,102.88,-18906.25
2025-08-13 08:17:44.008,True,26.379999999999995,103.0,-14687.5
2025-08-13 08:17:45.010,True,22.75,103.12,-19062.5
2025-08-13 08:17:46.012,True,20.25,103.12,-22343.75
2025-08-13 08:17:47.014,True,22.75,103.12,-19375.0
2025-08-13 08:17:48.015,True,22.5,103.12,-19687.5
2025-08-13 08:17:49.018,True,19.5,103.12,-23281.25
2025-08-13 08:17:50.020,True,21.25,103.0,-21093.75
2025-08-13 08:17:51.022,True,18.75,103.0,-19218.75
2025-08-13 08:17:52.023,True,26.379999999999995,103.12,-14843.75
2025-08-13 08:17:53.025,True,24.879999999999995,103.25,-16718.75
2025-08-13 08:17:54.028,True,19.120000000000005,103.0,-23906.25
2025-08-13 08:17:55.031,True,18.379999999999995,103.25,-24843.75
2025-08-13 08:17:56.034,True,24.5,103.25,-17343.75
2025-08-13 08:17:57.036,True,22.25,103.12,-20000.0
2025-08-13 08:17:58.038,True,18.620000000000005,103.25,-24531.25
2025-08-13 08:17:59.040,True,22.75,103.25,-19531.25
2025-08-13 08:18:00.042,True,22.75,103.25,-19531.25
2025-08-13 08:18:01.044,True,19.620000000000005,103.38,-23437.5
2025-08-13 08:18:02.046,True,22.5,103.38,-20000.0
2025-08-13 08:18:03.048,True,18.620000000000005,103.38,-24687.5
2025-08-13 08:18:04.050,True,21.120000000000005,103.12,-21406.25
2025-08-13 08:18:05.052,True,21.25,103.25,-21562.5
2025-08-13 08:18:06.054,True,23.120000000000005,103.25,-19218.75
2025-08-13 08:18:07.059,True,23.0,103.38,-19375.0
2025-08-13 08:18:08.061,True,21.120000000000005,103.38,-21718.75
2025-08-13 08:18:09.063,True,24.379999999999995,103.25,-17500.0
2025-08-13 08:18:10.065,True,24.379999999999995,103.5,-17812.5
2025-08-13 08:18:11.067,True,22.25,103.5,-20156.25
2025-08-13 08:18:12.069,True,23.120000000000005,103.5,-19375.0
2025-08-13 08:18:13.071,True,21.379999999999995,103.5,-21562.5
2025-08-13 08:18:14.074,True,23.120000000000005,103.5,-19375.0
2025-08-13 08:18:15.076,True,18.0,103.62,-25781.25
2025-08-13 08:18:16.078,True,23.0,103.62,-19687.5
2025-08-13 08:18:17.080,True,22.620000000000005,103.38,-19843.75
2025-08-13 08:18:18.082,True,18.75,103.62,-24843.75
2025-08-13 08:18:19.085,True,22.879999999999995,103.62,-19843.75
2025-08-13 08:18:20.087,True,19.0,103.62,-24531.25
2025-08-13 08:18:21.089,True,26.620000000000005,103.5,-15156.25
2025-08-13 08:18:22.091,True,21.0,103.75,-22187.5
2025-08-13 08:18:23.093,True,22.0,103.5,-20781.25
2025-08-13 08:18:24.096,True,18.25,103.75,-25625.0
2025-08-13 08:18:25.098,True,22.25,103.62,-20781.25
2025-08-13 08:18:26.100,True,16.120000000000005,103.88,-28281.25
2025-08-13 08:18:27.107,True,21.25,103.75,-22031.25
2025-08-13 08:18:28.108,True,20.25,103.62,-23281.25
2025-08-13 08:18:29.110,True,21.75,103.62,-21250.0
2025-08-13 08:18:30.114,True,21.879999999999995,103.88,-21406.25
2025-08-13 08:18:31.116,True,20.879999999999995,103.88,-22500.0
2025-08-13 08:18:32.123,True,21.120000000000005,103.88,-22187.5
2025-08-13 08:18:33.125,True,16.5,104.0,-27812.5
2025-08-13 08:18:34.128,True,20.620000000000005,103.88,-22656.25
2025-08-13 08:18:35.130,True,18.75,104.0,-25312.5
2025-08-13 08:18:36.131,True,22.5,104.0,-20781.25
2025-08-13 08:18:37.137,True,21.120000000000005,104.0,-22343.75
2025-08-13 08:18:38.139,True,25.0,103.88,-17500.0
2025-08-13 08:18:39.141,True,23.0,104.12,-20000.0
2025-08-13 08:18:40.143,True,23.0,104.0,-20156.25
2025-08-13 08:18:41.145,True,21.5,104.12,-22031.25
2025-08-13 08:18:42.147,True,22.75,103.88,-20312.5
2025-08-13 08:18:43.149,True,23.25,104.12,-20000.0
2025-08-13 08:18:44.151,True,23.120000000000005,103.88,-19843.75
2025-08-13 08:18:45.152,True,19.379999999999995,104.12,-24687.5
2025-08-13 08:18:46.154,True,26.25,104.0,-16093.75
2025-08-13 08:18:47.157,True,23.0,104.0,-20156.25
2025-08-13 08:18:48.159,True,24.379999999999995,104.0,-18437.5
2025-08-13 08:18:49.161,True,21.75,104.25,-21875.0
2025-08-13 08:18:50.162,True,25.5,104.0,-17031.25
2025-08-13 08:18:51.164,True,21.25,104.12,-22343.75
2025-08-13 08:18:52.169,True,22.75,104.25,-20781.25
2025-08-13 08:18:53.171,True,21.620000000000005,104.25,-22031.25
2025-08-13 08:18:54.174,True,21.379999999999995,104.12,-22187.5
2025-08-13 08:18:55.177,True,16.5,104.25,-28281.25
2025-08-13 08:18:56.179,True,21.879999999999995,104.38,-21875.0
2025-08-13 08:18:57.185,True,20.75,104.38,-22968.75
2025-08-13 08:18:58.188,True,20.379999999999995,104.38,-23750.0
2025-08-13 08:18:59.196,True,21.75,104.38,-22031.25
2025-08-13 08:19:00.198,True,23.75,104.25,-19531.25
2025-08-13 08:19:01.200,True,23.120000000000005,104.25,-20312.5
2025-08-13 08:19:02.202,True,27.379999999999995,104.25,-15156.25
2025-08-13 08:19:03.204,True,18.620000000000005,104.5,-25937.5
2025-08-13 08:19:04.206,True,25.0,104.5,-18281.25
2025-08-13 08:19:05.210,True,21.620000000000005,104.38,-22187.5
2025-08-13 08:19:06.213,True,20.75,104.5,-23437.5
2025-08-13 08:19:07.215,True,21.0,104.62,-23281.25
2025-08-13 08:19:08.218,True,21.620000000000005,104.38,-22343.75
2025-08-13 08:19:09.221,True,17.5,104.62,-27500.0
2025-08-13 08:19:10.224,True,21.379999999999995,104.38,-22500.0
2025-08-13 08:19:11.226,True,18.5,104.62,-26250.0
2025-08-13 08:19:12.229,True,23.0,104.62,-20937.5
2025-08-13 08:19:13.232,True,19.0,104.62,-25781.25
2025-08-13 08:19:14.234,True,20.5,104.62,-23906.25
2025-08-13 08:19:15.236,True,16.879999999999995,104.62,-28281.25
2025-08-13 08:19:16.238,True,26.75,104.75,-27968.75
2025-08-13 08:19:17.240,True,23.25,104.75,-20625.0
2025-08-13 08:19:18.245,True,20.0,104.5,-24687.5
2025-08-13 08:19:19.248,True,27.0,104.5,-15781.25
2025-08-13 08:19:20.250,True,20.379999999999995,104.75,-24218.75
2025-08-13 08:19:21.253,True,20.5,104.75,-24062.5
2025-08-13 08:19:22.256,True,22.0,104.62,-22031.25
2025-08-13 08:19:23.258,True,23.0,104.62,-20937.5
2025-08-13 08:19:24.260,True,25.879999999999995,104.88,-23906.25
2025-08-13 08:19:25.263,True,22.5,104.88,-21718.75
2025-08-13 08:19:26.266,True,20.120000000000005,104.88,-24531.25
2025-08-13 08:19:27.268,True,25.25,104.88,-18125.0
2025-08-13 08:19:28.270,True,20.620000000000005,104.75,-24062.5
2025-08-13 08:19:29.272,True,23.75,104.88,-20156.25
2025-08-13 08:19:30.274,True,21.620000000000005,104.88,-22812.5
2025-08-13 08:19:31.276,True,21.0,104.75,-23750.0
2025-08-13 08:19:32.278,True,25.120000000000005,105.0,-18437.5
2025-08-13 08:19:33.280,True,21.379999999999995,105.0,-22968.75
2025-08-13 08:19:34.282,True,20.120000000000005,105.0,-24843.75
2025-08-13 08:19:35.284,True,25.120000000000005,104.88,-18750.0
2025-08-13 08:19:36.286,True,18.620000000000005,105.0,-26562.5
2025-08-13 08:19:37.288,True,25.0,104.88,-18750.0
2025-08-13 08:19:38.289,True,21.379999999999995,105.0,-23281.25
2025-08-13 08:19:39.291,True,18.120000000000005,105.12,-27343.75
2025-08-13 08:19:40.293,True,20.0,105.12,-25156.25
2025-08-13 08:19:41.295,True,24.0,104.88,-20000.0
2025-08-13 08:19:42.297,True,20.25,105.12,-24843.75
2025-08-13 08:19:43.299,True,20.25,105.12,-24843.75
2025-08-13 08:19:44.302,True,17.0,105.25,-28906.25
2025-08-13 08:19:45.305,True,23.120000000000005,105.0,-21406.25
2025-08-13 08:19:46.307,True,20.5,105.0,-24375.0
2025-08-13 08:19:47.309,True,18.379999999999995,105.12,-27187.5
2025-08-13 08:19:48.311,True,19.75,105.0,-25625.0
2025-08-13 08:19:49.313,True,25.0,105.25,-19062.5
2025-08-13 08:19:50.315,True,19.0,105.25,-26406.25
2025-08-13 08:19:51.317,True,19.0,105.25,-26406.25
2025-08-13 08:19:52.320,True,19.75,105.25,-25625.0
2025-08-13 08:19:53.322,True,22.5,105.38,-22343.75
2025-08-13 08:19:54.325,True,21.120000000000005,105.25,-24062.5
2025-08-13 08:19:55.327,True,23.0,105.38,-21718.75
2025-08-13 08:19:56.329,True,23.25,105.25,-21250.0
2025-08-13 08:19:57.331,True,24.5,105.25,-19843.75
2025-08-13 08:19:58.333,True,23.0,105.38,-21718.75
2025-08-13 08:19:59.335,True,27.75,105.25,-15781.25
2025-08-13 08:20:00.338,True,26.120000000000005,105.25,-17812.5
2025-08-13 08:20:01.341,True,23.620000000000005,105.25,-20937.5
2025-08-13 08:20:02.345,True,25.75,105.5,-18281.25
2025-08-13 08:20:03.349,True,20.120000000000005,105.5,-25468.75
2025-08-13 08:20:04.350,True,20.620000000000005,105.38,-24687.5
2025-08-13 08:20:05.352,True,21.75,105.5,-23437.5
2025-08-13 08:20:06.355,True,21.620000000000005,105.38,-23437.5
2025-08-13 08:20:07.357,True,21.879999999999995,105.62,-23437.5
2025-08-13 08:20:08.360,True,22.25,105.38,-22656.25
2025-08-13 08:20:09.362,True,24.75,105.62,-20000.0
2025-08-13 08:20:10.365,True,24.879999999999995,105.38,-19531.25
2025-08-13 08:20:11.366,True,20.379999999999995,105.62,-25312.5
2025-08-13 08:20:12.368,True,27.379999999999995,105.5,-16562.5
2025-08-13 08:20:13.370,True,19.25,105.5,-26562.5
2025-08-13 08:20:14.373,True,26.120000000000005,105.5,-18125.0
2025-08-13 08:20:15.375,True,19.379999999999995,105.75,-26562.5
2025-08-13 08:20:16.377,True,23.75,105.75,-21250.0
2025-08-13 08:20:17.379,True,25.379999999999995,105.75,-19062.5
2025-08-13 08:20:18.381,True,23.75,105.75,-21093.75
2025-08-13 08:20:19.384,True,19.75,105.62,-26093.75
2025-08-13 08:20:20.385,True,22.5,105.75,-22812.5
2025-08-13 08:20:21.387,True,27.0,105.62,-17187.5
2025-08-13 08:20:22.389,True,19.0,105.75,-27031.25
2025-08-13 08:20:23.391,True,25.620000000000005,105.62,-18906.25
2025-08-13 08:20:24.393,True,23.120000000000005,105.62,-21875.0
2025-08-13 08:20:25.395,True,23.25,105.88,-22031.25
2025-08-13 08:20:26.397,True,20.379999999999995,105.88,-25625.0
2025-08-13 08:20:27.400,True,26.879999999999995,105.88,-17500.0
2025-08-13 08:20:28.402,True,20.879999999999995,105.75,-25000.0
2025-08-13 08:20:29.404,True,19.879999999999995,106.0,-26250.0
2025-08-13 08:20:30.406,True,23.879999999999995,106.0,-21406.25
2025-08-13 08:20:31.408,True,21.120000000000005,106.0,-24843.75
2025-08-13 08:20:32.410,True,20.75,105.88,-25312.5
2025-08-13 08:20:33.412,True,26.879999999999995,106.0,-17500.0
2025-08-13 08:20:34.415,True,19.879999999999995,106.0,-26250.0
2025-08-13 08:20:35.418,True,17.379999999999995,105.88,-29531.25
2025-08-13 08:20:36.420,True,22.0,106.0,-23906.25
2025-08-13 08:20:37.422,True,20.620000000000005,106.0,-25468.75
2025-08-13 08:20:38.424,True,22.0,106.0,-23750.0
2025-08-13 08:20:39.426,True,20.379999999999995,106.12,-25937.5
2025-08-13 08:20:40.429,True,23.75,105.88,-21406.25
2025-08-13 08:20:41.431,True,20.879999999999995,106.12,-25312.5
2025-08-13 08:20:42.433,True,25.0,106.0,-20156.25
2025-08-13 08:20:43.435,True,21.379999999999995,106.12,-24687.5
2025-08-13 08:20:44.437,True,25.0,106.12,-20312.5
2025-08-13 08:20:45.440,True,27.120000000000005,106.25,-17500.0
2025-08-13 08:20:46.442,True,19.0,106.0,-27656.25
2025-08-13 08:20:47.444,True,19.0,106.25,-27656.25
2025-08-13 08:20:48.446,True,22.379999999999995,106.12,-23593.75
2025-08-13 08:20:49.448,True,21.120000000000005,106.25,-25156.25
2025-08-13 08:20:50.450,True,21.75,106.38,-24375.0
2025-08-13 08:20:51.452,True,23.120000000000005,106.25,-22656.25
2025-08-13 08:20:52.454,True,21.120000000000005,106.25,-25156.25
2025-08-13 08:20:53.458,True,21.5,106.38,-24843.75
2025-08-13 08:20:54.460,True,24.379999999999995,106.12,-20937.5
2025-08-13 08:20:55.462,True,21.379999999999995,106.25,-24843.75
2025-08-13 08:20:56.464,True,21.379999999999995,106.38,-25000.0
2025-08-13 08:20:57.466,True,24.120000000000005,106.25,-21406.25
2025-08-13 08:20:58.469,True,21.75,106.25,-24531.25
2025-08-13 08:20:59.472,True,22.120000000000005,106.25,-21562.5
2025-08-13 08:21:00.474,True,21.879999999999995,106.5,-24375.0
2025-08-13 08:21:01.476,True,24.120000000000005,106.38,-21718.75
2025-08-13 08:21:02.478,True,19.75,106.5,-27031.25
2025-08-13 08:21:03.480,True,22.25,106.38,-23906.25
2025-08-13 08:21:04.482,True,20.25,106.5,-26406.25
2025-08-13 08:21:05.486,True,23.879999999999995,106.62,-22187.5
2025-08-13 08:21:06.489,True,23.620000000000005,106.5,-22343.75
2025-08-13 08:21:07.491,True,23.879999999999995,106.62,-21875.0
2025-08-13 08:21:08.494,True,22.120000000000005,106.38,-24062.5
2025-08-13 08:21:09.496,True,23.0,106.62,-23281.25
2025-08-13 08:21:10.498,True,20.620000000000005,106.62,-25937.5
2025-08-13 08:21:11.502,True,21.5,106.62,-25156.25
2025-08-13 08:21:12.506,True,24.0,106.62,-22031.25
2025-08-13 08:21:13.509,True,22.5,106.5,-23906.25
2025-08-13 08:21:14.511,True,23.879999999999995,106.62,-22187.5
2025-08-13 08:21:15.513,True,22.120000000000005,106.75,-24531.25
2025-08-13 08:21:16.515,True,23.0,106.75,-23437.5
2025-08-13 08:21:17.517,True,20.620000000000005,106.75,-26250.0
2025-08-13 08:21:18.519,True,23.5,106.75,-22656.25
2025-08-13 08:21:19.522,True,23.0,106.62,-23281.25
2025-08-13 08:21:20.523,True,21.5,106.75,-25312.5
2025-08-13 08:21:21.525,True,24.0,106.75,-22187.5
2025-08-13 08:21:22.528,True,23.25,106.75,-23125.0
2025-08-13 08:21:23.530,True,24.0,106.88,-22343.75
2025-08-13 08:21:24.532,True,20.5,106.75,-26562.5
2025-08-13 08:21:25.534,True,25.120000000000005,106.75,-24843.75
2025-08-13 08:21:26.536,True,20.379999999999995,106.88,-26718.75
2025-08-13 08:21:27.539,True,22.0,107.0,-25000.0
2025-08-13 08:21:28.541,True,20.75,106.75,-26406.25
2025-08-13 08:21:29.544,True,22.5,107.0,-24062.5
2025-08-13 08:21:30.545,True,23.879999999999995,106.88,-22500.0
2025-08-13 08:21:31.547,True,18.120000000000005,107.0,-29687.5
2025-08-13 08:21:32.549,True,25.120000000000005,107.0,-21093.75
2025-08-13 08:21:33.551,True,21.120000000000005,107.0,-25937.5
2025-08-13 08:21:34.553,True,20.120000000000005,107.0,-27187.5
2025-08-13 08:21:35.557,True,25.120000000000005,106.88,-20937.5
2025-08-13 08:21:36.559,True,22.25,107.12,-24843.75
2025-08-13 08:21:37.560,True,20.879999999999995,107.12,-24843.75
2025-08-13 08:21:38.562,True,23.25,106.88,-23281.25
2025-08-13 08:21:39.564,True,20.0,107.12,-27500.0
2025-08-13 08:21:40.566,True,23.0,106.88,-23593.75
2025-08-13 08:21:41.570,True,24.25,107.0,-22187.5
2025-08-13 08:21:42.574,True,21.879999999999995,107.12,-25312.5
2025-08-13 08:21:43.576,True,25.0,107.0,-21250.0
2025-08-13 08:21:44.578,True,20.5,107.12,-26875.0
2025-08-13 08:21:45.581,True,22.379999999999995,107.25,-24843.75
2025-08-13 08:21:46.583,True,20.120000000000005,107.0,-27500.0
2025-08-13 08:21:47.586,True,26.620000000000005,107.0,-19375.0
2025-08-13 08:21:48.588,True,25.879999999999995,107.0,-20156.25
2025-08-13 08:21:49.592,True,23.620000000000005,107.25,-23593.75
2025-08-13 08:21:50.594,True,25.879999999999995,107.12,-20468.75
2025-08-13 08:21:51.596,True,23.75,107.25,-24375.0
2025-08-13 08:21:52.598,True,23.5,107.12,-23437.5
2025-08-13 08:21:53.600,True,21.0,107.25,-26406.25
2025-08-13 08:21:54.602,True,23.120000000000005,107.38,-24062.5
2025-08-13 08:21:55.604,True,22.120000000000005,107.12,-25312.5
2025-08-13 08:21:56.607,True,20.25,107.38,-27500.0
2025-08-13 08:21:57.610,True,24.0,107.25,-22812.5
2025-08-13 08:21:58.612,True,22.5,107.25,-24687.5
2025-08-13 08:21:59.615,True,22.25,107.25,-22812.5
2025-08-13 08:22:00.620,True,26.620000000000005,107.38,-19687.5
2025-08-13 08:22:01.623,True,22.620000000000005,107.5,-24843.75
2025-08-13 08:22:02.626,True,26.379999999999995,107.5,-19843.75
2025-08-13 08:22:03.629,True,24.25,107.38,-22656.25
2025-08-13 08:22:04.631,True,19.120000000000005,107.5,-29062.5
2025-08-13 08:22:05.634,True,23.879999999999995,107.5,-23281.25
2025-08-13 08:22:06.638,True,18.5,107.62,-30000.0
2025-08-13 08:22:07.641,True,20.379999999999995,107.5,-27500.0
2025-08-13 08:22:08.643,True,27.379999999999995,107.38,-18906.25
2025-08-13 08:22:09.645,True,24.379999999999995,107.5,-22656.25
2025-08-13 08:22:10.647,True,27.75,107.62,-28906.25
2025-08-13 08:22:11.656,True,24.879999999999995,107.62,-22031.25
2025-08-13 08:22:12.658,True,23.120000000000005,107.5,-24375.0
2025-08-13 08:22:13.660,True,26.75,107.62,-19687.5
2025-08-13 08:22:14.662,True,26.75,107.62,-19687.5
2025-08-13 08:22:15.665,True,21.379999999999995,107.5,-26406.25
2025-08-13 08:22:16.667,True,22.5,107.62,-25156.25
2025-08-13 08:22:17.669,True,24.5,107.75,-22656.25
2025-08-13 08:22:18.671,True,21.120000000000005,107.5,-26875.0
2025-08-13 08:22:19.673,True,25.0,107.62,-22031.25
2025-08-13 08:22:20.675,True,24.75,107.75,-28125.0
2025-08-13 08:22:21.678,True,25.0,107.62,-22031.25
2025-08-13 08:22:22.680,True,20.879999999999995,107.75,-27187.5
2025-08-13 08:22:23.683,True,24.620000000000005,107.75,-22656.25
2025-08-13 08:22:24.686,True,24.879999999999995,107.88,-22500.0
2025-08-13 08:22:25.688,True,25.120000000000005,107.75,-22031.25
2025-08-13 08:22:26.692,True,24.0,107.88,-23593.75
2025-08-13 08:22:27.695,True,27.0,107.75,-19687.5
2025-08-13 08:22:28.698,True,17.0,108.0,-32187.5
2025-08-13 08:22:29.700,True,25.0,107.88,-22343.75
2025-08-13 08:22:30.703,True,20.5,107.75,-27812.5
2025-08-13 08:22:31.706,True,26.120000000000005,108.0,-20781.25
2025-08-13 08:22:32.709,True,23.120000000000005,108.0,-24843.75
2025-08-13 08:22:33.711,True,22.120000000000005,108.0,-22812.5
2025-08-13 08:22:34.713,True,21.0,107.88,-27343.75
2025-08-13 08:22:35.715,True,18.379999999999995,108.0,-30468.75
2025-08-13 08:22:36.717,True,28.120000000000005,107.88,-18593.75
2025-08-13 08:22:37.720,True,20.120000000000005,108.0,-28437.5
2025-08-13 08:22:38.723,True,21.75,108.12,-26562.5
2025-08-13 08:22:39.725,True,19.25,108.12,-29687.5
2025-08-13 08:22:40.727,True,20.0,108.0,-28750.0
2025-08-13 08:22:41.729,True,28.25,108.12,-28906.25
2025-08-13 08:22:42.731,True,22.25,108.12,-25781.25
2025-08-13 08:22:43.734,True,23.5,108.0,-24531.25
2025-08-13 08:22:44.736,True,20.5,108.12,-28125.0
2025-08-13 08:22:45.738,True,20.620000000000005,108.25,-28125.0
2025-08-13 08:22:46.741,True,18.379999999999995,108.25,-30781.25
2025-08-13 08:22:47.742,True,21.879999999999995,108.0,-26250.0
2025-08-13 08:22:48.744,True,24.0,108.25,-24062.5
2025-08-13 08:22:49.746,True,23.5,108.25,-24687.5
2025-08-13 08:22:50.748,True,23.620000000000005,108.25,-24531.25
2025-08-13 08:22:51.750,True,23.75,108.12,-24218.75
2025-08-13 08:22:52.753,True,24.5,108.12,-23281.25
2025-08-13 08:22:53.756,True,25.5,108.12,-22031.25
2025-08-13 08:22:54.758,True,22.620000000000005,108.38,-25781.25
2025-08-13 08:22:55.759,True,20.620000000000005,108.38,-28281.25
2025-08-13 08:22:56.761,True,20.120000000000005,108.38,-28906.25
2025-08-13 08:22:57.763,True,25.5,108.38,-22343.75
2025-08-13 08:22:58.765,True,21.75,108.38,-26875.0
2025-08-13 08:22:59.767,True,22.75,108.5,-25781.25
2025-08-13 08:23:00.770,True,23.120000000000005,108.25,-25312.5
2025-08-13 08:23:01.772,True,27.0,108.25,-20625.0
2025-08-13 08:23:02.774,True,23.879999999999995,108.25,-24218.75
2025-08-13 08:23:03.776,True,21.75,108.38,-27031.25
2025-08-13 08:23:04.778,True,25.120000000000005,108.5,-22968.75
2025-08-13 08:23:05.781,True,21.5,108.5,-27343.75
2025-08-13 08:23:06.783,True,24.379999999999995,108.38,-23750.0
2025-08-13 08:23:07.785,True,24.379999999999995,108.5,-23906.25
2025-08-13 08:23:08.787,True,21.620000000000005,108.5,-27187.5
2025-08-13 08:23:09.789,True,25.0,108.62,-22968.75
2025-08-13 08:23:10.792,True,22.25,108.62,-26562.5
2025-08-13 08:23:11.794,True,24.0,108.62,-24375.0
2025-08-13 08:23:12.796,True,23.120000000000005,108.75,-25468.75
2025-08-13 08:23:13.798,True,24.75,108.62,-23593.75
2025-08-13 08:23:14.802,True,22.620000000000005,108.62,-26093.75
2025-08-13 08:23:15.804,True,27.620000000000005,108.5,-19843.75
2025-08-13 08:23:16.806,True,27.120000000000005,108.5,-20468.75
2025-08-13 08:23:17.808,True,22.620000000000005,108.62,-26093.75
2025-08-13 08:23:18.810,True,20.879999999999995,108.75,-28281.25
2025-08-13 08:23:19.812,True,22.879999999999995,108.75,-25937.5
2025-08-13 08:23:20.815,True,23.5,108.75,-25156.25
2025-08-13 08:23:21.817,True,21.0,108.75,-28281.25
2025-08-13 08:23:22.819,True,24.120000000000005,108.62,-24375.0
2025-08-13 08:23:23.821,True,25.75,108.88,-22343.75
2025-08-13 08:23:24.822,True,24.5,108.88,-24218.75
2025-08-13 08:23:25.825,True,21.0,108.88,-28437.5
2025-08-13 08:23:26.827,True,22.25,108.75,-26718.75
2025-08-13 08:23:27.829,True,23.379999999999995,108.88,-25468.75
2025-08-13 08:23:28.832,True,22.379999999999995,109.0,-26875.0
2025-08-13 08:23:29.834,True,19.379999999999995,109.0,-30468.75
2025-08-13 08:23:30.836,True,24.620000000000005,109.0,-23906.25
2025-08-13 08:23:31.838,True,22.620000000000005,108.88,-26406.25
2025-08-13 08:23:32.840,True,25.0,109.0,-23437.5
2025-08-13 08:23:33.842,True,23.75,108.88,-25156.25
2025-08-13 08:23:34.844,True,24.0,109.0,-25000.0
2025-08-13 08:23:35.846,True,22.75,109.0,-26406.25
2025-08-13 08:23:36.850,True,19.120000000000005,109.0,-30781.25
2025-08-13 08:23:37.852,True,24.879999999999995,109.0,-23906.25
2025-08-13 08:23:38.854,True,22.75,109.12,-26562.5
2025-08-13 08:23:39.856,True,24.5,108.88,-24531.25
2025-08-13 08:23:40.859,True,23.879999999999995,109.12,-25312.5
2025-08-13 08:23:41.861,True,26.0,109.12,-22500.0
2025-08-13 08:23:42.863,True,22.5,109.12,-26875.0
2025-08-13 08:23:43.866,True,22.620000000000005,109.0,-26875.0
2025-08-13 08:23:44.868,True,19.620000000000005,109.0,-30468.75
2025-08-13 08:23:45.870,True,22.5,109.25,-27031.25
2025-08-13 08:23:46.873,True,21.120000000000005,109.25,-28750.0
2025-08-13 08:23:47.875,True,20.879999999999995,109.25,-29062.5
2025-08-13 08:23:48.877,True,23.75,109.25,-25468.75
2025-08-13 08:23:49.879,True,22.620000000000005,109.12,-26718.75
2025-08-13 08:23:50.881,True,21.5,109.38,-28437.5
2025-08-13 08:23:51.883,True,25.0,109.12,-23906.25
2025-08-13 08:23:52.886,True,23.379999999999995,109.12,-25781.25
2025-08-13 08:23:53.888,True,21.25,109.12,-28750.0
2025-08-13 08:23:54.890,True,27.0,109.38,-21406.25
2025-08-13 08:23:55.892,True,20.5,109.38,-29687.5
2025-08-13 08:23:56.895,True,21.379999999999995,109.38,-28593.75
2025-08-13 08:23:57.897,True,25.0,109.38,-24218.75
2025-08-13 08:23:58.900,True,23.0,109.38,-26562.5
2025-08-13 08:23:59.903,True,24.379999999999995,109.25,-24843.75
2025-08-13 08:24:00.908,True,23.25,109.5,-26406.25
2025-08-13 08:24:01.909,True,24.379999999999995,109.38,-24843.75
2025-08-13 08:24:02.913,True,24.379999999999995,109.38,-25156.25
2025-08-13 08:24:03.916,True,23.75,109.5,-25781.25
2025-08-13 08:24:04.920,True,21.879999999999995,109.62,-27968.75
2025-08-13 08:24:05.922,True,26.379999999999995,109.38,-22500.0
2025-08-13 08:24:06.925,True,26.25,109.38,-22656.25
2025-08-13 08:24:07.927,True,24.0,109.38,-25312.5
2025-08-13 08:24:08.930,True,24.25,109.62,-25312.5
2025-08-13 08:24:09.933,True,22.75,109.62,-27187.5
2025-08-13 08:24:10.936,True,22.120000000000005,109.5,-27968.75
2025-08-13 08:24:11.939,True,22.620000000000005,109.62,-27187.5
2025-08-13 08:24:12.942,True,24.120000000000005,109.62,-25468.75
2025-08-13 08:24:13.944,True,23.879999999999995,109.62,-25781.25
2025-08-13 08:24:14.946,True,23.620000000000005,109.62,-26250.0
2025-08-13 08:24:15.948,True,26.0,109.75,-23125.0
2025-08-13 08:24:16.953,True,25.25,109.75,-24375.0
2025-08-13 08:24:17.956,True,23.620000000000005,109.75,-26250.0
2025-08-13 08:24:18.959,True,24.379999999999995,109.75,-25312.5
2025-08-13 08:24:19.961,True,22.5,109.62,-27656.25
2025-08-13 08:24:20.963,True,26.120000000000005,109.75,-23281.25
2025-08-13 08:24:21.967,True,24.0,109.62,-25937.5
2025-08-13 08:24:22.969,True,0.0,0.0,0.0
2025-08-13 08:24:23.972,True,22.620000000000005,109.75,-27500.0
2025-08-13 08:24:24.974,True,26.5,109.88,-22968.75
2025-08-13 08:24:25.977,True,23.620000000000005,109.75,-26406.25
2025-08-13 08:24:26.979,True,24.879999999999995,109.88,-25000.0
2025-08-13 08:24:27.980,True,25.25,109.88,-24531.25
2025-08-13 08:24:28.982,True,28.879999999999995,109.75,-19843.75
2025-08-13 08:24:29.984,True,26.5,109.75,-22812.5
2025-08-13 08:24:30.987,True,22.879999999999995,110.0,-27500.0
2025-08-13 08:24:31.990,True,18.879999999999995,110.0,-32343.75
2025-08-13 08:24:32.992,True,21.0,109.88,-29843.75
2025-08-13 08:24:33.995,True,27.120000000000005,110.0,-22343.75
2025-08-13 08:24:34.997,True,27.5,110.0,-21875.0
2025-08-13 08:24:35.999,True,24.379999999999995,110.0,-25625.0
2025-08-13 08:24:37.001,True,23.620000000000005,110.0,-26562.5
2025-08-13 08:24:38.003,True,26.5,110.0,-23125.0
2025-08-13 08:24:39.006,True,25.620000000000005,110.12,-24375.0
2025-08-13 08:24:40.009,True,23.120000000000005,110.12,-27343.75
2025-08-13 08:24:41.011,True,24.120000000000005,110.12,-26093.75
2025-08-13 08:24:42.013,True,24.120000000000005,110.0,-23125.0
2025-08-13 08:24:43.016,True,23.25,110.0,-27187.5
2025-08-13 08:24:44.017,True,25.25,110.12,-24843.75
2025-08-13 08:24:45.020,True,25.75,110.12,-24218.75
2025-08-13 08:24:46.022,True,27.25,110.12,-22500.0
2025-08-13 08:24:47.024,True,24.5,110.25,-25781.25
2025-08-13 08:24:48.027,True,24.620000000000005,110.12,-25468.75
2025-08-13 08:24:49.029,True,28.5,110.0,-20625.0
2025-08-13 08:24:50.031,True,26.0,110.25,-24062.5
2025-08-13 08:24:51.033,True,18.620000000000005,110.25,-32968.75
2025-08-13 08:24:52.035,True,26.879999999999995,110.38,-23125.0
2025-08-13 08:24:53.037,True,26.75,110.12,-22968.75
2025-08-13 08:24:54.038,True,25.25,110.12,-24843.75
2025-08-13 08:24:55.040,True,22.379999999999995,110.38,-28281.25
2025-08-13 08:24:56.042,True,22.879999999999995,110.38,-27968.75
2025-08-13 08:24:57.045,True,23.120000000000005,110.25,-27500.0
2025-08-13 08:24:58.047,True,26.379999999999995,110.38,-23750.0
2025-08-13 08:24:59.049,True,21.25,110.38,-30000.0
2025-08-13 08:25:00.052,True,25.0,110.5,-25468.75
2025-08-13 08:25:01.055,True,23.120000000000005,110.5,-27812.5
2025-08-13 08:25:02.057,True,19.120000000000005,110.5,-32656.25
2025-08-13 08:25:03.059,True,30.25,110.5,-27031.25
2025-08-13 08:25:04.061,True,24.5,110.5,-31250.0
2025-08-13 08:25:05.064,True,23.25,110.5,-27656.25
2025-08-13 08:25:06.067,True,23.5,110.62,-27500.0
2025-08-13 08:25:07.069,True,28.0,110.38,-21718.75
2025-08-13 08:25:08.071,True,24.5,110.5,-26093.75
2025-08-13 08:25:09.073,True,22.75,110.38,-28437.5
2025-08-13 08:25:10.074,True,25.0,110.62,-25468.75
2025-08-13 08:25:11.077,True,24.379999999999995,110.62,-26406.25
2025-08-13 08:25:12.082,True,23.879999999999995,110.62,-27031.25
2025-08-13 08:25:13.084,True,24.620000000000005,110.62,-26093.75
2025-08-13 08:25:14.087,True,27.0,110.62,-23125.0
2025-08-13 08:25:15.090,True,23.5,110.75,-27656.25
2025-08-13 08:25:16.092,True,26.0,110.62,-24531.25
2025-08-13 08:25:17.094,True,23.25,110.75,-27968.75
2025-08-13 08:25:18.096,True,24.620000000000005,110.62,-26093.75
2025-08-13 08:25:19.099,True,23.25,110.75,-27968.75
2025-08-13 08:25:20.101,True,25.5,110.62,-25000.0
2025-08-13 08:25:21.103,True,25.75,110.75,-24843.75
2025-08-13 08:25:22.105,True,21.620000000000005,110.75,-30156.25
2025-08-13 08:25:23.110,True,25.379999999999995,110.62,-25156.25
2025-08-13 08:25:24.112,True,20.879999999999995,110.88,-30937.5
2025-08-13 08:25:25.114,True,26.120000000000005,110.88,-24531.25
2025-08-13 08:25:26.116,True,22.0,110.88,-29687.5
2025-08-13 08:25:27.118,True,19.879999999999995,110.88,-32187.5
2025-08-13 08:25:28.120,True,21.75,110.88,-30000.0
2025-08-13 08:25:29.122,True,24.5,110.75,-26406.25
2025-08-13 08:25:30.124,True,22.75,111.0,-28906.25
2025-08-13 08:25:31.127,True,25.0,110.88,-25937.5
2025-08-13 08:25:32.131,True,24.75,110.75,-26093.75
2025-08-13 08:25:33.133,True,25.5,110.88,-25312.5
2025-08-13 08:25:34.135,True,22.379999999999995,110.88,-29375.0
2025-08-13 08:25:35.137,True,23.0,111.0,-28593.75
2025-08-13 08:25:36.140,True,23.0,111.12,-28593.75
2025-08-13 08:25:37.142,True,27.620000000000005,111.12,-22812.5
2025-08-13 08:25:38.144,True,26.120000000000005,111.0,-24687.5
2025-08-13 08:25:39.147,True,25.879999999999995,110.88,-24843.75
2025-08-13 08:25:40.149,True,25.120000000000005,111.0,-25937.5
2025-08-13 08:25:41.152,True,23.0,111.0,-28593.75
2025-08-13 08:25:42.155,True,25.379999999999995,111.0,-25625.0
2025-08-13 08:25:43.158,True,24.5,111.12,-26875.0
2025-08-13 08:25:44.161,True,25.25,111.12,-30156.25
2025-08-13 08:25:45.163,True,24.75,111.12,-26718.75
2025-08-13 08:25:46.166,True,24.120000000000005,111.12,-27343.75
2025-08-13 08:25:47.169,True,24.379999999999995,111.12,-27187.5
2025-08-13 08:25:48.173,True,23.0,111.25,-28906.25
2025-08-13 08:25:49.176,True,22.75,111.25,-27968.75
2025-08-13 08:25:50.177,True,27.25,111.12,-23593.75
2025-08-13 08:25:51.179,True,24.75,111.25,-26718.75
2025-08-13 08:25:52.181,True,23.0,111.38,-29062.5
2025-08-13 08:25:53.184,True,23.75,111.38,-27968.75
2025-08-13 08:25:54.186,True,26.120000000000005,111.25,-25000.0
2025-08-13 08:25:55.188,True,22.120000000000005,111.12,-30156.25
2025-08-13 08:25:56.190,True,25.879999999999995,111.25,-25312.5
2025-08-13 08:25:57.192,True,27.75,111.38,-23125.0
2025-08-13 08:25:58.193,True,28.120000000000005,111.25,-22656.25
2025-08-13 08:25:59.196,True,25.879999999999995,111.38,-25468.75
2025-08-13 08:26:00.198,True,27.75,111.25,-23125.0
2025-08-13 08:26:01.199,True,28.120000000000005,111.25,-22656.25
2025-08-13 08:26:02.202,True,22.75,111.25,-29218.75
2025-08-13 08:26:03.204,True,25.0,111.5,-26718.75
2025-08-13 08:26:04.206,True,22.25,111.5,-23750.0
2025-08-13 08:26:05.208,True,23.879999999999995,111.38,-28125.0
2025-08-13 08:26:06.210,True,24.0,111.38,-27968.75
2025-08-13 08:26:07.212,True,21.75,111.5,-30625.0
2025-08-13 08:26:08.214,True,27.620000000000005,111.38,-23437.5
2025-08-13 08:26:09.216,True,26.5,111.38,-24687.5
2025-08-13 08:26:10.219,True,24.620000000000005,111.62,-27343.75
2025-08-13 08:26:11.221,True,24.0,111.62,-28125.0
2025-08-13 08:26:12.223,True,25.379999999999995,111.62,-26406.25
2025-08-13 08:26:13.225,True,21.879999999999995,111.5,-30625.0
2025-08-13 08:26:14.227,True,26.0,111.62,-25468.75
2025-08-13 08:26:15.229,True,25.0,111.62,-26875.0
2025-08-13 08:26:16.232,True,23.0,111.62,-29375.0
2025-08-13 08:26:17.234,True,25.75,111.62,-25937.5
2025-08-13 08:26:18.236,True,24.0,111.62,-28281.25
2025-08-13 08:26:19.237,True,28.120000000000005,111.75,-22968.75
2025-08-13 08:26:20.239,True,24.620000000000005,111.62,-27343.75
2025-08-13 08:26:21.241,True,24.379999999999995,111.62,-27656.25
2025-08-13 08:26:22.244,True,23.379999999999995,111.62,-29062.5
2025-08-13 08:26:23.245,True,23.379999999999995,111.62,-29062.5
2025-08-13 08:26:24.247,True,23.5,111.62,-28906.25
2025-08-13 08:26:25.249,True,21.75,111.88,-30937.5
2025-08-13 08:26:26.251,True,24.5,111.88,-27812.5
2025-08-13 08:26:27.253,True,21.620000000000005,111.88,-31250.0
2025-08-13 08:26:28.255,True,23.0,111.75,-29531.25
2025-08-13 08:26:29.257,True,23.379999999999995,111.75,-29062.5
2025-08-13 08:26:30.259,True,24.379999999999995,111.75,-27812.5
2025-08-13 08:26:31.261,True,24.879999999999995,111.88,-27343.75
2025-08-13 08:26:32.263,True,23.379999999999995,111.88,-29218.75
2025-08-13 08:26:33.265,True,25.75,111.88,-26250.0
2025-08-13 08:26:34.268,True,22.620000000000005,111.75,-30312.5
2025-08-13 08:26:35.269,True,26.5,111.88,-25468.75
2025-08-13 08:26:36.271,True,0.0,0.0,0.0
2025-08-13 08:26:37.502,True,25.25,112.0,-27031.25
2025-08-13 08:26:38.504,True,26.379999999999995,112.0,-25625.0
2025-08-13 08:26:39.506,True,26.120000000000005,112.0,-25937.5
2025-08-13 08:26:40.508,True,25.379999999999995,112.0,-28906.25
2025-08-13 08:26:41.510,True,27.0,111.88,-24843.75
2025-08-13 08:26:42.513,True,22.5,112.12,-30625.0
2025-08-13 08:26:43.515,True,26.620000000000005,112.0,-25312.5
2025-08-13 08:26:44.517,True,26.25,112.12,-25937.5
2025-08-13 08:26:45.519,True,29.75,112.12,-21562.5
2025-08-13 08:26:46.520,True,26.379999999999995,112.0,-25781.25
2025-08-13 08:26:47.522,True,29.5,112.12,-21875.0
2025-08-13 08:26:48.525,True,24.879999999999995,112.12,-27656.25
2025-08-13 08:26:49.527,True,27.5,112.0,-24218.75
2025-08-13 08:26:50.529,True,28.0,112.0,-23593.75
2025-08-13 08:26:51.531,True,24.879999999999995,112.12,-27656.25
2025-08-13 08:26:52.534,True,27.379999999999995,112.25,-26718.75
2025-08-13 08:26:53.536,True,23.620000000000005,112.25,-29375.0
2025-08-13 08:26:54.541,True,24.25,112.25,-28593.75
2025-08-13 08:26:55.543,True,23.5,112.12,-29531.25
2025-08-13 08:26:56.545,True,28.120000000000005,112.25,-23593.75
2025-08-13 08:26:57.547,True,25.379999999999995,112.25,-27187.5
2025-08-13 08:26:58.553,True,23.75,112.12,-29218.75
2025-08-13 08:26:59.555,True,26.25,112.38,-26250.0
2025-08-13 08:27:00.557,True,25.5,112.25,-27031.25
2025-08-13 08:27:01.559,True,26.120000000000005,112.25,-26250.0
2025-08-13 08:27:02.561,True,25.879999999999995,112.25,-26562.5
2025-08-13 08:27:03.563,True,28.879999999999995,112.38,-30468.75
2025-08-13 08:27:04.565,True,27.379999999999995,112.38,-24843.75
2025-08-13 08:27:05.567,True,26.0,112.25,-26406.25
2025-08-13 08:27:06.570,True,23.879999999999995,112.5,-29375.0
2025-08-13 08:27:07.571,True,24.5,112.5,-28593.75
2025-08-13 08:27:08.574,True,26.620000000000005,112.38,-25781.25
2025-08-13 08:27:09.578,True,26.25,112.38,-26250.0
2025-08-13 08:27:10.580,True,23.879999999999995,112.5,-29375.0
2025-08-13 08:27:11.583,True,26.25,112.5,-26406.25
2025-08-13 08:27:12.585,True,25.25,112.5,-27656.25
2025-08-13 08:27:13.587,True,27.75,112.38,-24375.0
2025-08-13 08:27:14.589,True,25.379999999999995,112.38,-27343.75
2025-08-13 08:27:15.591,True,27.0,112.38,-25625.0
2025-08-13 08:27:16.594,True,24.25,112.38,-29062.5
2025-08-13 08:27:17.596,True,26.379999999999995,112.62,-26250.0
2025-08-13 08:27:18.599,True,25.25,112.5,-27656.25
2025-08-13 08:27:19.602,True,23.620000000000005,112.62,-29843.75
2025-08-13 08:27:20.604,True,24.120000000000005,112.62,-29218.75
2025-08-13 08:27:21.605,True,25.879999999999995,112.62,-27031.25
2025-08-13 08:27:22.607,True,23.25,112.75,-30156.25
2025-08-13 08:27:23.609,True,25.5,112.75,-27656.25
2025-08-13 08:27:24.611,True,24.379999999999995,112.62,-28906.25
2025-08-13 08:27:25.613,True,25.75,112.62,-27187.5
2025-08-13 08:27:26.616,True,27.879999999999995,112.62,-24687.5
2025-08-13 08:27:27.618,True,26.75,112.62,-26093.75
2025-08-13 08:27:28.620,True,25.0,112.75,-28281.25
2025-08-13 08:27:29.622,True,28.620000000000005,112.75,-23750.0
2025-08-13 08:27:30.625,True,27.879999999999995,112.75,-24687.5
2025-08-13 08:27:31.627,True,24.75,112.75,-28593.75
2025-08-13 08:27:32.629,True,24.0,112.75,-29531.25
2025-08-13 08:27:33.632,True,24.120000000000005,112.88,-29531.25
2025-08-13 08:27:34.634,True,22.379999999999995,112.75,-31562.5
2025-08-13 08:27:35.635,True,21.620000000000005,112.88,-32500.0
2025-08-13 08:27:36.637,True,26.5,112.75,-26406.25
2025-08-13 08:27:37.639,True,24.620000000000005,112.88,-28906.25
2025-08-13 08:27:38.641,True,24.379999999999995,112.88,-29218.75
2025-08-13 08:27:39.645,True,27.5,112.88,-25312.5
2025-08-13 08:27:40.646,True,25.75,112.88,-27500.0
2025-08-13 08:27:41.649,True,23.620000000000005,112.88,-30156.25
2025-08-13 08:27:42.650,True,25.620000000000005,112.88,-25468.75
2025-08-13 08:27:43.652,True,27.0,113.0,-26093.75
2025-08-13 08:27:44.654,True,24.379999999999995,112.88,-29375.0
2025-08-13 08:27:45.657,True,26.75,113.0,-26406.25
2025-08-13 08:27:46.659,True,27.879999999999995,113.0,-25000.0
2025-08-13 08:27:47.660,True,25.0,113.0,-28593.75
2025-08-13 08:27:48.663,True,28.620000000000005,113.0,-24062.5
2025-08-13 08:27:49.664,True,27.75,113.0,-25156.25
2025-08-13 08:27:50.666,True,24.75,113.12,-29062.5
2025-08-13 08:27:51.668,True,26.0,113.12,-27500.0
2025-08-13 08:27:52.670,True,28.25,113.12,-24531.25
2025-08-13 08:27:53.672,True,27.879999999999995,113.0,-25000.0
2025-08-13 08:27:54.674,True,27.120000000000005,113.12,-26093.75
2025-08-13 08:27:55.676,True,27.25,113.12,-25937.5
2025-08-13 08:27:56.678,True,24.25,113.0,-29687.5
2025-08-13 08:27:57.680,True,28.120000000000005,113.12,-24687.5
2025-08-13 08:27:58.681,True,27.879999999999995,113.0,-25000.0
2025-08-13 08:27:59.683,True,27.5,113.0,-25468.75
2025-08-13 08:28:00.685,True,27.620000000000005,113.0,-25312.5
2025-08-13 08:28:01.688,True,23.879999999999995,113.25,-30312.5
2025-08-13 08:28:02.690,True,28.379999999999995,113.12,-24531.25
2025-08-13 08:28:03.692,True,27.620000000000005,113.12,-25468.75
2025-08-13 08:28:04.694,True,27.120000000000005,113.25,-26250.0
2025-08-13 08:28:05.696,True,26.620000000000005,113.12,-26718.75
2025-08-13 08:28:06.698,True,26.879999999999995,113.25,-26562.5
2025-08-13 08:28:07.699,True,25.620000000000005,113.25,-28125.0
2025-08-13 08:28:08.703,True,28.620000000000005,113.25,-24218.75
2025-08-13 08:28:09.704,True,27.0,113.25,-26406.25
2025-08-13 08:28:10.706,True,27.75,113.38,-25625.0
2025-08-13 08:28:11.708,True,24.620000000000005,113.38,-29531.25
2025-08-13 08:28:12.710,True,26.120000000000005,113.25,-27656.25
2025-08-13 08:28:13.713,True,26.120000000000005,113.38,-27656.25
2025-08-13 08:28:14.715,True,28.25,113.25,-24843.75
2025-08-13 08:28:15.718,True,26.5,113.38,-27187.5
2025-08-13 08:28:16.720,True,24.379999999999995,113.5,-30000.0
2025-08-13 08:28:17.722,True,26.379999999999995,113.38,-27343.75
2025-08-13 08:28:18.725,True,26.879999999999995,113.25,-26562.5
2025-08-13 08:28:19.727,True,29.5,113.5,-23437.5
2025-08-13 08:28:20.729,True,27.75,113.5,-25781.25
2025-08-13 08:28:21.731,True,26.379999999999995,113.38,-27500.0
2025-08-13 08:28:22.734,True,20.5,113.5,-34687.5
2025-08-13 08:28:23.737,True,26.0,113.5,-27968.75
2025-08-13 08:28:24.739,True,26.379999999999995,113.38,-27500.0
2025-08-13 08:28:25.741,True,22.620000000000005,113.38,-32031.25
2025-08-13 08:28:26.743,True,0.0,0.0,0.0
2025-08-13 08:28:27.746,True,27.5,113.62,-26250.0
2025-08-13 08:28:28.749,True,29.120000000000005,113.5,-24062.5
2025-08-13 08:28:29.751,True,30.75,113.5,-22031.25
2025-08-13 08:28:30.754,True,26.620000000000005,113.62,-27343.75
2025-08-13 08:28:31.756,True,22.879999999999995,113.62,-31875.0
2025-08-13 08:28:32.759,True,24.75,113.62,-29687.5
2025-08-13 08:28:33.763,True,28.620000000000005,113.5,-24687.5
2025-08-13 08:28:34.766,True,24.25,113.62,-30312.5
2025-08-13 08:28:35.768,True,27.379999999999995,113.62,-24531.25
2025-08-13 08:28:36.771,True,21.0,113.75,-34375.0
2025-08-13 08:28:37.773,True,28.5,113.75,-25156.25
2025-08-13 08:28:38.774,True,27.879999999999995,113.75,-25781.25
2025-08-13 08:28:39.778,True,27.120000000000005,113.62,-26875.0
2025-08-13 08:28:40.780,True,27.620000000000005,113.75,-26250.0
2025-08-13 08:28:41.782,True,23.879999999999995,113.75,-30781.25
2025-08-13 08:28:42.784,True,26.379999999999995,113.75,-27812.5
2025-08-13 08:28:43.787,True,26.5,113.88,-27656.25
2025-08-13 08:28:44.789,True,23.879999999999995,113.88,-30937.5
2025-08-13 08:28:45.791,True,28.120000000000005,113.88,-25781.25
2025-08-13 08:28:46.793,True,30.879999999999995,113.88,-22187.5
2025-08-13 08:28:47.795,True,29.120000000000005,113.88,-24531.25
2025-08-13 08:28:48.796,True,28.75,113.88,-25000.0
2025-08-13 08:28:49.798,True,27.5,113.75,-26406.25
2025-08-13 08:28:50.800,True,27.120000000000005,113.88,-27031.25
2025-08-13 08:28:51.802,True,26.0,114.0,-28593.75
2025-08-13 08:28:52.804,True,24.5,113.88,-30312.5
2025-08-13 08:28:53.806,True,27.879999999999995,113.88,-26093.75
2025-08-13 08:28:54.808,True,30.379999999999995,114.0,-28906.25
2025-08-13 08:28:55.810,True,28.25,114.0,-25625.0
2025-08-13 08:28:56.815,True,24.879999999999995,113.88,-30000.0
2025-08-13 08:28:57.817,True,26.25,113.88,-28281.25
2025-08-13 08:28:58.818,True,28.0,114.0,-26093.75
2025-08-13 08:28:59.820,True,26.879999999999995,113.88,-27343.75
2025-08-13 08:29:00.823,True,28.0,114.0,-26093.75
2025-08-13 08:29:01.825,True,26.379999999999995,114.12,-28281.25
2025-08-13 08:29:02.827,True,26.879999999999995,114.12,-27656.25
2025-08-13 08:29:03.829,True,27.379999999999995,114.12,-27031.25
2025-08-13 08:29:04.831,True,29.120000000000005,114.12,-24843.75
2025-08-13 08:29:05.833,True,23.120000000000005,114.0,-32187.5
2025-08-13 08:29:06.836,True,27.120000000000005,114.12,-27187.5
2025-08-13 08:29:07.838,True,25.120000000000005,114.12,-29843.75
2025-08-13 08:29:08.839,True,27.25,114.12,-27343.75
2025-08-13 08:29:09.841,True,26.75,114.25,-27812.5
2025-08-13 08:29:10.843,True,27.5,114.12,-26875.0
2025-08-13 08:29:11.845,True,27.379999999999995,114.25,-27031.25
2025-08-13 08:29:12.847,True,27.25,114.12,-27343.75
2025-08-13 08:29:13.849,True,24.5,114.25,-30625.0
2025-08-13 08:29:14.851,True,29.379999999999995,114.25,-24687.5
2025-08-13 08:29:15.853,True,27.120000000000005,114.12,-27500.0
2025-08-13 08:29:16.856,True,25.25,114.25,-29843.75
2025-08-13 08:29:17.858,True,28.0,114.12,-26250.0
2025-08-13 08:29:18.860,True,27.0,114.25,-27656.25
2025-08-13 08:29:19.863,True,27.0,114.25,-27656.25
2025-08-13 08:29:20.865,True,28.75,114.25,-25468.75
2025-08-13 08:29:21.867,True,26.0,114.38,-29062.5
2025-08-13 08:29:22.868,True,25.620000000000005,114.38,-29531.25
2025-08-13 08:29:23.870,True,28.620000000000005,114.38,-25781.25
2025-08-13 08:29:24.873,True,29.25,114.25,-25000.0
2025-08-13 08:29:25.875,True,24.879999999999995,114.38,-30468.75
2025-08-13 08:29:26.878,True,28.75,114.38,-25468.75
2025-08-13 08:29:27.882,True,28.5,114.38,-25937.5
2025-08-13 08:29:28.884,True,28.25,114.25,-26406.25
2025-08-13 08:29:29.886,True,25.620000000000005,114.38,-29531.25
2025-08-13 08:29:30.889,True,26.25,114.5,-28906.25
2025-08-13 08:29:31.892,True,28.75,114.5,-25781.25
2025-08-13 08:29:32.894,True,27.75,114.5,-27031.25
2025-08-13 08:29:33.896,True,28.5,114.5,-26093.75
2025-08-13 08:29:34.898,True,28.879999999999995,114.5,-25625.0
2025-08-13 08:29:35.901,True,27.879999999999995,114.38,-26718.75
2025-08-13 08:29:36.903,True,30.5,114.5,-23437.5
2025-08-13 08:29:37.906,True,27.120000000000005,114.62,-27656.25
2025-08-13 08:29:38.908,True,27.879999999999995,114.5,-26875.0
2025-08-13 08:29:39.910,True,26.379999999999995,114.62,-28906.25
2025-08-13 08:29:40.912,True,29.120000000000005,114.62,-25468.75
2025-08-13 08:29:41.914,True,28.0,114.62,-26875.0
2025-08-13 08:29:42.916,True,25.879999999999995,114.62,-29531.25
2025-08-13 08:29:43.919,True,28.879999999999995,114.5,-25625.0
2025-08-13 08:29:44.920,True,26.120000000000005,114.62,-29218.75
2025-08-13 08:29:45.922,True,28.379999999999995,114.5,-26406.25
2025-08-13 08:29:46.924,True,30.0,114.5,-24218.75
2025-08-13 08:29:47.926,True,28.879999999999995,114.75,-25781.25
2025-08-13 08:29:48.929,True,25.620000000000005,114.62,-30000.0
2025-08-13 08:29:49.932,True,26.379999999999995,114.75,-29062.5
2025-08-13 08:29:50.934,True,28.5,114.62,-26250.0
2025-08-13 08:29:51.936,True,20.25,114.62,-36250.0
2025-08-13 08:29:52.939,True,24.120000000000005,114.75,-31718.75
2025-08-13 08:29:53.940,True,29.120000000000005,114.88,-24843.75
2025-08-13 08:29:54.943,True,27.25,114.88,-28125.0
2025-08-13 08:29:55.945,True,31.379999999999995,114.88,-28125.0
2025-08-13 08:29:56.947,True,29.379999999999995,114.88,-25312.5
2025-08-13 08:29:57.949,True,28.120000000000005,114.75,-27031.25
2025-08-13 08:29:58.951,True,28.25,114.75,-26875.0
2025-08-13 08:29:59.952,True,28.5,114.88,-26406.25
2025-08-13 08:30:00.954,True,28.879999999999995,114.88,-26093.75
2025-08-13 08:30:01.957,True,26.5,115.0,-29218.75
2025-08-13 08:30:02.960,True,25.879999999999995,115.0,-30000.0
2025-08-13 08:30:03.962,True,27.120000000000005,114.88,-28281.25
2025-08-13 08:30:04.964,True,28.879999999999995,114.88,-26093.75
2025-08-13 08:30:05.965,True,23.879999999999995,115.0,-26718.75
2025-08-13 08:30:06.967,True,29.75,115.0,-25000.0
2025-08-13 08:30:07.969,True,26.25,115.0,-29375.0
2025-08-13 08:30:08.972,True,25.5,115.0,-30468.75
2025-08-13 08:30:09.974,True,23.879999999999995,115.0,-32343.75
2025-08-13 08:30:10.977,True,24.620000000000005,115.12,-31562.5
2025-08-13 08:30:11.979,True,23.879999999999995,115.12,-32500.0
2025-08-13 08:30:12.981,True,25.620000000000005,115.0,-30312.5
2025-08-13 08:30:13.983,True,22.25,115.12,-34531.25
2025-08-13 08:30:14.985,True,26.120000000000005,115.25,-29687.5
2025-08-13 08:30:15.988,True,23.5,115.12,-32968.75
2025-08-13 08:30:16.990,True,24.0,115.12,-32343.75
2025-08-13 08:30:17.992,True,27.5,115.12,-28125.0
2025-08-13 08:30:18.994,True,22.0,115.25,-35000.0
2025-08-13 08:30:19.997,True,26.0,115.12,-30000.0
2025-08-13 08:30:20.999,True,22.75,115.38,-34218.75
2025-08-13 08:30:22.001,True,22.5,115.38,-34531.25
2025-08-13 08:30:23.003,True,24.379999999999995,115.25,-32187.5
2025-08-13 08:30:24.005,True,26.0,115.25,-30156.25
2025-08-13 08:30:25.007,True,25.25,115.25,-30937.5
2025-08-13 08:30:26.009,True,24.379999999999995,115.25,-32187.5
2025-08-13 08:30:27.011,True,28.620000000000005,115.25,-26875.0
2025-08-13 08:30:28.014,True,24.75,115.38,-31718.75
2025-08-13 08:30:29.015,True,22.75,115.25,-34218.75
2025-08-13 08:30:30.018,True,24.0,115.38,-32656.25
2025-08-13 08:30:31.020,True,26.620000000000005,115.5,-29687.5
2025-08-13 08:30:32.022,True,25.0,115.38,-28593.75
2025-08-13 08:30:33.024,True,26.879999999999995,115.38,-29218.75
2025-08-13 08:30:34.026,True,26.0,115.38,-30312.5
2025-08-13 08:30:35.028,True,24.5,115.5,-32187.5
2025-08-13 08:30:36.030,True,22.0,115.38,-30312.5
2025-08-13 08:30:37.033,True,23.620000000000005,115.5,-33281.25
2025-08-13 08:30:38.035,True,25.0,115.5,-31718.75
2025-08-13 08:30:39.037,True,20.75,115.62,-36875.0
2025-08-13 08:30:40.040,True,23.25,115.62,-33906.25
2025-08-13 08:30:41.041,True,23.25,115.5,-33750.0
2025-08-13 08:30:42.044,True,23.75,115.62,-33281.25
2025-08-13 08:30:43.046,True,24.75,115.5,-31875.0
2025-08-13 08:30:44.047,True,23.620000000000005,115.62,-33437.5
2025-08-13 08:30:45.049,True,21.879999999999995,115.75,-35781.25
2025-08-13 08:30:46.051,True,25.120000000000005,115.62,-31562.5
2025-08-13 08:30:47.053,True,27.879999999999995,115.75,-34062.5
2025-08-13 08:30:48.055,True,26.0,115.75,-30625.0
2025-08-13 08:30:49.057,True,24.0,115.62,-33125.0
2025-08-13 08:30:50.059,True,25.120000000000005,115.75,-31718.75
2025-08-13 08:30:51.061,True,23.379999999999995,115.62,-34062.5
2025-08-13 08:30:52.063,True,21.620000000000005,115.75,-36250.0
2025-08-13 08:30:53.068,True,18.75,115.75,-39687.5
2025-08-13 08:30:54.070,True,24.25,115.75,-32968.75
2025-08-13 08:30:55.072,True,26.120000000000005,115.88,-30468.75
2025-08-13 08:30:56.074,True,22.879999999999995,115.88,-34531.25
2025-08-13 08:30:57.076,True,28.25,115.88,-28125.0
2025-08-13 08:30:58.077,True,11.75,116.0,-48125.0
2025-08-13 08:30:59.080,True,28.0,115.88,-28437.5
2025-08-13 08:31:00.083,True,25.75,115.88,-31093.75
2025-08-13 08:31:01.085,True,22.75,115.88,-34843.75
2025-08-13 08:31:02.087,True,23.879999999999995,116.12,-33750.0
2025-08-13 08:31:03.090,True,25.379999999999995,115.88,-31562.5
2025-08-13 08:31:04.092,True,24.879999999999995,116.12,-32500.0
2025-08-13 08:31:05.094,True,24.25,116.12,-33281.25
2025-08-13 08:31:06.096,True,22.5,116.12,-35468.75
2025-08-13 08:31:07.098,True,24.379999999999995,116.12,-33125.0
2025-08-13 08:31:08.100,True,24.0,116.12,-31562.5
2025-08-13 08:31:09.101,True,22.75,116.12,-35312.5
2025-08-13 08:31:10.104,True,25.25,116.25,-32187.5
2025-08-13 08:31:11.106,True,25.5,116.25,-31718.75
2025-08-13 08:31:12.108,True,24.379999999999995,116.25,-33281.25
2025-08-13 08:31:13.110,True,25.379999999999995,116.25,-32031.25
2025-08-13 08:31:14.113,True,24.879999999999995,116.25,-32656.25
2025-08-13 08:31:15.115,True,24.5,116.25,-33125.0
2025-08-13 08:31:16.118,True,27.120000000000005,116.25,-30000.0
2025-08-13 08:31:17.120,True,25.120000000000005,116.38,-32343.75
2025-08-13 08:31:18.122,True,25.120000000000005,116.38,-32500.0
2025-08-13 08:31:19.124,True,23.379999999999995,116.38,-34687.5
2025-08-13 08:31:20.126,True,25.75,116.38,-31718.75
2025-08-13 08:31:21.129,True,21.75,116.5,-36875.0
2025-08-13 08:31:22.132,True,27.75,116.5,-29375.0
2025-08-13 08:31:23.134,True,24.5,116.38,-33437.5
2025-08-13 08:31:24.137,True,23.0,116.5,-35312.5
2025-08-13 08:31:25.138,True,26.120000000000005,116.38,-31250.0
2025-08-13 08:31:26.140,True,26.0,116.62,-31562.5
2025-08-13 08:31:27.143,True,24.25,116.5,-33906.25
2025-08-13 08:31:28.146,True,27.5,116.62,-29843.75
2025-08-13 08:31:29.149,True,26.0,116.62,-31562.5
2025-08-13 08:31:30.151,True,25.379999999999995,116.62,-32500.0
2025-08-13 08:31:31.154,True,26.379999999999995,116.62,-31250.0
2025-08-13 08:31:32.156,True,28.0,116.62,-29375.0
2025-08-13 08:31:33.158,True,28.25,116.75,-29218.75
2025-08-13 08:31:34.160,True,26.25,116.62,-31406.25
2025-08-13 08:31:35.164,True,25.25,116.75,-32812.5
2025-08-13 08:31:36.166,True,27.25,116.62,-30156.25
2025-08-13 08:31:37.168,True,25.120000000000005,116.75,-32968.75
2025-08-13 08:31:38.170,True,25.879999999999995,116.88,-32187.5
2025-08-13 08:31:39.172,True,26.120000000000005,116.88,-31875.0
2025-08-13 08:31:40.175,True,24.379999999999995,116.88,-34062.5
2025-08-13 08:31:41.176,True,24.25,116.88,-34218.75
2025-08-13 08:31:42.178,True,26.75,117.0,-31250.0
2025-08-13 08:31:43.181,True,28.75,116.88,-28750.0
2025-08-13 08:31:44.183,True,24.5,116.88,-27343.75
2025-08-13 08:31:45.184,True,31.879999999999995,116.88,-24843.75
2025-08-13 08:31:46.186,True,30.0,116.88,-27187.5
2025-08-13 08:31:47.188,True,30.120000000000005,117.12,-27343.75
2025-08-13 08:31:48.190,True,28.5,117.12,-29218.75
2025-08-13 08:31:49.193,True,27.120000000000005,117.0,-30937.5
2025-08-13 08:31:50.195,True,26.879999999999995,117.12,-31250.0
2025-08-13 08:31:51.196,True,28.0,117.0,-29687.5
2025-08-13 08:31:52.198,True,26.5,117.12,-31718.75
2025-08-13 08:31:53.200,True,28.379999999999995,117.25,-29531.25
2025-08-13 08:31:54.203,True,28.879999999999995,117.25,-29062.5
2025-08-13 08:31:55.205,True,29.5,117.25,-28281.25
2025-08-13 08:31:56.207,True,26.120000000000005,117.25,-32343.75
2025-08-13 08:31:57.210,True,25.25,117.12,-33437.5
2025-08-13 08:31:58.213,True,25.5,117.25,-33125.0
2025-08-13 08:31:59.216,True,27.5,117.25,-30625.0
2025-08-13 08:32:00.218,True,26.0,117.25,-32500.0
2025-08-13 08:32:01.220,True,27.620000000000005,117.38,-30468.75
2025-08-13 08:32:02.221,True,27.879999999999995,117.38,-30312.5
2025-08-13 08:32:03.224,True,27.620000000000005,117.38,-30625.0
2025-08-13 08:32:04.226,True,25.620000000000005,117.5,-33281.25
2025-08-13 08:32:05.228,True,28.0,117.5,-30312.5
2025-08-13 08:32:06.230,True,29.25,117.38,-28750.0
2025-08-13 08:32:07.233,True,29.620000000000005,117.38,-28281.25
2025-08-13 08:32:08.236,True,26.5,117.5,-32187.5
2025-08-13 08:32:09.239,True,28.75,117.5,-29375.0
2025-08-13 08:32:10.242,True,26.5,117.5,-32187.5
2025-08-13 08:32:11.245,True,26.379999999999995,117.62,-31718.75
2025-08-13 08:32:12.247,True,26.879999999999995,117.62,-31875.0
2025-08-13 08:32:13.249,True,25.25,117.75,-34062.5
2025-08-13 08:32:14.251,True,24.879999999999995,117.75,-34531.25
2025-08-13 08:32:15.253,True,27.120000000000005,117.75,-31718.75
2025-08-13 08:32:16.255,True,26.120000000000005,117.75,-32968.75
2025-08-13 08:32:17.257,True,26.120000000000005,117.62,-32968.75
2025-08-13 08:32:18.261,True,28.879999999999995,117.88,-29531.25
2025-08-13 08:32:19.263,True,27.0,117.75,-31875.0
2025-08-13 08:32:20.265,True,27.0,117.88,-32031.25
2025-08-13 08:32:21.266,True,28.120000000000005,117.75,-30625.0
2025-08-13 08:32:22.269,True,27.620000000000005,117.75,-31250.0
2025-08-13 08:32:23.270,True,31.0,118.0,-27343.75
2025-08-13 08:32:24.272,True,30.25,118.0,-28281.25
2025-08-13 08:32:25.275,True,30.120000000000005,117.88,-28281.25
2025-08-13 08:32:26.276,True,28.5,118.0,-30312.5
2025-08-13 08:32:27.278,True,31.0,117.88,-27187.5
2025-08-13 08:32:28.280,True,32.379999999999995,118.0,-25625.0
2025-08-13 08:32:29.283,True,31.120000000000005,118.0,-27187.5
2025-08-13 08:32:30.285,True,28.75,118.0,-30000.0
2025-08-13 08:32:31.287,True,29.75,118.0,-28906.25
2025-08-13 08:32:32.289,True,25.620000000000005,118.0,-34062.5
2025-08-13 08:32:33.291,True,28.620000000000005,118.12,-30312.5
2025-08-13 08:32:34.293,True,31.0,118.12,-27500.0
2025-08-13 08:32:35.296,True,30.620000000000005,118.12,-32187.5
2025-08-13 08:32:36.298,True,30.379999999999995,118.0,-28125.0
2025-08-13 08:32:37.300,True,32.379999999999995,118.0,-25625.0
2025-08-13 08:32:38.302,True,29.5,118.25,-29375.0
2025-08-13 08:32:39.305,True,32.879999999999995,118.12,-25156.25
2025-08-13 08:32:40.308,True,29.120000000000005,118.12,-29687.5
2025-08-13 08:32:41.310,True,30.379999999999995,118.25,-28281.25
2025-08-13 08:32:42.312,True,27.5,118.25,-31875.0
2025-08-13 08:32:43.314,True,27.75,118.38,-31718.75
2025-08-13 08:32:44.316,True,26.0,118.38,-33906.25
2025-08-13 08:32:45.319,True,26.879999999999995,118.38,-32812.5
2025-08-13 08:32:46.321,True,29.0,118.38,-30156.25
2025-08-13 08:32:47.323,True,30.75,118.38,-27968.75
2025-08-13 08:32:48.325,True,27.25,118.25,-32187.5
2025-08-13 08:32:49.327,True,29.25,118.5,-29843.75
2025-08-13 08:32:50.329,True,29.0,118.5,-30312.5
2025-08-13 08:32:51.331,True,28.5,118.5,-30937.5
2025-08-13 08:32:52.333,True,30.25,118.5,-28750.0
2025-08-13 08:32:53.335,True,27.620000000000005,118.5,-32031.25
2025-08-13 08:32:54.337,True,28.379999999999995,118.5,-31093.75
2025-08-13 08:32:55.340,True,28.120000000000005,118.62,-31562.5
2025-08-13 08:32:56.342,True,28.5,118.62,-31093.75
2025-08-13 08:32:57.344,True,30.25,118.5,-28750.0
2025-08-13 08:32:58.345,True,30.75,118.62,-28281.25
2025-08-13 08:32:59.348,True,28.75,118.62,-30781.25
2025-08-13 08:33:00.354,True,29.75,118.62,-29531.25
2025-08-13 08:33:01.356,True,28.879999999999995,118.62,-30625.0
2025-08-13 08:33:02.359,True,32.25,118.62,-26562.5
2025-08-13 08:33:03.361,True,32.879999999999995,118.62,-25781.25
2025-08-13 08:33:04.363,True,30.120000000000005,118.75,-29062.5
2025-08-13 08:33:05.365,True,31.120000000000005,118.75,-29375.0
2025-08-13 08:33:06.367,True,32.879999999999995,118.62,-25781.25
2025-08-13 08:33:07.369,True,28.620000000000005,118.75,-31093.75
2025-08-13 08:33:08.372,True,29.25,118.88,-30468.75
2025-08-13 08:33:09.374,True,29.5,118.88,-30156.25
2025-08-13 08:33:10.377,True,33.379999999999995,118.88,-33593.75
2025-08-13 08:33:11.379,True,30.5,118.88,-28906.25
2025-08-13 08:33:12.381,True,32.0,118.75,-26875.0
2025-08-13 08:33:13.383,True,30.25,118.88,-29218.75
2025-08-13 08:33:14.386,True,30.120000000000005,119.0,-29375.0
2025-08-13 08:33:15.389,True,33.25,119.0,-25468.75
2025-08-13 08:33:16.392,True,30.0,119.0,-29687.5
2025-08-13 08:33:17.394,True,28.379999999999995,119.0,-31718.75
2025-08-13 08:33:18.396,True,30.0,119.0,-29687.5
2025-08-13 08:33:19.399,True,28.25,119.0,-31875.0
2025-08-13 08:33:20.401,True,29.75,119.0,-30156.25
2025-08-13 08:33:21.402,True,30.620000000000005,119.0,-28906.25
2025-08-13 08:33:22.406,True,27.0,119.12,-33593.75
2025-08-13 08:33:23.408,True,30.620000000000005,119.0,-28906.25
2025-08-13 08:33:24.411,True,29.879999999999995,119.0,-29843.75
2025-08-13 08:33:25.413,True,27.120000000000005,119.25,-33593.75
2025-08-13 08:33:26.415,True,29.620000000000005,119.25,-30312.5
2025-08-13 08:33:27.417,True,28.879999999999995,119.25,-31406.25
2025-08-13 08:33:28.419,True,30.379999999999995,119.12,-29375.0
2025-08-13 08:33:29.422,True,29.75,119.38,-30312.5
2025-08-13 08:33:30.424,True,30.0,119.25,-30156.25
2025-08-13 08:33:31.426,True,33.120000000000005,119.25,-26093.75
2025-08-13 08:33:32.428,True,33.879999999999995,119.38,-25156.25
2025-08-13 08:33:33.430,True,32.379999999999995,119.25,-27031.25
2025-08-13 08:33:34.432,True,32.25,119.25,-27187.5
2025-08-13 08:33:35.435,True,30.620000000000005,119.38,-29218.75
2025-08-13 08:33:36.437,True,33.379999999999995,119.25,-25937.5
2025-08-13 08:33:37.439,True,29.25,119.25,-31093.75
2025-08-13 08:33:38.441,True,30.379999999999995,119.25,-29687.5
2025-08-13 08:33:39.444,True,32.5,119.38,-27187.5
2025-08-13 08:33:40.445,True,32.75,119.38,-26875.0
2025-08-13 08:33:41.447,True,33.0,119.5,-26406.25
2025-08-13 08:33:42.450,True,31.75,119.5,-28125.0
2025-08-13 08:33:43.452,True,31.879999999999995,119.38,-27968.75
2025-08-13 08:33:44.454,True,29.120000000000005,119.5,-31406.25
2025-08-13 08:33:45.457,True,30.75,119.5,-29218.75
2025-08-13 08:33:46.458,True,30.879999999999995,119.5,-29218.75
2025-08-13 08:33:47.460,True,29.120000000000005,119.62,-31562.5
2025-08-13 08:33:48.462,True,28.620000000000005,119.62,-32187.5
2025-08-13 08:33:49.464,True,29.120000000000005,119.62,-31562.5
2025-08-13 08:33:50.467,True,29.5,119.5,-31093.75
2025-08-13 08:33:51.469,True,31.5,119.62,-28593.75
2025-08-13 08:33:52.470,True,31.5,119.62,-28593.75
2025-08-13 08:33:53.473,True,31.0,119.75,-29375.0
2025-08-13 08:33:54.475,True,34.379999999999995,119.62,-25000.0
2025-08-13 08:33:55.476,True,30.620000000000005,119.75,-29843.75
2025-08-13 08:33:56.478,True,29.120000000000005,119.75,-31718.75
2025-08-13 08:33:57.480,True,30.879999999999995,119.75,-29531.25
2025-08-13 08:33:58.482,True,29.5,119.62,-31250.0
2025-08-13 08:33:59.484,True,31.120000000000005,119.75,-29218.75
2025-08-13 08:34:00.485,True,31.620000000000005,119.88,-28750.0
2025-08-13 08:34:01.487,True,31.5,119.75,-28906.25
2025-08-13 08:34:02.489,True,30.75,119.75,-29843.75
2025-08-13 08:34:03.492,True,31.25,119.88,-29218.75
2025-08-13 08:34:04.494,True,30.879999999999995,119.88,-29687.5
2025-08-13 08:34:05.496,True,32.25,119.88,-27968.75
2025-08-13 08:34:06.498,True,31.5,119.75,-28906.25
2025-08-13 08:34:07.503,True,30.5,119.88,-30156.25
2025-08-13 08:34:08.505,True,32.120000000000005,119.88,-28125.0
2025-08-13 08:34:09.508,True,30.620000000000005,119.88,-30156.25
2025-08-13 08:34:10.509,True,30.879999999999995,120.0,-29843.75
2025-08-13 08:34:11.511,True,31.0,120.0,-29687.5
2025-08-13 08:34:12.513,True,30.879999999999995,119.88,-29843.75
2025-08-13 08:34:13.515,True,34.0,119.88,-25781.25
2025-08-13 08:34:14.516,True,32.25,120.0,-28281.25
2025-08-13 08:34:15.519,True,31.75,120.12,-28906.25
2025-08-13 08:34:16.521,True,31.5,120.12,-29218.75
2025-08-13 08:34:17.523,True,30.25,120.0,-30781.25
2025-08-13 08:34:18.525,True,32.120000000000005,120.12,-28437.5
2025-08-13 08:34:19.527,True,31.25,120.0,-29531.25
2025-08-13 08:34:20.529,True,32.25,120.12,-28281.25
2025-08-13 08:34:21.531,True,32.620000000000005,120.25,-27968.75
2025-08-13 08:34:22.533,True,30.879999999999995,120.25,-30156.25
2025-08-13 08:34:23.535,True,32.120000000000005,120.12,-28437.5
2025-08-13 08:34:24.537,True,31.5,120.25,-29375.0
2025-08-13 08:34:25.539,True,30.379999999999995,120.25,-30781.25
2025-08-13 08:34:26.543,True,31.379999999999995,120.12,-29375.0
2025-08-13 08:34:27.545,True,32.120000000000005,120.38,-28750.0
2025-08-13 08:34:28.547,True,35.5,120.38,-24375.0
2025-08-13 08:34:29.549,True,32.75,120.38,-27812.5
2025-08-13 08:34:30.551,True,32.379999999999995,120.38,-28281.25
2025-08-13 08:34:31.553,True,30.5,120.38,-30781.25
2025-08-13 08:34:32.555,True,30.620000000000005,120.25,-30625.0
2025-08-13 08:34:33.558,True,31.0,120.38,-30156.25
2025-08-13 08:34:34.560,True,34.120000000000005,120.38,-26250.0
2025-08-13 08:34:35.562,True,28.0,120.5,-34062.5
2025-08-13 08:34:36.564,True,31.120000000000005,120.5,-30156.25
2025-08-13 08:34:37.566,True,32.620000000000005,120.5,-28281.25
2025-08-13 08:34:38.568,True,32.620000000000005,120.5,-28281.25
2025-08-13 08:34:39.570,True,35.379999999999995,120.38,-24687.5
2025-08-13 08:34:40.573,True,35.25,120.38,-24843.75
2025-08-13 08:34:41.575,True,33.5,120.38,-27031.25
2025-08-13 08:34:42.577,True,33.5,120.5,-27187.5
2025-08-13 08:34:43.579,True,35.620000000000005,120.62,-24531.25
2025-08-13 08:34:44.580,True,30.5,120.62,-31093.75
2025-08-13 08:34:45.583,True,31.120000000000005,120.5,-30156.25
2025-08-13 08:34:46.585,True,32.75,120.62,-28281.25
2025-08-13 08:34:47.587,True,30.120000000000005,120.62,-31562.5
2025-08-13 08:34:48.590,True,30.75,120.5,-30781.25
2025-08-13 08:34:49.593,True,29.120000000000005,120.62,-32812.5
2025-08-13 08:34:50.595,True,33.5,120.75,-27343.75
2025-08-13 08:34:51.597,True,32.75,120.62,-28281.25
2025-08-13 08:34:52.600,True,32.25,120.75,-29062.5
2025-08-13 08:34:53.604,True,32.5,120.62,-28593.75
2025-08-13 08:34:54.608,True,33.0,120.62,-27968.75
2025-08-13 08:34:55.610,True,31.75,120.75,-29687.5
2025-08-13 08:34:56.612,True,31.879999999999995,120.62,-29375.0
2025-08-13 08:34:57.614,True,32.25,120.75,-29062.5
2025-08-13 08:34:58.618,True,31.620000000000005,120.88,-29843.75
2025-08-13 08:34:59.621,True,33.5,120.75,-27656.25
2025-08-13 08:35:00.624,True,31.75,120.88,-29843.75
2025-08-13 08:35:01.627,True,32.25,120.88,-29062.5
2025-08-13 08:35:02.630,True,31.379999999999995,120.88,-30312.5
2025-08-13 08:35:03.632,True,31.75,120.75,-29687.5
2025-08-13 08:35:04.635,True,31.379999999999995,121.0,-30312.5
2025-08-13 08:35:05.637,True,30.75,121.0,-31250.0
2025-08-13 08:35:06.639,True,30.25,120.88,-31718.75
2025-08-13 08:35:07.642,True,34.0,121.0,-27187.5
2025-08-13 08:35:08.644,True,33.25,121.0,-28125.0
2025-08-13 08:35:09.647,True,32.75,121.0,-28750.0
2025-08-13 08:35:10.649,True,32.620000000000005,121.0,-28906.25
2025-08-13 08:35:11.651,True,30.879999999999995,121.0,-31093.75
2025-08-13 08:35:12.653,True,32.620000000000005,121.0,-28906.25
2025-08-13 08:35:13.655,True,32.620000000000005,121.12,-29062.5
2025-08-13 08:35:14.658,True,35.120000000000005,121.0,-25781.25
2025-08-13 08:35:15.660,True,31.879999999999995,121.12,-30000.0
2025-08-13 08:35:16.663,True,28.5,121.12,-34218.75
2025-08-13 08:35:17.664,True,34.5,121.12,-26562.5
2025-08-13 08:35:18.666,True,30.379999999999995,121.12,-31875.0
2025-08-13 08:35:19.670,True,34.75,121.25,-26406.25
2025-08-13 08:35:20.672,True,33.620000000000005,121.25,-27812.5
2025-08-13 08:35:21.674,True,33.379999999999995,121.12,-28125.0
2025-08-13 08:35:22.676,True,31.0,121.25,-31250.0
2025-08-13 08:35:23.677,True,32.379999999999995,121.12,-29531.25
2025-08-13 08:35:24.679,True,33.879999999999995,121.25,-27500.0
2025-08-13 08:35:25.682,True,33.5,121.12,-28125.0
2025-08-13 08:35:26.683,True,30.0,121.25,-32500.0
2025-08-13 08:35:27.685,True,30.120000000000005,121.38,-32500.0
2025-08-13 08:35:28.688,True,33.75,121.38,-27968.75
2025-08-13 08:35:29.692,True,33.120000000000005,121.38,-28750.0
2025-08-13 08:35:30.695,True,32.379999999999995,121.25,-29531.25
2025-08-13 08:35:31.697,True,32.75,121.25,-29218.75
2025-08-13 08:35:32.701,True,31.25,121.38,-30937.5
2025-08-13 08:35:33.703,True,0.0,0.0,0.0
2025-08-13 08:35:34.705,True,33.0,121.38,-28906.25
2025-08-13 08:35:35.707,True,32.25,121.38,-29843.75
2025-08-13 08:35:36.709,True,30.75,121.38,-31718.75
2025-08-13 08:35:37.711,True,31.379999999999995,121.5,-31093.75
2025-08-13 08:35:38.714,True,31.75,121.38,-30468.75
2025-08-13 08:35:39.716,True,34.25,121.5,-27343.75
2025-08-13 08:35:40.718,True,31.620000000000005,121.5,-30937.5
2025-08-13 08:35:41.722,True,30.5,121.5,-32187.5
2025-08-13 08:35:42.724,True,33.120000000000005,121.62,-31093.75
2025-08-13 08:35:43.725,True,30.5,121.5,-32343.75
2025-08-13 08:35:44.728,True,32.5,121.5,-29843.75
2025-08-13 08:35:45.730,True,32.0,121.62,-30468.75
2025-08-13 08:35:46.732,True,31.0,121.62,-31718.75
2025-08-13 08:35:47.736,True,33.0,121.62,-29375.0
2025-08-13 08:35:48.739,True,31.379999999999995,121.62,-31406.25
2025-08-13 08:35:49.741,True,32.620000000000005,121.75,-29843.75
2025-08-13 08:35:50.743,True,33.879999999999995,121.75,-28281.25
2025-08-13 08:35:51.745,True,33.0,121.75,-29375.0
2025-08-13 08:35:52.747,True,33.25,121.75,-28906.25
2025-08-13 08:35:53.748,True,36.75,121.62,-24531.25
2025-08-13 08:35:54.751,True,34.75,121.75,-27187.5
2025-08-13 08:35:55.753,True,33.5,121.75,-28750.0
2025-08-13 08:35:56.755,True,35.5,121.75,-26250.0
2025-08-13 08:35:57.757,True,35.879999999999995,121.75,-25781.25
2025-08-13 08:35:58.760,True,31.120000000000005,121.88,-31875.0
2025-08-13 08:35:59.763,True,32.75,121.88,-29687.5
2025-08-13 08:36:00.765,True,31.75,121.75,-31093.75
2025-08-13 08:36:01.767,True,32.5,121.88,-30000.0
2025-08-13 08:36:02.770,True,33.75,121.88,-28593.75
2025-08-13 08:36:03.773,True,34.620000000000005,122.0,-27656.25
2025-08-13 08:36:04.776,True,35.0,121.88,-27187.5
2025-08-13 08:36:05.778,True,35.120000000000005,121.88,-26875.0
2025-08-13 08:36:06.779,True,34.879999999999995,122.0,-27343.75
2025-08-13 08:36:07.781,True,31.0,122.0,-32187.5
2025-08-13 08:36:08.783,True,33.879999999999995,122.0,-28593.75
2025-08-13 08:36:12.411,True,34.379999999999995,122.0,-27968.75
2025-08-13 08:36:13.413,True,33.879999999999995,122.0,-28750.0
2025-08-13 08:36:14.414,True,31.379999999999995,122.12,-31875.0
2025-08-13 08:36:17.827,True,32.75,122.12,-30156.25
2025-08-13 08:36:18.829,True,32.379999999999995,122.25,-30781.25
2025-08-13 08:36:19.833,True,31.25,122.25,-32187.5
2025-08-13 08:36:21.307,True,36.25,122.12,-25781.25
2025-08-13 08:36:22.311,True,35.25,122.12,-27031.25
2025-08-13 08:36:23.314,True,33.379999999999995,122.25,-29531.25
2025-08-13 08:36:24.319,True,33.5,122.25,-29375.0
2025-08-13 08:36:25.321,True,35.25,122.12,-27031.25
2025-08-13 08:36:26.324,True,33.620000000000005,122.25,-29218.75
2025-08-13 08:36:27.326,True,35.120000000000005,122.25,-27343.75
2025-08-13 08:36:28.327,True,35.25,122.25,-27187.5
2025-08-13 08:36:29.330,True,35.75,122.25,-26562.5
2025-08-13 08:36:30.332,True,34.120000000000005,122.38,-28750.0
2025-08-13 08:36:31.334,True,34.120000000000005,122.25,-28750.0
2025-08-13 08:36:32.338,True,36.5,122.38,-25625.0
2025-08-13 08:36:33.340,True,33.120000000000005,122.38,-30000.0
2025-08-13 08:36:34.342,True,32.620000000000005,122.5,-30781.25
2025-08-13 08:36:35.345,True,31.5,122.38,-32031.25
2025-08-13 08:36:36.348,True,36.620000000000005,122.5,-25625.0
2025-08-13 08:36:37.350,True,34.75,122.38,-27968.75
2025-08-13 08:36:38.355,True,34.75,122.5,-28125.0
2025-08-13 08:36:39.357,True,34.379999999999995,122.5,-28593.75
2025-08-13 08:36:40.362,True,36.379999999999995,122.38,-25937.5
2025-08-13 08:36:41.365,True,35.0,122.62,-27812.5
2025-08-13 08:36:42.367,True,34.379999999999995,122.5,-28750.0
2025-08-13 08:36:43.369,True,36.25,122.62,-26250.0
2025-08-13 08:36:44.371,True,32.879999999999995,122.62,-30468.75
2025-08-13 08:36:45.373,True,32.5,122.5,-31093.75
2025-08-13 08:36:46.375,True,31.620000000000005,122.62,-32187.5
2025-08-13 08:36:47.378,True,31.0,122.62,-32968.75
2025-08-13 08:36:48.381,True,33.620000000000005,122.62,-29687.5
2025-08-13 08:36:49.383,True,31.879999999999995,122.5,-29062.5
2025-08-13 08:36:50.396,True,34.879999999999995,122.62,-28125.0
2025-08-13 08:36:51.397,True,34.0,122.75,-29218.75
2025-08-13 08:36:52.400,True,34.0,122.62,-29218.75
2025-08-13 08:36:53.402,True,32.5,122.75,-31250.0
2025-08-13 08:36:54.404,True,34.0,122.75,-29218.75
2025-08-13 08:36:55.406,True,33.75,122.62,-29531.25
2025-08-13 08:36:56.408,True,37.0,122.75,-25468.75
2025-08-13 08:36:57.411,True,33.879999999999995,122.75,-29531.25
2025-08-13 08:36:58.413,True,35.75,122.62,-27187.5
2025-08-13 08:36:59.415,True,37.25,122.75,-25468.75
2025-08-13 08:37:00.425,True,35.379999999999995,122.88,-27812.5
2025-08-13 08:37:01.429,True,33.379999999999995,122.88,-30312.5
2025-08-13 08:37:02.431,True,35.879999999999995,122.75,-27187.5
2025-08-13 08:37:03.433,True,36.0,122.75,-27031.25
2025-08-13 08:37:04.434,True,35.879999999999995,122.88,-27031.25
2025-08-13 08:37:05.444,True,34.120000000000005,122.88,-29375.0
2025-08-13 08:37:06.446,True,33.0,122.88,-30781.25
2025-08-13 08:37:07.448,True,35.379999999999995,122.75,-27656.25
2025-08-13 08:37:08.451,True,32.620000000000005,122.88,-31250.0
2025-08-13 08:37:09.453,True,32.25,123.0,-31875.0
2025-08-13 08:37:10.455,True,33.0,123.0,-30937.5
2025-08-13 08:37:11.457,True,35.25,123.0,-28125.0
2025-08-13 08:37:12.459,True,34.5,122.88,-28906.25
2025-08-13 08:37:13.461,True,34.620000000000005,123.0,-28750.0
2025-08-13 08:37:14.463,True,32.379999999999995,123.0,-31718.75
2025-08-13 08:37:15.465,True,32.0,123.0,-32187.5
2025-08-13 08:37:16.467,True,33.620000000000005,123.0,-30156.25
2025-08-13 08:37:17.469,True,34.75,123.12,-28750.0
2025-08-13 08:37:18.474,True,35.120000000000005,123.0,-28437.5
2025-08-13 08:37:19.478,True,33.620000000000005,123.12,-30312.5
2025-08-13 08:37:20.530,True,34.120000000000005,123.12,-29687.5
2025-08-13 08:37:21.532,True,32.120000000000005,123.12,-32187.5
2025-08-13 08:37:22.534,True,33.5,123.12,-30468.75
2025-08-13 08:37:23.536,True,37.379999999999995,123.0,-25468.75
2025-08-13 08:37:24.540,True,36.120000000000005,123.12,-28437.5
2025-08-13 08:37:25.542,True,33.379999999999995,123.12,-30781.25
2025-08-13 08:37:26.544,True,33.879999999999995,123.25,-30156.25
2025-08-13 08:37:27.545,True,36.25,123.25,-27031.25
2025-08-13 08:37:28.548,True,36.620000000000005,123.12,-26562.5
2025-08-13 08:37:29.550,True,36.5,123.25,-26875.0
2025-08-13 08:37:30.553,True,32.5,123.25,-31875.0
2025-08-13 08:37:31.556,True,36.879999999999995,123.25,-26406.25
2025-08-13 08:37:32.559,True,36.879999999999995,123.25,-26406.25
2025-08-13 08:37:33.561,True,34.879999999999995,123.25,-28906.25
2025-08-13 08:37:34.563,True,37.379999999999995,123.25,-25781.25
2025-08-13 08:37:35.565,True,35.0,123.38,-28906.25
2025-08-13 08:37:36.567,True,36.379999999999995,123.38,-27031.25
2025-08-13 08:37:37.571,True,34.120000000000005,123.25,-30000.0
2025-08-13 08:37:38.574,True,34.379999999999995,123.38,-29531.25
2025-08-13 08:37:39.577,True,34.75,123.38,-29218.75
2025-08-13 08:37:40.580,True,36.0,123.25,-27500.0
2025-08-13 08:37:41.584,True,34.879999999999995,123.25,-28906.25
2025-08-13 08:37:42.586,True,33.620000000000005,123.38,-30625.0
2025-08-13 08:37:43.588,True,35.25,123.38,-28593.75
2025-08-13 08:37:44.591,True,35.0,123.38,-28906.25
2025-08-13 08:37:47.356,True,37.879999999999995,123.38,-25312.5
2025-08-13 08:37:48.358,True,37.120000000000005,123.5,-26406.25
2025-08-13 08:37:49.361,True,36.5,123.5,-27187.5
2025-08-13 08:37:50.363,True,34.75,123.5,-29375.0
2025-08-13 08:37:51.365,True,32.879999999999995,123.62,-31875.0
2025-08-13 08:37:52.368,True,36.0,123.5,-27812.5
2025-08-13 08:37:53.370,True,32.0,123.62,-32968.75
2025-08-13 08:37:54.372,True,32.75,123.62,-32031.25
2025-08-13 08:37:55.374,True,36.75,123.62,-27031.25
2025-08-13 08:37:56.377,True,35.879999999999995,123.62,-27968.75
2025-08-13 08:37:57.379,True,34.879999999999995,123.62,-29375.0
2025-08-13 08:37:58.381,True,35.5,123.62,-28437.5
2025-08-13 08:37:59.383,True,34.620000000000005,123.62,-29687.5
2025-08-13 08:38:00.385,True,36.879999999999995,123.62,-26875.0
2025-08-13 08:38:01.387,True,33.879999999999995,123.75,-30625.0
2025-08-13 08:38:02.390,True,32.879999999999995,123.75,-32031.25
2025-08-13 08:38:03.392,True,33.879999999999995,123.62,-30781.25
2025-08-13 08:38:04.394,True,0.0,0.0,0.0
2025-08-13 08:38:05.396,True,37.379999999999995,123.75,-26250.0
2025-08-13 08:38:06.397,True,37.120000000000005,123.88,-26562.5
2025-08-13 08:38:07.400,True,34.75,123.88,-29843.75
2025-08-13 08:38:08.402,True,37.120000000000005,123.88,-32812.5
2025-08-13 08:38:09.404,True,34.379999999999995,123.88,-30156.25
2025-08-13 08:38:10.405,True,35.5,123.88,-28906.25
2025-08-13 08:38:11.407,True,36.379999999999995,123.75,-27656.25
2025-08-13 08:38:12.410,True,34.5,123.88,-30156.25
2025-08-13 08:38:13.767,True,35.25,123.75,-29218.75
2025-08-13 08:38:14.770,True,36.620000000000005,123.88,-27500.0
2025-08-13 08:38:15.772,True,35.75,124.0,-28750.0
2025-08-13 08:38:16.774,True,35.0,123.88,-29531.25
2025-08-13 08:38:17.776,True,36.120000000000005,123.88,-28281.25
2025-08-13 08:38:18.777,True,36.879999999999995,124.0,-27187.5
2025-08-13 08:38:19.779,True,32.5,124.0,-32812.5
2025-08-13 08:38:20.781,True,34.75,123.88,-30000.0
2025-08-13 08:38:21.784,True,33.620000000000005,124.12,-31250.0
2025-08-13 08:38:22.787,True,33.620000000000005,124.12,-31562.5
2025-08-13 08:38:23.789,True,35.120000000000005,124.12,-29687.5
2025-08-13 08:38:24.791,True,33.379999999999995,124.0,-31875.0
2025-08-13 08:38:25.793,True,36.879999999999995,124.0,-27343.75
2025-08-13 08:38:26.796,True,35.879999999999995,124.12,-28750.0
2025-08-13 08:38:27.798,True,34.620000000000005,124.12,-30312.5
2025-08-13 08:38:28.801,True,34.879999999999995,124.12,-30000.0
2025-08-13 08:38:29.803,True,36.75,124.0,-27500.0
2025-08-13 08:38:30.805,True,35.620000000000005,124.12,-29062.5
2025-08-13 08:38:31.807,True,35.879999999999995,124.25,-28750.0
2025-08-13 08:38:32.809,True,35.5,124.12,-29218.75
2025-08-13 08:38:33.812,True,35.620000000000005,124.12,-29218.75
2025-08-13 08:38:34.814,True,35.25,124.25,-29687.5
2025-08-13 08:38:35.816,True,33.0,124.25,-32500.0
2025-08-13 08:38:36.819,True,32.5,124.25,-33125.0
2025-08-13 08:38:37.822,True,35.5,124.25,-29375.0
2025-08-13 08:38:38.824,True,36.120000000000005,124.25,-28593.75
2025-08-13 08:38:39.827,True,35.879999999999995,124.25,-28906.25
2025-08-13 08:38:40.829,True,36.25,124.25,-28593.75
2025-08-13 08:38:41.832,True,34.0,124.25,-31250.0
2025-08-13 08:38:42.834,True,36.25,124.25,-28437.5
2025-08-13 08:38:43.838,True,34.879999999999995,124.25,-30156.25
2025-08-13 08:38:44.840,True,33.5,124.25,-32031.25
2025-08-13 08:38:45.844,True,33.120000000000005,124.25,-32500.0
2025-08-13 08:38:46.846,True,35.379999999999995,124.38,-29687.5
2025-08-13 08:38:47.848,True,33.379999999999995,124.5,-32187.5
2025-08-13 08:38:48.851,True,35.25,124.38,-30000.0
2025-08-13 08:38:49.854,True,37.0,124.38,-27812.5
2025-08-13 08:38:50.856,True,35.5,124.5,-29687.5
2025-08-13 08:38:51.859,True,34.5,124.5,-30937.5
2025-08-13 08:38:52.861,True,33.75,124.5,-31875.0
2025-08-13 08:38:53.864,True,33.620000000000005,124.38,-32031.25
2025-08-13 08:38:54.866,True,33.879999999999995,124.5,-31875.0
2025-08-13 08:38:55.871,True,35.5,124.38,-29531.25
2025-08-13 08:38:56.873,True,34.120000000000005,124.5,-31406.25
2025-08-13 08:38:57.876,True,35.120000000000005,124.5,-30156.25
2025-08-13 08:38:58.879,True,35.120000000000005,124.62,-30156.25
2025-08-13 08:38:59.881,True,35.25,124.62,-30156.25
2025-08-13 08:39:00.884,True,36.379999999999995,124.5,-28593.75
2025-08-13 08:39:01.887,True,37.120000000000005,124.62,-27656.25
2025-08-13 08:39:02.889,True,35.879999999999995,124.5,-29375.0
2025-08-13 08:39:03.891,True,37.75,124.62,-27031.25
2025-08-13 08:39:04.894,True,34.879999999999995,124.5,-30625.0
2025-08-13 08:39:05.896,True,34.75,124.62,-30781.25
2025-08-13 08:39:06.899,True,36.879999999999995,124.62,-28125.0
2025-08-13 08:39:07.901,True,37.25,124.62,-27656.25
2025-08-13 08:39:08.902,True,37.620000000000005,124.75,-27343.75
2025-08-13 08:39:09.904,True,35.120000000000005,124.75,-30468.75
2025-08-13 08:39:11.063,True,37.620000000000005,124.75,-27187.5
2025-08-13 08:39:12.065,True,37.879999999999995,124.75,-26875.0
2025-08-13 08:39:13.067,True,36.879999999999995,124.75,-28281.25
2025-08-13 08:39:14.069,True,36.379999999999995,124.62,-28750.0
2025-08-13 08:39:15.072,True,36.5,124.88,-28906.25
2025-08-13 08:39:16.075,True,36.75,124.75,-28437.5
2025-08-13 08:39:17.077,True,38.25,124.75,-26406.25
2025-08-13 08:39:18.080,True,37.0,124.75,-28125.0
2025-08-13 08:39:19.083,True,34.5,124.88,-31406.25
2025-08-13 08:39:20.086,True,34.620000000000005,124.75,-31093.75
2025-08-13 08:39:21.088,True,36.0,124.88,-29531.25
2025-08-13 08:39:22.091,True,34.879999999999995,125.0,-31093.75
2025-08-13 08:39:23.093,True,35.5,125.0,-30312.5
2025-08-13 08:39:24.095,True,33.0,124.88,-33281.25
2025-08-13 08:39:25.098,True,35.75,124.88,-29843.75
2025-08-13 08:39:26.100,True,36.120000000000005,125.0,-29531.25
2025-08-13 08:39:27.102,True,35.879999999999995,125.0,-29687.5
2025-08-13 08:39:28.104,True,36.5,124.88,-29062.5
2025-08-13 08:39:29.106,True,33.75,125.0,-32500.0
2025-08-13 08:39:30.108,True,37.120000000000005,125.0,-28125.0
2025-08-13 08:39:31.109,True,35.120000000000005,125.0,-30781.25
2025-08-13 08:39:32.113,True,34.379999999999995,125.0,-31718.75
2025-08-13 08:39:33.115,True,36.620000000000005,125.12,-28437.5
2025-08-13 08:39:34.118,True,37.0,125.0,-28437.5
2025-08-13 08:39:35.120,True,34.75,125.12,-31406.25
2025-08-13 08:39:36.122,True,39.25,125.0,-25468.75
2025-08-13 08:39:37.124,True,36.620000000000005,125.0,-29062.5
2025-08-13 08:39:38.127,True,0.0,0.0,0.0
2025-08-13 08:39:39.129,True,36.5,125.12,-29218.75
2025-08-13 08:39:40.131,True,36.75,125.0,-28906.25
2025-08-13 08:39:41.134,True,36.5,125.12,-29062.5
2025-08-13 08:39:42.136,True,36.120000000000005,125.12,-29687.5
2025-08-13 08:39:43.139,True,36.379999999999995,125.25,-29531.25
2025-08-13 08:39:44.141,True,36.25,125.25,-29687.5
2025-08-13 08:39:45.143,True,36.620000000000005,125.12,-29062.5
2025-08-13 08:39:46.145,True,34.379999999999995,125.12,-31875.0
2025-08-13 08:39:47.147,True,36.5,125.25,-29375.0
2025-08-13 08:39:48.149,True,34.5,125.25,-31875.0
2025-08-13 08:39:49.151,True,37.120000000000005,125.12,-28437.5
2025-08-13 08:39:50.153,True,39.0,125.12,-25937.5
2025-08-13 08:39:51.156,True,36.0,125.25,-30000.0
2025-08-13 08:39:52.158,True,36.5,125.25,-29375.0
2025-08-13 08:39:53.161,True,34.75,125.25,-31562.5
2025-08-13 08:39:54.163,True,36.0,125.38,-30156.25
2025-08-13 08:39:55.165,True,37.120000000000005,125.25,-28593.75
2025-08-13 08:39:56.167,True,33.25,125.38,-33593.75
2025-08-13 08:39:57.169,True,35.879999999999995,125.25,-30156.25
2025-08-13 08:39:58.171,True,33.879999999999995,125.38,-32812.5
2025-08-13 08:39:59.173,True,36.620000000000005,125.25,-29375.0
2025-08-13 08:40:00.175,True,33.75,125.38,-32968.75
2025-08-13 08:40:01.177,True,38.5,125.5,-26875.0
2025-08-13 08:40:02.179,True,36.75,125.5,-29375.0
2025-08-13 08:40:03.181,True,36.379999999999995,125.38,-29687.5
2025-08-13 08:40:04.184,True,36.620000000000005,125.5,-29531.25
2025-08-13 08:40:05.186,True,36.120000000000005,125.5,-30156.25
2025-08-13 08:40:06.189,True,33.75,125.5,-33125.0
2025-08-13 08:40:07.191,True,35.879999999999995,125.5,-30312.5
2025-08-13 08:40:08.193,True,33.879999999999995,125.5,-32968.75
2025-08-13 08:40:09.198,True,35.879999999999995,125.62,-30625.0
2025-08-13 08:40:10.202,True,34.879999999999995,125.5,-31875.0
2025-08-13 08:40:11.204,True,35.879999999999995,125.5,-30625.0
2025-08-13 08:40:12.206,True,37.5,125.62,-28437.5
2025-08-13 08:40:13.210,True,35.0,125.62,-31718.75
2025-08-13 08:40:14.212,True,36.5,125.62,-29843.75
2025-08-13 08:40:15.215,True,35.0,125.62,-31718.75
2025-08-13 08:40:16.218,True,36.25,125.62,-30156.25
2025-08-13 08:40:17.221,True,35.75,125.5,-30625.0
2025-08-13 08:40:18.223,True,36.5,125.62,-29843.75
2025-08-13 08:40:19.226,True,34.0,125.75,-33125.0
2025-08-13 08:40:20.230,True,33.5,125.75,-33750.0
2025-08-13 08:40:21.233,True,35.75,125.62,-30781.25
2025-08-13 08:40:22.236,True,35.620000000000005,125.75,-31093.75
2025-08-13 08:40:23.239,True,38.75,125.62,-26875.0
2025-08-13 08:40:24.241,True,36.75,125.62,-29531.25
2025-08-13 08:40:25.243,True,36.879999999999995,125.88,-29375.0
2025-08-13 08:40:26.245,True,35.5,125.75,-31250.0
2025-08-13 08:40:27.249,True,36.5,125.88,-30156.25
2025-08-13 08:40:28.250,True,35.379999999999995,125.75,-31406.25
2025-08-13 08:40:29.253,True,36.620000000000005,125.75,-29843.75
2025-08-13 08:40:30.256,True,34.620000000000005,125.88,-32500.0
2025-08-13 08:40:31.258,True,35.879999999999995,125.75,-30937.5
2025-08-13 08:40:32.260,True,36.0,125.88,-30625.0
2025-08-13 08:40:33.262,True,39.879999999999995,125.75,-25625.0
2025-08-13 08:40:34.264,True,38.75,125.75,-27031.25
2025-08-13 08:40:35.266,True,37.25,125.88,-29218.75
2025-08-13 08:40:36.269,True,38.0,125.88,-28125.0
2025-08-13 08:40:37.272,True,36.879999999999995,125.88,-29687.5
2025-08-13 08:40:38.274,True,35.5,126.0,-31406.25
2025-08-13 08:40:39.276,True,39.25,126.0,-26562.5
2025-08-13 08:40:40.278,True,37.379999999999995,125.88,-29062.5
2025-08-13 08:40:41.281,True,35.25,126.0,-31875.0
2025-08-13 08:40:42.283,True,35.25,126.0,-31718.75
2025-08-13 08:40:43.285,True,36.5,125.88,-30156.25
2025-08-13 08:40:44.289,True,37.120000000000005,126.12,-29687.5
2025-08-13 08:40:45.290,True,34.120000000000005,126.0,-33281.25
2025-08-13 08:40:46.293,True,34.5,126.0,-32968.75
2025-08-13 08:40:47.295,True,32.5,126.0,-35468.75
2025-08-13 08:40:48.297,True,36.879999999999995,126.0,-29843.75
2025-08-13 08:40:49.300,True,37.879999999999995,126.0,-28437.5
2025-08-13 08:40:50.302,True,34.879999999999995,126.12,-32500.0
2025-08-13 08:40:51.306,True,37.379999999999995,126.0,-29062.5
2025-08-13 08:40:52.311,True,37.5,126.0,-29062.5
2025-08-13 08:40:53.313,True,36.620000000000005,126.12,-30312.5
2025-08-13 08:40:54.316,True,35.0,126.12,-32343.75
2025-08-13 08:40:55.318,True,35.379999999999995,126.25,-31875.0
2025-08-13 08:40:56.321,True,37.120000000000005,126.12,-29687.5
2025-08-13 08:40:57.323,True,40.0,126.25,-25937.5
2025-08-13 08:40:58.326,True,33.25,126.25,-34687.5
2025-08-13 08:40:59.328,True,37.5,126.12,-29062.5
2025-08-13 08:41:00.330,True,37.25,126.25,-29375.0
2025-08-13 08:41:01.332,True,37.25,126.25,-29531.25
2025-08-13 08:41:02.335,True,35.75,126.25,-31562.5
2025-08-13 08:41:03.338,True,38.120000000000005,126.12,-28281.25
2025-08-13 08:41:04.340,True,38.379999999999995,126.12,-27968.75
2025-08-13 08:41:05.341,True,37.120000000000005,126.25,-29687.5
2025-08-13 08:41:06.344,True,35.0,126.38,-32656.25
2025-08-13 08:41:07.346,True,36.75,126.38,-30468.75
2025-08-13 08:41:08.348,True,34.879999999999995,126.38,-30937.5
2025-08-13 08:41:09.350,True,36.879999999999995,126.38,-30312.5
2025-08-13 08:41:10.352,True,37.5,126.25,-29218.75
2025-08-13 08:41:11.355,True,36.0,126.38,-31406.25
2025-08-13 08:41:12.357,True,37.379999999999995,126.38,-29531.25
2025-08-13 08:41:13.359,True,35.120000000000005,126.38,-32500.0
2025-08-13 08:41:14.362,True,34.75,126.38,-32968.75
2025-08-13 08:41:15.365,True,34.120000000000005,126.38,-33750.0
2025-08-13 08:41:16.366,True,34.0,126.38,-33906.25
2025-08-13 08:41:17.369,True,34.620000000000005,126.5,-30781.25
2025-08-13 08:41:18.370,True,35.75,126.38,-31718.75
2025-08-13 08:41:19.373,True,37.25,126.38,-29687.5
2025-08-13 08:41:20.376,True,36.620000000000005,126.5,-30625.0
2025-08-13 08:41:21.378,True,36.0,126.38,-31562.5
2025-08-13 08:41:22.380,True,36.25,126.38,-31250.0
2025-08-13 08:41:23.384,True,38.379999999999995,126.38,-28281.25
2025-08-13 08:41:24.386,True,37.120000000000005,126.5,-30000.0
2025-08-13 08:41:25.389,True,34.5,126.5,-33437.5
2025-08-13 08:41:26.390,True,38.620000000000005,126.5,-28125.0
2025-08-13 08:41:27.393,True,36.620000000000005,126.62,-33437.5
2025-08-13 08:41:28.394,True,34.5,126.5,-33437.5
2025-08-13 08:41:29.397,True,33.75,126.62,-34531.25
2025-08-13 08:41:30.400,True,33.620000000000005,126.62,-30312.5
2025-08-13 08:41:31.405,True,35.620000000000005,126.62,-32187.5
2025-08-13 08:41:32.408,True,36.879999999999995,126.5,-30468.75
2025-08-13 08:41:33.410,True,35.75,126.5,-31875.0
2025-08-13 08:41:34.413,True,35.75,126.62,-32031.25
2025-08-13 08:41:35.415,True,34.120000000000005,126.62,-34062.5
2025-08-13 08:41:36.418,True,34.120000000000005,126.75,-34218.75
2025-08-13 08:41:37.422,True,35.5,126.62,-32343.75
2025-08-13 08:41:38.424,True,33.0,126.62,-35625.0
2025-08-13 08:41:39.428,True,34.120000000000005,126.75,-34218.75
2025-08-13 08:41:40.430,True,35.879999999999995,126.62,-31875.0
2025-08-13 08:41:41.432,True,36.0,126.62,-31718.75
2025-08-13 08:41:42.434,True,32.5,126.75,-36250.0
2025-08-13 08:41:43.437,True,32.879999999999995,126.88,-35937.5
2025-08-13 08:41:44.440,True,34.620000000000005,126.88,-33750.0
2025-08-13 08:41:45.442,True,34.120000000000005,126.88,-34375.0
2025-08-13 08:41:46.444,True,37.120000000000005,126.75,-30312.5
2025-08-13 08:41:47.446,True,37.120000000000005,126.75,-30312.5
2025-08-13 08:41:48.448,True,34.75,126.88,-33593.75
2025-08-13 08:41:49.450,True,32.75,126.88,-36093.75
2025-08-13 08:41:50.452,True,36.879999999999995,126.88,-30625.0
2025-08-13 08:41:51.455,True,37.379999999999995,126.88,-30156.25
2025-08-13 08:41:52.457,True,37.5,126.88,-29843.75
2025-08-13 08:41:53.459,True,36.620000000000005,127.0,-30937.5
2025-08-13 08:41:54.461,True,37.5,127.0,-29843.75
2025-08-13 08:41:55.463,True,32.620000000000005,127.0,-36406.25
2025-08-13 08:41:56.465,True,35.25,127.0,-32968.75
2025-08-13 08:41:57.467,True,34.5,127.0,-34062.5
2025-08-13 08:41:58.469,True,36.120000000000005,127.0,-32031.25
2025-08-13 08:41:59.471,True,33.25,127.0,-35625.0
2025-08-13 08:42:00.473,True,33.5,127.0,-35312.5
2025-08-13 08:42:01.475,True,34.120000000000005,127.0,-32031.25
2025-08-13 08:42:02.477,True,36.879999999999995,127.0,-30937.5
2025-08-13 08:42:03.480,True,33.879999999999995,127.12,-34843.75
2025-08-13 08:42:04.482,True,36.620000000000005,127.0,-31406.25
2025-08-13 08:42:05.484,True,36.75,127.12,-31250.0
2025-08-13 08:42:06.540,True,36.120000000000005,127.12,-32187.5
2025-08-13 08:42:07.541,True,37.879999999999995,127.0,-29687.5
2025-08-13 08:42:08.544,True,35.0,127.12,-33593.75
2025-08-13 08:42:09.547,True,33.75,127.0,-35156.25
2025-08-13 08:42:10.549,True,35.620000000000005,127.12,-32812.5
2025-08-13 08:42:11.551,True,38.120000000000005,127.12,-29375.0
2025-08-13 08:42:12.553,True,33.25,127.12,-35781.25
2025-08-13 08:42:13.554,True,34.5,127.12,-34218.75
2025-08-13 08:42:14.556,True,36.5,127.25,-31718.75
2025-08-13 08:42:15.558,True,35.879999999999995,127.25,-32656.25
2025-08-13 08:42:16.560,True,35.25,127.25,-33437.5
2025-08-13 08:42:17.562,True,37.0,127.12,-30937.5
2025-08-13 08:42:18.564,True,33.75,127.25,-35312.5
2025-08-13 08:42:19.566,True,36.879999999999995,127.25,-31250.0
2025-08-13 08:42:20.568,True,36.5,127.25,-31718.75
2025-08-13 08:42:21.571,True,38.0,127.12,-29843.75
2025-08-13 08:42:22.573,True,37.0,127.12,-30937.5
2025-08-13 08:42:23.575,True,35.620000000000005,127.25,-32968.75
2025-08-13 08:42:24.579,True,37.379999999999995,127.12,-30156.25
2025-08-13 08:42:25.581,True,34.379999999999995,127.25,-34531.25
2025-08-13 08:42:26.583,True,34.75,127.25,-34062.5
2025-08-13 08:42:27.585,True,35.0,127.25,-33906.25
2025-08-13 08:42:28.591,True,32.0,127.38,-37656.25
2025-08-13 08:42:29.593,True,35.0,127.38,-33906.25
2025-08-13 08:42:30.594,True,36.620000000000005,127.38,-37968.75
2025-08-13 08:42:31.596,True,35.620000000000005,127.38,-33125.0
2025-08-13 08:42:32.599,True,34.5,127.38,-34531.25
2025-08-13 08:42:33.601,True,35.75,127.38,-33125.0
2025-08-13 08:42:34.604,True,33.879999999999995,127.38,-35468.75
2025-08-13 08:42:35.606,True,35.25,127.5,-33750.0
2025-08-13 08:42:36.608,True,35.879999999999995,127.5,-32968.75
2025-08-13 08:42:37.610,True,36.25,127.38,-32343.75
2025-08-13 08:42:38.612,True,37.25,127.5,-31093.75
2025-08-13 08:42:39.614,True,36.620000000000005,127.38,-31718.75
2025-08-13 08:42:40.616,True,39.25,127.38,-28437.5
2025-08-13 08:42:41.618,True,37.75,127.5,-30468.75
2025-08-13 08:42:42.619,True,39.25,127.5,-28593.75
2025-08-13 08:42:43.621,True,36.879999999999995,127.38,-31406.25
2025-08-13 08:42:44.624,True,33.0,127.5,-36562.5
2025-08-13 08:42:45.626,True,35.0,127.62,-34218.75
2025-08-13 08:42:46.628,True,36.379999999999995,127.5,-32343.75
2025-08-13 08:42:47.630,True,36.5,127.5,-32031.25
2025-08-13 08:42:48.632,True,36.620000000000005,127.5,-31875.0
2025-08-13 08:42:49.635,True,34.379999999999995,127.62,-35000.0
2025-08-13 08:42:50.639,True,37.25,127.62,-31250.0
2025-08-13 08:42:51.642,True,37.879999999999995,127.62,-30468.75
2025-08-13 08:42:52.645,True,36.25,127.62,-32500.0
2025-08-13 08:42:53.647,True,34.0,127.75,-31562.5
2025-08-13 08:42:54.650,True,36.379999999999995,127.62,-32343.75
2025-08-13 08:42:55.652,True,36.25,127.62,-32656.25
2025-08-13 08:42:56.654,True,35.879999999999995,127.75,-33281.25
2025-08-13 08:42:57.656,True,38.75,127.62,-29375.0
2025-08-13 08:42:58.660,True,37.379999999999995,127.62,-31093.75
2025-08-13 08:42:59.665,True,39.379999999999995,127.62,-28593.75
2025-08-13 08:43:00.667,True,39.879999999999995,127.75,-28125.0
2025-08-13 08:43:01.669,True,33.620000000000005,127.75,-36093.75
2025-08-13 08:43:02.672,True,34.120000000000005,127.75,-35468.75
2025-08-13 08:43:03.674,True,35.120000000000005,127.88,-34375.0
2025-08-13 08:43:04.676,True,33.5,127.88,-36406.25
2025-08-13 08:43:05.678,True,34.0,127.88,-35781.25
2025-08-13 08:43:06.681,True,36.620000000000005,127.75,-32187.5
2025-08-13 08:43:07.683,True,34.879999999999995,127.88,-34687.5
2025-08-13 08:43:08.686,True,35.379999999999995,127.88,-33906.25
2025-08-13 08:43:09.687,True,36.120000000000005,127.88,-33125.0
2025-08-13 08:43:10.690,True,34.5,127.88,-35156.25
2025-08-13 08:43:11.692,True,36.120000000000005,127.88,-33125.0
2025-08-13 08:43:12.694,True,39.620000000000005,128.0,-28593.75
2025-08-13 08:43:13.696,True,37.25,127.88,-31562.5
2025-08-13 08:43:14.697,True,39.120000000000005,128.0,-29375.0
2025-08-13 08:43:15.699,True,35.5,128.0,-34062.5
2025-08-13 08:43:16.701,True,36.0,127.88,-33281.25
2025-08-13 08:43:17.703,True,34.120000000000005,128.0,-35781.25
2025-08-13 08:43:18.705,True,35.620000000000005,128.0,-33906.25
2025-08-13 08:43:19.707,True,35.0,127.88,-34531.25
2025-08-13 08:43:20.709,True,36.25,128.0,-32968.75
2025-08-13 08:43:21.711,True,36.879999999999995,127.88,-32031.25
2025-08-13 08:43:22.714,True,39.0,128.0,-29531.25
2025-08-13 08:43:23.716,True,36.25,128.12,-33125.0
2025-08-13 08:43:24.718,True,37.25,128.12,-31875.0
2025-08-13 08:43:25.720,True,38.5,128.0,-30156.25
2025-08-13 08:43:26.722,True,38.0,128.12,-30937.5
2025-08-13 08:43:27.724,True,38.620000000000005,128.0,-30156.25
2025-08-13 08:43:28.727,True,35.25,128.12,-34531.25
2025-08-13 08:43:29.729,True,35.75,128.12,-33906.25
2025-08-13 08:43:30.732,True,37.379999999999995,128.12,-31718.75
2025-08-13 08:43:31.734,True,37.120000000000005,128.12,-32031.25
2025-08-13 08:43:32.737,True,34.5,128.12,-35468.75
2025-08-13 08:43:33.740,True,36.120000000000005,128.12,-33281.25
2025-08-13 08:43:34.742,True,37.879999999999995,128.12,-31093.75
2025-08-13 08:43:35.745,True,37.5,128.12,-31562.5
2025-08-13 08:43:36.747,True,35.379999999999995,128.25,-32187.5
2025-08-13 08:43:37.749,True,36.75,128.25,-32500.0
2025-08-13 08:43:38.751,True,36.120000000000005,128.12,-33281.25
2025-08-13 08:43:39.753,True,34.25,128.25,-35937.5
2025-08-13 08:43:40.755,True,35.879999999999995,128.12,-33750.0
2025-08-13 08:43:41.757,True,32.75,128.25,-37812.5
2025-08-13 08:43:42.759,True,35.25,128.38,-34531.25
2025-08-13 08:43:43.761,True,34.25,128.25,-36093.75
2025-08-13 08:43:44.763,True,36.120000000000005,128.25,-33437.5
2025-08-13 08:43:45.765,True,34.379999999999995,128.38,-35937.5
2025-08-13 08:43:46.767,True,35.25,128.38,-34687.5
2025-08-13 08:43:47.768,True,34.5,128.38,-35781.25
2025-08-13 08:43:48.771,True,34.25,128.38,-36093.75
2025-08-13 08:43:49.772,True,37.0,128.38,-32500.0
2025-08-13 08:43:50.774,True,35.379999999999995,128.25,-34687.5
2025-08-13 08:43:51.776,True,35.879999999999995,128.38,-34062.5
2025-08-13 08:43:52.778,True,39.5,128.38,-29375.0
2025-08-13 08:43:53.780,True,36.0,128.38,-33750.0
2025-08-13 08:43:54.781,True,37.0,128.5,-32500.0
2025-08-13 08:43:55.784,True,36.25,128.5,-33437.5
2025-08-13 08:43:56.786,True,36.25,128.5,-33437.5
2025-08-13 08:43:57.788,True,0.0,0.0,0.0
2025-08-13 08:43:58.790,True,37.620000000000005,128.5,-31875.0
2025-08-13 08:43:59.791,True,38.620000000000005,128.5,-30625.0
2025-08-13 08:44:00.793,True,33.0,128.62,-37968.75
2025-08-13 08:44:01.796,True,35.25,128.5,-35000.0
2025-08-13 08:44:02.798,True,34.75,128.62,-35781.25
2025-08-13 08:44:03.800,True,34.120000000000005,128.5,-30781.25
2025-08-13 08:44:04.802,True,37.25,128.5,-32343.75
2025-08-13 08:44:05.804,True,36.879999999999995,128.62,-32812.5
2025-08-13 08:44:06.806,True,34.120000000000005,128.5,-36562.5
2025-08-13 08:44:07.810,True,37.25,128.62,-32500.0
2025-08-13 08:44:08.812,True,34.75,128.62,-35781.25
2025-08-13 08:44:09.814,True,33.75,128.75,-37187.5
2025-08-13 08:44:10.816,True,35.379999999999995,128.62,-31093.75
2025-08-13 08:44:11.818,True,35.620000000000005,128.75,-34843.75
2025-08-13 08:44:12.820,True,40.25,128.75,-28906.25
2025-08-13 08:44:13.822,True,37.879999999999995,128.75,-34375.0
2025-08-13 08:44:14.827,True,39.120000000000005,128.62,-30312.5
2025-08-13 08:44:15.829,True,39.879999999999995,128.75,-29218.75
2025-08-13 08:44:16.832,True,36.120000000000005,128.75,-33906.25
2025-08-13 08:44:17.833,True,37.25,128.75,-32656.25
2025-08-13 08:44:18.835,True,34.5,128.75,-36250.0
2025-08-13 08:44:19.837,True,36.620000000000005,128.75,-33281.25
2025-08-13 08:44:20.840,True,35.120000000000005,128.88,-35468.75
2025-08-13 08:44:21.841,True,34.879999999999995,128.75,-34218.75
2025-08-13 08:44:22.843,True,35.620000000000005,128.75,-34843.75
2025-08-13 08:44:23.845,True,35.620000000000005,128.88,-34687.5
2025-08-13 08:44:24.847,True,32.879999999999995,128.88,-38437.5
2025-08-13 08:44:25.850,True,32.879999999999995,128.88,-38437.5
2025-08-13 08:44:26.852,True,34.5,128.75,-36406.25
2025-08-13 08:44:27.854,True,35.120000000000005,128.88,-35625.0
2025-08-13 08:44:28.856,True,36.620000000000005,128.75,-33437.5
2025-08-13 08:44:29.858,True,0.0,0.0,0.0
2025-08-13 08:44:30.861,True,39.75,128.88,-29687.5
2025-08-13 08:44:31.865,True,36.879999999999995,129.0,-33437.5
2025-08-13 08:44:32.867,True,38.120000000000005,129.0,-31875.0
2025-08-13 08:44:33.870,True,36.25,129.0,-34218.75
2025-08-13 08:44:34.872,True,38.379999999999995,129.0,-31562.5
2025-08-13 08:44:35.876,True,37.379999999999995,128.88,-32656.25
2025-08-13 08:44:36.879,True,35.5,128.88,-35312.5
2025-08-13 08:44:37.881,True,33.5,129.0,-37812.5
2025-08-13 08:44:38.884,True,34.879999999999995,129.0,-36093.75
2025-08-13 08:44:39.886,True,35.620000000000005,128.88,-35000.0
2025-08-13 08:44:40.888,True,35.620000000000005,129.0,-35156.25
2025-08-13 08:44:41.890,True,32.75,129.12,-38906.25
2025-08-13 08:44:42.892,True,35.25,129.12,-35781.25
2025-08-13 08:44:43.894,True,34.25,129.0,-37031.25
2025-08-13 08:44:44.896,True,36.25,129.0,-34218.75
2025-08-13 08:44:45.898,True,36.379999999999995,129.12,-34218.75
2025-08-13 08:44:46.902,True,36.75,129.12,-33750.0
2025-08-13 08:44:47.904,True,36.25,129.25,-34531.25
2025-08-13 08:44:48.906,True,36.379999999999995,129.12,-34218.75
2025-08-13 08:44:49.908,True,37.120000000000005,129.12,-33281.25
2025-08-13 08:44:50.910,True,35.0,129.25,-36250.0
2025-08-13 08:44:51.911,True,39.379999999999995,129.25,-30625.0
2025-08-13 08:44:52.914,True,39.75,129.25,-30156.25
2025-08-13 08:44:53.916,True,39.379999999999995,129.12,-30625.0
2025-08-13 08:44:54.918,True,42.75,129.25,-26250.0
2025-08-13 08:44:55.920,True,43.75,129.25,-24843.75
2025-08-13 08:44:56.922,True,37.0,129.25,-33593.75
2025-08-13 08:44:57.924,True,36.25,129.25,-34531.25
2025-08-13 08:44:58.927,True,35.120000000000005,129.25,-36093.75
2025-08-13 08:44:59.930,True,40.5,129.25,-29218.75
2025-08-13 08:45:00.932,True,36.879999999999995,129.25,-33750.0
2025-08-13 08:45:01.934,True,34.620000000000005,129.38,-36875.0
2025-08-13 08:45:02.936,True,36.120000000000005,129.38,-34843.75
2025-08-13 08:45:03.938,True,35.879999999999995,129.38,-35156.25
2025-08-13 08:45:04.940,True,35.5,129.38,-35625.0
2025-08-13 08:45:05.942,True,36.620000000000005,129.38,-34218.75
2025-08-13 08:45:06.944,True,37.0,129.5,-33906.25
2025-08-13 08:45:07.946,True,37.379999999999995,129.38,-33437.5
2025-08-13 08:45:08.948,True,39.75,129.5,-30312.5
2025-08-13 08:45:09.950,True,36.5,129.5,-34375.0
2025-08-13 08:45:10.952,True,38.25,129.38,-32343.75
2025-08-13 08:45:11.954,True,38.879999999999995,129.5,-31406.25
2025-08-13 08:45:12.956,True,37.620000000000005,129.5,-33125.0
2025-08-13 08:45:13.958,True,39.0,129.5,-31406.25
2025-08-13 08:45:14.960,True,38.879999999999995,129.38,-31562.5
2025-08-13 08:45:15.962,True,37.0,129.38,-33906.25
2025-08-13 08:45:16.964,True,38.5,129.5,-32031.25
2025-08-13 08:45:17.966,True,35.5,129.5,-35937.5
2025-08-13 08:45:18.968,True,36.379999999999995,129.38,-34531.25
2025-08-13 08:45:19.970,True,35.25,129.5,-36250.0
2025-08-13 08:45:20.972,True,35.620000000000005,129.5,-35625.0
2025-08-13 08:45:21.973,True,33.75,129.62,-38281.25
2025-08-13 08:45:22.975,True,36.25,129.62,-35000.0
2025-08-13 08:45:23.978,True,36.25,129.5,-35000.0
2025-08-13 08:45:24.980,True,37.5,129.62,-33437.5
2025-08-13 08:45:25.982,True,36.75,129.62,-34375.0
2025-08-13 08:45:27.093,True,36.25,129.62,-34375.0
2025-08-13 08:45:28.095,True,38.25,129.62,-32500.0
2025-08-13 08:45:29.097,True,37.5,129.62,-33437.5
2025-08-13 08:45:30.099,True,40.120000000000005,129.75,-30156.25
2025-08-13 08:45:31.102,True,39.0,129.62,-31562.5
2025-08-13 08:45:32.105,True,37.120000000000005,129.62,-33906.25
2025-08-13 08:45:33.107,True,34.879999999999995,129.75,-37031.25
2025-08-13 08:45:34.109,True,39.879999999999995,129.62,-30468.75
2025-08-13 08:45:35.112,True,37.879999999999995,129.62,-32968.75
2025-08-13 08:45:36.113,True,35.75,129.75,-35781.25
2025-08-13 08:45:37.115,True,39.879999999999995,129.62,-30468.75
2025-08-13 08:45:38.117,True,38.5,129.75,-32187.5
2025-08-13 08:45:39.120,True,38.379999999999995,129.62,-32500.0
2025-08-13 08:45:40.122,True,37.0,129.75,-34218.75
2025-08-13 08:45:41.124,True,39.0,129.75,-31718.75
2025-08-13 08:45:42.127,True,39.620000000000005,129.88,-30937.5
2025-08-13 08:45:43.129,True,36.879999999999995,129.75,-34375.0
2025-08-13 08:45:44.131,True,41.0,129.88,-29218.75
2025-08-13 08:45:45.133,True,38.620000000000005,129.75,-32187.5
2025-08-13 08:45:46.136,True,39.5,129.88,-31250.0
2025-08-13 08:45:47.138,True,40.120000000000005,129.75,-30312.5
2025-08-13 08:45:48.139,True,36.879999999999995,129.88,-34531.25
2025-08-13 08:45:49.141,True,38.379999999999995,129.88,-32656.25
2025-08-13 08:45:50.143,True,42.75,129.75,-27031.25
2025-08-13 08:45:51.145,True,40.620000000000005,129.75,-29687.5
2025-08-13 08:45:52.147,True,38.620000000000005,129.75,-32187.5
2025-08-13 08:45:53.149,True,38.620000000000005,129.88,-32343.75
2025-08-13 08:45:54.151,True,38.25,130.0,-32968.75
2025-08-13 08:45:55.154,True,36.379999999999995,129.88,-35156.25
2025-08-13 08:45:56.156,True,37.879999999999995,130.0,-33437.5
2025-08-13 08:45:57.158,True,36.25,130.0,-35468.75
2025-08-13 08:45:58.159,True,36.75,130.0,-34843.75
2025-08-13 08:45:59.161,True,35.620000000000005,130.0,-36250.0
2025-08-13 08:46:00.163,True,35.620000000000005,130.0,-36250.0
2025-08-13 08:46:01.166,True,36.5,130.0,-35156.25
2025-08-13 08:46:02.169,True,37.120000000000005,130.0,-34218.75
2025-08-13 08:46:03.171,True,38.379999999999995,129.88,-32656.25
2025-08-13 08:46:04.173,True,36.620000000000005,130.12,-35156.25
2025-08-13 08:46:05.175,True,36.25,130.12,-35625.0
2025-08-13 08:46:06.177,True,40.879999999999995,130.0,-29687.5
2025-08-13 08:46:07.180,True,37.879999999999995,130.0,-33437.5
2025-08-13 08:46:08.183,True,38.379999999999995,130.12,-32812.5
2025-08-13 08:46:09.185,True,36.620000000000005,130.0,-35156.25
2025-08-13 08:46:10.187,True,36.879999999999995,130.0,-34843.75
2025-08-13 08:46:11.189,True,39.879999999999995,130.12,-30937.5
2025-08-13 08:46:12.191,True,40.120000000000005,130.12,-30781.25
2025-08-13 08:46:13.193,True,40.120000000000005,130.12,-30781.25
2025-08-13 08:46:14.196,True,39.75,130.12,-31093.75
2025-08-13 08:46:15.198,True,39.120000000000005,130.0,-31875.0
2025-08-13 08:46:16.201,True,37.75,130.12,-33750.0
2025-08-13 08:46:17.203,True,38.25,130.12,-33125.0
2025-08-13 08:46:18.205,True,38.5,130.12,-32812.5
2025-08-13 08:46:19.209,True,36.120000000000005,130.12,-35937.5
2025-08-13 08:46:20.211,True,38.0,130.12,-33437.5
2025-08-13 08:46:21.212,True,38.379999999999995,130.12,-33125.0
2025-08-13 08:46:22.216,True,36.5,130.25,-35468.75
2025-08-13 08:46:23.218,True,37.120000000000005,130.25,-34531.25
2025-08-13 08:46:24.221,True,35.75,130.25,-36406.25
2025-08-13 08:46:25.224,True,35.379999999999995,130.25,-36875.0
2025-08-13 08:46:26.225,True,36.379999999999995,130.12,-35468.75
2025-08-13 08:46:27.227,True,35.620000000000005,130.25,-36718.75
2025-08-13 08:46:28.229,True,34.75,130.38,-37812.5
2025-08-13 08:46:29.231,True,35.620000000000005,130.38,-36562.5
2025-08-13 08:46:30.233,True,36.379999999999995,130.38,-35781.25
2025-08-13 08:46:31.235,True,36.620000000000005,130.25,-35312.5
2025-08-13 08:46:32.237,True,37.379999999999995,130.38,-34531.25
2025-08-13 08:46:33.239,True,35.0,130.38,-37656.25
2025-08-13 08:46:34.242,True,38.0,130.38,-33750.0
2025-08-13 08:46:35.244,True,40.5,130.25,-30468.75
2025-08-13 08:46:36.246,True,36.120000000000005,130.38,-36093.75
2025-08-13 08:46:37.248,True,36.75,130.38,-35312.5
2025-08-13 08:46:38.251,True,36.620000000000005,130.38,-35468.75
2025-08-13 08:46:39.254,True,36.120000000000005,130.5,-36250.0
2025-08-13 08:46:40.257,True,36.379999999999995,130.5,-34062.5
2025-08-13 08:46:41.259,True,38.5,130.5,-33125.0
2025-08-13 08:46:42.261,True,37.379999999999995,130.5,-34687.5
2025-08-13 08:46:43.263,True,36.5,130.38,-35625.0
2025-08-13 08:46:44.265,True,39.25,130.5,-32343.75
2025-08-13 08:46:45.267,True,38.25,130.5,-33593.75
2025-08-13 08:46:46.270,True,37.620000000000005,130.38,-34375.0
2025-08-13 08:46:47.272,True,40.120000000000005,130.38,-31093.75
2025-08-13 08:46:48.274,True,37.5,130.5,-34531.25
2025-08-13 08:46:49.276,True,39.879999999999995,130.5,-31406.25
2025-08-13 08:46:50.277,True,38.120000000000005,130.38,-33593.75
2025-08-13 08:46:51.280,True,37.75,130.5,-34218.75
2025-08-13 08:46:52.282,True,37.25,130.62,-35000.0
2025-08-13 08:46:53.284,True,38.620000000000005,130.62,-33125.0
2025-08-13 08:46:54.290,True,38.879999999999995,130.62,-32968.75
2025-08-13 08:46:55.292,True,35.379999999999995,130.62,-37343.75
2025-08-13 08:46:56.295,True,35.25,130.5,-31875.0
2025-08-13 08:46:57.297,True,37.75,130.62,-34375.0
2025-08-13 08:46:58.300,True,36.379999999999995,130.62,-36093.75
2025-08-13 08:46:59.302,True,37.5,130.62,-34687.5
2025-08-13 08:47:00.305,True,37.0,130.62,-35312.5
2025-08-13 08:47:01.307,True,36.75,130.62,-35625.0
2025-08-13 08:47:02.309,True,35.879999999999995,130.75,-36718.75
2025-08-13 08:47:03.311,True,37.5,130.62,-34843.75
2025-08-13 08:47:04.313,True,36.0,130.62,-36718.75
2025-08-13 08:47:05.315,True,40.120000000000005,130.62,-31406.25
2025-08-13 08:47:06.317,True,38.75,130.75,-33281.25
2025-08-13 08:47:07.320,True,38.379999999999995,130.75,-33750.0
2025-08-13 08:47:08.323,True,37.5,130.75,-34843.75
2025-08-13 08:47:09.325,True,0.0,0.0,0.0
2025-08-13 08:47:10.327,True,40.0,130.75,-31718.75
2025-08-13 08:47:11.329,True,39.120000000000005,130.62,-32812.5
2025-08-13 08:47:12.331,True,35.120000000000005,130.62,-37968.75
2025-08-13 08:47:13.333,True,34.25,130.75,-39062.5
2025-08-13 08:47:14.335,True,33.25,130.88,-40312.5
2025-08-13 08:47:15.337,True,35.379999999999995,130.75,-37500.0
2025-08-13 08:47:16.339,True,35.75,130.88,-37187.5
2025-08-13 08:47:17.341,True,36.379999999999995,130.75,-36250.0
2025-08-13 08:47:18.345,True,37.25,130.88,-35312.5
2025-08-13 08:47:19.347,True,38.620000000000005,130.88,-33593.75
2025-08-13 08:47:20.349,True,37.620000000000005,130.75,-34843.75
2025-08-13 08:47:21.351,True,37.75,130.75,-34687.5
2025-08-13 08:47:22.352,True,40.379999999999995,130.88,-31406.25
2025-08-13 08:47:23.354,True,41.25,130.88,-30156.25
2025-08-13 08:47:24.356,True,36.0,130.75,-36718.75
2025-08-13 08:47:25.358,True,35.620000000000005,131.0,-37500.0
2025-08-13 08:47:26.361,True,39.0,130.88,-33125.0
2025-08-13 08:47:27.363,True,34.620000000000005,130.88,-30312.5
2025-08-13 08:47:28.365,True,37.75,131.0,-34687.5
2025-08-13 08:47:29.367,True,37.0,131.0,-35781.25
2025-08-13 08:47:30.370,True,37.75,131.0,-34687.5
2025-08-13 08:47:31.373,True,34.879999999999995,131.0,-38593.75
2025-08-13 08:47:32.375,True,37.379999999999995,130.88,-35156.25
2025-08-13 08:47:33.377,True,36.620000000000005,131.0,-36250.0
2025-08-13 08:47:34.379,True,40.0,131.0,-32031.25
2025-08-13 08:47:35.381,True,39.75,131.0,-32343.75
2025-08-13 08:47:36.383,True,37.5,131.12,-35312.5
2025-08-13 08:47:37.385,True,38.5,131.0,-33906.25
2025-08-13 08:47:38.387,True,37.25,131.12,-35625.0
2025-08-13 08:47:39.389,True,40.5,131.0,-31406.25
2025-08-13 08:47:40.391,True,35.75,131.0,-31875.0
2025-08-13 08:47:41.393,True,40.0,131.12,-32187.5
2025-08-13 08:47:42.395,True,40.0,131.12,-32187.5
2025-08-13 08:47:43.397,True,40.379999999999995,131.0,-31718.75
2025-08-13 08:47:44.399,True,41.379999999999995,131.0,-30312.5
2025-08-13 08:47:45.403,True,38.5,131.12,-34062.5
2025-08-13 08:47:46.404,True,42.0,131.0,-29531.25
2025-08-13 08:47:47.407,True,40.620000000000005,131.12,-31406.25
2025-08-13 08:47:48.409,True,37.5,131.12,-35312.5
2025-08-13 08:47:49.411,True,38.25,131.12,-34375.0
2025-08-13 08:47:50.414,True,37.5,131.25,-35468.75
2025-08-13 08:47:51.416,True,35.5,131.25,-37968.75
2025-08-13 08:47:52.418,True,38.379999999999995,131.25,-34375.0
2025-08-13 08:47:53.420,True,37.879999999999995,131.25,-34843.75
2025-08-13 08:47:54.421,True,36.5,131.25,-34843.75
2025-08-13 08:47:55.423,True,38.379999999999995,131.12,-34218.75
2025-08-13 08:47:56.426,True,35.620000000000005,131.25,-37812.5
2025-08-13 08:47:57.428,True,36.120000000000005,131.38,-37343.75
2025-08-13 08:47:58.431,True,37.620000000000005,131.25,-35312.5
2025-08-13 08:47:59.434,True,40.620000000000005,131.25,-31562.5
2025-08-13 08:48:00.435,True,37.25,131.25,-35781.25
2025-08-13 08:48:01.437,True,38.879999999999995,131.25,-33906.25
2025-08-13 08:48:02.439,True,37.879999999999995,131.38,-35156.25
2025-08-13 08:48:03.441,True,40.379999999999995,131.38,-32031.25
2025-08-13 08:48:04.444,True,37.120000000000005,131.38,-36093.75
2025-08-13 08:48:05.446,True,37.0,131.38,-36250.0
2025-08-13 08:48:06.448,True,38.379999999999995,131.38,-34531.25
2025-08-13 08:48:07.449,True,37.379999999999995,131.5,-35937.5
2025-08-13 08:48:08.452,True,37.5,131.38,-35625.0
2025-08-13 08:48:09.454,True,37.879999999999995,131.38,-35156.25
2025-08-13 08:48:10.456,True,41.25,131.38,-30937.5
2025-08-13 08:48:11.458,True,41.5,131.38,-30625.0
2025-08-13 08:48:12.461,True,39.0,131.38,-33750.0
2025-08-13 08:48:13.463,True,39.0,131.38,-33906.25
2025-08-13 08:48:14.465,True,38.620000000000005,131.5,-34375.0
2025-08-13 08:48:15.467,True,39.879999999999995,131.5,-32812.5
2025-08-13 08:48:16.469,True,38.0,131.5,-35156.25
2025-08-13 08:48:17.471,True,36.879999999999995,131.5,-36562.5
2025-08-13 08:48:18.474,True,41.879999999999995,131.5,-30156.25
2025-08-13 08:48:19.476,True,36.75,131.5,-36562.5
2025-08-13 08:48:20.478,True,37.25,131.5,-35937.5
2025-08-13 08:48:21.480,True,40.0,131.5,-32656.25
2025-08-13 08:48:22.486,True,36.620000000000005,131.5,-36875.0
2025-08-13 08:48:23.488,True,35.0,131.5,-39062.5
2025-08-13 08:48:24.490,True,38.0,131.62,-35312.5
2025-08-13 08:48:25.493,True,37.879999999999995,131.62,-35312.5
2025-08-13 08:48:26.496,True,40.75,131.5,-31718.75
2025-08-13 08:48:27.501,True,38.120000000000005,131.62,-35156.25
2025-08-13 08:48:28.504,True,39.0,131.62,-35468.75
2025-08-13 08:48:29.506,True,36.75,131.62,-36718.75
2025-08-13 08:48:30.508,True,38.879999999999995,131.62,-34218.75
2025-08-13 08:48:31.510,True,39.5,131.62,-33437.5
2025-08-13 08:48:32.518,True,38.879999999999995,131.62,-34218.75
2025-08-13 08:48:33.519,True,38.620000000000005,131.62,-34531.25
2025-08-13 08:48:34.521,True,37.75,131.62,-35625.0
2025-08-13 08:48:35.523,True,39.620000000000005,131.75,-33437.5
2025-08-13 08:48:36.525,True,37.75,131.75,-35781.25
2025-08-13 08:48:37.539,True,40.0,131.62,-32968.75
2025-08-13 08:48:38.543,True,35.620000000000005,131.62,-31562.5
2025-08-13 08:48:39.545,True,35.379999999999995,131.75,-38906.25
2025-08-13 08:48:40.547,True,40.25,131.62,-32500.0
2025-08-13 08:48:41.549,True,38.879999999999995,131.62,-34218.75
2025-08-13 08:48:42.551,True,36.879999999999995,131.62,-31562.5
2025-08-13 08:48:43.554,True,35.5,131.62,-38750.0
2025-08-13 08:48:44.556,True,41.620000000000005,131.75,-30781.25
2025-08-13 08:48:45.559,True,41.0,131.75,-31562.5
2025-08-13 08:48:46.561,True,38.879999999999995,131.75,-34375.0
2025-08-13 08:48:47.563,True,40.620000000000005,131.75,-32187.5
2025-08-13 08:48:48.566,True,39.379999999999995,131.88,-33906.25
2025-08-13 08:48:49.568,True,38.5,131.88,-35000.0
2025-08-13 08:48:50.570,True,37.5,131.88,-36250.0
2025-08-13 08:48:51.573,True,39.879999999999995,131.75,-33281.25
2025-08-13 08:48:52.577,True,38.120000000000005,131.88,-35468.75
2025-08-13 08:48:53.579,True,37.5,131.88,-36250.0
2025-08-13 08:48:54.581,True,40.0,131.75,-32968.75
2025-08-13 08:48:55.584,True,36.620000000000005,131.88,-37343.75
2025-08-13 08:48:56.585,True,39.0,131.88,-34375.0
2025-08-13 08:48:57.592,True,38.620000000000005,131.75,-34687.5
2025-08-13 08:48:58.593,True,40.120000000000005,132.0,-33125.0
2025-08-13 08:48:59.595,True,41.879999999999995,131.88,-30781.25
2025-08-13 08:49:00.597,True,38.379999999999995,132.0,-35937.5
2025-08-13 08:49:01.599,True,39.879999999999995,132.0,-33281.25
2025-08-13 08:49:02.614,True,38.5,131.88,-35156.25
2025-08-13 08:49:03.616,True,39.75,131.88,-33593.75
2025-08-13 08:49:04.618,True,37.75,132.0,-36093.75
2025-08-13 08:49:05.620,True,40.379999999999995,132.0,-32812.5
2025-08-13 08:49:06.622,True,37.620000000000005,132.0,-36250.0
2025-08-13 08:49:07.644,True,39.879999999999995,131.88,-33281.25
2025-08-13 08:49:08.647,True,40.379999999999995,132.12,-32968.75
2025-08-13 08:49:09.649,True,40.75,132.0,-32343.75
2025-08-13 08:49:10.651,True,39.5,132.12,-33906.25
2025-08-13 08:49:11.653,True,38.75,132.0,-34843.75
2025-08-13 08:49:12.655,True,38.379999999999995,132.12,-35312.5
2025-08-13 08:49:13.657,True,37.25,132.12,-36875.0
2025-08-13 08:49:14.659,True,39.25,132.12,-34375.0
2025-08-13 08:49:15.662,True,42.25,132.12,-30468.75
2025-08-13 08:49:16.664,True,41.5,132.12,-31406.25
2025-08-13 08:49:17.670,True,38.5,132.0,-35156.25
2025-08-13 08:49:18.672,True,38.5,132.12,-35312.5
2025-08-13 08:49:19.674,True,37.0,132.12,-37187.5
2025-08-13 08:49:20.677,True,36.75,132.12,-37500.0
2025-08-13 08:49:21.678,True,38.620000000000005,132.12,-33906.25
2025-08-13 08:49:22.680,True,37.0,132.12,-37187.5
2025-08-13 08:49:23.682,True,37.75,132.25,-36406.25
2025-08-13 08:49:24.685,True,39.879999999999995,132.12,-33750.0
2025-08-13 08:49:25.687,True,39.25,132.25,-34375.0
2025-08-13 08:49:26.689,True,39.0,132.25,-34843.75
2025-08-13 08:49:27.692,True,37.25,132.25,-37031.25
2025-08-13 08:49:28.694,True,39.5,132.12,-34062.5
2025-08-13 08:49:29.696,True,39.379999999999995,132.25,-34375.0
2025-08-13 08:49:30.698,True,36.120000000000005,132.25,-38437.5
2025-08-13 08:49:31.699,True,38.879999999999995,132.25,-35000.0
2025-08-13 08:49:32.701,True,38.25,132.25,-35781.25
2025-08-13 08:49:33.704,True,36.75,132.38,-37812.5
2025-08-13 08:49:34.706,True,39.120000000000005,132.38,-34843.75
2025-08-13 08:49:35.709,True,38.75,132.25,-35156.25
2025-08-13 08:49:36.711,True,37.0,132.38,-37500.0
2025-08-13 08:49:37.713,True,39.620000000000005,132.38,-34062.5
2025-08-13 08:49:38.715,True,39.620000000000005,132.38,-34062.5
2025-08-13 08:49:39.717,True,37.0,132.38,-37500.0
2025-08-13 08:49:40.719,True,37.879999999999995,132.38,-36406.25
2025-08-13 08:49:41.721,True,40.120000000000005,132.38,-33593.75
2025-08-13 08:49:42.728,True,40.5,132.38,-32968.75
2025-08-13 08:49:43.730,True,39.379999999999995,132.38,-34531.25
2025-08-13 08:49:44.732,True,40.620000000000005,132.38,-32968.75
2025-08-13 08:49:45.734,True,37.620000000000005,132.5,-36718.75
2025-08-13 08:49:46.736,True,37.879999999999995,132.38,-36562.5
2025-08-13 08:49:47.738,True,40.5,132.38,-33125.0
2025-08-13 08:49:48.740,True,37.620000000000005,132.5,-36875.0
2025-08-13 08:49:49.742,True,40.379999999999995,132.5,-33437.5
2025-08-13 08:49:50.746,True,40.120000000000005,132.5,-33750.0
2025-08-13 08:49:51.749,True,39.879999999999995,132.5,-34062.5
2025-08-13 08:49:52.751,True,36.620000000000005,132.38,-38125.0
2025-08-13 08:49:53.754,True,38.620000000000005,132.5,-35625.0
2025-08-13 08:49:54.756,True,37.120000000000005,132.5,-37656.25
2025-08-13 08:49:55.758,True,39.5,132.5,-34531.25
2025-08-13 08:49:56.760,True,41.379999999999995,132.5,-32187.5
2025-08-13 08:49:57.763,True,38.5,132.5,-35781.25
2025-08-13 08:49:58.765,True,40.0,132.62,-34062.5
2025-08-13 08:49:59.767,True,37.620000000000005,132.62,-37031.25
2025-08-13 08:50:00.769,True,39.620000000000005,132.62,-34531.25
2025-08-13 08:50:01.771,True,41.120000000000005,132.5,-32500.0
2025-08-13 08:50:02.781,True,39.879999999999995,132.62,-34218.75
2025-08-13 08:50:03.783,True,38.75,132.62,-35625.0
2025-08-13 08:50:04.785,True,37.75,132.62,-36875.0
2025-08-13 08:50:05.787,True,39.620000000000005,132.62,-34531.25
2025-08-13 08:50:06.789,True,37.75,132.5,-36718.75
2025-08-13 08:50:07.807,True,38.379999999999995,132.5,-36093.75
2025-08-13 08:50:08.809,True,40.0,132.5,-33906.25
2025-08-13 08:50:09.811,True,36.25,132.75,-38906.25
2025-08-13 08:50:10.812,True,37.879999999999995,132.62,-32812.5
2025-08-13 08:50:11.815,True,40.5,132.75,-33437.5
2025-08-13 08:50:12.817,True,39.620000000000005,132.75,-34687.5
2025-08-13 08:50:13.819,True,40.75,132.75,-33125.0
2025-08-13 08:50:14.821,True,41.0,132.75,-32812.5
2025-08-13 08:50:15.823,True,39.879999999999995,132.75,-34218.75
2025-08-13 08:50:16.826,True,41.5,132.75,-32187.5
2025-08-13 08:50:17.828,True,39.879999999999995,132.62,-34218.75
2025-08-13 08:50:18.829,True,38.5,132.62,-36093.75
2025-08-13 08:50:19.831,True,39.75,132.75,-34531.25
2025-08-13 08:50:20.834,True,38.0,132.75,-36718.75
2025-08-13 08:50:21.835,True,40.25,132.75,-33906.25
2025-08-13 08:50:22.837,True,36.620000000000005,132.88,-38593.75
2025-08-13 08:50:23.839,True,40.379999999999995,132.75,-33750.0
2025-08-13 08:50:24.841,True,38.25,132.75,-36562.5
2025-08-13 08:50:25.843,True,37.379999999999995,132.88,-37500.0
2025-08-13 08:50:26.845,True,40.120000000000005,132.88,-34062.5
2025-08-13 08:50:27.850,True,39.620000000000005,132.88,-34843.75
2025-08-13 08:50:28.852,True,38.25,132.75,-36562.5
2025-08-13 08:50:29.854,True,38.25,132.88,-36562.5
2025-08-13 08:50:30.856,True,39.0,132.88,-35625.0
2025-08-13 08:50:31.858,True,37.120000000000005,132.88,-33906.25
2025-08-13 08:50:32.862,True,40.0,132.88,-34218.75
2025-08-13 08:50:33.865,True,39.379999999999995,132.75,-35000.0
2025-08-13 08:50:34.870,True,41.879999999999995,132.88,-36406.25
2025-08-13 08:50:35.872,True,39.0,133.0,-35625.0
2025-08-13 08:50:36.874,True,40.0,132.88,-34375.0
2025-08-13 08:50:37.885,True,39.0,132.88,-35625.0
2025-08-13 08:50:38.888,True,38.379999999999995,133.0,-36562.5
2025-08-13 08:50:39.890,True,38.75,133.0,-36093.75
2025-08-13 08:50:40.892,True,38.879999999999995,132.88,-35937.5
2025-08-13 08:50:41.894,True,38.5,132.88,-36406.25
2025-08-13 08:50:42.896,True,38.5,133.0,-36406.25
2025-08-13 08:50:43.898,True,39.120000000000005,133.0,-35625.0
2025-08-13 08:50:44.900,True,40.5,133.0,-33906.25
2025-08-13 08:50:45.902,True,42.5,132.88,-31250.0
2025-08-13 08:50:46.905,True,40.620000000000005,133.0,-33593.75
2025-08-13 08:50:47.908,True,40.0,132.88,-34531.25
2025-08-13 08:50:48.910,True,38.379999999999995,133.0,-36718.75
2025-08-13 08:50:49.913,True,39.0,133.12,-35937.5
2025-08-13 08:50:50.916,True,39.620000000000005,133.0,-35000.0
2025-08-13 08:50:51.919,True,42.379999999999995,133.0,-31562.5
2025-08-13 08:50:52.934,True,38.879999999999995,133.12,-33437.5
2025-08-13 08:50:53.936,True,41.120000000000005,133.12,-33281.25
2025-08-13 08:50:54.938,True,40.0,133.12,-34687.5
2025-08-13 08:50:55.941,True,40.75,133.12,-33593.75
2025-08-13 08:50:56.942,True,41.120000000000005,133.12,-33125.0
2025-08-13 08:50:58.262,True,40.379999999999995,133.12,-34218.75
2025-08-13 08:50:59.264,True,40.620000000000005,133.12,-33750.0
2025-08-13 08:51:00.265,True,41.25,133.12,-32968.75
2025-08-13 08:51:01.268,True,40.379999999999995,133.12,-34375.0
2025-08-13 08:51:02.271,True,38.879999999999995,133.12,-36093.75
2025-08-13 08:51:03.274,True,40.879999999999995,133.12,-33593.75
2025-08-13 08:51:04.277,True,39.620000000000005,133.12,-35312.5
2025-08-13 08:51:05.279,True,38.379999999999995,133.25,-36875.0
2025-08-13 08:51:06.281,True,41.0,133.25,-33437.5
2025-08-13 08:51:07.283,True,40.0,133.12,-34843.75
2025-08-13 08:51:08.286,True,43.75,133.25,-29843.75
2025-08-13 08:51:09.288,True,38.879999999999995,133.12,-36250.0
2025-08-13 08:51:10.291,True,37.75,133.12,-35937.5
2025-08-13 08:51:11.293,True,37.379999999999995,133.25,-38125.0
2025-08-13 08:51:12.295,True,38.120000000000005,133.38,-37187.5
2025-08-13 08:51:13.297,True,38.75,133.38,-36562.5
2025-08-13 08:51:14.299,True,40.75,133.25,-33906.25
2025-08-13 08:51:15.301,True,41.620000000000005,133.25,-32812.5
2025-08-13 08:51:16.303,True,38.75,133.25,-36406.25
2025-08-13 08:51:17.305,True,39.879999999999995,133.38,-35156.25
2025-08-13 08:51:18.307,True,39.25,133.38,-35781.25
2025-08-13 08:51:19.309,True,39.75,133.25,-35312.5
2025-08-13 08:51:20.311,True,39.25,133.25,-35937.5
2025-08-13 08:51:21.313,True,40.379999999999995,133.38,-34531.25
2025-08-13 08:51:22.316,True,39.379999999999995,133.38,-35781.25
2025-08-13 08:51:23.318,True,37.879999999999995,133.38,-37656.25
2025-08-13 08:51:24.322,True,39.25,133.38,-35937.5
2025-08-13 08:51:25.324,True,38.25,133.38,-37187.5
2025-08-13 08:51:26.327,True,39.5,133.38,-35625.0
2025-08-13 08:51:27.329,True,40.379999999999995,133.38,-34531.25
2025-08-13 08:51:28.331,True,40.879999999999995,133.38,-33906.25
2025-08-13 08:51:29.333,True,41.620000000000005,133.38,-32968.75
2025-08-13 08:51:30.335,True,40.620000000000005,133.38,-34218.75
2025-08-13 08:51:31.338,True,40.120000000000005,133.5,-35000.0
2025-08-13 08:51:32.344,True,41.379999999999995,133.38,-33281.25
2025-08-13 08:51:33.346,True,38.879999999999995,133.38,-36562.5
2025-08-13 08:51:34.347,True,40.5,133.5,-34531.25
2025-08-13 08:51:35.349,True,42.25,133.5,-32187.5
2025-08-13 08:51:36.352,True,0.0,0.0,0.0
2025-08-13 08:51:37.353,True,40.120000000000005,133.62,-35156.25
2025-08-13 08:51:38.355,True,39.620000000000005,133.5,-36406.25
2025-08-13 08:51:39.357,True,39.0,133.5,-36562.5
2025-08-13 08:51:40.359,True,38.379999999999995,133.5,-37343.75
2025-08-13 08:51:41.361,True,39.120000000000005,133.62,-36250.0
2025-08-13 08:51:42.364,True,40.879999999999995,133.62,-34218.75
2025-08-13 08:51:43.367,True,39.879999999999995,133.62,-35468.75
2025-08-13 08:51:44.369,True,39.5,133.62,-35937.5
2025-08-13 08:51:45.371,True,37.379999999999995,133.62,-38593.75
2025-08-13 08:51:46.374,True,40.75,133.62,-34375.0
2025-08-13 08:51:47.376,True,38.75,133.75,-37031.25
2025-08-13 08:51:48.379,True,39.120000000000005,133.75,-36562.5
2025-08-13 08:51:49.381,True,40.120000000000005,133.62,-35156.25
2025-08-13 08:51:50.383,True,38.75,133.62,-37031.25
2025-08-13 08:51:51.384,True,42.120000000000005,133.62,-32656.25
2025-08-13 08:51:52.386,True,39.379999999999995,133.62,-36093.75
2025-08-13 08:51:53.394,True,40.75,133.75,-34531.25
2025-08-13 08:51:54.396,True,40.620000000000005,133.62,-34531.25
2025-08-13 08:51:55.398,True,43.379999999999995,133.62,-30937.5
2025-08-13 08:51:56.400,True,41.25,133.75,-33906.25
2025-08-13 08:51:57.402,True,39.620000000000005,133.62,-35781.25
2025-08-13 08:51:58.404,True,41.120000000000005,133.62,-33906.25
2025-08-13 08:51:59.408,True,42.379999999999995,133.62,-32343.75
2025-08-13 08:52:00.411,True,41.25,133.62,-33750.0
2025-08-13 08:52:01.413,True,39.5,133.75,-36093.75
2025-08-13 08:52:02.416,True,40.120000000000005,133.88,-35312.5
2025-08-13 08:52:03.418,True,40.120000000000005,133.75,-35312.5
2025-08-13 08:52:04.421,True,38.379999999999995,133.88,-37656.25
2025-08-13 08:52:05.424,True,41.25,133.75,-34062.5
2025-08-13 08:52:06.427,True,41.379999999999995,133.75,-33750.0
2025-08-13 08:52:07.430,True,38.5,133.88,-37500.0
2025-08-13 08:52:08.433,True,37.75,133.88,-38437.5
2025-08-13 08:52:09.436,True,37.879999999999995,133.88,-38125.0
2025-08-13 08:52:10.438,True,41.0,133.88,-34218.75
2025-08-13 08:52:11.440,True,39.0,133.75,-36875.0
2025-08-13 08:52:12.443,True,43.120000000000005,133.88,-31406.25
2025-08-13 08:52:13.446,True,41.0,133.75,-34218.75
2025-08-13 08:52:14.450,True,38.75,133.88,-37187.5
2025-08-13 08:52:15.452,True,41.25,133.88,-34062.5
2025-08-13 08:52:16.454,True,40.379999999999995,133.88,-35156.25
2025-08-13 08:52:17.456,True,40.879999999999995,133.88,-34531.25
2025-08-13 08:52:18.458,True,41.0,133.88,-34375.0
2025-08-13 08:52:19.460,True,40.5,134.0,-35156.25
2025-08-13 08:52:20.464,True,41.120000000000005,133.88,-34218.75
2025-08-13 08:52:21.466,True,47.120000000000005,134.0,-26562.5
2025-08-13 08:52:22.470,True,40.620000000000005,134.0,-35000.0
2025-08-13 08:52:23.472,True,36.0,134.0,-40781.25
2025-08-13 08:52:24.474,True,41.620000000000005,134.0,-33750.0
2025-08-13 08:52:25.477,True,41.25,134.0,-34062.5
2025-08-13 08:52:26.479,True,38.5,134.0,-37656.25
2025-08-13 08:52:27.482,True,42.379999999999995,134.0,-32812.5
2025-08-13 08:52:28.484,True,42.620000000000005,134.0,-34375.0
2025-08-13 08:52:29.486,True,43.25,134.0,-31562.5
2025-08-13 08:52:30.488,True,41.5,134.0,-33750.0
2025-08-13 08:52:31.491,True,42.879999999999995,134.0,-32031.25
2025-08-13 08:52:32.494,True,40.879999999999995,134.0,-34687.5
2025-08-13 08:52:33.497,True,41.379999999999995,134.0,-34062.5
2025-08-13 08:52:34.499,True,42.379999999999995,134.0,-32812.5
2025-08-13 08:52:35.502,True,39.879999999999995,134.0,-35937.5
2025-08-13 08:52:36.504,True,41.25,134.0,-34218.75
2025-08-13 08:52:37.506,True,39.379999999999995,134.0,-36562.5
2025-08-13 08:52:38.509,True,41.120000000000005,134.0,-34375.0
2025-08-13 08:52:39.511,True,40.75,134.0,-34843.75
2025-08-13 08:52:40.513,True,39.379999999999995,134.0,-36562.5
2025-08-13 08:52:41.516,True,39.879999999999995,134.0,-36093.75
2025-08-13 08:52:42.519,True,40.620000000000005,134.12,-35000.0
2025-08-13 08:52:43.520,True,42.620000000000005,134.12,-32500.0
2025-08-13 08:52:44.522,True,39.879999999999995,134.12,-36093.75
2025-08-13 08:52:45.524,True,37.120000000000005,134.12,-39531.25
2025-08-13 08:52:46.526,True,39.75,134.12,-36250.0
2025-08-13 08:52:47.528,True,39.879999999999995,134.0,-35937.5
2025-08-13 08:52:48.530,True,37.879999999999995,134.12,-38593.75
2025-08-13 08:52:49.532,True,39.75,134.12,-36250.0
2025-08-13 08:52:50.534,True,37.879999999999995,134.12,-38593.75
2025-08-13 08:52:51.536,True,37.120000000000005,134.25,-39687.5
2025-08-13 08:52:52.538,True,40.120000000000005,134.25,-35937.5
2025-08-13 08:52:53.540,True,37.120000000000005,134.12,-39687.5
2025-08-13 08:52:54.542,True,37.379999999999995,134.25,-39375.0
2025-08-13 08:52:55.545,True,38.620000000000005,134.25,-37812.5
2025-08-13 08:52:56.547,True,39.379999999999995,134.25,-36875.0
2025-08-13 08:52:57.549,True,38.879999999999995,134.25,-37500.0
2025-08-13 08:52:58.551,True,40.620000000000005,134.12,-35156.25
2025-08-13 08:52:59.552,True,39.5,134.25,-36562.5
2025-08-13 08:53:00.554,True,40.120000000000005,134.25,-34531.25
2025-08-13 08:53:01.556,True,39.75,134.25,-36406.25
2025-08-13 08:53:02.558,True,40.879999999999995,134.12,-34843.75
2025-08-13 08:53:03.561,True,41.379999999999995,134.12,-34218.75
2025-08-13 08:53:04.562,True,36.879999999999995,134.12,-39843.75
2025-08-13 08:53:05.564,True,41.120000000000005,134.25,-34531.25
2025-08-13 08:53:06.567,True,37.25,134.38,-39687.5
2025-08-13 08:53:07.569,True,41.620000000000005,134.25,-34062.5
2025-08-13 08:53:08.571,True,40.25,134.25,-35781.25
2025-08-13 08:53:09.573,True,38.120000000000005,134.38,-38593.75
2025-08-13 08:53:10.574,True,40.0,134.25,-36250.0
2025-08-13 08:53:11.576,True,42.5,134.25,-32968.75
2025-08-13 08:53:12.578,True,40.25,134.25,-35781.25
2025-08-13 08:53:13.580,True,39.5,134.38,-36718.75
2025-08-13 08:53:14.582,True,40.25,134.38,-35937.5
2025-08-13 08:53:15.586,True,42.379999999999995,134.25,-33125.0
2025-08-13 08:53:16.588,True,38.75,134.25,-36875.0
2025-08-13 08:53:17.591,True,38.120000000000005,134.38,-38593.75
2025-08-13 08:53:18.593,True,40.879999999999995,134.25,-35000.0
2025-08-13 08:53:19.595,True,40.379999999999995,134.38,-35625.0
2025-08-13 08:53:20.600,True,39.5,134.25,-36718.75
2025-08-13 08:53:21.602,True,40.25,134.25,-35781.25
2025-08-13 08:53:22.604,True,38.5,134.38,-38125.0
2025-08-13 08:53:23.608,True,40.25,134.38,-35937.5
2025-08-13 08:53:24.610,True,41.120000000000005,134.38,-34843.75
2025-08-13 08:53:25.612,True,38.75,134.25,-37968.75
2025-08-13 08:53:26.614,True,42.25,134.25,-33281.25
2025-08-13 08:53:27.617,True,37.5,134.38,-39375.0
2025-08-13 08:53:28.620,True,39.879999999999995,134.5,-39687.5
2025-08-13 08:53:29.624,True,37.5,134.38,-39375.0
2025-08-13 08:53:30.626,True,38.75,134.38,-37812.5
2025-08-13 08:53:31.629,True,39.0,134.38,-37656.25
2025-08-13 08:53:32.631,True,39.620000000000005,134.5,-36718.75
2025-08-13 08:53:33.633,True,38.25,134.38,-38437.5
2025-08-13 08:53:34.636,True,40.120000000000005,134.38,-36250.0
2025-08-13 08:53:35.638,True,38.0,134.5,-38906.25
2025-08-13 08:53:36.640,True,38.25,134.5,-38593.75
2025-08-13 08:53:37.643,True,39.379999999999995,134.38,-37031.25
2025-08-13 08:53:38.645,True,39.379999999999995,134.38,-37031.25
2025-08-13 08:53:39.646,True,40.25,134.5,-36093.75
2025-08-13 08:53:40.648,True,39.120000000000005,134.5,-37343.75
2025-08-13 08:53:41.650,True,37.879999999999995,134.5,-39062.5
2025-08-13 08:53:42.652,True,40.879999999999995,134.5,-35156.25
2025-08-13 08:53:43.654,True,38.879999999999995,134.62,-37812.5
2025-08-13 08:53:44.656,True,36.879999999999995,134.5,-40468.75
2025-08-13 08:53:45.658,True,40.120000000000005,134.5,-36250.0
2025-08-13 08:53:46.660,True,40.879999999999995,134.5,-35312.5
2025-08-13 08:53:47.662,True,39.620000000000005,134.5,-36875.0
2025-08-13 08:53:48.664,True,36.25,134.62,-41406.25
2025-08-13 08:53:49.666,True,33.879999999999995,134.62,-44375.0
2025-08-13 08:53:50.668,True,36.620000000000005,134.5,-40625.0
2025-08-13 08:53:51.670,True,37.0,134.62,-40312.5
2025-08-13 08:53:52.672,True,37.5,134.62,-39687.5
2025-08-13 08:53:53.675,True,38.379999999999995,134.62,-38593.75
2025-08-13 08:53:54.677,True,39.0,134.62,-37812.5
2025-08-13 08:53:55.679,True,41.25,134.62,-35000.0
2025-08-13 08:53:56.681,True,37.879999999999995,134.62,-39218.75
2025-08-13 08:53:57.683,True,39.379999999999995,134.62,-37343.75
2025-08-13 08:53:58.685,True,39.879999999999995,134.62,-36718.75
2025-08-13 08:53:59.687,True,37.120000000000005,134.75,-40156.25
2025-08-13 08:54:00.689,True,40.0,134.75,-36562.5
2025-08-13 08:54:01.692,True,41.0,134.62,-35312.5
2025-08-13 08:54:02.694,True,40.0,134.62,-36562.5
2025-08-13 08:54:07.108,True,36.120000000000005,134.75,-41718.75
2025-08-13 08:54:08.111,True,39.0,134.62,-37968.75
2025-08-13 08:54:09.113,True,41.25,134.75,-35000.0
2025-08-13 08:54:10.116,True,38.0,134.75,-39218.75
2025-08-13 08:54:11.119,True,40.620000000000005,134.75,-35937.5
2025-08-13 08:54:12.121,True,39.5,134.62,-37187.5
2025-08-13 08:54:13.123,True,40.379999999999995,134.75,-36250.0
2025-08-13 08:54:14.125,True,40.75,134.75,-35781.25
2025-08-13 08:54:15.126,True,39.5,134.75,-37343.75
2025-08-13 08:54:16.129,True,38.75,134.75,-38281.25
2025-08-13 08:54:17.132,True,39.120000000000005,134.88,-37812.5
2025-08-13 08:54:18.134,True,37.620000000000005,134.75,-39687.5
2025-08-13 08:54:19.136,True,36.620000000000005,134.88,-40937.5
2025-08-13 08:54:20.138,True,36.620000000000005,134.88,-41250.0
2025-08-13 08:54:21.141,True,36.25,134.88,-41718.75
2025-08-13 08:54:22.145,True,36.75,134.75,-40781.25
2025-08-13 08:54:23.147,True,40.75,134.75,-35781.25
2025-08-13 08:54:24.150,True,37.120000000000005,134.88,-40468.75
2025-08-13 08:54:25.153,True,37.620000000000005,134.88,-39843.75
2025-08-13 08:54:26.154,True,37.75,134.88,-39531.25
2025-08-13 08:54:27.156,True,39.75,134.75,-37031.25
2025-08-13 08:54:28.158,True,41.0,134.88,-35468.75
2025-08-13 08:54:29.160,True,37.879999999999995,134.88,-39531.25
2025-08-13 08:54:30.163,True,38.120000000000005,134.75,-39062.5
2025-08-13 08:54:31.165,True,38.620000000000005,134.88,-38593.75
2025-08-13 08:54:32.167,True,40.75,134.88,-35781.25
2025-08-13 08:54:33.170,True,36.379999999999995,134.88,-37968.75
2025-08-13 08:54:34.172,True,38.379999999999995,134.75,-38750.0
2025-08-13 08:54:35.174,True,41.379999999999995,134.75,-35000.0
2025-08-13 08:54:36.177,True,36.25,134.88,-41875.0
2025-08-13 08:54:37.179,True,37.5,134.75,-40156.25
2025-08-13 08:54:38.181,True,38.379999999999995,134.88,-38906.25
2025-08-13 08:54:39.183,True,39.5,134.88,-37656.25
2025-08-13 08:54:40.185,True,38.75,134.88,-38437.5
2025-08-13 08:54:41.186,True,36.75,135.0,-41250.0
2025-08-13 08:54:42.188,True,35.620000000000005,134.88,-42500.0
2025-08-13 08:54:43.190,True,37.5,134.88,-40000.0
2025-08-13 08:54:44.192,True,38.379999999999995,135.0,-39062.5
2025-08-13 08:54:45.194,True,41.0,134.88,-35625.0
2025-08-13 08:54:46.196,True,39.879999999999995,134.88,-37031.25
2025-08-13 08:54:47.198,True,37.5,135.0,-40156.25
2025-08-13 08:54:48.200,True,37.879999999999995,135.0,-38906.25
2025-08-13 08:54:49.201,True,38.5,134.88,-38750.0
2025-08-13 08:54:50.203,True,38.25,135.0,-39062.5
2025-08-13 08:54:51.205,True,36.25,134.88,-41875.0
2025-08-13 08:54:52.207,True,36.879999999999995,135.0,-40937.5
2025-08-13 08:54:53.209,True,37.120000000000005,135.0,-40625.0
2025-08-13 08:54:54.211,True,37.620000000000005,135.0,-40000.0
2025-08-13 08:54:55.213,True,39.5,135.0,-37656.25
2025-08-13 08:54:56.215,True,36.620000000000005,135.0,-41406.25
2025-08-13 08:54:57.217,True,38.0,135.0,-39531.25
2025-08-13 08:54:58.219,True,38.379999999999995,135.12,-39218.75
2025-08-13 08:54:59.221,True,37.879999999999995,135.0,-39843.75
2025-08-13 08:55:00.224,True,39.0,135.12,-37187.5
2025-08-13 08:55:01.226,True,39.620000000000005,135.12,-37656.25
2025-08-13 08:55:02.228,True,40.0,135.12,-37187.5
2025-08-13 08:55:03.230,True,40.5,135.0,-36406.25
2025-08-13 08:55:04.233,True,37.0,135.12,-40937.5
2025-08-13 08:55:05.236,True,39.25,135.12,-39843.75
2025-08-13 08:55:06.238,True,37.879999999999995,135.12,-39843.75
2025-08-13 08:55:07.240,True,38.0,135.12,-39687.5
2025-08-13 08:55:08.242,True,37.379999999999995,135.0,-40468.75
2025-08-13 08:55:09.245,True,38.25,135.12,-39375.0
2025-08-13 08:55:10.251,True,39.25,135.12,-38125.0
2025-08-13 08:55:11.253,True,37.25,135.12,-40625.0
2025-08-13 08:55:12.256,True,40.0,135.12,-37187.5
2025-08-13 08:55:13.257,True,36.879999999999995,135.12,-41093.75
2025-08-13 08:55:14.259,True,38.620000000000005,135.12,-38906.25
2025-08-13 08:55:15.263,True,40.25,135.12,-36875.0
2025-08-13 08:55:16.265,True,38.25,135.25,-39531.25
2025-08-13 08:55:17.268,True,36.879999999999995,135.12,-41250.0
2025-08-13 08:55:18.271,True,37.5,135.12,-40312.5
2025-08-13 08:55:19.273,True,39.5,135.25,-37812.5
2025-08-13 08:55:20.275,True,37.75,135.12,-40000.0
2025-08-13 08:55:21.278,True,37.620000000000005,135.12,-40312.5
2025-08-13 08:55:22.280,True,36.75,135.12,-41562.5
2025-08-13 08:55:23.283,True,38.620000000000005,135.25,-39062.5
2025-08-13 08:55:24.286,True,40.0,135.12,-36250.0
2025-08-13 08:55:25.288,True,37.25,135.12,-40781.25
2025-08-13 08:55:26.290,True,38.879999999999995,135.25,-38750.0
2025-08-13 08:55:27.292,True,38.75,135.25,-38906.25
2025-08-13 08:55:28.294,True,39.75,135.25,-37500.0
2025-08-13 08:55:29.296,True,38.75,135.38,-38750.0
2025-08-13 08:55:30.299,True,37.25,135.25,-40781.25
2025-08-13 08:55:31.301,True,40.120000000000005,135.25,-37187.5
2025-08-13 08:55:32.303,True,37.620000000000005,135.38,-40468.75
2025-08-13 08:55:33.305,True,38.25,135.25,-39531.25
2025-08-13 08:55:34.307,True,38.120000000000005,135.38,-39843.75
2025-08-13 08:55:35.309,True,37.379999999999995,135.38,-40781.25
2025-08-13 08:55:36.311,True,38.620000000000005,135.25,-39062.5
2025-08-13 08:55:37.316,True,36.379999999999995,135.25,-42031.25
2025-08-13 08:55:38.318,True,38.120000000000005,135.25,-39843.75
2025-08-13 08:55:39.320,True,38.0,135.25,-40000.0
2025-08-13 08:55:40.323,True,36.879999999999995,135.38,-41250.0
2025-08-13 08:55:41.325,True,37.879999999999995,135.38,-40000.0
2025-08-13 08:55:42.327,True,38.25,135.38,-39687.5
2025-08-13 08:55:43.329,True,37.75,135.25,-40156.25
2025-08-13 08:55:44.331,True,38.5,135.38,-39375.0
2025-08-13 08:55:45.333,True,38.25,135.38,-42500.0
2025-08-13 08:55:46.335,True,37.620000000000005,135.38,-40468.75
2025-08-13 08:55:47.338,True,36.379999999999995,135.38,-42343.75
2025-08-13 08:55:48.340,True,39.379999999999995,135.38,-38437.5
2025-08-13 08:55:49.342,True,37.5,135.38,-40781.25
2025-08-13 08:55:50.344,True,36.879999999999995,135.38,-41562.5
2025-08-13 08:55:51.346,True,37.879999999999995,135.38,-40312.5
2025-08-13 08:55:52.348,True,36.879999999999995,135.5,-41718.75
2025-08-13 08:55:53.350,True,37.25,135.5,-41093.75
2025-08-13 08:55:54.352,True,38.620000000000005,135.38,-39218.75
2025-08-13 08:55:55.354,True,37.120000000000005,135.38,-41093.75
2025-08-13 08:55:56.356,True,38.620000000000005,135.5,-39218.75
2025-08-13 08:55:57.359,True,37.25,135.38,-40937.5
2025-08-13 08:55:58.361,True,36.0,135.5,-42812.5
2025-08-13 08:55:59.363,True,38.25,135.38,-38906.25
2025-08-13 08:56:00.365,True,39.25,135.5,-38593.75
2025-08-13 08:56:01.368,True,39.379999999999995,135.5,-38437.5
2025-08-13 08:56:02.371,True,37.0,135.62,-41718.75
2025-08-13 08:56:03.373,True,36.0,135.62,-42968.75
2025-08-13 08:56:04.375,True,37.620000000000005,135.5,-40625.0
2025-08-13 08:56:05.377,True,35.75,135.62,-43281.25
2025-08-13 08:56:06.380,True,37.75,135.5,-40468.75
2025-08-13 08:56:07.382,True,36.120000000000005,135.62,-42812.5
2025-08-13 08:56:08.385,True,38.0,135.62,-43437.5
2025-08-13 08:56:09.388,True,37.5,135.5,-40937.5
2025-08-13 08:56:10.390,True,38.379999999999995,135.62,-39843.75
2025-08-13 08:56:11.392,True,37.620000000000005,135.5,-40625.0
2025-08-13 08:56:12.394,True,39.120000000000005,135.62,-38906.25
2025-08-13 08:56:13.395,True,37.25,135.62,-41250.0
2025-08-13 08:56:14.398,True,39.879999999999995,135.5,-37812.5
2025-08-13 08:56:15.400,True,37.120000000000005,135.62,-41406.25
2025-08-13 08:56:16.403,True,39.879999999999995,135.62,-37968.75
2025-08-13 08:56:17.404,True,40.379999999999995,135.75,-37343.75
2025-08-13 08:56:18.406,True,37.25,135.62,-41250.0
2025-08-13 08:56:19.408,True,36.75,135.75,-42187.5
2025-08-13 08:56:20.410,True,37.379999999999995,135.62,-41093.75
2025-08-13 08:56:21.413,True,37.75,135.75,-40781.25
2025-08-13 08:56:22.415,True,35.120000000000005,135.75,-44218.75
2025-08-13 08:56:23.417,True,39.120000000000005,135.62,-38906.25
2025-08-13 08:56:24.419,True,37.379999999999995,135.75,-41250.0
2025-08-13 08:56:25.421,True,40.5,135.75,-37343.75
2025-08-13 08:56:26.423,True,41.0,135.62,-36562.5
2025-08-13 08:56:27.425,True,42.879999999999995,135.75,-34218.75
2025-08-13 08:56:28.427,True,43.5,135.62,-33281.25
2025-08-13 08:56:29.430,True,43.0,135.62,-34062.5
2025-08-13 08:56:30.432,True,43.75,135.62,-32968.75
2025-08-13 08:56:31.434,True,38.25,135.62,-40000.0
2025-08-13 08:56:32.436,True,37.5,135.62,-40937.5
2025-08-13 08:56:33.438,True,40.25,135.5,-37343.75
2025-08-13 08:56:34.440,True,47.75,135.62,-27812.5
2025-08-13 08:56:35.442,True,39.620000000000005,135.62,-38281.25
2025-08-13 08:56:36.444,True,52.379999999999995,135.62,-21562.5
2025-08-13 08:56:37.446,True,44.379999999999995,135.62,-32031.25
2025-08-13 08:56:38.448,True,41.120000000000005,135.5,-36406.25
2025-08-13 08:56:39.450,True,42.75,135.62,-34375.0
2025-08-13 08:56:40.452,True,41.75,135.5,-35625.0
2025-08-13 08:56:41.456,True,42.0,135.62,-35312.5
2025-08-13 08:56:42.458,True,45.0,135.62,-31406.25
2025-08-13 08:56:43.460,True,45.75,135.5,-30312.5
2025-08-13 08:56:44.462,True,42.75,135.62,-34375.0
2025-08-13 08:56:45.464,True,47.379999999999995,135.38,-27968.75
2025-08-13 08:56:46.466,True,44.25,135.5,-32187.5
2025-08-13 08:56:47.468,True,45.5,135.38,-30468.75
2025-08-13 08:56:48.470,True,45.879999999999995,135.5,-34375.0
2025-08-13 08:56:49.472,True,45.25,135.62,-30781.25
2025-08-13 08:56:50.474,True,45.120000000000005,135.38,-31250.0
2025-08-13 08:56:51.476,True,39.25,135.5,-38593.75
2025-08-13 08:56:52.478,True,44.75,135.5,-31562.5
2025-08-13 08:56:53.554,True,45.75,135.5,-30312.5
2025-08-13 08:56:54.557,True,44.379999999999995,135.5,-32031.25
2025-08-13 08:56:55.559,True,46.0,135.5,-30000.0
2025-08-13 08:56:56.560,True,44.75,135.5,-31562.5
2025-08-13 08:56:57.562,True,45.0,135.38,-31093.75
2025-08-13 08:56:58.565,True,46.379999999999995,135.38,-29531.25
2025-08-13 08:56:59.567,True,42.120000000000005,135.25,-34687.5
2025-08-13 08:57:00.569,True,45.0,135.38,-31093.75
2025-08-20 12:50:12.540,True,0.0,0.0,0.0
2025-08-20 12:50:14.319,True,25.0,108.0,-22500.0
2025-08-20 12:50:15.321,True,24.620000000000005,108.0,-23593.75
2025-08-20 12:50:16.323,True,25.379999999999995,108.12,-22187.5
2025-08-20 12:50:17.326,True,26.25,108.12,-21093.75
2025-08-20 12:50:18.328,True,25.0,108.12,-22656.25
2025-08-20 12:50:19.331,True,25.379999999999995,108.12,-22187.5
2025-08-20 12:50:20.333,True,27.120000000000005,108.12,-20000.0
2025-08-20 12:50:21.335,True,25.620000000000005,108.12,-21875.0
2025-08-20 12:50:22.338,True,25.879999999999995,108.12,-21562.5
2025-08-20 12:50:23.340,True,26.5,108.12,-20781.25
2025-08-20 12:50:24.342,True,26.0,108.12,-21406.25
2025-08-20 12:50:25.344,True,26.75,108.12,-20468.75
2025-08-20 12:50:26.346,True,26.120000000000005,108.12,-21250.0
2025-08-20 12:50:27.348,True,25.620000000000005,108.12,-21875.0
2025-08-20 12:50:28.578,True,25.75,108.25,-21875.0
2025-08-20 12:50:29.580,True,25.620000000000005,108.25,-22031.25
2025-08-20 12:50:30.582,True,26.620000000000005,108.25,-20781.25
2025-08-20 12:50:31.584,True,25.879999999999995,108.25,-21718.75
2025-08-20 12:50:32.585,True,26.0,108.25,-21562.5
2025-08-20 12:50:33.660,True,28.379999999999995,108.25,-18593.75
2025-08-20 12:50:34.662,True,27.75,108.25,-19375.0
2025-08-20 12:50:35.664,True,28.0,108.25,-19062.5
2025-08-20 12:50:36.666,True,26.120000000000005,108.25,-20000.0
2025-08-20 12:50:37.668,True,25.75,108.25,-21875.0
2025-08-20 12:50:38.670,True,25.75,108.25,-21875.0
2025-08-20 12:50:39.671,True,26.25,108.25,-21250.0
2025-08-20 12:50:40.673,True,26.379999999999995,108.38,-21250.0
2025-08-20 12:50:41.678,True,25.879999999999995,108.38,-21875.0
2025-08-20 12:50:44.598,True,24.120000000000005,108.38,-24062.5
2025-08-20 12:50:45.601,True,24.120000000000005,108.38,-24062.5
                                                                                                                                                                                                                                                                                                                        2025-08-20 12:53:44.830,True,0.0,0.0,0.0
2025-08-20 12:53:45.879,True,31.5,110.5,-17500.0
2025-08-20 12:53:46.882,True,24.379999999999995,110.5,-26250.0
2025-08-20 12:53:47.885,True,25.120000000000005,110.5,-25468.75
2025-08-20 12:53:48.890,True,26.75,110.62,-23437.5
2025-08-20 12:53:49.892,True,28.120000000000005,110.62,-21875.0
2025-08-20 12:53:50.895,True,26.879999999999995,110.62,-23437.5
2025-08-20 12:53:51.898,True,29.379999999999995,110.62,-20312.5
2025-08-20 12:53:53.539,True,26.120000000000005,110.62,-24375.0
2025-08-20 12:53:55.521,True,27.620000000000005,110.62,-22500.0
2025-08-20 12:53:56.523,True,27.120000000000005,110.62,-23125.0
2025-08-20 12:53:57.529,True,28.75,110.75,-21250.0
2025-08-20 12:53:58.531,True,29.379999999999995,110.75,-20468.75
2025-08-20 12:53:59.534,True,28.75,110.75,-21250.0
2025-08-20 12:54:00.536,True,27.120000000000005,110.75,-23281.25
2025-08-20 12:54:01.539,True,30.0,110.75,-19687.5
2025-08-20 12:54:02.545,True,28.25,110.75,-21875.0
2025-08-20 12:54:03.547,True,27.120000000000005,110.75,-23281.25
2025-08-20 12:54:05.972,True,29.0,110.75,-20937.5
2025-08-20 12:54:06.974,True,27.5,110.75,-22968.75
2025-08-20 12:54:07.978,True,30.379999999999995,110.88,-19375.0
2025-08-20 12:54:08.980,True,28.379999999999995,110.88,-21875.0
2025-08-20 12:54:11.756,True,29.120000000000005,110.88,-20937.5
2025-08-20 12:54:12.760,True,29.5,110.88,-20468.75
2025-08-20 12:54:13.765,True,29.25,110.88,-20781.25
2025-08-20 12:54:16.759,True,27.120000000000005,111.0,-23593.75
2025-08-20 12:54:17.761,True,29.120000000000005,111.0,-21093.75
2025-08-20 12:54:18.763,True,29.620000000000005,111.0,-20468.75
2025-08-20 12:54:19.843,True,27.5,111.0,-23125.0
2025-08-20 12:54:20.845,True,28.120000000000005,111.0,-22343.75
2025-08-20 12:54:21.847,True,27.0,111.0,-23750.0
2025-08-20 12:54:22.849,True,25.879999999999995,111.12,-25156.25
2025-08-20 12:54:28.405,True,30.25,111.12,-19843.75
2025-08-20 12:54:29.735,True,29.5,111.12,-20781.25
2025-08-20 12:54:37.119,True,28.620000000000005,111.25,-22031.25
2025-08-20 12:54:39.555,True,29.379999999999995,111.38,-21250.0
2025-08-20 12:54:40.557,True,33.379999999999995,111.38,-16250.0
2025-08-20 12:54:41.561,True,32.379999999999995,111.38,-17500.0
2025-08-20 12:54:42.563,True,32.120000000000005,111.38,-17812.5
2025-08-20 12:54:43.566,True,31.620000000000005,111.38,-18437.5
2025-08-20 12:54:44.569,True,32.75,111.38,-17031.25
2025-08-20 12:54:45.572,True,31.879999999999995,111.38,-18125.0
2025-08-20 12:54:46.575,True,28.5,111.38,-22343.75
2025-08-20 12:54:47.577,True,30.0,111.38,-20468.75
