[2025-08-13 07:56:52.632] [INFO] Cameraapp main function started
[2025-08-13 07:56:52.704] [INFO] Initializing cameraapp
[2025-08-13 07:57:03.738] [INFO] Cameraapp initialization complete
[2025-08-13 07:57:03.964] [INFO] HK transmission thread started
[2025-08-13 07:57:04.010] [INFO] Camera status update thread started
[2025-08-13 07:57:04.069] [INFO] All cameraapp threads started
[2025-08-13 07:57:04.125] [INFO] Camera data transmission thread started
[2025-08-13 07:57:04.070] [INFO] Camera status changed: IDLE -> READY
[2025-08-13 07:57:04.334] [MSG_SENT] Message 2702 sent to TelemetryApp
[2025-08-13 07:57:04.235] [MSG_SENT] Message 2701 sent to HKApp
[2025-08-13 07:57:04.378] [MSG_SENT] Message 2703 sent to FlightLogicApp
[2025-08-13 07:57:04.431] [INFO] Disk usage updated: 0.0% -> 24.0%
[2025-08-13 07:57:05.362] [MSG_SENT] Message 2701 sent to HKApp
[2025-08-13 07:57:05.425] [MSG_SENT] Message 2702 sent to TelemetryApp
[2025-08-13 07:57:05.427] [MSG_SENT] Message 2703 sent to FlightLogicApp
[2025-08-13 07:57:06.363] [MSG_SENT] Message 2701 sent to HKApp
[2025-08-13 07:57:06.428] [MSG_SENT] Message 2702 sent to TelemetryApp
[2025-08-13 07:57:06.430] [MSG_SENT] Message 2703 sent to FlightLogicApp
[2025-08-13 07:57:07.365] [MSG_SENT] Message 2701 sent to HKApp
[2025-08-13 07:57:07.433] [MSG_SENT] Message 2702 sent to TelemetryApp
[2025-08-13 07:57:07.433] [MSG_SENT] Message 2703 sent to FlightLogicApp
[2025-08-13 07:57:08.366] [MSG_SENT] Message 2701 sent to HKApp
[2025-08-13 07:57:08.435] [MSG_SENT] Message 2702 sent to TelemetryApp
[2025-08-13 07:57:08.439] [MSG_SENT] Message 2703 sent to FlightLogicApp
[2025-08-13 07:57:09.368] [MSG_SENT] Message 2701 sent to HKApp
[2025-08-13 07:57:09.440] [MSG_SENT] Message 2702 sent to TelemetryApp
[2025-08-13 07:57:09.442] [MSG_SENT] Message 2703 sent to FlightLogicApp
[2025-08-13 07:57:10.370] [MSG_SENT] Message 2701 sent to HKApp
[2025-08-13 07:57:10.443] [MSG_SENT] Message 2702 sent to TelemetryApp
[2025-08-13 07:57:10.444] [MSG_SENT] Message 2703 sent to FlightLogicApp
[2025-08-13 07:57:11.371] [MSG_SENT] Message 2701 sent to HKApp
[2025-08-13 07:57:11.446] [MSG_SENT] Message 2702 sent to TelemetryApp
[2025-08-13 07:57:11.447] [MSG_SENT] Message 2703 sent to FlightLogicApp
[2025-08-13 07:57:12.373] [MSG_SENT] Message 2701 sent to HKApp
[2025-08-13 07:57:12.448] [MSG_SENT] Message 2702 sent to TelemetryApp
[2025-08-13 07:57:12.449] [MSG_SENT] Message 2703 sent to FlightLogicApp
[2025-08-13 07:57:13.376] [MSG_SENT] Message 2701 sent to HKApp
[2025-08-13 07:57:13.450] [MSG_SENT] Message 2702 sent to TelemetryApp
[2025-08-13 07:57:13.451] [MSG_SENT] Message 2703 sent to FlightLogicApp
[2025-08-13 07:57:14.379] [MSG_SENT] Message 2701 sent to HKApp
[2025-08-13 07:57:14.452] [MSG_SENT] Message 2702 sent to TelemetryApp
[2025-08-13 07:57:14.453] [MSG_SENT] Message 2703 sent to FlightLogicApp
[2025-08-13 07:57:15.380] [MSG_SENT] Message 2701 sent to HKApp
[2025-08-13 07:57:15.455] [MSG_SENT] Message 2702 sent to TelemetryApp
[2025-08-13 07:57:15.455] [MSG_SENT] Message 2703 sent to FlightLogicApp
[2025-08-13 07:57:16.382] [MSG_SENT] Message 2701 sent to HKApp
[2025-08-13 07:57:16.457] [MSG_SENT] Message 2702 sent to TelemetryApp
[2025-08-13 07:57:17.383] [MSG_SENT] Message 2701 sent to HKApp
[2025-08-13 07:57:18.032] [MSG_SENT] Message 2703 sent to FlightLogicApp
[2025-08-13 07:57:19.034] [MSG_SENT] Message 2701 sent to HKApp
[2025-08-13 07:57:19.036] [MSG_SENT] Message 2702 sent to TelemetryApp
[2025-08-13 07:57:19.037] [MSG_SENT] Message 2703 sent to FlightLogicApp
[2025-08-13 07:57:21.704] [MSG_SENT] Message 2701 sent to HKApp
[2025-08-13 07:57:21.154] [MSG_SENT] Message 2702 sent to TelemetryApp
[2025-08-13 07:57:21.980] [MSG_SENT] Message 2703 sent to FlightLogicApp
[2025-08-13 07:57:22.980] [MSG_SENT] Message 2701 sent to HKApp
[2025-08-13 07:57:22.981] [MSG_SENT] Message 2702 sent to TelemetryApp
[2025-08-13 07:57:22.985] [MSG_SENT] Message 2703 sent to FlightLogicApp
[2025-08-13 07:57:23.982] [MSG_SENT] Message 2701 sent to HKApp
[2025-08-13 07:57:23.989] [MSG_SENT] Message 2702 sent to TelemetryApp
[2025-08-13 07:57:23.990] [MSG_SENT] Message 2703 sent to FlightLogicApp
[2025-08-13 07:57:24.983] [MSG_SENT] Message 2701 sent to HKApp
[2025-08-13 07:57:24.995] [MSG_SENT] Message 2702 sent to TelemetryApp
[2025-08-13 07:57:24.997] [MSG_SENT] Message 2703 sent to FlightLogicApp
[2025-08-13 07:57:25.985] [MSG_SENT] Message 2701 sent to HKApp
[2025-08-13 07:57:25.998] [MSG_SENT] Message 2702 sent to TelemetryApp
[2025-08-13 07:57:25.999] [MSG_SENT] Message 2703 sent to FlightLogicApp
[2025-08-13 07:57:26.986] [MSG_SENT] Message 2701 sent to HKApp
[2025-08-13 07:57:27.001] [MSG_SENT] Message 2702 sent to TelemetryApp
[2025-08-13 07:57:27.003] [MSG_SENT] Message 2703 sent to FlightLogicApp
[2025-08-13 07:57:29.997] [MSG_SENT] Message 2702 sent to TelemetryApp
[2025-08-13 07:57:29.997] [MSG_SENT] Message 2701 sent to HKApp
[2025-08-13 07:57:30.001] [MSG_SENT] Message 2703 sent to FlightLogicApp
[2025-08-13 07:57:31.001] [MSG_SENT] Message 2701 sent to HKApp
[2025-08-13 07:57:31.002] [MSG_SENT] Message 2702 sent to TelemetryApp
[2025-08-13 07:57:31.038] [MSG_SENT] Message 2703 sent to FlightLogicApp
[2025-08-13 07:57:32.003] [MSG_SENT] Message 2701 sent to HKApp
[2025-08-13 07:57:32.039] [MSG_SENT] Message 2702 sent to TelemetryApp
[2025-08-13 07:57:35.567] [MSG_SENT] Message 2703 sent to FlightLogicApp
[2025-08-13 07:57:36.561] [MSG_SENT] Message 2701 sent to HKApp
[2025-08-13 07:57:36.568] [MSG_SENT] Message 2702 sent to TelemetryApp
[2025-08-13 07:57:36.570] [MSG_SENT] Message 2703 sent to FlightLogicApp
[2025-08-13 07:57:37.563] [MSG_SENT] Message 2701 sent to HKApp
[2025-08-13 07:57:37.571] [MSG_SENT] Message 2702 sent to TelemetryApp
[2025-08-13 07:57:38.872] [MSG_SENT] Message 2703 sent to FlightLogicApp
[2025-08-13 07:57:39.873] [MSG_SENT] Message 2701 sent to HKApp
[2025-08-13 07:57:39.886] [MSG_SENT] Message 2702 sent to TelemetryApp
[2025-08-13 07:57:39.903] [MSG_SENT] Message 2703 sent to FlightLogicApp
[2025-08-13 07:57:40.903] [MSG_SENT] Message 2701 sent to HKApp
[2025-08-13 07:57:40.904] [MSG_SENT] Message 2702 sent to TelemetryApp
[2025-08-13 07:57:40.905] [MSG_SENT] Message 2703 sent to FlightLogicApp
[2025-08-13 07:57:41.905] [MSG_SENT] Message 2701 sent to HKApp
[2025-08-13 07:57:41.906] [MSG_SENT] Message 2702 sent to TelemetryApp
[2025-08-13 07:57:43.419] [MSG_SENT] Message 2703 sent to FlightLogicApp
[2025-08-13 07:57:45.737] [MSG_SENT] Message 2701 sent to HKApp
[2025-08-13 07:57:45.736] [MSG_SENT] Message 2702 sent to TelemetryApp
[2025-08-13 07:57:45.744] [MSG_SENT] Message 2703 sent to FlightLogicApp
[2025-08-13 07:57:46.745] [MSG_SENT] Message 2701 sent to HKApp
[2025-08-13 07:57:46.747] [MSG_SENT] Message 2702 sent to TelemetryApp
[2025-08-13 07:57:46.748] [MSG_SENT] Message 2703 sent to FlightLogicApp
[2025-08-13 07:57:47.746] [MSG_SENT] Message 2701 sent to HKApp
[2025-08-13 07:57:48.313] [MSG_SENT] Message 2702 sent to TelemetryApp
[2025-08-13 07:57:48.347] [MSG_SENT] Message 2703 sent to FlightLogicApp
[2025-08-13 07:57:49.346] [MSG_SENT] Message 2701 sent to HKApp
[2025-08-13 07:57:49.348] [MSG_SENT] Message 2702 sent to TelemetryApp
[2025-08-13 07:57:49.353] [MSG_SENT] Message 2703 sent to FlightLogicApp
[2025-08-13 07:57:50.348] [MSG_SENT] Message 2701 sent to HKApp
[2025-08-13 07:57:50.354] [MSG_SENT] Message 2702 sent to TelemetryApp
[2025-08-13 07:57:50.358] [MSG_SENT] Message 2703 sent to FlightLogicApp
[2025-08-13 07:57:51.350] [MSG_SENT] Message 2701 sent to HKApp
[2025-08-13 07:57:51.359] [MSG_SENT] Message 2702 sent to TelemetryApp
[2025-08-13 07:57:51.360] [MSG_SENT] Message 2703 sent to FlightLogicApp
[2025-08-13 07:57:52.352] [MSG_SENT] Message 2701 sent to HKApp
[2025-08-13 07:57:52.612] [MSG_SENT] Message 2702 sent to TelemetryApp
[2025-08-13 07:57:52.614] [MSG_SENT] Message 2703 sent to FlightLogicApp
[2025-08-13 07:57:53.354] [MSG_SENT] Message 2701 sent to HKApp
[2025-08-13 07:57:53.616] [MSG_SENT] Message 2702 sent to TelemetryApp
[2025-08-13 07:57:53.619] [MSG_SENT] Message 2703 sent to FlightLogicApp
[2025-08-13 07:57:54.356] [MSG_SENT] Message 2701 sent to HKApp
[2025-08-13 07:57:54.621] [MSG_SENT] Message 2702 sent to TelemetryApp
[2025-08-13 07:57:54.622] [MSG_SENT] Message 2703 sent to FlightLogicApp
[2025-08-13 07:57:55.357] [MSG_SENT] Message 2701 sent to HKApp
[2025-08-13 07:57:55.624] [MSG_SENT] Message 2702 sent to TelemetryApp
[2025-08-13 07:57:55.626] [MSG_SENT] Message 2703 sent to FlightLogicApp
[2025-08-13 07:57:56.359] [MSG_SENT] Message 2701 sent to HKApp
[2025-08-13 07:57:56.627] [MSG_SENT] Message 2702 sent to TelemetryApp
[2025-08-13 07:57:56.628] [MSG_SENT] Message 2703 sent to FlightLogicApp
[2025-08-13 07:57:57.360] [MSG_SENT] Message 2701 sent to HKApp
[2025-08-13 07:57:57.630] [MSG_SENT] Message 2702 sent to TelemetryApp
[2025-08-13 07:57:57.631] [MSG_SENT] Message 2703 sent to FlightLogicApp
[2025-08-13 07:57:58.361] [MSG_SENT] Message 2701 sent to HKApp
[2025-08-13 07:57:58.633] [MSG_SENT] Message 2702 sent to TelemetryApp
[2025-08-13 07:57:58.634] [MSG_SENT] Message 2703 sent to FlightLogicApp
[2025-08-13 07:57:59.363] [MSG_SENT] Message 2701 sent to HKApp
[2025-08-13 07:57:59.636] [MSG_SENT] Message 2702 sent to TelemetryApp
[2025-08-13 07:57:59.638] [MSG_SENT] Message 2703 sent to FlightLogicApp
[2025-08-13 07:58:00.366] [MSG_SENT] Message 2701 sent to HKApp
[2025-08-13 07:58:00.640] [MSG_SENT] Message 2702 sent to TelemetryApp
[2025-08-13 07:58:00.641] [MSG_SENT] Message 2703 sent to FlightLogicApp
[2025-08-13 07:58:01.367] [MSG_SENT] Message 2701 sent to HKApp
[2025-08-13 07:58:01.642] [MSG_SENT] Message 2702 sent to TelemetryApp
[2025-08-13 07:58:01.643] [MSG_SENT] Message 2703 sent to FlightLogicApp
[2025-08-13 07:58:02.369] [MSG_SENT] Message 2701 sent to HKApp
[2025-08-13 07:58:02.645] [MSG_SENT] Message 2702 sent to TelemetryApp
[2025-08-13 07:58:02.646] [MSG_SENT] Message 2703 sent to FlightLogicApp
[2025-08-13 07:58:03.370] [MSG_SENT] Message 2701 sent to HKApp
[2025-08-13 07:58:03.647] [MSG_SENT] Message 2702 sent to TelemetryApp
[2025-08-13 07:58:03.647] [MSG_SENT] Message 2703 sent to FlightLogicApp
[2025-08-13 07:58:04.373] [MSG_SENT] Message 2701 sent to HKApp
[2025-08-13 07:58:04.649] [MSG_SENT] Message 2702 sent to TelemetryApp
[2025-08-13 07:58:04.650] [MSG_SENT] Message 2703 sent to FlightLogicApp
[2025-08-13 07:58:05.375] [MSG_SENT] Message 2701 sent to HKApp
[2025-08-13 07:58:05.651] [MSG_SENT] Message 2702 sent to TelemetryApp
[2025-08-13 07:58:05.652] [MSG_SENT] Message 2703 sent to FlightLogicApp
[2025-08-13 07:58:06.376] [MSG_SENT] Message 2701 sent to HKApp
[2025-08-13 07:58:06.654] [MSG_SENT] Message 2702 sent to TelemetryApp
[2025-08-13 07:58:06.654] [MSG_SENT] Message 2703 sent to FlightLogicApp
[2025-08-13 07:58:07.378] [MSG_SENT] Message 2701 sent to HKApp
[2025-08-13 07:58:07.656] [MSG_SENT] Message 2702 sent to TelemetryApp
[2025-08-13 07:58:07.657] [MSG_SENT] Message 2703 sent to FlightLogicApp
[2025-08-13 07:58:08.380] [MSG_SENT] Message 2701 sent to HKApp
[2025-08-13 07:58:08.658] [MSG_SENT] Message 2702 sent to TelemetryApp
[2025-08-13 07:58:08.659] [MSG_SENT] Message 2703 sent to FlightLogicApp
[2025-08-13 07:58:09.381] [MSG_SENT] Message 2701 sent to HKApp
[2025-08-13 07:58:09.661] [MSG_SENT] Message 2702 sent to TelemetryApp
[2025-08-13 07:58:09.662] [MSG_SENT] Message 2703 sent to FlightLogicApp
[2025-08-13 07:58:10.383] [MSG_SENT] Message 2701 sent to HKApp
[2025-08-13 07:58:10.663] [MSG_SENT] Message 2702 sent to TelemetryApp
[2025-08-13 07:58:10.663] [MSG_SENT] Message 2703 sent to FlightLogicApp
[2025-08-13 07:58:11.384] [MSG_SENT] Message 2701 sent to HKApp
[2025-08-13 07:58:11.665] [MSG_SENT] Message 2702 sent to TelemetryApp
[2025-08-13 07:58:11.666] [MSG_SENT] Message 2703 sent to FlightLogicApp
[2025-08-13 07:58:12.385] [MSG_SENT] Message 2701 sent to HKApp
[2025-08-13 07:58:12.667] [MSG_SENT] Message 2702 sent to TelemetryApp
[2025-08-13 07:58:12.668] [MSG_SENT] Message 2703 sent to FlightLogicApp
[2025-08-13 07:58:13.387] [MSG_SENT] Message 2701 sent to HKApp
[2025-08-13 07:58:13.669] [MSG_SENT] Message 2702 sent to TelemetryApp
[2025-08-13 07:58:13.670] [MSG_SENT] Message 2703 sent to FlightLogicApp
[2025-08-13 07:58:14.388] [MSG_SENT] Message 2701 sent to HKApp
[2025-08-13 07:58:14.673] [MSG_SENT] Message 2702 sent to TelemetryApp
[2025-08-13 07:58:14.673] [MSG_SENT] Message 2703 sent to FlightLogicApp
[2025-08-13 07:58:15.392] [MSG_SENT] Message 2701 sent to HKApp
[2025-08-13 07:58:15.675] [MSG_SENT] Message 2702 sent to TelemetryApp
[2025-08-13 07:58:15.676] [MSG_SENT] Message 2703 sent to FlightLogicApp
[2025-08-13 07:58:16.393] [MSG_SENT] Message 2701 sent to HKApp
[2025-08-13 07:58:16.679] [MSG_SENT] Message 2702 sent to TelemetryApp
[2025-08-13 07:58:16.680] [MSG_SENT] Message 2703 sent to FlightLogicApp
[2025-08-13 07:58:17.395] [MSG_SENT] Message 2701 sent to HKApp
[2025-08-13 07:58:17.682] [MSG_SENT] Message 2702 sent to TelemetryApp
[2025-08-13 07:58:17.682] [MSG_SENT] Message 2703 sent to FlightLogicApp
[2025-08-13 07:58:18.399] [MSG_SENT] Message 2701 sent to HKApp
[2025-08-13 07:58:18.684] [MSG_SENT] Message 2702 sent to TelemetryApp
[2025-08-13 07:58:18.686] [MSG_SENT] Message 2703 sent to FlightLogicApp
[2025-08-13 07:58:19.401] [MSG_SENT] Message 2701 sent to HKApp
[2025-08-13 07:58:19.687] [MSG_SENT] Message 2702 sent to TelemetryApp
[2025-08-13 07:58:19.688] [MSG_SENT] Message 2703 sent to FlightLogicApp
[2025-08-13 07:58:20.402] [MSG_SENT] Message 2701 sent to HKApp
[2025-08-13 07:58:20.689] [MSG_SENT] Message 2702 sent to TelemetryApp
[2025-08-13 07:58:20.690] [MSG_SENT] Message 2703 sent to FlightLogicApp
[2025-08-13 07:58:21.403] [MSG_SENT] Message 2701 sent to HKApp
[2025-08-13 07:58:21.692] [MSG_SENT] Message 2702 sent to TelemetryApp
[2025-08-13 07:58:21.693] [MSG_SENT] Message 2703 sent to FlightLogicApp
[2025-08-13 07:58:22.404] [MSG_SENT] Message 2701 sent to HKApp
[2025-08-13 07:58:22.696] [MSG_SENT] Message 2702 sent to TelemetryApp
[2025-08-13 07:58:22.697] [MSG_SENT] Message 2703 sent to FlightLogicApp
[2025-08-13 07:58:23.406] [MSG_SENT] Message 2701 sent to HKApp
[2025-08-13 07:58:23.699] [MSG_SENT] Message 2702 sent to TelemetryApp
[2025-08-13 07:58:23.701] [MSG_SENT] Message 2703 sent to FlightLogicApp
[2025-08-13 07:58:24.411] [MSG_SENT] Message 2701 sent to HKApp
[2025-08-13 07:58:24.703] [MSG_SENT] Message 2702 sent to TelemetryApp
[2025-08-13 07:58:24.705] [MSG_SENT] Message 2703 sent to FlightLogicApp
[2025-08-13 07:58:25.412] [MSG_SENT] Message 2701 sent to HKApp
[2025-08-13 07:58:25.706] [MSG_SENT] Message 2702 sent to TelemetryApp
[2025-08-13 07:58:25.707] [MSG_SENT] Message 2703 sent to FlightLogicApp
[2025-08-13 07:58:26.413] [MSG_SENT] Message 2701 sent to HKApp
[2025-08-13 07:58:26.709] [MSG_SENT] Message 2702 sent to TelemetryApp
[2025-08-13 07:58:26.709] [MSG_SENT] Message 2703 sent to FlightLogicApp
[2025-08-13 07:58:27.415] [MSG_SENT] Message 2701 sent to HKApp
[2025-08-13 07:58:27.711] [MSG_SENT] Message 2702 sent to TelemetryApp
[2025-08-13 07:58:27.712] [MSG_SENT] Message 2703 sent to FlightLogicApp
[2025-08-13 07:58:28.416] [MSG_SENT] Message 2701 sent to HKApp
[2025-08-13 07:58:28.714] [MSG_SENT] Message 2702 sent to TelemetryApp
[2025-08-13 07:58:28.715] [MSG_SENT] Message 2703 sent to FlightLogicApp
[2025-08-13 07:58:29.417] [MSG_SENT] Message 2701 sent to HKApp
[2025-08-13 07:58:29.717] [MSG_SENT] Message 2702 sent to TelemetryApp
[2025-08-13 07:58:29.719] [MSG_SENT] Message 2703 sent to FlightLogicApp
[2025-08-13 07:58:30.419] [MSG_SENT] Message 2701 sent to HKApp
[2025-08-13 07:58:30.720] [MSG_SENT] Message 2702 sent to TelemetryApp
[2025-08-13 07:58:30.721] [MSG_SENT] Message 2703 sent to FlightLogicApp
[2025-08-13 07:58:31.421] [MSG_SENT] Message 2701 sent to HKApp
[2025-08-13 07:58:31.724] [MSG_SENT] Message 2702 sent to TelemetryApp
[2025-08-13 07:58:31.725] [MSG_SENT] Message 2703 sent to FlightLogicApp
[2025-08-13 07:58:32.422] [MSG_SENT] Message 2701 sent to HKApp
[2025-08-13 07:58:32.726] [MSG_SENT] Message 2702 sent to TelemetryApp
[2025-08-13 07:58:32.728] [MSG_SENT] Message 2703 sent to FlightLogicApp
[2025-08-13 07:58:33.423] [MSG_SENT] Message 2701 sent to HKApp
[2025-08-13 07:58:33.730] [MSG_SENT] Message 2702 sent to TelemetryApp
[2025-08-13 07:58:33.731] [MSG_SENT] Message 2703 sent to FlightLogicApp
[2025-08-13 07:58:34.425] [MSG_SENT] Message 2701 sent to HKApp
[2025-08-13 07:58:34.732] [MSG_SENT] Message 2702 sent to TelemetryApp
[2025-08-13 07:58:34.732] [MSG_SENT] Message 2703 sent to FlightLogicApp
[2025-08-13 07:58:35.426] [MSG_SENT] Message 2701 sent to HKApp
[2025-08-13 07:58:35.733] [MSG_SENT] Message 2702 sent to TelemetryApp
[2025-08-13 07:58:35.735] [MSG_SENT] Message 2703 sent to FlightLogicApp
[2025-08-13 07:58:36.427] [MSG_SENT] Message 2701 sent to HKApp
[2025-08-13 07:58:36.737] [MSG_SENT] Message 2702 sent to TelemetryApp
[2025-08-13 07:58:36.738] [MSG_SENT] Message 2703 sent to FlightLogicApp
[2025-08-13 07:58:37.429] [MSG_SENT] Message 2701 sent to HKApp
[2025-08-13 07:58:37.740] [MSG_SENT] Message 2702 sent to TelemetryApp
[2025-08-13 07:58:37.740] [MSG_SENT] Message 2703 sent to FlightLogicApp
[2025-08-13 07:58:38.430] [MSG_SENT] Message 2701 sent to HKApp
[2025-08-13 07:58:38.742] [MSG_SENT] Message 2702 sent to TelemetryApp
[2025-08-13 07:58:38.743] [MSG_SENT] Message 2703 sent to FlightLogicApp
[2025-08-13 07:58:39.431] [MSG_SENT] Message 2701 sent to HKApp
[2025-08-13 07:58:39.744] [MSG_SENT] Message 2702 sent to TelemetryApp
[2025-08-13 07:58:39.745] [MSG_SENT] Message 2703 sent to FlightLogicApp
[2025-08-13 07:58:40.433] [MSG_SENT] Message 2701 sent to HKApp
[2025-08-13 07:58:40.746] [MSG_SENT] Message 2702 sent to TelemetryApp
[2025-08-13 07:58:40.747] [MSG_SENT] Message 2703 sent to FlightLogicApp
[2025-08-13 07:58:41.434] [MSG_SENT] Message 2701 sent to HKApp
[2025-08-13 07:58:41.748] [MSG_SENT] Message 2702 sent to TelemetryApp
[2025-08-13 07:58:41.749] [MSG_SENT] Message 2703 sent to FlightLogicApp
[2025-08-13 07:58:42.435] [MSG_SENT] Message 2701 sent to HKApp
[2025-08-13 07:58:42.750] [MSG_SENT] Message 2702 sent to TelemetryApp
[2025-08-13 07:58:42.751] [MSG_SENT] Message 2703 sent to FlightLogicApp
[2025-08-13 07:58:43.437] [MSG_SENT] Message 2701 sent to HKApp
[2025-08-13 07:58:43.753] [MSG_SENT] Message 2702 sent to TelemetryApp
[2025-08-13 07:58:43.754] [MSG_SENT] Message 2703 sent to FlightLogicApp
[2025-08-13 07:58:44.438] [MSG_SENT] Message 2701 sent to HKApp
[2025-08-13 07:58:44.756] [MSG_SENT] Message 2702 sent to TelemetryApp
[2025-08-13 07:58:44.757] [MSG_SENT] Message 2703 sent to FlightLogicApp
[2025-08-13 07:58:45.440] [MSG_SENT] Message 2701 sent to HKApp
[2025-08-13 07:58:45.759] [MSG_SENT] Message 2702 sent to TelemetryApp
[2025-08-13 07:58:45.761] [MSG_SENT] Message 2703 sent to FlightLogicApp
[2025-08-13 07:58:46.441] [MSG_SENT] Message 2701 sent to HKApp
[2025-08-13 07:58:46.763] [MSG_SENT] Message 2702 sent to TelemetryApp
[2025-08-13 07:58:46.764] [MSG_SENT] Message 2703 sent to FlightLogicApp
[2025-08-13 07:58:47.442] [MSG_SENT] Message 2701 sent to HKApp
[2025-08-13 07:58:47.765] [MSG_SENT] Message 2702 sent to TelemetryApp
[2025-08-13 07:58:47.765] [MSG_SENT] Message 2703 sent to FlightLogicApp
[2025-08-13 07:58:48.443] [MSG_SENT] Message 2701 sent to HKApp
[2025-08-13 07:58:48.767] [MSG_SENT] Message 2702 sent to TelemetryApp
[2025-08-13 07:58:48.768] [MSG_SENT] Message 2703 sent to FlightLogicApp
[2025-08-13 07:58:49.444] [MSG_SENT] Message 2701 sent to HKApp
[2025-08-13 07:58:49.769] [MSG_SENT] Message 2702 sent to TelemetryApp
[2025-08-13 07:58:49.770] [MSG_SENT] Message 2703 sent to FlightLogicApp
[2025-08-13 07:58:50.446] [MSG_SENT] Message 2701 sent to HKApp
[2025-08-13 07:58:50.772] [MSG_SENT] Message 2702 sent to TelemetryApp
[2025-08-13 07:58:50.773] [MSG_SENT] Message 2703 sent to FlightLogicApp
[2025-08-13 07:58:51.447] [MSG_SENT] Message 2701 sent to HKApp
[2025-08-13 07:58:51.774] [MSG_SENT] Message 2702 sent to TelemetryApp
[2025-08-13 07:58:51.775] [MSG_SENT] Message 2703 sent to FlightLogicApp
[2025-08-13 07:58:52.448] [MSG_SENT] Message 2701 sent to HKApp
[2025-08-13 07:58:52.777] [MSG_SENT] Message 2702 sent to TelemetryApp
[2025-08-13 07:58:52.779] [MSG_SENT] Message 2703 sent to FlightLogicApp
[2025-08-13 07:58:53.450] [MSG_SENT] Message 2701 sent to HKApp
[2025-08-13 07:58:53.780] [MSG_SENT] Message 2702 sent to TelemetryApp
[2025-08-13 07:58:53.781] [MSG_SENT] Message 2703 sent to FlightLogicApp
[2025-08-13 07:58:54.451] [MSG_SENT] Message 2701 sent to HKApp
[2025-08-13 07:58:54.782] [MSG_SENT] Message 2702 sent to TelemetryApp
[2025-08-13 07:58:54.784] [MSG_SENT] Message 2703 sent to FlightLogicApp
[2025-08-13 07:58:55.452] [MSG_SENT] Message 2701 sent to HKApp
[2025-08-13 07:58:55.785] [MSG_SENT] Message 2702 sent to TelemetryApp
[2025-08-13 07:58:55.786] [MSG_SENT] Message 2703 sent to FlightLogicApp
[2025-08-13 07:58:56.453] [MSG_SENT] Message 2701 sent to HKApp
[2025-08-13 07:58:56.787] [MSG_SENT] Message 2702 sent to TelemetryApp
[2025-08-13 07:58:56.790] [MSG_SENT] Message 2703 sent to FlightLogicApp
[2025-08-13 07:58:57.455] [MSG_SENT] Message 2701 sent to HKApp
[2025-08-13 07:58:57.791] [MSG_SENT] Message 2702 sent to TelemetryApp
[2025-08-13 07:58:57.792] [MSG_SENT] Message 2703 sent to FlightLogicApp
[2025-08-13 07:58:58.456] [MSG_SENT] Message 2701 sent to HKApp
[2025-08-13 07:58:58.793] [MSG_SENT] Message 2702 sent to TelemetryApp
[2025-08-13 07:58:58.794] [MSG_SENT] Message 2703 sent to FlightLogicApp
[2025-08-13 07:58:59.457] [MSG_SENT] Message 2701 sent to HKApp
[2025-08-13 07:58:59.796] [MSG_SENT] Message 2702 sent to TelemetryApp
[2025-08-13 07:58:59.797] [MSG_SENT] Message 2703 sent to FlightLogicApp
[2025-08-13 07:59:00.459] [MSG_SENT] Message 2701 sent to HKApp
[2025-08-13 07:59:00.798] [MSG_SENT] Message 2702 sent to TelemetryApp
[2025-08-13 07:59:00.799] [MSG_SENT] Message 2703 sent to FlightLogicApp
[2025-08-13 07:59:01.460] [MSG_SENT] Message 2701 sent to HKApp
[2025-08-13 07:59:01.801] [MSG_SENT] Message 2702 sent to TelemetryApp
[2025-08-13 07:59:01.802] [MSG_SENT] Message 2703 sent to FlightLogicApp
[2025-08-13 07:59:02.461] [MSG_SENT] Message 2701 sent to HKApp
[2025-08-13 07:59:02.803] [MSG_SENT] Message 2702 sent to TelemetryApp
[2025-08-13 07:59:02.804] [MSG_SENT] Message 2703 sent to FlightLogicApp
[2025-08-13 07:59:03.462] [MSG_SENT] Message 2701 sent to HKApp
[2025-08-13 07:59:03.805] [MSG_SENT] Message 2702 sent to TelemetryApp
[2025-08-13 07:59:03.806] [MSG_SENT] Message 2703 sent to FlightLogicApp
[2025-08-13 07:59:04.464] [MSG_SENT] Message 2701 sent to HKApp
[2025-08-13 07:59:04.809] [MSG_SENT] Message 2702 sent to TelemetryApp
[2025-08-13 07:59:04.810] [MSG_SENT] Message 2703 sent to FlightLogicApp
[2025-08-13 07:59:05.466] [MSG_SENT] Message 2701 sent to HKApp
[2025-08-13 07:59:05.812] [MSG_SENT] Message 2702 sent to TelemetryApp
[2025-08-13 07:59:05.813] [MSG_SENT] Message 2703 sent to FlightLogicApp
[2025-08-13 07:59:06.470] [MSG_SENT] Message 2701 sent to HKApp
[2025-08-13 07:59:06.814] [MSG_SENT] Message 2702 sent to TelemetryApp
[2025-08-13 07:59:06.816] [MSG_SENT] Message 2703 sent to FlightLogicApp
[2025-08-13 07:59:07.472] [MSG_SENT] Message 2701 sent to HKApp
[2025-08-13 07:59:07.817] [MSG_SENT] Message 2702 sent to TelemetryApp
[2025-08-13 07:59:07.818] [MSG_SENT] Message 2703 sent to FlightLogicApp
[2025-08-13 07:59:08.473] [MSG_SENT] Message 2701 sent to HKApp
[2025-08-13 07:59:08.819] [MSG_SENT] Message 2702 sent to TelemetryApp
[2025-08-13 07:59:08.821] [MSG_SENT] Message 2703 sent to FlightLogicApp
[2025-08-13 07:59:09.474] [MSG_SENT] Message 2701 sent to HKApp
[2025-08-13 07:59:09.822] [MSG_SENT] Message 2702 sent to TelemetryApp
[2025-08-13 07:59:09.823] [MSG_SENT] Message 2703 sent to FlightLogicApp
[2025-08-13 07:59:10.476] [MSG_SENT] Message 2701 sent to HKApp
[2025-08-13 07:59:10.825] [MSG_SENT] Message 2702 sent to TelemetryApp
[2025-08-13 07:59:10.825] [MSG_SENT] Message 2703 sent to FlightLogicApp
[2025-08-13 07:59:11.478] [MSG_SENT] Message 2701 sent to HKApp
[2025-08-13 07:59:11.827] [MSG_SENT] Message 2702 sent to TelemetryApp
[2025-08-13 07:59:11.829] [MSG_SENT] Message 2703 sent to FlightLogicApp
[2025-08-13 07:59:12.480] [MSG_SENT] Message 2701 sent to HKApp
[2025-08-13 07:59:12.831] [MSG_SENT] Message 2702 sent to TelemetryApp
[2025-08-13 07:59:12.832] [MSG_SENT] Message 2703 sent to FlightLogicApp
[2025-08-13 07:59:13.482] [MSG_SENT] Message 2701 sent to HKApp
[2025-08-13 07:59:13.834] [MSG_SENT] Message 2702 sent to TelemetryApp
[2025-08-13 07:59:13.835] [MSG_SENT] Message 2703 sent to FlightLogicApp
[2025-08-13 07:59:14.483] [MSG_SENT] Message 2701 sent to HKApp
[2025-08-13 07:59:14.836] [MSG_SENT] Message 2702 sent to TelemetryApp
[2025-08-13 07:59:14.837] [MSG_SENT] Message 2703 sent to FlightLogicApp
[2025-08-13 07:59:15.484] [MSG_SENT] Message 2701 sent to HKApp
[2025-08-13 07:59:15.838] [MSG_SENT] Message 2702 sent to TelemetryApp
[2025-08-13 07:59:15.839] [MSG_SENT] Message 2703 sent to FlightLogicApp
[2025-08-13 07:59:16.486] [MSG_SENT] Message 2701 sent to HKApp
[2025-08-13 07:59:16.840] [MSG_SENT] Message 2702 sent to TelemetryApp
[2025-08-13 07:59:16.841] [MSG_SENT] Message 2703 sent to FlightLogicApp
[2025-08-13 07:59:17.487] [MSG_SENT] Message 2701 sent to HKApp
[2025-08-13 07:59:17.843] [MSG_SENT] Message 2702 sent to TelemetryApp
[2025-08-13 07:59:17.843] [MSG_SENT] Message 2703 sent to FlightLogicApp
[2025-08-13 07:59:18.488] [MSG_SENT] Message 2701 sent to HKApp
[2025-08-13 07:59:18.845] [MSG_SENT] Message 2702 sent to TelemetryApp
[2025-08-13 07:59:18.846] [MSG_SENT] Message 2703 sent to FlightLogicApp
[2025-08-13 07:59:19.490] [MSG_SENT] Message 2701 sent to HKApp
[2025-08-13 07:59:19.847] [MSG_SENT] Message 2702 sent to TelemetryApp
[2025-08-13 07:59:19.848] [MSG_SENT] Message 2703 sent to FlightLogicApp
[2025-08-13 07:59:20.491] [MSG_SENT] Message 2701 sent to HKApp
[2025-08-13 07:59:20.849] [MSG_SENT] Message 2702 sent to TelemetryApp
[2025-08-13 07:59:20.850] [MSG_SENT] Message 2703 sent to FlightLogicApp
[2025-08-13 07:59:21.492] [MSG_SENT] Message 2701 sent to HKApp
[2025-08-13 07:59:21.852] [MSG_SENT] Message 2702 sent to TelemetryApp
[2025-08-13 07:59:21.853] [MSG_SENT] Message 2703 sent to FlightLogicApp
[2025-08-13 07:59:22.493] [MSG_SENT] Message 2701 sent to HKApp
[2025-08-13 07:59:22.855] [MSG_SENT] Message 2702 sent to TelemetryApp
[2025-08-13 07:59:22.856] [MSG_SENT] Message 2703 sent to FlightLogicApp
[2025-08-13 07:59:23.495] [MSG_SENT] Message 2701 sent to HKApp
[2025-08-13 07:59:23.858] [MSG_SENT] Message 2702 sent to TelemetryApp
[2025-08-13 07:59:23.859] [MSG_SENT] Message 2703 sent to FlightLogicApp
[2025-08-13 07:59:24.497] [MSG_SENT] Message 2701 sent to HKApp
[2025-08-13 07:59:24.862] [MSG_SENT] Message 2702 sent to TelemetryApp
[2025-08-13 07:59:24.863] [MSG_SENT] Message 2703 sent to FlightLogicApp
[2025-08-13 07:59:25.498] [MSG_SENT] Message 2701 sent to HKApp
[2025-08-13 07:59:25.866] [MSG_SENT] Message 2702 sent to TelemetryApp
[2025-08-13 07:59:25.867] [MSG_SENT] Message 2703 sent to FlightLogicApp
[2025-08-13 07:59:26.500] [MSG_SENT] Message 2701 sent to HKApp
[2025-08-13 07:59:26.868] [MSG_SENT] Message 2702 sent to TelemetryApp
[2025-08-13 07:59:26.869] [MSG_SENT] Message 2703 sent to FlightLogicApp
[2025-08-13 07:59:27.501] [MSG_SENT] Message 2701 sent to HKApp
[2025-08-13 07:59:27.870] [MSG_SENT] Message 2702 sent to TelemetryApp
[2025-08-13 07:59:27.871] [MSG_SENT] Message 2703 sent to FlightLogicApp
[2025-08-13 07:59:28.502] [MSG_SENT] Message 2701 sent to HKApp
[2025-08-13 07:59:28.872] [MSG_SENT] Message 2702 sent to TelemetryApp
[2025-08-13 07:59:28.873] [MSG_SENT] Message 2703 sent to FlightLogicApp
[2025-08-13 07:59:29.503] [MSG_SENT] Message 2701 sent to HKApp
[2025-08-13 07:59:29.875] [MSG_SENT] Message 2702 sent to TelemetryApp
[2025-08-13 07:59:29.876] [MSG_SENT] Message 2703 sent to FlightLogicApp
[2025-08-13 07:59:30.505] [MSG_SENT] Message 2701 sent to HKApp
[2025-08-13 07:59:30.877] [MSG_SENT] Message 2702 sent to TelemetryApp
[2025-08-13 07:59:30.881] [MSG_SENT] Message 2703 sent to FlightLogicApp
[2025-08-13 07:59:31.506] [MSG_SENT] Message 2701 sent to HKApp
[2025-08-13 07:59:31.883] [MSG_SENT] Message 2702 sent to TelemetryApp
[2025-08-13 07:59:31.883] [MSG_SENT] Message 2703 sent to FlightLogicApp
[2025-08-13 07:59:32.508] [MSG_SENT] Message 2701 sent to HKApp
[2025-08-13 07:59:32.885] [MSG_SENT] Message 2702 sent to TelemetryApp
[2025-08-13 07:59:32.886] [MSG_SENT] Message 2703 sent to FlightLogicApp
[2025-08-13 07:59:33.509] [MSG_SENT] Message 2701 sent to HKApp
[2025-08-13 07:59:33.887] [MSG_SENT] Message 2702 sent to TelemetryApp
[2025-08-13 07:59:33.888] [MSG_SENT] Message 2703 sent to FlightLogicApp
[2025-08-13 07:59:34.511] [MSG_SENT] Message 2701 sent to HKApp
[2025-08-13 07:59:34.890] [MSG_SENT] Message 2702 sent to TelemetryApp
[2025-08-13 07:59:34.891] [MSG_SENT] Message 2703 sent to FlightLogicApp
[2025-08-13 07:59:35.513] [MSG_SENT] Message 2701 sent to HKApp
[2025-08-13 07:59:35.892] [MSG_SENT] Message 2702 sent to TelemetryApp
[2025-08-13 07:59:35.895] [MSG_SENT] Message 2703 sent to FlightLogicApp
[2025-08-13 07:59:36.514] [MSG_SENT] Message 2701 sent to HKApp
[2025-08-13 07:59:36.896] [MSG_SENT] Message 2702 sent to TelemetryApp
[2025-08-13 07:59:36.898] [MSG_SENT] Message 2703 sent to FlightLogicApp
[2025-08-13 07:59:37.515] [MSG_SENT] Message 2701 sent to HKApp
[2025-08-13 07:59:37.899] [MSG_SENT] Message 2702 sent to TelemetryApp
[2025-08-13 07:59:37.900] [MSG_SENT] Message 2703 sent to FlightLogicApp
[2025-08-13 07:59:38.517] [MSG_SENT] Message 2701 sent to HKApp
[2025-08-13 07:59:38.901] [MSG_SENT] Message 2702 sent to TelemetryApp
[2025-08-13 07:59:38.902] [MSG_SENT] Message 2703 sent to FlightLogicApp
[2025-08-13 07:59:39.519] [MSG_SENT] Message 2701 sent to HKApp
[2025-08-13 07:59:39.903] [MSG_SENT] Message 2702 sent to TelemetryApp
[2025-08-13 07:59:39.904] [MSG_SENT] Message 2703 sent to FlightLogicApp
[2025-08-13 07:59:40.520] [MSG_SENT] Message 2701 sent to HKApp
[2025-08-13 07:59:40.906] [MSG_SENT] Message 2702 sent to TelemetryApp
[2025-08-13 07:59:40.907] [MSG_SENT] Message 2703 sent to FlightLogicApp
[2025-08-13 07:59:41.522] [MSG_SENT] Message 2701 sent to HKApp
[2025-08-13 07:59:41.909] [MSG_SENT] Message 2702 sent to TelemetryApp
[2025-08-13 07:59:41.911] [MSG_SENT] Message 2703 sent to FlightLogicApp
[2025-08-13 07:59:42.524] [MSG_SENT] Message 2701 sent to HKApp
[2025-08-13 07:59:42.912] [MSG_SENT] Message 2702 sent to TelemetryApp
[2025-08-13 07:59:42.913] [MSG_SENT] Message 2703 sent to FlightLogicApp
[2025-08-13 07:59:43.525] [MSG_SENT] Message 2701 sent to HKApp
[2025-08-13 07:59:43.915] [MSG_SENT] Message 2702 sent to TelemetryApp
[2025-08-13 07:59:43.917] [MSG_SENT] Message 2703 sent to FlightLogicApp
[2025-08-13 07:59:44.526] [MSG_SENT] Message 2701 sent to HKApp
[2025-08-13 07:59:44.918] [MSG_SENT] Message 2702 sent to TelemetryApp
[2025-08-13 07:59:44.919] [MSG_SENT] Message 2703 sent to FlightLogicApp
[2025-08-13 07:59:45.528] [MSG_SENT] Message 2701 sent to HKApp
[2025-08-13 07:59:45.920] [MSG_SENT] Message 2702 sent to TelemetryApp
[2025-08-13 07:59:45.921] [MSG_SENT] Message 2703 sent to FlightLogicApp
[2025-08-13 07:59:46.530] [MSG_SENT] Message 2701 sent to HKApp
[2025-08-13 07:59:46.923] [MSG_SENT] Message 2702 sent to TelemetryApp
[2025-08-13 07:59:46.925] [MSG_SENT] Message 2703 sent to FlightLogicApp
[2025-08-13 07:59:47.532] [MSG_SENT] Message 2701 sent to HKApp
[2025-08-13 07:59:47.927] [MSG_SENT] Message 2702 sent to TelemetryApp
[2025-08-13 07:59:47.928] [MSG_SENT] Message 2703 sent to FlightLogicApp
[2025-08-13 07:59:48.534] [MSG_SENT] Message 2701 sent to HKApp
[2025-08-13 07:59:48.930] [MSG_SENT] Message 2702 sent to TelemetryApp
[2025-08-13 07:59:48.932] [MSG_SENT] Message 2703 sent to FlightLogicApp
[2025-08-13 07:59:49.535] [MSG_SENT] Message 2701 sent to HKApp
[2025-08-13 07:59:49.933] [MSG_SENT] Message 2702 sent to TelemetryApp
[2025-08-13 07:59:49.934] [MSG_SENT] Message 2703 sent to FlightLogicApp
[2025-08-13 07:59:50.536] [MSG_SENT] Message 2701 sent to HKApp
[2025-08-13 07:59:50.936] [MSG_SENT] Message 2702 sent to TelemetryApp
[2025-08-13 07:59:50.938] [MSG_SENT] Message 2703 sent to FlightLogicApp
[2025-08-13 07:59:51.537] [MSG_SENT] Message 2701 sent to HKApp
[2025-08-13 07:59:51.939] [MSG_SENT] Message 2702 sent to TelemetryApp
[2025-08-13 07:59:51.940] [MSG_SENT] Message 2703 sent to FlightLogicApp
[2025-08-13 07:59:52.539] [MSG_SENT] Message 2701 sent to HKApp
[2025-08-13 07:59:52.942] [MSG_SENT] Message 2702 sent to TelemetryApp
[2025-08-13 07:59:52.943] [MSG_SENT] Message 2703 sent to FlightLogicApp
[2025-08-13 07:59:53.629] [MSG_SENT] Message 2701 sent to HKApp
[2025-08-13 07:59:53.944] [MSG_SENT] Message 2702 sent to TelemetryApp
[2025-08-13 07:59:53.945] [MSG_SENT] Message 2703 sent to FlightLogicApp
[2025-08-13 07:59:54.630] [MSG_SENT] Message 2701 sent to HKApp
[2025-08-13 07:59:54.946] [MSG_SENT] Message 2702 sent to TelemetryApp
[2025-08-13 07:59:54.947] [MSG_SENT] Message 2703 sent to FlightLogicApp
[2025-08-13 07:59:55.632] [MSG_SENT] Message 2701 sent to HKApp
[2025-08-13 07:59:55.949] [MSG_SENT] Message 2702 sent to TelemetryApp
[2025-08-13 07:59:55.949] [MSG_SENT] Message 2703 sent to FlightLogicApp
[2025-08-13 07:59:56.632] [MSG_SENT] Message 2701 sent to HKApp
[2025-08-13 07:59:56.951] [MSG_SENT] Message 2702 sent to TelemetryApp
[2025-08-13 07:59:56.952] [MSG_SENT] Message 2703 sent to FlightLogicApp
[2025-08-13 07:59:57.633] [MSG_SENT] Message 2701 sent to HKApp
[2025-08-13 07:59:57.953] [MSG_SENT] Message 2702 sent to TelemetryApp
[2025-08-13 07:59:57.954] [MSG_SENT] Message 2703 sent to FlightLogicApp
[2025-08-13 07:59:58.634] [MSG_SENT] Message 2701 sent to HKApp
[2025-08-13 07:59:58.956] [MSG_SENT] Message 2702 sent to TelemetryApp
[2025-08-13 07:59:58.957] [MSG_SENT] Message 2703 sent to FlightLogicApp
[2025-08-13 07:59:59.635] [MSG_SENT] Message 2701 sent to HKApp
[2025-08-13 07:59:59.958] [MSG_SENT] Message 2702 sent to TelemetryApp
[2025-08-13 07:59:59.959] [MSG_SENT] Message 2703 sent to FlightLogicApp
[2025-08-13 08:00:00.637] [MSG_SENT] Message 2701 sent to HKApp
[2025-08-13 08:00:00.961] [MSG_SENT] Message 2702 sent to TelemetryApp
[2025-08-13 08:00:00.962] [MSG_SENT] Message 2703 sent to FlightLogicApp
[2025-08-13 08:00:01.639] [MSG_SENT] Message 2701 sent to HKApp
[2025-08-13 08:00:01.963] [MSG_SENT] Message 2702 sent to TelemetryApp
[2025-08-13 08:00:01.964] [MSG_SENT] Message 2703 sent to FlightLogicApp
[2025-08-13 08:00:02.640] [MSG_SENT] Message 2701 sent to HKApp
[2025-08-13 08:00:02.965] [MSG_SENT] Message 2702 sent to TelemetryApp
[2025-08-13 08:00:02.966] [MSG_SENT] Message 2703 sent to FlightLogicApp
[2025-08-13 08:00:03.642] [MSG_SENT] Message 2701 sent to HKApp
[2025-08-13 08:00:03.968] [MSG_SENT] Message 2702 sent to TelemetryApp
[2025-08-13 08:00:03.968] [MSG_SENT] Message 2703 sent to FlightLogicApp
[2025-08-13 08:00:04.644] [MSG_SENT] Message 2701 sent to HKApp
[2025-08-13 08:00:04.970] [MSG_SENT] Message 2702 sent to TelemetryApp
[2025-08-13 08:00:04.971] [MSG_SENT] Message 2703 sent to FlightLogicApp
[2025-08-13 08:00:05.645] [MSG_SENT] Message 2701 sent to HKApp
[2025-08-13 08:00:05.972] [MSG_SENT] Message 2702 sent to TelemetryApp
[2025-08-13 08:00:05.973] [MSG_SENT] Message 2703 sent to FlightLogicApp
[2025-08-13 08:00:06.646] [MSG_SENT] Message 2701 sent to HKApp
[2025-08-13 08:00:06.974] [MSG_SENT] Message 2702 sent to TelemetryApp
[2025-08-13 08:00:06.975] [MSG_SENT] Message 2703 sent to FlightLogicApp
[2025-08-13 08:00:07.647] [MSG_SENT] Message 2701 sent to HKApp
[2025-08-13 08:00:07.977] [MSG_SENT] Message 2702 sent to TelemetryApp
[2025-08-13 08:00:07.979] [MSG_SENT] Message 2703 sent to FlightLogicApp
[2025-08-13 08:00:08.649] [MSG_SENT] Message 2701 sent to HKApp
[2025-08-13 08:00:08.980] [MSG_SENT] Message 2702 sent to TelemetryApp
[2025-08-13 08:00:08.981] [MSG_SENT] Message 2703 sent to FlightLogicApp
[2025-08-13 08:00:09.650] [MSG_SENT] Message 2701 sent to HKApp
[2025-08-13 08:00:09.983] [MSG_SENT] Message 2702 sent to TelemetryApp
[2025-08-13 08:00:09.984] [MSG_SENT] Message 2703 sent to FlightLogicApp
[2025-08-13 08:00:10.651] [MSG_SENT] Message 2701 sent to HKApp
[2025-08-13 08:00:10.985] [MSG_SENT] Message 2702 sent to TelemetryApp
[2025-08-13 08:00:10.987] [MSG_SENT] Message 2703 sent to FlightLogicApp
[2025-08-13 08:00:11.652] [MSG_SENT] Message 2701 sent to HKApp
[2025-08-13 08:00:11.988] [MSG_SENT] Message 2702 sent to TelemetryApp
[2025-08-13 08:00:11.989] [MSG_SENT] Message 2703 sent to FlightLogicApp
[2025-08-13 08:00:12.655] [MSG_SENT] Message 2701 sent to HKApp
[2025-08-13 08:00:12.991] [MSG_SENT] Message 2702 sent to TelemetryApp
[2025-08-13 08:00:12.993] [MSG_SENT] Message 2703 sent to FlightLogicApp
[2025-08-13 08:00:13.657] [MSG_SENT] Message 2701 sent to HKApp
[2025-08-13 08:00:13.994] [MSG_SENT] Message 2702 sent to TelemetryApp
[2025-08-13 08:00:13.995] [MSG_SENT] Message 2703 sent to FlightLogicApp
[2025-08-13 08:00:14.658] [MSG_SENT] Message 2701 sent to HKApp
[2025-08-13 08:00:14.996] [MSG_SENT] Message 2702 sent to TelemetryApp
[2025-08-13 08:00:14.997] [MSG_SENT] Message 2703 sent to FlightLogicApp
[2025-08-13 08:00:15.659] [MSG_SENT] Message 2701 sent to HKApp
[2025-08-13 08:00:15.999] [MSG_SENT] Message 2702 sent to TelemetryApp
[2025-08-13 08:00:16.000] [MSG_SENT] Message 2703 sent to FlightLogicApp
[2025-08-13 08:00:16.660] [MSG_SENT] Message 2701 sent to HKApp
[2025-08-13 08:00:17.002] [MSG_SENT] Message 2702 sent to TelemetryApp
[2025-08-13 08:00:17.003] [MSG_SENT] Message 2703 sent to FlightLogicApp
[2025-08-13 08:00:17.661] [MSG_SENT] Message 2701 sent to HKApp
[2025-08-13 08:00:18.005] [MSG_SENT] Message 2702 sent to TelemetryApp
[2025-08-13 08:00:18.006] [MSG_SENT] Message 2703 sent to FlightLogicApp
[2025-08-13 08:00:18.663] [MSG_SENT] Message 2701 sent to HKApp
[2025-08-13 08:00:19.007] [MSG_SENT] Message 2702 sent to TelemetryApp
[2025-08-13 08:00:19.008] [MSG_SENT] Message 2703 sent to FlightLogicApp
[2025-08-13 08:00:19.665] [MSG_SENT] Message 2701 sent to HKApp
[2025-08-13 08:00:20.010] [MSG_SENT] Message 2702 sent to TelemetryApp
[2025-08-13 08:00:20.011] [MSG_SENT] Message 2703 sent to FlightLogicApp
[2025-08-13 08:00:20.666] [MSG_SENT] Message 2701 sent to HKApp
[2025-08-13 08:00:21.012] [MSG_SENT] Message 2702 sent to TelemetryApp
[2025-08-13 08:00:21.013] [MSG_SENT] Message 2703 sent to FlightLogicApp
[2025-08-13 08:00:21.667] [MSG_SENT] Message 2701 sent to HKApp
[2025-08-13 08:00:22.015] [MSG_SENT] Message 2702 sent to TelemetryApp
[2025-08-13 08:00:22.015] [MSG_SENT] Message 2703 sent to FlightLogicApp
[2025-08-13 08:00:22.669] [MSG_SENT] Message 2701 sent to HKApp
[2025-08-13 08:00:23.017] [MSG_SENT] Message 2702 sent to TelemetryApp
[2025-08-13 08:00:23.018] [MSG_SENT] Message 2703 sent to FlightLogicApp
[2025-08-13 08:00:23.868] [MSG_SENT] Message 2701 sent to HKApp
[2025-08-13 08:00:24.019] [MSG_SENT] Message 2702 sent to TelemetryApp
[2025-08-13 08:00:24.021] [MSG_SENT] Message 2703 sent to FlightLogicApp
[2025-08-13 08:00:24.870] [MSG_SENT] Message 2701 sent to HKApp
[2025-08-13 08:00:25.023] [MSG_SENT] Message 2702 sent to TelemetryApp
[2025-08-13 08:00:25.023] [MSG_SENT] Message 2703 sent to FlightLogicApp
[2025-08-13 08:00:25.871] [MSG_SENT] Message 2701 sent to HKApp
[2025-08-13 08:00:26.025] [MSG_SENT] Message 2702 sent to TelemetryApp
[2025-08-13 08:00:26.026] [MSG_SENT] Message 2703 sent to FlightLogicApp
[2025-08-13 08:00:26.873] [MSG_SENT] Message 2701 sent to HKApp
[2025-08-13 08:00:27.028] [MSG_SENT] Message 2702 sent to TelemetryApp
[2025-08-13 08:00:27.029] [MSG_SENT] Message 2703 sent to FlightLogicApp
[2025-08-13 08:00:27.874] [MSG_SENT] Message 2701 sent to HKApp
[2025-08-13 08:00:28.030] [MSG_SENT] Message 2702 sent to TelemetryApp
[2025-08-13 08:00:28.031] [MSG_SENT] Message 2703 sent to FlightLogicApp
[2025-08-13 08:00:28.876] [MSG_SENT] Message 2701 sent to HKApp
[2025-08-13 08:00:29.032] [MSG_SENT] Message 2702 sent to TelemetryApp
[2025-08-13 08:00:29.034] [MSG_SENT] Message 2703 sent to FlightLogicApp
[2025-08-13 08:00:29.877] [MSG_SENT] Message 2701 sent to HKApp
[2025-08-13 08:00:30.035] [MSG_SENT] Message 2702 sent to TelemetryApp
[2025-08-13 08:00:30.038] [MSG_SENT] Message 2703 sent to FlightLogicApp
[2025-08-13 08:00:30.879] [MSG_SENT] Message 2701 sent to HKApp
[2025-08-13 08:00:31.040] [MSG_SENT] Message 2702 sent to TelemetryApp
[2025-08-13 08:00:31.042] [MSG_SENT] Message 2703 sent to FlightLogicApp
[2025-08-13 08:00:31.880] [MSG_SENT] Message 2701 sent to HKApp
[2025-08-13 08:00:32.044] [MSG_SENT] Message 2702 sent to TelemetryApp
[2025-08-13 08:00:32.044] [MSG_SENT] Message 2703 sent to FlightLogicApp
[2025-08-13 08:00:32.881] [MSG_SENT] Message 2701 sent to HKApp
[2025-08-13 08:00:33.046] [MSG_SENT] Message 2702 sent to TelemetryApp
[2025-08-13 08:00:33.048] [MSG_SENT] Message 2703 sent to FlightLogicApp
[2025-08-13 08:00:33.882] [MSG_SENT] Message 2701 sent to HKApp
[2025-08-13 08:00:34.049] [MSG_SENT] Message 2702 sent to TelemetryApp
[2025-08-13 08:00:34.050] [MSG_SENT] Message 2703 sent to FlightLogicApp
[2025-08-13 08:00:34.884] [MSG_SENT] Message 2701 sent to HKApp
[2025-08-13 08:00:35.051] [MSG_SENT] Message 2702 sent to TelemetryApp
[2025-08-13 08:00:35.052] [MSG_SENT] Message 2703 sent to FlightLogicApp
[2025-08-13 08:00:35.885] [MSG_SENT] Message 2701 sent to HKApp
[2025-08-13 08:00:36.054] [MSG_SENT] Message 2702 sent to TelemetryApp
[2025-08-13 08:00:36.055] [MSG_SENT] Message 2703 sent to FlightLogicApp
[2025-08-13 08:00:36.886] [MSG_SENT] Message 2701 sent to HKApp
[2025-08-13 08:00:37.056] [MSG_SENT] Message 2702 sent to TelemetryApp
[2025-08-13 08:00:37.059] [MSG_SENT] Message 2703 sent to FlightLogicApp
[2025-08-13 08:00:37.888] [MSG_SENT] Message 2701 sent to HKApp
[2025-08-13 08:00:38.061] [MSG_SENT] Message 2702 sent to TelemetryApp
[2025-08-13 08:00:38.062] [MSG_SENT] Message 2703 sent to FlightLogicApp
[2025-08-13 08:00:38.889] [MSG_SENT] Message 2701 sent to HKApp
[2025-08-13 08:00:39.063] [MSG_SENT] Message 2702 sent to TelemetryApp
[2025-08-13 08:00:39.065] [MSG_SENT] Message 2703 sent to FlightLogicApp
[2025-08-13 08:00:39.890] [MSG_SENT] Message 2701 sent to HKApp
[2025-08-13 08:00:40.068] [MSG_SENT] Message 2702 sent to TelemetryApp
[2025-08-13 08:00:40.069] [MSG_SENT] Message 2703 sent to FlightLogicApp
[2025-08-13 08:00:40.892] [MSG_SENT] Message 2701 sent to HKApp
[2025-08-13 08:00:41.071] [MSG_SENT] Message 2702 sent to TelemetryApp
[2025-08-13 08:00:41.072] [MSG_SENT] Message 2703 sent to FlightLogicApp
[2025-08-13 08:00:41.894] [MSG_SENT] Message 2701 sent to HKApp
[2025-08-13 08:00:42.073] [MSG_SENT] Message 2702 sent to TelemetryApp
[2025-08-13 08:00:42.074] [MSG_SENT] Message 2703 sent to FlightLogicApp
[2025-08-13 08:00:42.896] [MSG_SENT] Message 2701 sent to HKApp
[2025-08-13 08:00:43.075] [MSG_SENT] Message 2702 sent to TelemetryApp
[2025-08-13 08:00:43.077] [MSG_SENT] Message 2703 sent to FlightLogicApp
[2025-08-13 08:00:43.897] [MSG_SENT] Message 2701 sent to HKApp
[2025-08-13 08:00:44.079] [MSG_SENT] Message 2702 sent to TelemetryApp
[2025-08-13 08:00:44.080] [MSG_SENT] Message 2703 sent to FlightLogicApp
[2025-08-13 08:00:44.898] [MSG_SENT] Message 2701 sent to HKApp
[2025-08-13 08:00:45.083] [MSG_SENT] Message 2702 sent to TelemetryApp
[2025-08-13 08:00:45.084] [MSG_SENT] Message 2703 sent to FlightLogicApp
[2025-08-13 08:00:45.901] [MSG_SENT] Message 2701 sent to HKApp
[2025-08-13 08:00:46.085] [MSG_SENT] Message 2702 sent to TelemetryApp
[2025-08-13 08:00:46.087] [MSG_SENT] Message 2703 sent to FlightLogicApp
[2025-08-13 08:00:46.902] [MSG_SENT] Message 2701 sent to HKApp
[2025-08-13 08:00:47.089] [MSG_SENT] Message 2702 sent to TelemetryApp
[2025-08-13 08:00:47.089] [MSG_SENT] Message 2703 sent to FlightLogicApp
[2025-08-13 08:00:47.904] [MSG_SENT] Message 2701 sent to HKApp
[2025-08-13 08:00:48.091] [MSG_SENT] Message 2702 sent to TelemetryApp
[2025-08-13 08:00:48.092] [MSG_SENT] Message 2703 sent to FlightLogicApp
[2025-08-13 08:00:48.905] [MSG_SENT] Message 2701 sent to HKApp
[2025-08-13 08:00:49.093] [MSG_SENT] Message 2702 sent to TelemetryApp
[2025-08-13 08:00:49.094] [MSG_SENT] Message 2703 sent to FlightLogicApp
[2025-08-13 08:00:49.906] [MSG_SENT] Message 2701 sent to HKApp
[2025-08-13 08:00:50.096] [MSG_SENT] Message 2702 sent to TelemetryApp
[2025-08-13 08:00:50.098] [MSG_SENT] Message 2703 sent to FlightLogicApp
[2025-08-13 08:00:50.908] [MSG_SENT] Message 2701 sent to HKApp
[2025-08-13 08:00:51.099] [MSG_SENT] Message 2702 sent to TelemetryApp
[2025-08-13 08:00:51.100] [MSG_SENT] Message 2703 sent to FlightLogicApp
[2025-08-13 08:00:51.910] [MSG_SENT] Message 2701 sent to HKApp
[2025-08-13 08:00:52.102] [MSG_SENT] Message 2702 sent to TelemetryApp
[2025-08-13 08:00:52.104] [MSG_SENT] Message 2703 sent to FlightLogicApp
[2025-08-13 08:00:52.911] [MSG_SENT] Message 2701 sent to HKApp
[2025-08-13 08:00:53.106] [MSG_SENT] Message 2702 sent to TelemetryApp
[2025-08-13 08:00:53.107] [MSG_SENT] Message 2703 sent to FlightLogicApp
[2025-08-13 08:00:53.913] [MSG_SENT] Message 2701 sent to HKApp
[2025-08-13 08:00:54.108] [MSG_SENT] Message 2702 sent to TelemetryApp
[2025-08-13 08:00:54.109] [MSG_SENT] Message 2703 sent to FlightLogicApp
[2025-08-13 08:00:54.914] [MSG_SENT] Message 2701 sent to HKApp
[2025-08-13 08:00:55.110] [MSG_SENT] Message 2702 sent to TelemetryApp
[2025-08-13 08:00:55.111] [MSG_SENT] Message 2703 sent to FlightLogicApp
[2025-08-13 08:00:55.916] [MSG_SENT] Message 2701 sent to HKApp
[2025-08-13 08:00:56.114] [MSG_SENT] Message 2702 sent to TelemetryApp
[2025-08-13 08:00:56.115] [MSG_SENT] Message 2703 sent to FlightLogicApp
[2025-08-13 08:00:56.917] [MSG_SENT] Message 2701 sent to HKApp
[2025-08-13 08:00:57.117] [MSG_SENT] Message 2702 sent to TelemetryApp
[2025-08-13 08:00:57.118] [MSG_SENT] Message 2703 sent to FlightLogicApp
[2025-08-13 08:00:57.918] [MSG_SENT] Message 2701 sent to HKApp
[2025-08-13 08:00:58.120] [MSG_SENT] Message 2702 sent to TelemetryApp
[2025-08-13 08:00:58.122] [MSG_SENT] Message 2703 sent to FlightLogicApp
[2025-08-13 08:00:58.920] [MSG_SENT] Message 2701 sent to HKApp
[2025-08-13 08:00:59.124] [MSG_SENT] Message 2702 sent to TelemetryApp
[2025-08-13 08:00:59.125] [MSG_SENT] Message 2703 sent to FlightLogicApp
[2025-08-13 08:00:59.921] [MSG_SENT] Message 2701 sent to HKApp
[2025-08-13 08:01:00.129] [MSG_SENT] Message 2702 sent to TelemetryApp
[2025-08-13 08:01:00.130] [MSG_SENT] Message 2703 sent to FlightLogicApp
[2025-08-13 08:01:00.923] [MSG_SENT] Message 2701 sent to HKApp
[2025-08-13 08:01:01.131] [MSG_SENT] Message 2702 sent to TelemetryApp
[2025-08-13 08:01:01.133] [MSG_SENT] Message 2703 sent to FlightLogicApp
[2025-08-13 08:01:01.924] [MSG_SENT] Message 2701 sent to HKApp
[2025-08-13 08:01:02.135] [MSG_SENT] Message 2702 sent to TelemetryApp
[2025-08-13 08:01:02.135] [MSG_SENT] Message 2703 sent to FlightLogicApp
[2025-08-13 08:01:02.925] [MSG_SENT] Message 2701 sent to HKApp
[2025-08-13 08:01:03.136] [MSG_SENT] Message 2702 sent to TelemetryApp
[2025-08-13 08:01:03.138] [MSG_SENT] Message 2703 sent to FlightLogicApp
[2025-08-13 08:01:03.927] [MSG_SENT] Message 2701 sent to HKApp
[2025-08-13 08:01:04.139] [MSG_SENT] Message 2702 sent to TelemetryApp
[2025-08-13 08:01:04.140] [MSG_SENT] Message 2703 sent to FlightLogicApp
[2025-08-13 08:01:04.928] [MSG_SENT] Message 2701 sent to HKApp
[2025-08-13 08:01:05.142] [MSG_SENT] Message 2702 sent to TelemetryApp
[2025-08-13 08:01:05.144] [MSG_SENT] Message 2703 sent to FlightLogicApp
[2025-08-13 08:01:05.930] [MSG_SENT] Message 2701 sent to HKApp
[2025-08-13 08:01:06.145] [MSG_SENT] Message 2702 sent to TelemetryApp
[2025-08-13 08:01:06.147] [MSG_SENT] Message 2703 sent to FlightLogicApp
[2025-08-13 08:01:06.931] [MSG_SENT] Message 2701 sent to HKApp
[2025-08-13 08:01:07.150] [MSG_SENT] Message 2702 sent to TelemetryApp
[2025-08-13 08:01:07.152] [MSG_SENT] Message 2703 sent to FlightLogicApp
[2025-08-13 08:01:07.933] [MSG_SENT] Message 2701 sent to HKApp
[2025-08-13 08:01:08.154] [MSG_SENT] Message 2702 sent to TelemetryApp
[2025-08-13 08:01:08.155] [MSG_SENT] Message 2703 sent to FlightLogicApp
[2025-08-13 08:01:08.934] [MSG_SENT] Message 2701 sent to HKApp
[2025-08-13 08:01:09.156] [MSG_SENT] Message 2702 sent to TelemetryApp
[2025-08-13 08:01:09.157] [MSG_SENT] Message 2703 sent to FlightLogicApp
[2025-08-13 08:01:09.935] [MSG_SENT] Message 2701 sent to HKApp
[2025-08-13 08:01:10.158] [MSG_SENT] Message 2702 sent to TelemetryApp
[2025-08-13 08:01:10.160] [MSG_SENT] Message 2703 sent to FlightLogicApp
[2025-08-13 08:01:10.936] [MSG_SENT] Message 2701 sent to HKApp
[2025-08-13 08:01:11.165] [MSG_SENT] Message 2702 sent to TelemetryApp
[2025-08-13 08:01:11.166] [MSG_SENT] Message 2703 sent to FlightLogicApp
[2025-08-13 08:01:11.937] [MSG_SENT] Message 2701 sent to HKApp
[2025-08-13 08:01:12.168] [MSG_SENT] Message 2702 sent to TelemetryApp
[2025-08-13 08:01:12.172] [MSG_SENT] Message 2703 sent to FlightLogicApp
[2025-08-13 08:01:12.939] [MSG_SENT] Message 2701 sent to HKApp
[2025-08-13 08:01:13.173] [MSG_SENT] Message 2702 sent to TelemetryApp
[2025-08-13 08:01:13.174] [MSG_SENT] Message 2703 sent to FlightLogicApp
[2025-08-13 08:01:13.940] [MSG_SENT] Message 2701 sent to HKApp
[2025-08-13 08:01:14.176] [MSG_SENT] Message 2702 sent to TelemetryApp
[2025-08-13 08:01:14.176] [MSG_SENT] Message 2703 sent to FlightLogicApp
[2025-08-13 08:01:14.941] [MSG_SENT] Message 2701 sent to HKApp
[2025-08-13 08:01:15.179] [MSG_SENT] Message 2702 sent to TelemetryApp
[2025-08-13 08:01:15.179] [MSG_SENT] Message 2703 sent to FlightLogicApp
[2025-08-13 08:01:15.943] [MSG_SENT] Message 2701 sent to HKApp
[2025-08-13 08:01:16.181] [MSG_SENT] Message 2702 sent to TelemetryApp
[2025-08-13 08:01:16.182] [MSG_SENT] Message 2703 sent to FlightLogicApp
[2025-08-13 08:01:16.944] [MSG_SENT] Message 2701 sent to HKApp
[2025-08-13 08:01:17.184] [MSG_SENT] Message 2702 sent to TelemetryApp
[2025-08-13 08:01:17.185] [MSG_SENT] Message 2703 sent to FlightLogicApp
[2025-08-13 08:01:17.945] [MSG_SENT] Message 2701 sent to HKApp
[2025-08-13 08:01:18.187] [MSG_SENT] Message 2702 sent to TelemetryApp
[2025-08-13 08:01:18.188] [MSG_SENT] Message 2703 sent to FlightLogicApp
[2025-08-13 08:01:18.948] [MSG_SENT] Message 2701 sent to HKApp
[2025-08-13 08:01:19.190] [MSG_SENT] Message 2702 sent to TelemetryApp
[2025-08-13 08:01:19.191] [MSG_SENT] Message 2703 sent to FlightLogicApp
[2025-08-13 08:01:19.950] [MSG_SENT] Message 2701 sent to HKApp
[2025-08-13 08:01:20.192] [MSG_SENT] Message 2702 sent to TelemetryApp
[2025-08-13 08:01:20.193] [MSG_SENT] Message 2703 sent to FlightLogicApp
[2025-08-13 08:01:20.951] [MSG_SENT] Message 2701 sent to HKApp
[2025-08-13 08:01:21.194] [MSG_SENT] Message 2702 sent to TelemetryApp
[2025-08-13 08:01:21.195] [MSG_SENT] Message 2703 sent to FlightLogicApp
[2025-08-13 08:01:21.952] [MSG_SENT] Message 2701 sent to HKApp
[2025-08-13 08:01:22.197] [MSG_SENT] Message 2702 sent to TelemetryApp
[2025-08-13 08:01:22.198] [MSG_SENT] Message 2703 sent to FlightLogicApp
[2025-08-13 08:01:22.954] [MSG_SENT] Message 2701 sent to HKApp
[2025-08-13 08:01:23.199] [MSG_SENT] Message 2702 sent to TelemetryApp
[2025-08-13 08:01:23.200] [MSG_SENT] Message 2703 sent to FlightLogicApp
[2025-08-13 08:01:23.956] [MSG_SENT] Message 2701 sent to HKApp
[2025-08-13 08:01:24.201] [MSG_SENT] Message 2702 sent to TelemetryApp
[2025-08-13 08:01:24.202] [MSG_SENT] Message 2703 sent to FlightLogicApp
[2025-08-13 08:01:24.957] [MSG_SENT] Message 2701 sent to HKApp
[2025-08-13 08:01:25.205] [MSG_SENT] Message 2702 sent to TelemetryApp
[2025-08-13 08:01:25.206] [MSG_SENT] Message 2703 sent to FlightLogicApp
[2025-08-13 08:01:25.958] [MSG_SENT] Message 2701 sent to HKApp
[2025-08-13 08:01:26.209] [MSG_SENT] Message 2702 sent to TelemetryApp
[2025-08-13 08:01:26.213] [MSG_SENT] Message 2703 sent to FlightLogicApp
[2025-08-13 08:01:26.960] [MSG_SENT] Message 2701 sent to HKApp
[2025-08-13 08:01:27.214] [MSG_SENT] Message 2702 sent to TelemetryApp
[2025-08-13 08:01:27.215] [MSG_SENT] Message 2703 sent to FlightLogicApp
[2025-08-13 08:01:27.961] [MSG_SENT] Message 2701 sent to HKApp
[2025-08-13 08:01:28.216] [MSG_SENT] Message 2702 sent to TelemetryApp
[2025-08-13 08:01:28.217] [MSG_SENT] Message 2703 sent to FlightLogicApp
[2025-08-13 08:01:28.962] [MSG_SENT] Message 2701 sent to HKApp
[2025-08-13 08:01:29.219] [MSG_SENT] Message 2702 sent to TelemetryApp
[2025-08-13 08:01:29.220] [MSG_SENT] Message 2703 sent to FlightLogicApp
[2025-08-13 08:01:29.963] [MSG_SENT] Message 2701 sent to HKApp
[2025-08-13 08:01:30.221] [MSG_SENT] Message 2702 sent to TelemetryApp
[2025-08-13 08:01:30.222] [MSG_SENT] Message 2703 sent to FlightLogicApp
[2025-08-13 08:01:30.965] [MSG_SENT] Message 2701 sent to HKApp
[2025-08-13 08:01:31.224] [MSG_SENT] Message 2702 sent to TelemetryApp
[2025-08-13 08:01:31.225] [MSG_SENT] Message 2703 sent to FlightLogicApp
[2025-08-13 08:01:31.967] [MSG_SENT] Message 2701 sent to HKApp
[2025-08-13 08:01:32.226] [MSG_SENT] Message 2702 sent to TelemetryApp
[2025-08-13 08:01:32.227] [MSG_SENT] Message 2703 sent to FlightLogicApp
[2025-08-13 08:01:32.968] [MSG_SENT] Message 2701 sent to HKApp
[2025-08-13 08:01:33.230] [MSG_SENT] Message 2702 sent to TelemetryApp
[2025-08-13 08:01:33.231] [MSG_SENT] Message 2703 sent to FlightLogicApp
[2025-08-13 08:01:33.970] [MSG_SENT] Message 2701 sent to HKApp
[2025-08-13 08:01:34.232] [MSG_SENT] Message 2702 sent to TelemetryApp
[2025-08-13 08:01:34.234] [MSG_SENT] Message 2703 sent to FlightLogicApp
[2025-08-13 08:01:34.971] [MSG_SENT] Message 2701 sent to HKApp
[2025-08-13 08:01:35.235] [MSG_SENT] Message 2702 sent to TelemetryApp
[2025-08-13 08:01:35.236] [MSG_SENT] Message 2703 sent to FlightLogicApp
[2025-08-13 08:01:35.972] [MSG_SENT] Message 2701 sent to HKApp
[2025-08-13 08:01:36.237] [MSG_SENT] Message 2702 sent to TelemetryApp
[2025-08-13 08:01:36.238] [MSG_SENT] Message 2703 sent to FlightLogicApp
[2025-08-13 08:01:36.975] [MSG_SENT] Message 2701 sent to HKApp
[2025-08-13 08:01:37.240] [MSG_SENT] Message 2702 sent to TelemetryApp
[2025-08-13 08:01:37.241] [MSG_SENT] Message 2703 sent to FlightLogicApp
[2025-08-13 08:01:37.976] [MSG_SENT] Message 2701 sent to HKApp
[2025-08-13 08:01:38.242] [MSG_SENT] Message 2702 sent to TelemetryApp
[2025-08-13 08:01:38.243] [MSG_SENT] Message 2703 sent to FlightLogicApp
[2025-08-13 08:01:38.977] [MSG_SENT] Message 2701 sent to HKApp
[2025-08-13 08:01:39.245] [MSG_SENT] Message 2702 sent to TelemetryApp
[2025-08-13 08:01:39.246] [MSG_SENT] Message 2703 sent to FlightLogicApp
[2025-08-13 08:01:39.979] [MSG_SENT] Message 2701 sent to HKApp
[2025-08-13 08:01:40.248] [MSG_SENT] Message 2702 sent to TelemetryApp
[2025-08-13 08:01:40.249] [MSG_SENT] Message 2703 sent to FlightLogicApp
[2025-08-13 08:01:40.980] [MSG_SENT] Message 2701 sent to HKApp
[2025-08-13 08:01:41.251] [MSG_SENT] Message 2702 sent to TelemetryApp
[2025-08-13 08:01:41.252] [MSG_SENT] Message 2703 sent to FlightLogicApp
[2025-08-13 08:01:41.981] [MSG_SENT] Message 2701 sent to HKApp
[2025-08-13 08:01:42.253] [MSG_SENT] Message 2702 sent to TelemetryApp
[2025-08-13 08:01:42.255] [MSG_SENT] Message 2703 sent to FlightLogicApp
[2025-08-13 08:01:42.983] [MSG_SENT] Message 2701 sent to HKApp
[2025-08-13 08:01:43.256] [MSG_SENT] Message 2702 sent to TelemetryApp
[2025-08-13 08:01:43.257] [MSG_SENT] Message 2703 sent to FlightLogicApp
[2025-08-13 08:01:43.984] [MSG_SENT] Message 2701 sent to HKApp
[2025-08-13 08:01:44.259] [MSG_SENT] Message 2702 sent to TelemetryApp
[2025-08-13 08:01:44.260] [MSG_SENT] Message 2703 sent to FlightLogicApp
[2025-08-13 08:01:44.985] [MSG_SENT] Message 2701 sent to HKApp
[2025-08-13 08:01:45.261] [MSG_SENT] Message 2702 sent to TelemetryApp
[2025-08-13 08:01:45.262] [MSG_SENT] Message 2703 sent to FlightLogicApp
[2025-08-13 08:01:45.987] [MSG_SENT] Message 2701 sent to HKApp
[2025-08-13 08:01:46.263] [MSG_SENT] Message 2702 sent to TelemetryApp
[2025-08-13 08:01:46.265] [MSG_SENT] Message 2703 sent to FlightLogicApp
[2025-08-13 08:01:46.989] [MSG_SENT] Message 2701 sent to HKApp
[2025-08-13 08:01:47.267] [MSG_SENT] Message 2702 sent to TelemetryApp
[2025-08-13 08:01:47.268] [MSG_SENT] Message 2703 sent to FlightLogicApp
[2025-08-13 08:01:47.990] [MSG_SENT] Message 2701 sent to HKApp
[2025-08-13 08:01:48.270] [MSG_SENT] Message 2702 sent to TelemetryApp
[2025-08-13 08:01:48.271] [MSG_SENT] Message 2703 sent to FlightLogicApp
[2025-08-13 08:01:48.992] [MSG_SENT] Message 2701 sent to HKApp
[2025-08-13 08:01:49.272] [MSG_SENT] Message 2702 sent to TelemetryApp
[2025-08-13 08:01:49.274] [MSG_SENT] Message 2703 sent to FlightLogicApp
[2025-08-13 08:01:49.993] [MSG_SENT] Message 2701 sent to HKApp
[2025-08-13 08:01:50.276] [MSG_SENT] Message 2702 sent to TelemetryApp
[2025-08-13 08:01:50.277] [MSG_SENT] Message 2703 sent to FlightLogicApp
[2025-08-13 08:01:50.994] [MSG_SENT] Message 2701 sent to HKApp
[2025-08-13 08:01:51.280] [MSG_SENT] Message 2702 sent to TelemetryApp
[2025-08-13 08:01:51.281] [MSG_SENT] Message 2703 sent to FlightLogicApp
[2025-08-13 08:01:51.996] [MSG_SENT] Message 2701 sent to HKApp
[2025-08-13 08:01:52.282] [MSG_SENT] Message 2702 sent to TelemetryApp
[2025-08-13 08:01:52.283] [MSG_SENT] Message 2703 sent to FlightLogicApp
[2025-08-13 08:01:52.997] [MSG_SENT] Message 2701 sent to HKApp
[2025-08-13 08:01:53.284] [MSG_SENT] Message 2702 sent to TelemetryApp
[2025-08-13 08:01:53.285] [MSG_SENT] Message 2703 sent to FlightLogicApp
[2025-08-13 08:01:54.017] [MSG_SENT] Message 2701 sent to HKApp
[2025-08-13 08:01:54.287] [MSG_SENT] Message 2702 sent to TelemetryApp
[2025-08-13 08:01:54.290] [MSG_SENT] Message 2703 sent to FlightLogicApp
[2025-08-13 08:01:55.019] [MSG_SENT] Message 2701 sent to HKApp
[2025-08-13 08:01:55.291] [MSG_SENT] Message 2702 sent to TelemetryApp
[2025-08-13 08:01:55.293] [MSG_SENT] Message 2703 sent to FlightLogicApp
[2025-08-13 08:01:56.020] [MSG_SENT] Message 2701 sent to HKApp
[2025-08-13 08:01:56.294] [MSG_SENT] Message 2702 sent to TelemetryApp
[2025-08-13 08:01:56.295] [MSG_SENT] Message 2703 sent to FlightLogicApp
[2025-08-13 08:01:57.024] [MSG_SENT] Message 2701 sent to HKApp
[2025-08-13 08:01:57.296] [MSG_SENT] Message 2702 sent to TelemetryApp
[2025-08-13 08:01:57.297] [MSG_SENT] Message 2703 sent to FlightLogicApp
[2025-08-13 08:01:58.026] [MSG_SENT] Message 2701 sent to HKApp
[2025-08-13 08:01:58.300] [MSG_SENT] Message 2702 sent to TelemetryApp
[2025-08-13 08:01:58.301] [MSG_SENT] Message 2703 sent to FlightLogicApp
[2025-08-13 08:01:59.094] [MSG_SENT] Message 2701 sent to HKApp
[2025-08-13 08:01:59.303] [MSG_SENT] Message 2702 sent to TelemetryApp
[2025-08-13 08:01:59.304] [MSG_SENT] Message 2703 sent to FlightLogicApp
[2025-08-13 08:02:00.095] [MSG_SENT] Message 2701 sent to HKApp
[2025-08-13 08:02:00.306] [MSG_SENT] Message 2702 sent to TelemetryApp
[2025-08-13 08:02:00.307] [MSG_SENT] Message 2703 sent to FlightLogicApp
[2025-08-13 08:02:01.096] [MSG_SENT] Message 2701 sent to HKApp
[2025-08-13 08:02:01.308] [MSG_SENT] Message 2702 sent to TelemetryApp
[2025-08-13 08:02:01.310] [MSG_SENT] Message 2703 sent to FlightLogicApp
[2025-08-13 08:02:02.098] [MSG_SENT] Message 2701 sent to HKApp
[2025-08-13 08:02:02.311] [MSG_SENT] Message 2702 sent to TelemetryApp
[2025-08-13 08:02:02.312] [MSG_SENT] Message 2703 sent to FlightLogicApp
[2025-08-13 08:02:03.099] [MSG_SENT] Message 2701 sent to HKApp
[2025-08-13 08:02:03.313] [MSG_SENT] Message 2702 sent to TelemetryApp
[2025-08-13 08:02:03.314] [MSG_SENT] Message 2703 sent to FlightLogicApp
[2025-08-13 08:02:04.101] [MSG_SENT] Message 2701 sent to HKApp
[2025-08-13 08:02:04.316] [MSG_SENT] Message 2702 sent to TelemetryApp
[2025-08-13 08:02:04.317] [MSG_SENT] Message 2703 sent to FlightLogicApp
[2025-08-13 08:02:05.103] [MSG_SENT] Message 2701 sent to HKApp
[2025-08-13 08:02:05.319] [MSG_SENT] Message 2702 sent to TelemetryApp
[2025-08-13 08:02:05.322] [MSG_SENT] Message 2703 sent to FlightLogicApp
[2025-08-13 08:02:06.104] [MSG_SENT] Message 2701 sent to HKApp
[2025-08-13 08:02:06.324] [MSG_SENT] Message 2702 sent to TelemetryApp
[2025-08-13 08:02:06.325] [MSG_SENT] Message 2703 sent to FlightLogicApp
[2025-08-13 08:02:07.106] [MSG_SENT] Message 2701 sent to HKApp
[2025-08-13 08:02:07.327] [MSG_SENT] Message 2702 sent to TelemetryApp
[2025-08-13 08:02:07.328] [MSG_SENT] Message 2703 sent to FlightLogicApp
[2025-08-13 08:02:08.107] [MSG_SENT] Message 2701 sent to HKApp
[2025-08-13 08:02:08.331] [MSG_SENT] Message 2702 sent to TelemetryApp
[2025-08-13 08:02:08.332] [MSG_SENT] Message 2703 sent to FlightLogicApp
[2025-08-13 08:02:09.108] [MSG_SENT] Message 2701 sent to HKApp
[2025-08-13 08:02:09.333] [MSG_SENT] Message 2702 sent to TelemetryApp
[2025-08-13 08:02:09.334] [MSG_SENT] Message 2703 sent to FlightLogicApp
[2025-08-13 08:02:10.110] [MSG_SENT] Message 2701 sent to HKApp
[2025-08-13 08:02:10.335] [MSG_SENT] Message 2702 sent to TelemetryApp
[2025-08-13 08:02:10.337] [MSG_SENT] Message 2703 sent to FlightLogicApp
[2025-08-13 08:02:11.112] [MSG_SENT] Message 2701 sent to HKApp
[2025-08-13 08:02:11.340] [MSG_SENT] Message 2702 sent to TelemetryApp
[2025-08-13 08:02:11.340] [MSG_SENT] Message 2703 sent to FlightLogicApp
[2025-08-13 08:02:12.113] [MSG_SENT] Message 2701 sent to HKApp
[2025-08-13 08:02:12.343] [MSG_SENT] Message 2702 sent to TelemetryApp
[2025-08-13 08:02:12.344] [MSG_SENT] Message 2703 sent to FlightLogicApp
[2025-08-13 08:02:13.114] [MSG_SENT] Message 2701 sent to HKApp
[2025-08-13 08:02:13.345] [MSG_SENT] Message 2702 sent to TelemetryApp
[2025-08-13 08:02:13.346] [MSG_SENT] Message 2703 sent to FlightLogicApp
[2025-08-13 08:02:14.115] [MSG_SENT] Message 2701 sent to HKApp
[2025-08-13 08:02:14.347] [MSG_SENT] Message 2702 sent to TelemetryApp
[2025-08-13 08:02:14.348] [MSG_SENT] Message 2703 sent to FlightLogicApp
[2025-08-13 08:02:15.116] [MSG_SENT] Message 2701 sent to HKApp
[2025-08-13 08:02:15.350] [MSG_SENT] Message 2702 sent to TelemetryApp
[2025-08-13 08:02:15.351] [MSG_SENT] Message 2703 sent to FlightLogicApp
[2025-08-13 08:02:16.117] [MSG_SENT] Message 2701 sent to HKApp
[2025-08-13 08:02:16.354] [MSG_SENT] Message 2702 sent to TelemetryApp
[2025-08-13 08:02:16.355] [MSG_SENT] Message 2703 sent to FlightLogicApp
[2025-08-13 08:02:17.120] [MSG_SENT] Message 2701 sent to HKApp
[2025-08-13 08:02:17.357] [MSG_SENT] Message 2702 sent to TelemetryApp
[2025-08-13 08:02:17.358] [MSG_SENT] Message 2703 sent to FlightLogicApp
[2025-08-13 08:02:18.121] [MSG_SENT] Message 2701 sent to HKApp
[2025-08-13 08:02:18.360] [MSG_SENT] Message 2702 sent to TelemetryApp
[2025-08-13 08:02:18.361] [MSG_SENT] Message 2703 sent to FlightLogicApp
[2025-08-13 08:02:19.122] [MSG_SENT] Message 2701 sent to HKApp
[2025-08-13 08:02:19.362] [MSG_SENT] Message 2702 sent to TelemetryApp
[2025-08-13 08:02:19.363] [MSG_SENT] Message 2703 sent to FlightLogicApp
[2025-08-13 08:02:20.123] [MSG_SENT] Message 2701 sent to HKApp
[2025-08-13 08:02:20.365] [MSG_SENT] Message 2702 sent to TelemetryApp
[2025-08-13 08:02:20.365] [MSG_SENT] Message 2703 sent to FlightLogicApp
[2025-08-13 08:02:21.125] [MSG_SENT] Message 2701 sent to HKApp
[2025-08-13 08:02:21.367] [MSG_SENT] Message 2702 sent to TelemetryApp
[2025-08-13 08:02:21.368] [MSG_SENT] Message 2703 sent to FlightLogicApp
[2025-08-13 08:02:22.126] [MSG_SENT] Message 2701 sent to HKApp
[2025-08-13 08:02:22.370] [MSG_SENT] Message 2702 sent to TelemetryApp
[2025-08-13 08:02:22.371] [MSG_SENT] Message 2703 sent to FlightLogicApp
[2025-08-13 08:02:23.127] [MSG_SENT] Message 2701 sent to HKApp
[2025-08-13 08:02:23.372] [MSG_SENT] Message 2702 sent to TelemetryApp
[2025-08-13 08:02:23.373] [MSG_SENT] Message 2703 sent to FlightLogicApp
[2025-08-13 08:02:24.129] [MSG_SENT] Message 2701 sent to HKApp
[2025-08-13 08:02:24.375] [MSG_SENT] Message 2702 sent to TelemetryApp
[2025-08-13 08:02:24.376] [MSG_SENT] Message 2703 sent to FlightLogicApp
[2025-08-13 08:02:25.130] [MSG_SENT] Message 2701 sent to HKApp
[2025-08-13 08:02:25.378] [MSG_SENT] Message 2702 sent to TelemetryApp
[2025-08-13 08:02:25.379] [MSG_SENT] Message 2703 sent to FlightLogicApp
[2025-08-13 08:02:26.131] [MSG_SENT] Message 2701 sent to HKApp
[2025-08-13 08:02:26.380] [MSG_SENT] Message 2702 sent to TelemetryApp
[2025-08-13 08:02:26.381] [MSG_SENT] Message 2703 sent to FlightLogicApp
[2025-08-13 08:02:27.133] [MSG_SENT] Message 2701 sent to HKApp
[2025-08-13 08:02:27.383] [MSG_SENT] Message 2702 sent to TelemetryApp
[2025-08-13 08:02:27.384] [MSG_SENT] Message 2703 sent to FlightLogicApp
[2025-08-13 08:02:28.134] [MSG_SENT] Message 2701 sent to HKApp
[2025-08-13 08:02:28.386] [MSG_SENT] Message 2702 sent to TelemetryApp
[2025-08-13 08:02:28.388] [MSG_SENT] Message 2703 sent to FlightLogicApp
[2025-08-13 08:02:29.136] [MSG_SENT] Message 2701 sent to HKApp
[2025-08-13 08:02:29.389] [MSG_SENT] Message 2702 sent to TelemetryApp
[2025-08-13 08:02:29.391] [MSG_SENT] Message 2703 sent to FlightLogicApp
[2025-08-13 08:02:30.137] [MSG_SENT] Message 2701 sent to HKApp
[2025-08-13 08:02:30.392] [MSG_SENT] Message 2702 sent to TelemetryApp
[2025-08-13 08:02:30.393] [MSG_SENT] Message 2703 sent to FlightLogicApp
[2025-08-13 08:02:31.138] [MSG_SENT] Message 2701 sent to HKApp
[2025-08-13 08:02:31.395] [MSG_SENT] Message 2702 sent to TelemetryApp
[2025-08-13 08:02:31.395] [MSG_SENT] Message 2703 sent to FlightLogicApp
[2025-08-13 08:02:32.140] [MSG_SENT] Message 2701 sent to HKApp
[2025-08-13 08:02:32.396] [MSG_SENT] Message 2702 sent to TelemetryApp
[2025-08-13 08:02:32.397] [MSG_SENT] Message 2703 sent to FlightLogicApp
[2025-08-13 08:02:33.141] [MSG_SENT] Message 2701 sent to HKApp
[2025-08-13 08:02:33.399] [MSG_SENT] Message 2702 sent to TelemetryApp
[2025-08-13 08:02:33.399] [MSG_SENT] Message 2703 sent to FlightLogicApp
[2025-08-13 08:02:34.142] [MSG_SENT] Message 2701 sent to HKApp
[2025-08-13 08:02:34.401] [MSG_SENT] Message 2702 sent to TelemetryApp
[2025-08-13 08:02:34.402] [MSG_SENT] Message 2703 sent to FlightLogicApp
[2025-08-13 08:02:35.144] [MSG_SENT] Message 2701 sent to HKApp
[2025-08-13 08:02:35.403] [MSG_SENT] Message 2702 sent to TelemetryApp
[2025-08-13 08:02:35.405] [MSG_SENT] Message 2703 sent to FlightLogicApp
[2025-08-13 08:02:36.145] [MSG_SENT] Message 2701 sent to HKApp
[2025-08-13 08:02:36.407] [MSG_SENT] Message 2702 sent to TelemetryApp
[2025-08-13 08:02:36.408] [MSG_SENT] Message 2703 sent to FlightLogicApp
[2025-08-13 08:02:37.146] [MSG_SENT] Message 2701 sent to HKApp
[2025-08-13 08:02:37.410] [MSG_SENT] Message 2702 sent to TelemetryApp
[2025-08-13 08:02:37.412] [MSG_SENT] Message 2703 sent to FlightLogicApp
[2025-08-13 08:02:38.148] [MSG_SENT] Message 2701 sent to HKApp
[2025-08-13 08:02:38.413] [MSG_SENT] Message 2702 sent to TelemetryApp
[2025-08-13 08:02:38.419] [MSG_SENT] Message 2703 sent to FlightLogicApp
[2025-08-13 08:02:39.149] [MSG_SENT] Message 2701 sent to HKApp
[2025-08-13 08:02:39.420] [MSG_SENT] Message 2702 sent to TelemetryApp
[2025-08-13 08:02:39.420] [MSG_SENT] Message 2703 sent to FlightLogicApp
[2025-08-13 08:02:40.150] [MSG_SENT] Message 2701 sent to HKApp
[2025-08-13 08:02:40.421] [MSG_SENT] Message 2702 sent to TelemetryApp
[2025-08-13 08:02:40.423] [MSG_SENT] Message 2703 sent to FlightLogicApp
[2025-08-13 08:02:41.151] [MSG_SENT] Message 2701 sent to HKApp
[2025-08-13 08:02:41.424] [MSG_SENT] Message 2702 sent to TelemetryApp
[2025-08-13 08:02:41.425] [MSG_SENT] Message 2703 sent to FlightLogicApp
[2025-08-13 08:02:42.152] [MSG_SENT] Message 2701 sent to HKApp
[2025-08-13 08:02:42.426] [MSG_SENT] Message 2702 sent to TelemetryApp
[2025-08-13 08:02:42.427] [MSG_SENT] Message 2703 sent to FlightLogicApp
[2025-08-13 08:02:43.153] [MSG_SENT] Message 2701 sent to HKApp
[2025-08-13 08:02:43.429] [MSG_SENT] Message 2702 sent to TelemetryApp
[2025-08-13 08:02:43.430] [MSG_SENT] Message 2703 sent to FlightLogicApp
[2025-08-13 08:02:44.155] [MSG_SENT] Message 2701 sent to HKApp
[2025-08-13 08:02:44.432] [MSG_SENT] Message 2702 sent to TelemetryApp
[2025-08-13 08:02:44.433] [MSG_SENT] Message 2703 sent to FlightLogicApp
[2025-08-13 08:02:45.157] [MSG_SENT] Message 2701 sent to HKApp
[2025-08-13 08:02:45.434] [MSG_SENT] Message 2702 sent to TelemetryApp
[2025-08-13 08:02:45.435] [MSG_SENT] Message 2703 sent to FlightLogicApp
[2025-08-13 08:02:46.158] [MSG_SENT] Message 2701 sent to HKApp
[2025-08-13 08:02:46.438] [MSG_SENT] Message 2702 sent to TelemetryApp
[2025-08-13 08:02:46.439] [MSG_SENT] Message 2703 sent to FlightLogicApp
[2025-08-13 08:02:47.159] [MSG_SENT] Message 2701 sent to HKApp
[2025-08-13 08:02:47.440] [MSG_SENT] Message 2702 sent to TelemetryApp
[2025-08-13 08:02:47.441] [MSG_SENT] Message 2703 sent to FlightLogicApp
[2025-08-13 08:02:48.161] [MSG_SENT] Message 2701 sent to HKApp
[2025-08-13 08:02:48.442] [MSG_SENT] Message 2702 sent to TelemetryApp
[2025-08-13 08:02:48.443] [MSG_SENT] Message 2703 sent to FlightLogicApp
[2025-08-13 08:02:49.162] [MSG_SENT] Message 2701 sent to HKApp
[2025-08-13 08:02:49.444] [MSG_SENT] Message 2702 sent to TelemetryApp
[2025-08-13 08:02:49.445] [MSG_SENT] Message 2703 sent to FlightLogicApp
[2025-08-13 08:02:50.164] [MSG_SENT] Message 2701 sent to HKApp
[2025-08-13 08:02:50.447] [MSG_SENT] Message 2702 sent to TelemetryApp
[2025-08-13 08:02:50.448] [MSG_SENT] Message 2703 sent to FlightLogicApp
[2025-08-13 08:02:51.165] [MSG_SENT] Message 2701 sent to HKApp
[2025-08-13 08:02:51.450] [MSG_SENT] Message 2702 sent to TelemetryApp
[2025-08-13 08:02:51.451] [MSG_SENT] Message 2703 sent to FlightLogicApp
[2025-08-13 08:02:52.167] [MSG_SENT] Message 2701 sent to HKApp
[2025-08-13 08:02:52.452] [MSG_SENT] Message 2702 sent to TelemetryApp
[2025-08-13 08:02:52.453] [MSG_SENT] Message 2703 sent to FlightLogicApp
[2025-08-13 08:02:53.168] [MSG_SENT] Message 2701 sent to HKApp
[2025-08-13 08:02:53.455] [MSG_SENT] Message 2702 sent to TelemetryApp
[2025-08-13 08:02:53.456] [MSG_SENT] Message 2703 sent to FlightLogicApp
[2025-08-13 08:02:54.183] [MSG_SENT] Message 2701 sent to HKApp
[2025-08-13 08:02:54.457] [MSG_SENT] Message 2702 sent to TelemetryApp
[2025-08-13 08:02:54.458] [MSG_SENT] Message 2703 sent to FlightLogicApp
[2025-08-13 08:02:55.184] [MSG_SENT] Message 2701 sent to HKApp
[2025-08-13 08:02:55.459] [MSG_SENT] Message 2702 sent to TelemetryApp
[2025-08-13 08:02:55.460] [MSG_SENT] Message 2703 sent to FlightLogicApp
[2025-08-13 08:02:56.185] [MSG_SENT] Message 2701 sent to HKApp
[2025-08-13 08:02:56.462] [MSG_SENT] Message 2702 sent to TelemetryApp
[2025-08-13 08:02:56.463] [MSG_SENT] Message 2703 sent to FlightLogicApp
[2025-08-13 08:02:57.187] [MSG_SENT] Message 2701 sent to HKApp
[2025-08-13 08:02:57.464] [MSG_SENT] Message 2702 sent to TelemetryApp
[2025-08-13 08:02:57.465] [MSG_SENT] Message 2703 sent to FlightLogicApp
[2025-08-13 08:02:58.189] [MSG_SENT] Message 2701 sent to HKApp
[2025-08-13 08:02:58.468] [MSG_SENT] Message 2702 sent to TelemetryApp
[2025-08-13 08:02:58.469] [MSG_SENT] Message 2703 sent to FlightLogicApp
[2025-08-13 08:02:59.306] [MSG_SENT] Message 2701 sent to HKApp
[2025-08-13 08:02:59.470] [MSG_SENT] Message 2702 sent to TelemetryApp
[2025-08-13 08:02:59.471] [MSG_SENT] Message 2703 sent to FlightLogicApp
[2025-08-13 08:03:00.307] [MSG_SENT] Message 2701 sent to HKApp
[2025-08-13 08:03:00.473] [MSG_SENT] Message 2702 sent to TelemetryApp
[2025-08-13 08:03:00.473] [MSG_SENT] Message 2703 sent to FlightLogicApp
[2025-08-13 08:03:01.309] [MSG_SENT] Message 2701 sent to HKApp
[2025-08-13 08:03:01.475] [MSG_SENT] Message 2702 sent to TelemetryApp
[2025-08-13 08:03:01.476] [MSG_SENT] Message 2703 sent to FlightLogicApp
[2025-08-13 08:03:02.310] [MSG_SENT] Message 2701 sent to HKApp
[2025-08-13 08:03:02.477] [MSG_SENT] Message 2702 sent to TelemetryApp
[2025-08-13 08:03:02.478] [MSG_SENT] Message 2703 sent to FlightLogicApp
[2025-08-13 08:03:03.311] [MSG_SENT] Message 2701 sent to HKApp
[2025-08-13 08:03:03.479] [MSG_SENT] Message 2702 sent to TelemetryApp
[2025-08-13 08:03:03.480] [MSG_SENT] Message 2703 sent to FlightLogicApp
[2025-08-13 08:03:04.324] [MSG_SENT] Message 2701 sent to HKApp
[2025-08-13 08:03:04.482] [MSG_SENT] Message 2702 sent to TelemetryApp
[2025-08-13 08:03:04.483] [MSG_SENT] Message 2703 sent to FlightLogicApp
[2025-08-13 08:03:05.325] [MSG_SENT] Message 2701 sent to HKApp
[2025-08-13 08:03:05.485] [MSG_SENT] Message 2702 sent to TelemetryApp
[2025-08-13 08:03:05.486] [MSG_SENT] Message 2703 sent to FlightLogicApp
[2025-08-13 08:03:06.327] [MSG_SENT] Message 2701 sent to HKApp
[2025-08-13 08:03:06.488] [MSG_SENT] Message 2702 sent to TelemetryApp
[2025-08-13 08:03:06.488] [MSG_SENT] Message 2703 sent to FlightLogicApp
[2025-08-13 08:03:07.329] [MSG_SENT] Message 2701 sent to HKApp
[2025-08-13 08:03:07.490] [MSG_SENT] Message 2702 sent to TelemetryApp
[2025-08-13 08:03:07.491] [MSG_SENT] Message 2703 sent to FlightLogicApp
[2025-08-13 08:03:08.330] [MSG_SENT] Message 2701 sent to HKApp
[2025-08-13 08:03:08.492] [MSG_SENT] Message 2702 sent to TelemetryApp
[2025-08-13 08:03:08.494] [MSG_SENT] Message 2703 sent to FlightLogicApp
[2025-08-13 08:03:09.381] [MSG_SENT] Message 2701 sent to HKApp
[2025-08-13 08:03:09.495] [MSG_SENT] Message 2702 sent to TelemetryApp
[2025-08-13 08:03:09.496] [MSG_SENT] Message 2703 sent to FlightLogicApp
[2025-08-13 08:03:10.383] [MSG_SENT] Message 2701 sent to HKApp
[2025-08-13 08:03:10.498] [MSG_SENT] Message 2702 sent to TelemetryApp
[2025-08-13 08:03:10.499] [MSG_SENT] Message 2703 sent to FlightLogicApp
[2025-08-13 08:03:11.387] [MSG_SENT] Message 2701 sent to HKApp
[2025-08-13 08:03:11.502] [MSG_SENT] Message 2702 sent to TelemetryApp
[2025-08-13 08:03:11.503] [MSG_SENT] Message 2703 sent to FlightLogicApp
[2025-08-13 08:03:12.389] [MSG_SENT] Message 2701 sent to HKApp
[2025-08-13 08:03:12.505] [MSG_SENT] Message 2702 sent to TelemetryApp
[2025-08-13 08:03:12.506] [MSG_SENT] Message 2703 sent to FlightLogicApp
[2025-08-13 08:03:13.390] [MSG_SENT] Message 2701 sent to HKApp
[2025-08-13 08:03:13.508] [MSG_SENT] Message 2702 sent to TelemetryApp
[2025-08-13 08:03:13.509] [MSG_SENT] Message 2703 sent to FlightLogicApp
[2025-08-13 08:03:14.392] [MSG_SENT] Message 2701 sent to HKApp
[2025-08-13 08:03:14.511] [MSG_SENT] Message 2702 sent to TelemetryApp
[2025-08-13 08:03:14.511] [MSG_SENT] Message 2703 sent to FlightLogicApp
[2025-08-13 08:03:15.393] [MSG_SENT] Message 2701 sent to HKApp
[2025-08-13 08:03:15.514] [MSG_SENT] Message 2702 sent to TelemetryApp
[2025-08-13 08:03:15.515] [MSG_SENT] Message 2703 sent to FlightLogicApp
[2025-08-13 08:03:16.395] [MSG_SENT] Message 2701 sent to HKApp
[2025-08-13 08:03:16.516] [MSG_SENT] Message 2702 sent to TelemetryApp
[2025-08-13 08:03:16.518] [MSG_SENT] Message 2703 sent to FlightLogicApp
[2025-08-13 08:03:17.396] [MSG_SENT] Message 2701 sent to HKApp
[2025-08-13 08:03:17.519] [MSG_SENT] Message 2702 sent to TelemetryApp
[2025-08-13 08:03:17.520] [MSG_SENT] Message 2703 sent to FlightLogicApp
[2025-08-13 08:03:18.397] [MSG_SENT] Message 2701 sent to HKApp
[2025-08-13 08:03:18.521] [MSG_SENT] Message 2702 sent to TelemetryApp
[2025-08-13 08:03:18.523] [MSG_SENT] Message 2703 sent to FlightLogicApp
[2025-08-13 08:03:19.399] [MSG_SENT] Message 2701 sent to HKApp
[2025-08-13 08:03:19.524] [MSG_SENT] Message 2702 sent to TelemetryApp
[2025-08-13 08:03:19.529] [MSG_SENT] Message 2703 sent to FlightLogicApp
[2025-08-13 08:03:20.400] [MSG_SENT] Message 2701 sent to HKApp
[2025-08-13 08:03:20.530] [MSG_SENT] Message 2702 sent to TelemetryApp
[2025-08-13 08:03:20.531] [MSG_SENT] Message 2703 sent to FlightLogicApp
[2025-08-13 08:03:21.402] [MSG_SENT] Message 2701 sent to HKApp
[2025-08-13 08:03:21.533] [MSG_SENT] Message 2702 sent to TelemetryApp
[2025-08-13 08:03:21.534] [MSG_SENT] Message 2703 sent to FlightLogicApp
[2025-08-13 08:03:22.403] [MSG_SENT] Message 2701 sent to HKApp
[2025-08-13 08:03:22.535] [MSG_SENT] Message 2702 sent to TelemetryApp
[2025-08-13 08:03:22.536] [MSG_SENT] Message 2703 sent to FlightLogicApp
[2025-08-13 08:03:23.404] [MSG_SENT] Message 2701 sent to HKApp
[2025-08-13 08:03:23.538] [MSG_SENT] Message 2702 sent to TelemetryApp
[2025-08-13 08:03:23.539] [MSG_SENT] Message 2703 sent to FlightLogicApp
[2025-08-13 08:03:24.405] [MSG_SENT] Message 2701 sent to HKApp
[2025-08-13 08:03:24.540] [MSG_SENT] Message 2702 sent to TelemetryApp
[2025-08-13 08:03:24.541] [MSG_SENT] Message 2703 sent to FlightLogicApp
[2025-08-13 08:03:25.407] [MSG_SENT] Message 2701 sent to HKApp
[2025-08-13 08:03:25.544] [MSG_SENT] Message 2702 sent to TelemetryApp
[2025-08-13 08:03:25.545] [MSG_SENT] Message 2703 sent to FlightLogicApp
[2025-08-13 08:03:26.409] [MSG_SENT] Message 2701 sent to HKApp
[2025-08-13 08:03:26.546] [MSG_SENT] Message 2702 sent to TelemetryApp
[2025-08-13 08:03:26.547] [MSG_SENT] Message 2703 sent to FlightLogicApp
[2025-08-13 08:03:27.410] [MSG_SENT] Message 2701 sent to HKApp
[2025-08-13 08:03:27.549] [MSG_SENT] Message 2702 sent to TelemetryApp
[2025-08-13 08:03:27.549] [MSG_SENT] Message 2703 sent to FlightLogicApp
[2025-08-13 08:03:28.411] [MSG_SENT] Message 2701 sent to HKApp
[2025-08-13 08:03:28.551] [MSG_SENT] Message 2702 sent to TelemetryApp
[2025-08-13 08:03:28.553] [MSG_SENT] Message 2703 sent to FlightLogicApp
[2025-08-13 08:03:29.412] [MSG_SENT] Message 2701 sent to HKApp
[2025-08-13 08:03:29.554] [MSG_SENT] Message 2702 sent to TelemetryApp
[2025-08-13 08:03:29.555] [MSG_SENT] Message 2703 sent to FlightLogicApp
[2025-08-13 08:03:30.413] [MSG_SENT] Message 2701 sent to HKApp
[2025-08-13 08:03:30.556] [MSG_SENT] Message 2702 sent to TelemetryApp
[2025-08-13 08:03:30.558] [MSG_SENT] Message 2703 sent to FlightLogicApp
[2025-08-13 08:03:31.415] [MSG_SENT] Message 2701 sent to HKApp
[2025-08-13 08:03:31.561] [MSG_SENT] Message 2702 sent to TelemetryApp
[2025-08-13 08:03:31.561] [MSG_SENT] Message 2703 sent to FlightLogicApp
[2025-08-13 08:03:32.416] [MSG_SENT] Message 2701 sent to HKApp
[2025-08-13 08:03:32.563] [MSG_SENT] Message 2702 sent to TelemetryApp
[2025-08-13 08:03:32.563] [MSG_SENT] Message 2703 sent to FlightLogicApp
[2025-08-13 08:03:33.418] [MSG_SENT] Message 2701 sent to HKApp
[2025-08-13 08:03:33.567] [MSG_SENT] Message 2702 sent to TelemetryApp
[2025-08-13 08:03:33.567] [MSG_SENT] Message 2703 sent to FlightLogicApp
[2025-08-13 08:03:34.419] [MSG_SENT] Message 2701 sent to HKApp
[2025-08-13 08:03:34.569] [MSG_SENT] Message 2702 sent to TelemetryApp
[2025-08-13 08:03:34.570] [MSG_SENT] Message 2703 sent to FlightLogicApp
[2025-08-13 08:03:35.420] [MSG_SENT] Message 2701 sent to HKApp
[2025-08-13 08:03:35.571] [MSG_SENT] Message 2702 sent to TelemetryApp
[2025-08-13 08:03:35.572] [MSG_SENT] Message 2703 sent to FlightLogicApp
[2025-08-13 08:03:36.421] [MSG_SENT] Message 2701 sent to HKApp
[2025-08-13 08:03:36.574] [MSG_SENT] Message 2702 sent to TelemetryApp
[2025-08-13 08:03:36.576] [MSG_SENT] Message 2703 sent to FlightLogicApp
[2025-08-13 08:03:37.423] [MSG_SENT] Message 2701 sent to HKApp
[2025-08-13 08:03:37.578] [MSG_SENT] Message 2702 sent to TelemetryApp
[2025-08-13 08:03:37.578] [MSG_SENT] Message 2703 sent to FlightLogicApp
[2025-08-13 08:03:38.424] [MSG_SENT] Message 2701 sent to HKApp
[2025-08-13 08:03:38.580] [MSG_SENT] Message 2702 sent to TelemetryApp
[2025-08-13 08:03:38.581] [MSG_SENT] Message 2703 sent to FlightLogicApp
[2025-08-13 08:03:39.425] [MSG_SENT] Message 2701 sent to HKApp
[2025-08-13 08:03:39.582] [MSG_SENT] Message 2702 sent to TelemetryApp
[2025-08-13 08:03:39.583] [MSG_SENT] Message 2703 sent to FlightLogicApp
[2025-08-13 08:03:40.426] [MSG_SENT] Message 2701 sent to HKApp
[2025-08-13 08:03:40.585] [MSG_SENT] Message 2702 sent to TelemetryApp
[2025-08-13 08:03:40.585] [MSG_SENT] Message 2703 sent to FlightLogicApp
[2025-08-13 08:03:41.428] [MSG_SENT] Message 2701 sent to HKApp
[2025-08-13 08:03:41.587] [MSG_SENT] Message 2702 sent to TelemetryApp
[2025-08-13 08:03:41.588] [MSG_SENT] Message 2703 sent to FlightLogicApp
[2025-08-13 08:03:42.430] [MSG_SENT] Message 2701 sent to HKApp
[2025-08-13 08:03:42.590] [MSG_SENT] Message 2702 sent to TelemetryApp
[2025-08-13 08:03:42.592] [MSG_SENT] Message 2703 sent to FlightLogicApp
[2025-08-13 08:03:43.431] [MSG_SENT] Message 2701 sent to HKApp
[2025-08-13 08:03:43.593] [MSG_SENT] Message 2702 sent to TelemetryApp
[2025-08-13 08:03:43.594] [MSG_SENT] Message 2703 sent to FlightLogicApp
[2025-08-13 08:03:44.432] [MSG_SENT] Message 2701 sent to HKApp
[2025-08-13 08:03:44.596] [MSG_SENT] Message 2702 sent to TelemetryApp
[2025-08-13 08:03:44.596] [MSG_SENT] Message 2703 sent to FlightLogicApp
[2025-08-13 08:03:45.433] [MSG_SENT] Message 2701 sent to HKApp
[2025-08-13 08:03:45.598] [MSG_SENT] Message 2702 sent to TelemetryApp
[2025-08-13 08:03:45.599] [MSG_SENT] Message 2703 sent to FlightLogicApp
[2025-08-13 08:03:46.435] [MSG_SENT] Message 2701 sent to HKApp
[2025-08-13 08:03:46.600] [MSG_SENT] Message 2702 sent to TelemetryApp
[2025-08-13 08:03:46.601] [MSG_SENT] Message 2703 sent to FlightLogicApp
[2025-08-13 08:03:47.436] [MSG_SENT] Message 2701 sent to HKApp
[2025-08-13 08:03:47.603] [MSG_SENT] Message 2702 sent to TelemetryApp
[2025-08-13 08:03:47.603] [MSG_SENT] Message 2703 sent to FlightLogicApp
[2025-08-13 08:03:48.438] [MSG_SENT] Message 2701 sent to HKApp
[2025-08-13 08:03:48.605] [MSG_SENT] Message 2702 sent to TelemetryApp
[2025-08-13 08:03:48.606] [MSG_SENT] Message 2703 sent to FlightLogicApp
[2025-08-13 08:03:49.439] [MSG_SENT] Message 2701 sent to HKApp
[2025-08-13 08:03:49.607] [MSG_SENT] Message 2702 sent to TelemetryApp
[2025-08-13 08:03:49.608] [MSG_SENT] Message 2703 sent to FlightLogicApp
[2025-08-13 08:03:50.440] [MSG_SENT] Message 2701 sent to HKApp
[2025-08-13 08:03:50.609] [MSG_SENT] Message 2702 sent to TelemetryApp
[2025-08-13 08:03:50.610] [MSG_SENT] Message 2703 sent to FlightLogicApp
[2025-08-13 08:03:51.441] [MSG_SENT] Message 2701 sent to HKApp
[2025-08-13 08:03:51.612] [MSG_SENT] Message 2702 sent to TelemetryApp
[2025-08-13 08:03:51.612] [MSG_SENT] Message 2703 sent to FlightLogicApp
[2025-08-13 08:03:52.442] [MSG_SENT] Message 2701 sent to HKApp
[2025-08-13 08:03:52.614] [MSG_SENT] Message 2702 sent to TelemetryApp
[2025-08-13 08:03:52.615] [MSG_SENT] Message 2703 sent to FlightLogicApp
[2025-08-13 08:03:53.443] [MSG_SENT] Message 2701 sent to HKApp
[2025-08-13 08:03:53.616] [MSG_SENT] Message 2702 sent to TelemetryApp
[2025-08-13 08:03:53.617] [MSG_SENT] Message 2703 sent to FlightLogicApp
[2025-08-13 08:03:54.444] [MSG_SENT] Message 2701 sent to HKApp
[2025-08-13 08:03:54.618] [MSG_SENT] Message 2702 sent to TelemetryApp
[2025-08-13 08:03:54.619] [MSG_SENT] Message 2703 sent to FlightLogicApp
[2025-08-13 08:03:55.445] [MSG_SENT] Message 2701 sent to HKApp
[2025-08-13 08:03:55.621] [MSG_SENT] Message 2702 sent to TelemetryApp
[2025-08-13 08:03:55.621] [MSG_SENT] Message 2703 sent to FlightLogicApp
[2025-08-13 08:03:56.447] [MSG_SENT] Message 2701 sent to HKApp
[2025-08-13 08:03:56.622] [MSG_SENT] Message 2702 sent to TelemetryApp
[2025-08-13 08:03:56.623] [MSG_SENT] Message 2703 sent to FlightLogicApp
[2025-08-13 08:03:57.448] [MSG_SENT] Message 2701 sent to HKApp
[2025-08-13 08:03:57.625] [MSG_SENT] Message 2702 sent to TelemetryApp
[2025-08-13 08:03:57.625] [MSG_SENT] Message 2703 sent to FlightLogicApp
[2025-08-13 08:03:58.449] [MSG_SENT] Message 2701 sent to HKApp
[2025-08-13 08:03:58.627] [MSG_SENT] Message 2702 sent to TelemetryApp
[2025-08-13 08:03:58.628] [MSG_SENT] Message 2703 sent to FlightLogicApp
[2025-08-13 08:03:59.451] [MSG_SENT] Message 2701 sent to HKApp
[2025-08-13 08:03:59.630] [MSG_SENT] Message 2702 sent to TelemetryApp
[2025-08-13 08:03:59.631] [MSG_SENT] Message 2703 sent to FlightLogicApp
[2025-08-13 08:04:00.452] [MSG_SENT] Message 2701 sent to HKApp
[2025-08-13 08:04:00.632] [MSG_SENT] Message 2702 sent to TelemetryApp
[2025-08-13 08:04:00.633] [MSG_SENT] Message 2703 sent to FlightLogicApp
[2025-08-13 08:04:01.454] [MSG_SENT] Message 2701 sent to HKApp
[2025-08-13 08:04:01.634] [MSG_SENT] Message 2702 sent to TelemetryApp
[2025-08-13 08:04:01.635] [MSG_SENT] Message 2703 sent to FlightLogicApp
[2025-08-13 08:04:02.455] [MSG_SENT] Message 2701 sent to HKApp
[2025-08-13 08:04:02.636] [MSG_SENT] Message 2702 sent to TelemetryApp
[2025-08-13 08:04:02.637] [MSG_SENT] Message 2703 sent to FlightLogicApp
[2025-08-13 08:04:03.456] [MSG_SENT] Message 2701 sent to HKApp
[2025-08-13 08:04:03.639] [MSG_SENT] Message 2702 sent to TelemetryApp
[2025-08-13 08:04:03.640] [MSG_SENT] Message 2703 sent to FlightLogicApp
[2025-08-13 08:04:04.458] [MSG_SENT] Message 2701 sent to HKApp
[2025-08-13 08:04:04.641] [MSG_SENT] Message 2702 sent to TelemetryApp
[2025-08-13 08:04:04.643] [MSG_SENT] Message 2703 sent to FlightLogicApp
[2025-08-13 08:04:05.459] [MSG_SENT] Message 2701 sent to HKApp
[2025-08-13 08:04:05.645] [MSG_SENT] Message 2702 sent to TelemetryApp
[2025-08-13 08:04:05.646] [MSG_SENT] Message 2703 sent to FlightLogicApp
[2025-08-13 08:04:06.460] [MSG_SENT] Message 2701 sent to HKApp
[2025-08-13 08:04:06.647] [MSG_SENT] Message 2702 sent to TelemetryApp
[2025-08-13 08:04:06.648] [MSG_SENT] Message 2703 sent to FlightLogicApp
[2025-08-13 08:04:07.462] [MSG_SENT] Message 2701 sent to HKApp
[2025-08-13 08:04:07.649] [MSG_SENT] Message 2702 sent to TelemetryApp
[2025-08-13 08:04:07.650] [MSG_SENT] Message 2703 sent to FlightLogicApp
[2025-08-13 08:04:08.463] [MSG_SENT] Message 2701 sent to HKApp
[2025-08-13 08:04:08.651] [MSG_SENT] Message 2702 sent to TelemetryApp
[2025-08-13 08:04:08.653] [MSG_SENT] Message 2703 sent to FlightLogicApp
[2025-08-13 08:04:09.464] [MSG_SENT] Message 2701 sent to HKApp
[2025-08-13 08:04:09.654] [MSG_SENT] Message 2702 sent to TelemetryApp
[2025-08-13 08:04:09.655] [MSG_SENT] Message 2703 sent to FlightLogicApp
[2025-08-13 08:04:10.466] [MSG_SENT] Message 2701 sent to HKApp
[2025-08-13 08:04:10.657] [MSG_SENT] Message 2702 sent to TelemetryApp
[2025-08-13 08:04:10.658] [MSG_SENT] Message 2703 sent to FlightLogicApp
[2025-08-13 08:04:11.467] [MSG_SENT] Message 2701 sent to HKApp
[2025-08-13 08:04:11.660] [MSG_SENT] Message 2702 sent to TelemetryApp
[2025-08-13 08:04:11.662] [MSG_SENT] Message 2703 sent to FlightLogicApp
[2025-08-13 08:04:12.469] [MSG_SENT] Message 2701 sent to HKApp
[2025-08-13 08:04:12.663] [MSG_SENT] Message 2702 sent to TelemetryApp
[2025-08-13 08:04:12.664] [MSG_SENT] Message 2703 sent to FlightLogicApp
[2025-08-13 08:04:13.470] [MSG_SENT] Message 2701 sent to HKApp
[2025-08-13 08:04:13.666] [MSG_SENT] Message 2702 sent to TelemetryApp
[2025-08-13 08:04:13.667] [MSG_SENT] Message 2703 sent to FlightLogicApp
[2025-08-13 08:04:14.472] [MSG_SENT] Message 2701 sent to HKApp
[2025-08-13 08:04:14.668] [MSG_SENT] Message 2702 sent to TelemetryApp
[2025-08-13 08:04:14.669] [MSG_SENT] Message 2703 sent to FlightLogicApp
[2025-08-13 08:04:15.474] [MSG_SENT] Message 2701 sent to HKApp
[2025-08-13 08:04:15.671] [MSG_SENT] Message 2702 sent to TelemetryApp
[2025-08-13 08:04:15.672] [MSG_SENT] Message 2703 sent to FlightLogicApp
[2025-08-13 08:04:16.476] [MSG_SENT] Message 2701 sent to HKApp
[2025-08-13 08:04:16.674] [MSG_SENT] Message 2702 sent to TelemetryApp
[2025-08-13 08:04:16.676] [MSG_SENT] Message 2703 sent to FlightLogicApp
[2025-08-13 08:04:17.478] [MSG_SENT] Message 2701 sent to HKApp
[2025-08-13 08:04:17.677] [MSG_SENT] Message 2702 sent to TelemetryApp
[2025-08-13 08:04:17.679] [MSG_SENT] Message 2703 sent to FlightLogicApp
[2025-08-13 08:04:18.479] [MSG_SENT] Message 2701 sent to HKApp
[2025-08-13 08:04:18.680] [MSG_SENT] Message 2702 sent to TelemetryApp
[2025-08-13 08:04:18.682] [MSG_SENT] Message 2703 sent to FlightLogicApp
[2025-08-13 08:04:19.481] [MSG_SENT] Message 2701 sent to HKApp
[2025-08-13 08:04:19.683] [MSG_SENT] Message 2702 sent to TelemetryApp
[2025-08-13 08:04:19.684] [MSG_SENT] Message 2703 sent to FlightLogicApp
[2025-08-13 08:04:20.482] [MSG_SENT] Message 2701 sent to HKApp
[2025-08-13 08:04:20.685] [MSG_SENT] Message 2702 sent to TelemetryApp
[2025-08-13 08:04:20.686] [MSG_SENT] Message 2703 sent to FlightLogicApp
[2025-08-13 08:04:21.483] [MSG_SENT] Message 2701 sent to HKApp
[2025-08-13 08:04:21.687] [MSG_SENT] Message 2702 sent to TelemetryApp
[2025-08-13 08:04:21.688] [MSG_SENT] Message 2703 sent to FlightLogicApp
[2025-08-13 08:04:22.485] [MSG_SENT] Message 2701 sent to HKApp
[2025-08-13 08:04:22.690] [MSG_SENT] Message 2702 sent to TelemetryApp
[2025-08-13 08:04:22.691] [MSG_SENT] Message 2703 sent to FlightLogicApp
[2025-08-13 08:04:23.486] [MSG_SENT] Message 2701 sent to HKApp
[2025-08-13 08:04:23.692] [MSG_SENT] Message 2702 sent to TelemetryApp
[2025-08-13 08:04:23.692] [MSG_SENT] Message 2703 sent to FlightLogicApp
[2025-08-13 08:04:24.488] [MSG_SENT] Message 2701 sent to HKApp
[2025-08-13 08:04:24.694] [MSG_SENT] Message 2702 sent to TelemetryApp
[2025-08-13 08:04:24.695] [MSG_SENT] Message 2703 sent to FlightLogicApp
[2025-08-13 08:04:25.489] [MSG_SENT] Message 2701 sent to HKApp
[2025-08-13 08:04:25.698] [MSG_SENT] Message 2702 sent to TelemetryApp
[2025-08-13 08:04:25.699] [MSG_SENT] Message 2703 sent to FlightLogicApp
[2025-08-13 08:04:26.491] [MSG_SENT] Message 2701 sent to HKApp
[2025-08-13 08:04:26.701] [MSG_SENT] Message 2702 sent to TelemetryApp
[2025-08-13 08:04:26.702] [MSG_SENT] Message 2703 sent to FlightLogicApp
[2025-08-13 08:04:27.491] [MSG_SENT] Message 2701 sent to HKApp
[2025-08-13 08:04:27.703] [MSG_SENT] Message 2702 sent to TelemetryApp
[2025-08-13 08:04:27.704] [MSG_SENT] Message 2703 sent to FlightLogicApp
[2025-08-13 08:04:28.492] [MSG_SENT] Message 2701 sent to HKApp
[2025-08-13 08:04:28.705] [MSG_SENT] Message 2702 sent to TelemetryApp
[2025-08-13 08:04:28.706] [MSG_SENT] Message 2703 sent to FlightLogicApp
[2025-08-13 08:04:29.494] [MSG_SENT] Message 2701 sent to HKApp
[2025-08-13 08:04:29.708] [MSG_SENT] Message 2702 sent to TelemetryApp
[2025-08-13 08:04:29.709] [MSG_SENT] Message 2703 sent to FlightLogicApp
[2025-08-13 08:04:30.495] [MSG_SENT] Message 2701 sent to HKApp
[2025-08-13 08:04:30.710] [MSG_SENT] Message 2702 sent to TelemetryApp
[2025-08-13 08:04:30.711] [MSG_SENT] Message 2703 sent to FlightLogicApp
[2025-08-13 08:04:31.496] [MSG_SENT] Message 2701 sent to HKApp
[2025-08-13 08:04:31.712] [MSG_SENT] Message 2702 sent to TelemetryApp
[2025-08-13 08:04:31.713] [MSG_SENT] Message 2703 sent to FlightLogicApp
[2025-08-13 08:04:32.499] [MSG_SENT] Message 2701 sent to HKApp
[2025-08-13 08:04:32.715] [MSG_SENT] Message 2702 sent to TelemetryApp
[2025-08-13 08:04:32.717] [MSG_SENT] Message 2703 sent to FlightLogicApp
[2025-08-13 08:04:33.500] [MSG_SENT] Message 2701 sent to HKApp
[2025-08-13 08:04:33.718] [MSG_SENT] Message 2702 sent to TelemetryApp
[2025-08-13 08:04:33.751] [MSG_SENT] Message 2703 sent to FlightLogicApp
[2025-08-13 08:04:34.759] [MSG_SENT] Message 2702 sent to TelemetryApp
[2025-08-13 08:04:34.760] [MSG_SENT] Message 2703 sent to FlightLogicApp
[2025-08-13 08:04:34.751] [MSG_SENT] Message 2701 sent to HKApp
[2025-08-13 08:04:35.762] [MSG_SENT] Message 2702 sent to TelemetryApp
[2025-08-13 08:04:35.763] [MSG_SENT] Message 2701 sent to HKApp
[2025-08-13 08:04:35.764] [MSG_SENT] Message 2703 sent to FlightLogicApp
[2025-08-13 08:04:36.765] [MSG_SENT] Message 2701 sent to HKApp
[2025-08-13 08:04:36.767] [MSG_SENT] Message 2702 sent to TelemetryApp
[2025-08-13 08:04:36.768] [MSG_SENT] Message 2703 sent to FlightLogicApp
[2025-08-13 08:04:37.769] [MSG_SENT] Message 2701 sent to HKApp
[2025-08-13 08:04:37.771] [MSG_SENT] Message 2702 sent to TelemetryApp
[2025-08-13 08:04:37.774] [MSG_SENT] Message 2703 sent to FlightLogicApp
[2025-08-13 08:04:38.773] [MSG_SENT] Message 2701 sent to HKApp
[2025-08-13 08:04:38.775] [MSG_SENT] Message 2702 sent to TelemetryApp
[2025-08-13 08:04:38.778] [MSG_SENT] Message 2703 sent to FlightLogicApp
[2025-08-13 08:04:39.774] [MSG_SENT] Message 2701 sent to HKApp
[2025-08-13 08:04:39.779] [MSG_SENT] Message 2702 sent to TelemetryApp
[2025-08-13 08:04:39.780] [MSG_SENT] Message 2703 sent to FlightLogicApp
[2025-08-13 08:04:40.776] [MSG_SENT] Message 2701 sent to HKApp
[2025-08-13 08:04:40.781] [MSG_SENT] Message 2702 sent to TelemetryApp
[2025-08-13 08:04:40.782] [MSG_SENT] Message 2703 sent to FlightLogicApp
[2025-08-13 08:04:41.777] [MSG_SENT] Message 2701 sent to HKApp
[2025-08-13 08:04:41.783] [MSG_SENT] Message 2702 sent to TelemetryApp
[2025-08-13 08:04:41.784] [MSG_SENT] Message 2703 sent to FlightLogicApp
[2025-08-13 08:04:42.778] [MSG_SENT] Message 2701 sent to HKApp
[2025-08-13 08:04:42.785] [MSG_SENT] Message 2702 sent to TelemetryApp
[2025-08-13 08:04:42.785] [MSG_SENT] Message 2703 sent to FlightLogicApp
[2025-08-13 08:04:43.780] [MSG_SENT] Message 2701 sent to HKApp
[2025-08-13 08:04:43.787] [MSG_SENT] Message 2702 sent to TelemetryApp
[2025-08-13 08:04:43.788] [MSG_SENT] Message 2703 sent to FlightLogicApp
[2025-08-13 08:04:44.782] [MSG_SENT] Message 2701 sent to HKApp
[2025-08-13 08:04:44.790] [MSG_SENT] Message 2702 sent to TelemetryApp
[2025-08-13 08:04:44.793] [MSG_SENT] Message 2703 sent to FlightLogicApp
[2025-08-13 08:04:45.785] [MSG_SENT] Message 2701 sent to HKApp
[2025-08-13 08:04:45.795] [MSG_SENT] Message 2702 sent to TelemetryApp
[2025-08-13 08:04:45.796] [MSG_SENT] Message 2703 sent to FlightLogicApp
[2025-08-13 08:04:46.787] [MSG_SENT] Message 2701 sent to HKApp
[2025-08-13 08:04:46.798] [MSG_SENT] Message 2702 sent to TelemetryApp
[2025-08-13 08:04:46.798] [MSG_SENT] Message 2703 sent to FlightLogicApp
[2025-08-13 08:04:47.788] [MSG_SENT] Message 2701 sent to HKApp
[2025-08-13 08:04:47.800] [MSG_SENT] Message 2702 sent to TelemetryApp
[2025-08-13 08:04:47.801] [MSG_SENT] Message 2703 sent to FlightLogicApp
[2025-08-13 08:04:48.789] [MSG_SENT] Message 2701 sent to HKApp
[2025-08-13 08:04:48.802] [MSG_SENT] Message 2702 sent to TelemetryApp
[2025-08-13 08:04:48.803] [MSG_SENT] Message 2703 sent to FlightLogicApp
[2025-08-13 08:04:49.791] [MSG_SENT] Message 2701 sent to HKApp
[2025-08-13 08:04:49.804] [MSG_SENT] Message 2702 sent to TelemetryApp
[2025-08-13 08:04:49.805] [MSG_SENT] Message 2703 sent to FlightLogicApp
[2025-08-13 08:04:50.793] [MSG_SENT] Message 2701 sent to HKApp
[2025-08-13 08:04:50.807] [MSG_SENT] Message 2702 sent to TelemetryApp
[2025-08-13 08:04:50.808] [MSG_SENT] Message 2703 sent to FlightLogicApp
[2025-08-13 08:04:51.795] [MSG_SENT] Message 2701 sent to HKApp
[2025-08-13 08:04:51.809] [MSG_SENT] Message 2702 sent to TelemetryApp
[2025-08-13 08:04:51.811] [MSG_SENT] Message 2703 sent to FlightLogicApp
[2025-08-13 08:04:52.796] [MSG_SENT] Message 2701 sent to HKApp
[2025-08-13 08:04:52.812] [MSG_SENT] Message 2702 sent to TelemetryApp
[2025-08-13 08:04:52.813] [MSG_SENT] Message 2703 sent to FlightLogicApp
[2025-08-13 08:04:53.798] [MSG_SENT] Message 2701 sent to HKApp
[2025-08-13 08:04:53.815] [MSG_SENT] Message 2702 sent to TelemetryApp
[2025-08-13 08:04:53.816] [MSG_SENT] Message 2703 sent to FlightLogicApp
[2025-08-13 08:04:54.800] [MSG_SENT] Message 2701 sent to HKApp
[2025-08-13 08:04:54.817] [MSG_SENT] Message 2702 sent to TelemetryApp
[2025-08-13 08:04:54.818] [MSG_SENT] Message 2703 sent to FlightLogicApp
[2025-08-13 08:04:55.801] [MSG_SENT] Message 2701 sent to HKApp
[2025-08-13 08:04:55.819] [MSG_SENT] Message 2702 sent to TelemetryApp
[2025-08-13 08:04:55.820] [MSG_SENT] Message 2703 sent to FlightLogicApp
[2025-08-13 08:04:56.802] [MSG_SENT] Message 2701 sent to HKApp
[2025-08-13 08:04:56.822] [MSG_SENT] Message 2702 sent to TelemetryApp
[2025-08-13 08:04:56.824] [MSG_SENT] Message 2703 sent to FlightLogicApp
[2025-08-13 08:04:57.804] [MSG_SENT] Message 2701 sent to HKApp
[2025-08-13 08:04:57.825] [MSG_SENT] Message 2702 sent to TelemetryApp
[2025-08-13 08:04:57.826] [MSG_SENT] Message 2703 sent to FlightLogicApp
[2025-08-13 08:04:58.805] [MSG_SENT] Message 2701 sent to HKApp
[2025-08-13 08:04:58.829] [MSG_SENT] Message 2702 sent to TelemetryApp
[2025-08-13 08:04:58.830] [MSG_SENT] Message 2703 sent to FlightLogicApp
[2025-08-13 08:04:59.806] [MSG_SENT] Message 2701 sent to HKApp
[2025-08-13 08:04:59.831] [MSG_SENT] Message 2702 sent to TelemetryApp
[2025-08-13 08:04:59.833] [MSG_SENT] Message 2703 sent to FlightLogicApp
[2025-08-13 08:05:00.808] [MSG_SENT] Message 2701 sent to HKApp
[2025-08-13 08:05:00.834] [MSG_SENT] Message 2702 sent to TelemetryApp
[2025-08-13 08:05:00.835] [MSG_SENT] Message 2703 sent to FlightLogicApp
[2025-08-13 08:05:01.809] [MSG_SENT] Message 2701 sent to HKApp
[2025-08-13 08:05:01.837] [MSG_SENT] Message 2702 sent to TelemetryApp
[2025-08-13 08:05:01.838] [MSG_SENT] Message 2703 sent to FlightLogicApp
[2025-08-13 08:05:02.810] [MSG_SENT] Message 2701 sent to HKApp
[2025-08-13 08:05:02.840] [MSG_SENT] Message 2702 sent to TelemetryApp
[2025-08-13 08:05:02.840] [MSG_SENT] Message 2703 sent to FlightLogicApp
[2025-08-13 08:05:03.812] [MSG_SENT] Message 2701 sent to HKApp
[2025-08-13 08:05:03.842] [MSG_SENT] Message 2702 sent to TelemetryApp
[2025-08-13 08:05:03.843] [MSG_SENT] Message 2703 sent to FlightLogicApp
[2025-08-13 08:05:04.813] [MSG_SENT] Message 2701 sent to HKApp
[2025-08-13 08:05:04.845] [MSG_SENT] Message 2702 sent to TelemetryApp
[2025-08-13 08:05:04.846] [MSG_SENT] Message 2703 sent to FlightLogicApp
[2025-08-13 08:05:05.814] [MSG_SENT] Message 2701 sent to HKApp
[2025-08-13 08:05:05.848] [MSG_SENT] Message 2702 sent to TelemetryApp
[2025-08-13 08:05:05.848] [MSG_SENT] Message 2703 sent to FlightLogicApp
[2025-08-13 08:05:06.816] [MSG_SENT] Message 2701 sent to HKApp
[2025-08-13 08:05:06.850] [MSG_SENT] Message 2702 sent to TelemetryApp
[2025-08-13 08:05:06.853] [MSG_SENT] Message 2703 sent to FlightLogicApp
[2025-08-13 08:05:07.818] [MSG_SENT] Message 2701 sent to HKApp
[2025-08-13 08:05:07.854] [MSG_SENT] Message 2702 sent to TelemetryApp
[2025-08-13 08:05:07.855] [MSG_SENT] Message 2703 sent to FlightLogicApp
[2025-08-13 08:05:08.819] [MSG_SENT] Message 2701 sent to HKApp
[2025-08-13 08:05:08.856] [MSG_SENT] Message 2702 sent to TelemetryApp
[2025-08-13 08:05:08.857] [MSG_SENT] Message 2703 sent to FlightLogicApp
[2025-08-13 08:05:09.820] [MSG_SENT] Message 2701 sent to HKApp
[2025-08-13 08:05:09.858] [MSG_SENT] Message 2702 sent to TelemetryApp
[2025-08-13 08:05:09.859] [MSG_SENT] Message 2703 sent to FlightLogicApp
[2025-08-13 08:05:10.822] [MSG_SENT] Message 2701 sent to HKApp
[2025-08-13 08:05:10.861] [MSG_SENT] Message 2702 sent to TelemetryApp
[2025-08-13 08:05:10.862] [MSG_SENT] Message 2703 sent to FlightLogicApp
[2025-08-13 08:05:11.824] [MSG_SENT] Message 2701 sent to HKApp
[2025-08-13 08:05:11.863] [MSG_SENT] Message 2702 sent to TelemetryApp
[2025-08-13 08:05:11.864] [MSG_SENT] Message 2703 sent to FlightLogicApp
[2025-08-13 08:05:12.825] [MSG_SENT] Message 2701 sent to HKApp
[2025-08-13 08:05:12.865] [MSG_SENT] Message 2702 sent to TelemetryApp
[2025-08-13 08:05:12.866] [MSG_SENT] Message 2703 sent to FlightLogicApp
[2025-08-13 08:05:13.826] [MSG_SENT] Message 2701 sent to HKApp
[2025-08-13 08:05:13.867] [MSG_SENT] Message 2702 sent to TelemetryApp
[2025-08-13 08:05:13.868] [MSG_SENT] Message 2703 sent to FlightLogicApp
[2025-08-13 08:05:14.827] [MSG_SENT] Message 2701 sent to HKApp
[2025-08-13 08:05:14.869] [MSG_SENT] Message 2702 sent to TelemetryApp
[2025-08-13 08:05:14.870] [MSG_SENT] Message 2703 sent to FlightLogicApp
[2025-08-13 08:05:15.829] [MSG_SENT] Message 2701 sent to HKApp
[2025-08-13 08:05:15.872] [MSG_SENT] Message 2702 sent to TelemetryApp
[2025-08-13 08:05:15.873] [MSG_SENT] Message 2703 sent to FlightLogicApp
[2025-08-13 08:05:16.831] [MSG_SENT] Message 2701 sent to HKApp
[2025-08-13 08:05:16.875] [MSG_SENT] Message 2702 sent to TelemetryApp
[2025-08-13 08:05:16.876] [MSG_SENT] Message 2703 sent to FlightLogicApp
[2025-08-13 08:05:17.832] [MSG_SENT] Message 2701 sent to HKApp
[2025-08-13 08:05:17.879] [MSG_SENT] Message 2702 sent to TelemetryApp
[2025-08-13 08:05:17.881] [MSG_SENT] Message 2703 sent to FlightLogicApp
[2025-08-13 08:05:18.835] [MSG_SENT] Message 2701 sent to HKApp
[2025-08-13 08:05:18.884] [MSG_SENT] Message 2702 sent to TelemetryApp
[2025-08-13 08:05:18.884] [MSG_SENT] Message 2703 sent to FlightLogicApp
[2025-08-13 08:05:19.836] [MSG_SENT] Message 2701 sent to HKApp
[2025-08-13 08:05:19.886] [MSG_SENT] Message 2702 sent to TelemetryApp
[2025-08-13 08:05:19.887] [MSG_SENT] Message 2703 sent to FlightLogicApp
[2025-08-13 08:05:20.838] [MSG_SENT] Message 2701 sent to HKApp
[2025-08-13 08:05:20.889] [MSG_SENT] Message 2702 sent to TelemetryApp
[2025-08-13 08:05:20.891] [MSG_SENT] Message 2703 sent to FlightLogicApp
[2025-08-13 08:05:21.839] [MSG_SENT] Message 2701 sent to HKApp
[2025-08-13 08:05:21.892] [MSG_SENT] Message 2702 sent to TelemetryApp
[2025-08-13 08:05:21.894] [MSG_SENT] Message 2703 sent to FlightLogicApp
[2025-08-13 08:05:22.840] [MSG_SENT] Message 2701 sent to HKApp
[2025-08-13 08:05:22.896] [MSG_SENT] Message 2702 sent to TelemetryApp
[2025-08-13 08:05:22.898] [MSG_SENT] Message 2703 sent to FlightLogicApp
[2025-08-13 08:05:23.842] [MSG_SENT] Message 2701 sent to HKApp
[2025-08-13 08:05:23.901] [MSG_SENT] Message 2702 sent to TelemetryApp
[2025-08-13 08:05:23.901] [MSG_SENT] Message 2703 sent to FlightLogicApp
[2025-08-13 08:05:24.843] [MSG_SENT] Message 2701 sent to HKApp
[2025-08-13 08:05:24.903] [MSG_SENT] Message 2702 sent to TelemetryApp
[2025-08-13 08:05:24.904] [MSG_SENT] Message 2703 sent to FlightLogicApp
[2025-08-13 08:05:25.845] [MSG_SENT] Message 2701 sent to HKApp
[2025-08-13 08:05:25.906] [MSG_SENT] Message 2702 sent to TelemetryApp
[2025-08-13 08:05:25.907] [MSG_SENT] Message 2703 sent to FlightLogicApp
[2025-08-13 08:05:26.846] [MSG_SENT] Message 2701 sent to HKApp
[2025-08-13 08:05:26.910] [MSG_SENT] Message 2702 sent to TelemetryApp
[2025-08-13 08:05:26.911] [MSG_SENT] Message 2703 sent to FlightLogicApp
[2025-08-13 08:05:27.847] [MSG_SENT] Message 2701 sent to HKApp
[2025-08-13 08:05:27.913] [MSG_SENT] Message 2702 sent to TelemetryApp
[2025-08-13 08:05:27.914] [MSG_SENT] Message 2703 sent to FlightLogicApp
[2025-08-13 08:05:28.849] [MSG_SENT] Message 2701 sent to HKApp
[2025-08-13 08:05:28.915] [MSG_SENT] Message 2702 sent to TelemetryApp
[2025-08-13 08:05:28.916] [MSG_SENT] Message 2703 sent to FlightLogicApp
[2025-08-13 08:05:29.850] [MSG_SENT] Message 2701 sent to HKApp
[2025-08-13 08:05:29.917] [MSG_SENT] Message 2702 sent to TelemetryApp
[2025-08-13 08:05:29.918] [MSG_SENT] Message 2703 sent to FlightLogicApp
[2025-08-13 08:05:30.852] [MSG_SENT] Message 2701 sent to HKApp
[2025-08-13 08:05:30.919] [MSG_SENT] Message 2702 sent to TelemetryApp
[2025-08-13 08:05:30.920] [MSG_SENT] Message 2703 sent to FlightLogicApp
[2025-08-13 08:05:31.853] [MSG_SENT] Message 2701 sent to HKApp
[2025-08-13 08:05:31.921] [MSG_SENT] Message 2702 sent to TelemetryApp
[2025-08-13 08:05:31.923] [MSG_SENT] Message 2703 sent to FlightLogicApp
[2025-08-13 08:05:32.854] [MSG_SENT] Message 2701 sent to HKApp
[2025-08-13 08:05:32.924] [MSG_SENT] Message 2702 sent to TelemetryApp
[2025-08-13 08:05:32.925] [MSG_SENT] Message 2703 sent to FlightLogicApp
[2025-08-13 08:05:33.856] [MSG_SENT] Message 2701 sent to HKApp
[2025-08-13 08:05:33.927] [MSG_SENT] Message 2702 sent to TelemetryApp
[2025-08-13 08:05:33.930] [MSG_SENT] Message 2703 sent to FlightLogicApp
[2025-08-13 08:05:34.858] [MSG_SENT] Message 2701 sent to HKApp
[2025-08-13 08:05:34.931] [MSG_SENT] Message 2702 sent to TelemetryApp
[2025-08-13 08:05:34.932] [MSG_SENT] Message 2703 sent to FlightLogicApp
[2025-08-13 08:05:35.859] [MSG_SENT] Message 2701 sent to HKApp
[2025-08-13 08:05:35.933] [MSG_SENT] Message 2702 sent to TelemetryApp
[2025-08-13 08:05:35.935] [MSG_SENT] Message 2703 sent to FlightLogicApp
[2025-08-13 08:05:36.860] [MSG_SENT] Message 2701 sent to HKApp
[2025-08-13 08:05:36.936] [MSG_SENT] Message 2702 sent to TelemetryApp
[2025-08-13 08:05:36.937] [MSG_SENT] Message 2703 sent to FlightLogicApp
[2025-08-13 08:05:37.862] [MSG_SENT] Message 2701 sent to HKApp
[2025-08-13 08:05:37.939] [MSG_SENT] Message 2702 sent to TelemetryApp
[2025-08-13 08:05:37.940] [MSG_SENT] Message 2703 sent to FlightLogicApp
[2025-08-13 08:05:38.863] [MSG_SENT] Message 2701 sent to HKApp
[2025-08-13 08:05:38.941] [MSG_SENT] Message 2702 sent to TelemetryApp
[2025-08-13 08:05:38.942] [MSG_SENT] Message 2703 sent to FlightLogicApp
[2025-08-13 08:05:39.864] [MSG_SENT] Message 2701 sent to HKApp
[2025-08-13 08:05:39.944] [MSG_SENT] Message 2702 sent to TelemetryApp
[2025-08-13 08:05:39.944] [MSG_SENT] Message 2703 sent to FlightLogicApp
[2025-08-13 08:05:40.867] [MSG_SENT] Message 2701 sent to HKApp
[2025-08-13 08:05:40.945] [MSG_SENT] Message 2702 sent to TelemetryApp
[2025-08-13 08:05:40.948] [MSG_SENT] Message 2703 sent to FlightLogicApp
[2025-08-13 08:05:41.868] [MSG_SENT] Message 2701 sent to HKApp
[2025-08-13 08:05:41.950] [MSG_SENT] Message 2702 sent to TelemetryApp
[2025-08-13 08:05:41.952] [MSG_SENT] Message 2703 sent to FlightLogicApp
[2025-08-13 08:05:42.870] [MSG_SENT] Message 2701 sent to HKApp
[2025-08-13 08:05:42.953] [MSG_SENT] Message 2702 sent to TelemetryApp
[2025-08-13 08:05:42.955] [MSG_SENT] Message 2703 sent to FlightLogicApp
[2025-08-13 08:05:43.871] [MSG_SENT] Message 2701 sent to HKApp
[2025-08-13 08:05:43.956] [MSG_SENT] Message 2702 sent to TelemetryApp
[2025-08-13 08:05:43.957] [MSG_SENT] Message 2703 sent to FlightLogicApp
[2025-08-13 08:05:44.872] [MSG_SENT] Message 2701 sent to HKApp
[2025-08-13 08:05:44.959] [MSG_SENT] Message 2702 sent to TelemetryApp
[2025-08-13 08:05:44.959] [MSG_SENT] Message 2703 sent to FlightLogicApp
[2025-08-13 08:05:45.873] [MSG_SENT] Message 2701 sent to HKApp
[2025-08-13 08:05:45.961] [MSG_SENT] Message 2702 sent to TelemetryApp
[2025-08-13 08:05:45.962] [MSG_SENT] Message 2703 sent to FlightLogicApp
[2025-08-13 08:05:46.874] [MSG_SENT] Message 2701 sent to HKApp
[2025-08-13 08:05:46.964] [MSG_SENT] Message 2702 sent to TelemetryApp
[2025-08-13 08:05:46.965] [MSG_SENT] Message 2703 sent to FlightLogicApp
[2025-08-13 08:05:47.877] [MSG_SENT] Message 2701 sent to HKApp
[2025-08-13 08:05:47.967] [MSG_SENT] Message 2702 sent to TelemetryApp
[2025-08-13 08:05:47.968] [MSG_SENT] Message 2703 sent to FlightLogicApp
[2025-08-13 08:05:48.879] [MSG_SENT] Message 2701 sent to HKApp
[2025-08-13 08:05:48.970] [MSG_SENT] Message 2702 sent to TelemetryApp
[2025-08-13 08:05:48.971] [MSG_SENT] Message 2703 sent to FlightLogicApp
[2025-08-13 08:05:49.880] [MSG_SENT] Message 2701 sent to HKApp
[2025-08-13 08:05:49.974] [MSG_SENT] Message 2702 sent to TelemetryApp
[2025-08-13 08:05:49.975] [MSG_SENT] Message 2703 sent to FlightLogicApp
[2025-08-13 08:05:50.883] [MSG_SENT] Message 2701 sent to HKApp
[2025-08-13 08:05:50.977] [MSG_SENT] Message 2702 sent to TelemetryApp
[2025-08-13 08:05:50.979] [MSG_SENT] Message 2703 sent to FlightLogicApp
[2025-08-13 08:05:51.885] [MSG_SENT] Message 2701 sent to HKApp
[2025-08-13 08:05:51.981] [MSG_SENT] Message 2702 sent to TelemetryApp
[2025-08-13 08:05:51.982] [MSG_SENT] Message 2703 sent to FlightLogicApp
[2025-08-13 08:05:52.886] [MSG_SENT] Message 2701 sent to HKApp
[2025-08-13 08:05:52.983] [MSG_SENT] Message 2702 sent to TelemetryApp
[2025-08-13 08:05:52.985] [MSG_SENT] Message 2703 sent to FlightLogicApp
[2025-08-13 08:05:53.888] [MSG_SENT] Message 2701 sent to HKApp
[2025-08-13 08:05:53.988] [MSG_SENT] Message 2702 sent to TelemetryApp
[2025-08-13 08:05:53.988] [MSG_SENT] Message 2703 sent to FlightLogicApp
[2025-08-13 08:05:54.890] [MSG_SENT] Message 2701 sent to HKApp
[2025-08-13 08:05:54.990] [MSG_SENT] Message 2702 sent to TelemetryApp
[2025-08-13 08:05:54.992] [MSG_SENT] Message 2703 sent to FlightLogicApp
[2025-08-13 08:05:55.891] [MSG_SENT] Message 2701 sent to HKApp
[2025-08-13 08:05:55.993] [MSG_SENT] Message 2702 sent to TelemetryApp
[2025-08-13 08:05:55.994] [MSG_SENT] Message 2703 sent to FlightLogicApp
[2025-08-13 08:05:56.893] [MSG_SENT] Message 2701 sent to HKApp
[2025-08-13 08:05:56.996] [MSG_SENT] Message 2702 sent to TelemetryApp
[2025-08-13 08:05:56.997] [MSG_SENT] Message 2703 sent to FlightLogicApp
[2025-08-13 08:05:57.894] [MSG_SENT] Message 2701 sent to HKApp
[2025-08-13 08:05:57.998] [MSG_SENT] Message 2702 sent to TelemetryApp
[2025-08-13 08:05:57.999] [MSG_SENT] Message 2703 sent to FlightLogicApp
[2025-08-13 08:05:58.896] [MSG_SENT] Message 2701 sent to HKApp
[2025-08-13 08:05:59.002] [MSG_SENT] Message 2702 sent to TelemetryApp
[2025-08-13 08:05:59.004] [MSG_SENT] Message 2703 sent to FlightLogicApp
[2025-08-13 08:05:59.897] [MSG_SENT] Message 2701 sent to HKApp
[2025-08-13 08:06:00.005] [MSG_SENT] Message 2702 sent to TelemetryApp
[2025-08-13 08:06:00.006] [MSG_SENT] Message 2703 sent to FlightLogicApp
[2025-08-13 08:06:00.898] [MSG_SENT] Message 2701 sent to HKApp
[2025-08-13 08:06:01.008] [MSG_SENT] Message 2702 sent to TelemetryApp
[2025-08-13 08:06:01.009] [MSG_SENT] Message 2703 sent to FlightLogicApp
[2025-08-13 08:06:01.900] [MSG_SENT] Message 2701 sent to HKApp
[2025-08-13 08:06:02.010] [MSG_SENT] Message 2702 sent to TelemetryApp
[2025-08-13 08:06:02.011] [MSG_SENT] Message 2703 sent to FlightLogicApp
[2025-08-13 08:06:02.902] [MSG_SENT] Message 2701 sent to HKApp
[2025-08-13 08:06:03.013] [MSG_SENT] Message 2702 sent to TelemetryApp
[2025-08-13 08:06:03.015] [MSG_SENT] Message 2703 sent to FlightLogicApp
[2025-08-13 08:06:03.903] [MSG_SENT] Message 2701 sent to HKApp
[2025-08-13 08:06:04.016] [MSG_SENT] Message 2702 sent to TelemetryApp
[2025-08-13 08:06:04.018] [MSG_SENT] Message 2703 sent to FlightLogicApp
[2025-08-13 08:06:04.904] [MSG_SENT] Message 2701 sent to HKApp
[2025-08-13 08:06:05.020] [MSG_SENT] Message 2702 sent to TelemetryApp
[2025-08-13 08:06:05.020] [MSG_SENT] Message 2703 sent to FlightLogicApp
[2025-08-13 08:06:05.905] [MSG_SENT] Message 2701 sent to HKApp
[2025-08-13 08:06:06.022] [MSG_SENT] Message 2702 sent to TelemetryApp
[2025-08-13 08:06:06.023] [MSG_SENT] Message 2703 sent to FlightLogicApp
[2025-08-13 08:06:06.907] [MSG_SENT] Message 2701 sent to HKApp
[2025-08-13 08:06:07.025] [MSG_SENT] Message 2702 sent to TelemetryApp
[2025-08-13 08:06:07.025] [MSG_SENT] Message 2703 sent to FlightLogicApp
[2025-08-13 08:06:07.908] [MSG_SENT] Message 2701 sent to HKApp
[2025-08-13 08:06:08.027] [MSG_SENT] Message 2702 sent to TelemetryApp
[2025-08-13 08:06:08.028] [MSG_SENT] Message 2703 sent to FlightLogicApp
[2025-08-13 08:06:08.910] [MSG_SENT] Message 2701 sent to HKApp
[2025-08-13 08:06:09.030] [MSG_SENT] Message 2702 sent to TelemetryApp
[2025-08-13 08:06:09.032] [MSG_SENT] Message 2703 sent to FlightLogicApp
[2025-08-13 08:06:09.912] [MSG_SENT] Message 2701 sent to HKApp
[2025-08-13 08:06:10.034] [MSG_SENT] Message 2702 sent to TelemetryApp
[2025-08-13 08:06:10.035] [MSG_SENT] Message 2703 sent to FlightLogicApp
[2025-08-13 08:06:10.914] [MSG_SENT] Message 2701 sent to HKApp
[2025-08-13 08:06:11.037] [MSG_SENT] Message 2702 sent to TelemetryApp
[2025-08-13 08:06:11.038] [MSG_SENT] Message 2703 sent to FlightLogicApp
[2025-08-13 08:06:11.915] [MSG_SENT] Message 2701 sent to HKApp
[2025-08-13 08:06:12.040] [MSG_SENT] Message 2702 sent to TelemetryApp
[2025-08-13 08:06:12.041] [MSG_SENT] Message 2703 sent to FlightLogicApp
[2025-08-13 08:06:12.916] [MSG_SENT] Message 2701 sent to HKApp
[2025-08-13 08:06:13.042] [MSG_SENT] Message 2702 sent to TelemetryApp
[2025-08-13 08:06:13.043] [MSG_SENT] Message 2703 sent to FlightLogicApp
[2025-08-13 08:06:13.918] [MSG_SENT] Message 2701 sent to HKApp
[2025-08-13 08:06:14.044] [MSG_SENT] Message 2702 sent to TelemetryApp
[2025-08-13 08:06:14.045] [MSG_SENT] Message 2703 sent to FlightLogicApp
[2025-08-13 08:06:14.919] [MSG_SENT] Message 2701 sent to HKApp
[2025-08-13 08:06:15.047] [MSG_SENT] Message 2702 sent to TelemetryApp
[2025-08-13 08:06:15.047] [MSG_SENT] Message 2703 sent to FlightLogicApp
[2025-08-13 08:06:15.920] [MSG_SENT] Message 2701 sent to HKApp
[2025-08-13 08:06:16.049] [MSG_SENT] Message 2702 sent to TelemetryApp
[2025-08-13 08:06:16.051] [MSG_SENT] Message 2703 sent to FlightLogicApp
[2025-08-13 08:06:16.923] [MSG_SENT] Message 2701 sent to HKApp
[2025-08-13 08:06:17.054] [MSG_SENT] Message 2702 sent to TelemetryApp
[2025-08-13 08:06:17.055] [MSG_SENT] Message 2703 sent to FlightLogicApp
[2025-08-13 08:06:17.924] [MSG_SENT] Message 2701 sent to HKApp
[2025-08-13 08:06:18.057] [MSG_SENT] Message 2702 sent to TelemetryApp
[2025-08-13 08:06:18.058] [MSG_SENT] Message 2703 sent to FlightLogicApp
[2025-08-13 08:06:18.926] [MSG_SENT] Message 2701 sent to HKApp
[2025-08-13 08:06:19.060] [MSG_SENT] Message 2702 sent to TelemetryApp
[2025-08-13 08:06:19.061] [MSG_SENT] Message 2703 sent to FlightLogicApp
[2025-08-13 08:06:19.927] [MSG_SENT] Message 2701 sent to HKApp
[2025-08-13 08:06:20.062] [MSG_SENT] Message 2702 sent to TelemetryApp
[2025-08-13 08:06:20.063] [MSG_SENT] Message 2703 sent to FlightLogicApp
[2025-08-13 08:06:20.929] [MSG_SENT] Message 2701 sent to HKApp
[2025-08-13 08:06:21.065] [MSG_SENT] Message 2702 sent to TelemetryApp
[2025-08-13 08:06:21.066] [MSG_SENT] Message 2703 sent to FlightLogicApp
[2025-08-13 08:06:21.930] [MSG_SENT] Message 2701 sent to HKApp
[2025-08-13 08:06:22.068] [MSG_SENT] Message 2702 sent to TelemetryApp
[2025-08-13 08:06:22.069] [MSG_SENT] Message 2703 sent to FlightLogicApp
[2025-08-13 08:06:22.931] [MSG_SENT] Message 2701 sent to HKApp
[2025-08-13 08:06:23.071] [MSG_SENT] Message 2702 sent to TelemetryApp
[2025-08-13 08:06:23.072] [MSG_SENT] Message 2703 sent to FlightLogicApp
[2025-08-13 08:06:23.934] [MSG_SENT] Message 2701 sent to HKApp
[2025-08-13 08:06:24.074] [MSG_SENT] Message 2702 sent to TelemetryApp
[2025-08-13 08:06:24.075] [MSG_SENT] Message 2703 sent to FlightLogicApp
[2025-08-13 08:06:24.936] [MSG_SENT] Message 2701 sent to HKApp
[2025-08-13 08:06:25.077] [MSG_SENT] Message 2702 sent to TelemetryApp
[2025-08-13 08:06:25.078] [MSG_SENT] Message 2703 sent to FlightLogicApp
[2025-08-13 08:06:25.938] [MSG_SENT] Message 2701 sent to HKApp
[2025-08-13 08:06:26.079] [MSG_SENT] Message 2702 sent to TelemetryApp
[2025-08-13 08:06:26.080] [MSG_SENT] Message 2703 sent to FlightLogicApp
[2025-08-13 08:06:26.939] [MSG_SENT] Message 2701 sent to HKApp
[2025-08-13 08:06:27.082] [MSG_SENT] Message 2702 sent to TelemetryApp
[2025-08-13 08:06:27.084] [MSG_SENT] Message 2703 sent to FlightLogicApp
[2025-08-13 08:06:27.940] [MSG_SENT] Message 2701 sent to HKApp
[2025-08-13 08:06:28.085] [MSG_SENT] Message 2702 sent to TelemetryApp
[2025-08-13 08:06:28.087] [MSG_SENT] Message 2703 sent to FlightLogicApp
[2025-08-13 08:06:28.942] [MSG_SENT] Message 2701 sent to HKApp
[2025-08-13 08:06:29.089] [MSG_SENT] Message 2702 sent to TelemetryApp
[2025-08-13 08:06:29.089] [MSG_SENT] Message 2703 sent to FlightLogicApp
[2025-08-13 08:06:29.943] [MSG_SENT] Message 2701 sent to HKApp
[2025-08-13 08:06:30.091] [MSG_SENT] Message 2702 sent to TelemetryApp
[2025-08-13 08:06:30.092] [MSG_SENT] Message 2703 sent to FlightLogicApp
[2025-08-13 08:06:30.945] [MSG_SENT] Message 2701 sent to HKApp
[2025-08-13 08:06:31.094] [MSG_SENT] Message 2702 sent to TelemetryApp
[2025-08-13 08:06:31.095] [MSG_SENT] Message 2703 sent to FlightLogicApp
[2025-08-13 08:06:31.947] [MSG_SENT] Message 2701 sent to HKApp
[2025-08-13 08:06:32.099] [MSG_SENT] Message 2702 sent to TelemetryApp
[2025-08-13 08:06:32.099] [MSG_SENT] Message 2703 sent to FlightLogicApp
[2025-08-13 08:06:32.948] [MSG_SENT] Message 2701 sent to HKApp
[2025-08-13 08:06:33.101] [MSG_SENT] Message 2702 sent to TelemetryApp
[2025-08-13 08:06:33.102] [MSG_SENT] Message 2703 sent to FlightLogicApp
[2025-08-13 08:06:33.949] [MSG_SENT] Message 2701 sent to HKApp
[2025-08-13 08:06:34.104] [MSG_SENT] Message 2702 sent to TelemetryApp
[2025-08-13 08:06:34.105] [MSG_SENT] Message 2703 sent to FlightLogicApp
[2025-08-13 08:06:34.951] [MSG_SENT] Message 2701 sent to HKApp
[2025-08-13 08:06:35.106] [MSG_SENT] Message 2702 sent to TelemetryApp
[2025-08-13 08:06:35.107] [MSG_SENT] Message 2703 sent to FlightLogicApp
[2025-08-13 08:06:35.952] [MSG_SENT] Message 2701 sent to HKApp
[2025-08-13 08:06:36.108] [MSG_SENT] Message 2702 sent to TelemetryApp
[2025-08-13 08:06:36.110] [MSG_SENT] Message 2703 sent to FlightLogicApp
[2025-08-13 08:06:36.954] [MSG_SENT] Message 2701 sent to HKApp
[2025-08-13 08:06:37.111] [MSG_SENT] Message 2702 sent to TelemetryApp
[2025-08-13 08:06:37.113] [MSG_SENT] Message 2703 sent to FlightLogicApp
[2025-08-13 08:06:37.955] [MSG_SENT] Message 2701 sent to HKApp
[2025-08-13 08:06:38.114] [MSG_SENT] Message 2702 sent to TelemetryApp
[2025-08-13 08:06:38.116] [MSG_SENT] Message 2703 sent to FlightLogicApp
[2025-08-13 08:06:38.957] [MSG_SENT] Message 2701 sent to HKApp
[2025-08-13 08:06:39.118] [MSG_SENT] Message 2702 sent to TelemetryApp
[2025-08-13 08:06:39.119] [MSG_SENT] Message 2703 sent to FlightLogicApp
[2025-08-13 08:06:39.958] [MSG_SENT] Message 2701 sent to HKApp
[2025-08-13 08:06:40.120] [MSG_SENT] Message 2702 sent to TelemetryApp
[2025-08-13 08:06:40.122] [MSG_SENT] Message 2703 sent to FlightLogicApp
[2025-08-13 08:06:40.959] [MSG_SENT] Message 2701 sent to HKApp
[2025-08-13 08:06:41.124] [MSG_SENT] Message 2702 sent to TelemetryApp
[2025-08-13 08:06:41.124] [MSG_SENT] Message 2703 sent to FlightLogicApp
[2025-08-13 08:06:41.961] [MSG_SENT] Message 2701 sent to HKApp
[2025-08-13 08:06:42.127] [MSG_SENT] Message 2702 sent to TelemetryApp
[2025-08-13 08:06:42.127] [MSG_SENT] Message 2703 sent to FlightLogicApp
[2025-08-13 08:06:42.962] [MSG_SENT] Message 2701 sent to HKApp
[2025-08-13 08:06:43.129] [MSG_SENT] Message 2702 sent to TelemetryApp
[2025-08-13 08:06:43.130] [MSG_SENT] Message 2703 sent to FlightLogicApp
[2025-08-13 08:06:43.963] [MSG_SENT] Message 2701 sent to HKApp
[2025-08-13 08:06:44.131] [MSG_SENT] Message 2702 sent to TelemetryApp
[2025-08-13 08:06:44.132] [MSG_SENT] Message 2703 sent to FlightLogicApp
[2025-08-13 08:06:44.964] [MSG_SENT] Message 2701 sent to HKApp
[2025-08-13 08:06:45.134] [MSG_SENT] Message 2702 sent to TelemetryApp
[2025-08-13 08:06:45.135] [MSG_SENT] Message 2703 sent to FlightLogicApp
[2025-08-13 08:06:45.967] [MSG_SENT] Message 2701 sent to HKApp
[2025-08-13 08:06:46.137] [MSG_SENT] Message 2702 sent to TelemetryApp
[2025-08-13 08:06:46.137] [MSG_SENT] Message 2703 sent to FlightLogicApp
[2025-08-13 08:06:46.968] [MSG_SENT] Message 2701 sent to HKApp
[2025-08-13 08:06:47.139] [MSG_SENT] Message 2702 sent to TelemetryApp
[2025-08-13 08:06:47.141] [MSG_SENT] Message 2703 sent to FlightLogicApp
[2025-08-13 08:06:47.969] [MSG_SENT] Message 2701 sent to HKApp
[2025-08-13 08:06:48.142] [MSG_SENT] Message 2702 sent to TelemetryApp
[2025-08-13 08:06:48.143] [MSG_SENT] Message 2703 sent to FlightLogicApp
[2025-08-13 08:06:48.971] [MSG_SENT] Message 2701 sent to HKApp
[2025-08-13 08:06:49.144] [MSG_SENT] Message 2702 sent to TelemetryApp
[2025-08-13 08:06:49.145] [MSG_SENT] Message 2703 sent to FlightLogicApp
[2025-08-13 08:06:49.972] [MSG_SENT] Message 2701 sent to HKApp
[2025-08-13 08:06:50.146] [MSG_SENT] Message 2702 sent to TelemetryApp
[2025-08-13 08:06:50.147] [MSG_SENT] Message 2703 sent to FlightLogicApp
[2025-08-13 08:06:50.974] [MSG_SENT] Message 2701 sent to HKApp
[2025-08-13 08:06:51.149] [MSG_SENT] Message 2702 sent to TelemetryApp
[2025-08-13 08:06:51.150] [MSG_SENT] Message 2703 sent to FlightLogicApp
[2025-08-13 08:06:51.976] [MSG_SENT] Message 2701 sent to HKApp
[2025-08-13 08:06:52.151] [MSG_SENT] Message 2702 sent to TelemetryApp
[2025-08-13 08:06:52.152] [MSG_SENT] Message 2703 sent to FlightLogicApp
[2025-08-13 08:06:52.977] [MSG_SENT] Message 2701 sent to HKApp
[2025-08-13 08:06:53.153] [MSG_SENT] Message 2702 sent to TelemetryApp
[2025-08-13 08:06:53.154] [MSG_SENT] Message 2703 sent to FlightLogicApp
[2025-08-13 08:06:53.979] [MSG_SENT] Message 2701 sent to HKApp
[2025-08-13 08:06:54.156] [MSG_SENT] Message 2702 sent to TelemetryApp
[2025-08-13 08:06:54.157] [MSG_SENT] Message 2703 sent to FlightLogicApp
[2025-08-13 08:06:54.980] [MSG_SENT] Message 2701 sent to HKApp
[2025-08-13 08:06:55.158] [MSG_SENT] Message 2702 sent to TelemetryApp
[2025-08-13 08:06:55.159] [MSG_SENT] Message 2703 sent to FlightLogicApp
[2025-08-13 08:06:55.981] [MSG_SENT] Message 2701 sent to HKApp
[2025-08-13 08:06:56.160] [MSG_SENT] Message 2702 sent to TelemetryApp
[2025-08-13 08:06:56.161] [MSG_SENT] Message 2703 sent to FlightLogicApp
[2025-08-13 08:06:56.983] [MSG_SENT] Message 2701 sent to HKApp
[2025-08-13 08:06:57.163] [MSG_SENT] Message 2702 sent to TelemetryApp
[2025-08-13 08:06:57.164] [MSG_SENT] Message 2703 sent to FlightLogicApp
[2025-08-13 08:06:57.984] [MSG_SENT] Message 2701 sent to HKApp
[2025-08-13 08:06:58.166] [MSG_SENT] Message 2702 sent to TelemetryApp
[2025-08-13 08:06:58.167] [MSG_SENT] Message 2703 sent to FlightLogicApp
[2025-08-13 08:06:58.985] [MSG_SENT] Message 2701 sent to HKApp
[2025-08-13 08:06:59.168] [MSG_SENT] Message 2702 sent to TelemetryApp
[2025-08-13 08:06:59.169] [MSG_SENT] Message 2703 sent to FlightLogicApp
[2025-08-13 08:06:59.986] [MSG_SENT] Message 2701 sent to HKApp
[2025-08-13 08:07:00.171] [MSG_SENT] Message 2702 sent to TelemetryApp
[2025-08-13 08:07:00.172] [MSG_SENT] Message 2703 sent to FlightLogicApp
[2025-08-13 08:07:00.988] [MSG_SENT] Message 2701 sent to HKApp
[2025-08-13 08:07:01.173] [MSG_SENT] Message 2702 sent to TelemetryApp
[2025-08-13 08:07:01.174] [MSG_SENT] Message 2703 sent to FlightLogicApp
[2025-08-13 08:07:01.990] [MSG_SENT] Message 2701 sent to HKApp
[2025-08-13 08:07:02.176] [MSG_SENT] Message 2702 sent to TelemetryApp
[2025-08-13 08:07:02.178] [MSG_SENT] Message 2703 sent to FlightLogicApp
[2025-08-13 08:07:02.991] [MSG_SENT] Message 2701 sent to HKApp
[2025-08-13 08:07:03.179] [MSG_SENT] Message 2702 sent to TelemetryApp
[2025-08-13 08:07:03.180] [MSG_SENT] Message 2703 sent to FlightLogicApp
[2025-08-13 08:07:03.992] [MSG_SENT] Message 2701 sent to HKApp
[2025-08-13 08:07:04.181] [MSG_SENT] Message 2702 sent to TelemetryApp
[2025-08-13 08:07:04.183] [MSG_SENT] Message 2703 sent to FlightLogicApp
[2025-08-13 08:07:04.993] [MSG_SENT] Message 2701 sent to HKApp
[2025-08-13 08:07:05.184] [MSG_SENT] Message 2702 sent to TelemetryApp
[2025-08-13 08:07:05.185] [MSG_SENT] Message 2703 sent to FlightLogicApp
[2025-08-13 08:07:05.995] [MSG_SENT] Message 2701 sent to HKApp
[2025-08-13 08:07:06.186] [MSG_SENT] Message 2702 sent to TelemetryApp
[2025-08-13 08:07:06.187] [MSG_SENT] Message 2703 sent to FlightLogicApp
[2025-08-13 08:07:06.996] [MSG_SENT] Message 2701 sent to HKApp
[2025-08-13 08:07:07.189] [MSG_SENT] Message 2702 sent to TelemetryApp
[2025-08-13 08:07:07.190] [MSG_SENT] Message 2703 sent to FlightLogicApp
[2025-08-13 08:07:07.998] [MSG_SENT] Message 2701 sent to HKApp
[2025-08-13 08:07:08.192] [MSG_SENT] Message 2702 sent to TelemetryApp
[2025-08-13 08:07:08.193] [MSG_SENT] Message 2703 sent to FlightLogicApp
[2025-08-13 08:07:09.000] [MSG_SENT] Message 2701 sent to HKApp
[2025-08-13 08:07:09.195] [MSG_SENT] Message 2702 sent to TelemetryApp
[2025-08-13 08:07:09.196] [MSG_SENT] Message 2703 sent to FlightLogicApp
[2025-08-13 08:07:10.001] [MSG_SENT] Message 2701 sent to HKApp
[2025-08-13 08:07:10.197] [MSG_SENT] Message 2702 sent to TelemetryApp
[2025-08-13 08:07:10.199] [MSG_SENT] Message 2703 sent to FlightLogicApp
[2025-08-13 08:07:11.002] [MSG_SENT] Message 2701 sent to HKApp
[2025-08-13 08:07:11.200] [MSG_SENT] Message 2702 sent to TelemetryApp
[2025-08-13 08:07:11.201] [MSG_SENT] Message 2703 sent to FlightLogicApp
[2025-08-13 08:07:12.003] [MSG_SENT] Message 2701 sent to HKApp
[2025-08-13 08:07:12.203] [MSG_SENT] Message 2702 sent to TelemetryApp
[2025-08-13 08:07:12.204] [MSG_SENT] Message 2703 sent to FlightLogicApp
[2025-08-13 08:07:13.005] [MSG_SENT] Message 2701 sent to HKApp
[2025-08-13 08:07:13.206] [MSG_SENT] Message 2702 sent to TelemetryApp
[2025-08-13 08:07:13.207] [MSG_SENT] Message 2703 sent to FlightLogicApp
[2025-08-13 08:07:14.006] [MSG_SENT] Message 2701 sent to HKApp
[2025-08-13 08:07:14.208] [MSG_SENT] Message 2702 sent to TelemetryApp
[2025-08-13 08:07:14.208] [MSG_SENT] Message 2703 sent to FlightLogicApp
[2025-08-13 08:07:15.010] [MSG_SENT] Message 2701 sent to HKApp
[2025-08-13 08:07:15.210] [MSG_SENT] Message 2702 sent to TelemetryApp
[2025-08-13 08:07:15.211] [MSG_SENT] Message 2703 sent to FlightLogicApp
[2025-08-13 08:07:16.011] [MSG_SENT] Message 2701 sent to HKApp
[2025-08-13 08:07:16.212] [MSG_SENT] Message 2702 sent to TelemetryApp
[2025-08-13 08:07:16.213] [MSG_SENT] Message 2703 sent to FlightLogicApp
[2025-08-13 08:07:17.012] [MSG_SENT] Message 2701 sent to HKApp
[2025-08-13 08:07:17.214] [MSG_SENT] Message 2702 sent to TelemetryApp
[2025-08-13 08:07:17.215] [MSG_SENT] Message 2703 sent to FlightLogicApp
[2025-08-13 08:07:18.014] [MSG_SENT] Message 2701 sent to HKApp
[2025-08-13 08:07:18.217] [MSG_SENT] Message 2702 sent to TelemetryApp
[2025-08-13 08:07:18.218] [MSG_SENT] Message 2703 sent to FlightLogicApp
[2025-08-13 08:07:19.015] [MSG_SENT] Message 2701 sent to HKApp
[2025-08-13 08:07:19.220] [MSG_SENT] Message 2702 sent to TelemetryApp
[2025-08-13 08:07:19.221] [MSG_SENT] Message 2703 sent to FlightLogicApp
[2025-08-13 08:07:20.016] [MSG_SENT] Message 2701 sent to HKApp
[2025-08-13 08:07:20.223] [MSG_SENT] Message 2702 sent to TelemetryApp
[2025-08-13 08:07:20.224] [MSG_SENT] Message 2703 sent to FlightLogicApp
[2025-08-13 08:07:21.018] [MSG_SENT] Message 2701 sent to HKApp
[2025-08-13 08:07:21.226] [MSG_SENT] Message 2702 sent to TelemetryApp
[2025-08-13 08:07:21.227] [MSG_SENT] Message 2703 sent to FlightLogicApp
[2025-08-13 08:07:22.019] [MSG_SENT] Message 2701 sent to HKApp
[2025-08-13 08:07:22.228] [MSG_SENT] Message 2702 sent to TelemetryApp
[2025-08-13 08:07:22.229] [MSG_SENT] Message 2703 sent to FlightLogicApp
[2025-08-13 08:07:23.020] [MSG_SENT] Message 2701 sent to HKApp
[2025-08-13 08:07:23.230] [MSG_SENT] Message 2702 sent to TelemetryApp
[2025-08-13 08:07:23.231] [MSG_SENT] Message 2703 sent to FlightLogicApp
[2025-08-13 08:07:24.022] [MSG_SENT] Message 2701 sent to HKApp
[2025-08-13 08:07:24.232] [MSG_SENT] Message 2702 sent to TelemetryApp
[2025-08-13 08:07:24.233] [MSG_SENT] Message 2703 sent to FlightLogicApp
[2025-08-13 08:07:25.070] [MSG_SENT] Message 2701 sent to HKApp
[2025-08-13 08:07:25.235] [MSG_SENT] Message 2702 sent to TelemetryApp
[2025-08-13 08:07:25.236] [MSG_SENT] Message 2703 sent to FlightLogicApp
[2025-08-13 08:07:26.072] [MSG_SENT] Message 2701 sent to HKApp
[2025-08-13 08:07:26.237] [MSG_SENT] Message 2702 sent to TelemetryApp
[2025-08-13 08:07:26.238] [MSG_SENT] Message 2703 sent to FlightLogicApp
[2025-08-13 08:07:27.073] [MSG_SENT] Message 2701 sent to HKApp
[2025-08-13 08:07:27.239] [MSG_SENT] Message 2702 sent to TelemetryApp
[2025-08-13 08:07:27.240] [MSG_SENT] Message 2703 sent to FlightLogicApp
[2025-08-13 08:07:28.075] [MSG_SENT] Message 2701 sent to HKApp
[2025-08-13 08:07:28.241] [MSG_SENT] Message 2702 sent to TelemetryApp
[2025-08-13 08:07:28.243] [MSG_SENT] Message 2703 sent to FlightLogicApp
[2025-08-13 08:07:29.076] [MSG_SENT] Message 2701 sent to HKApp
[2025-08-13 08:07:29.245] [MSG_SENT] Message 2702 sent to TelemetryApp
[2025-08-13 08:07:29.245] [MSG_SENT] Message 2703 sent to FlightLogicApp
[2025-08-13 08:07:30.091] [MSG_SENT] Message 2701 sent to HKApp
[2025-08-13 08:07:30.247] [MSG_SENT] Message 2702 sent to TelemetryApp
[2025-08-13 08:07:30.248] [MSG_SENT] Message 2703 sent to FlightLogicApp
[2025-08-13 08:07:31.093] [MSG_SENT] Message 2701 sent to HKApp
[2025-08-13 08:07:31.249] [MSG_SENT] Message 2702 sent to TelemetryApp
[2025-08-13 08:07:31.250] [MSG_SENT] Message 2703 sent to FlightLogicApp
[2025-08-13 08:07:32.094] [MSG_SENT] Message 2701 sent to HKApp
[2025-08-13 08:07:32.251] [MSG_SENT] Message 2702 sent to TelemetryApp
[2025-08-13 08:07:32.252] [MSG_SENT] Message 2703 sent to FlightLogicApp
[2025-08-13 08:07:33.095] [MSG_SENT] Message 2701 sent to HKApp
[2025-08-13 08:07:33.254] [MSG_SENT] Message 2702 sent to TelemetryApp
[2025-08-13 08:07:33.255] [MSG_SENT] Message 2703 sent to FlightLogicApp
[2025-08-13 08:07:34.097] [MSG_SENT] Message 2701 sent to HKApp
[2025-08-13 08:07:34.257] [MSG_SENT] Message 2702 sent to TelemetryApp
[2025-08-13 08:07:34.258] [MSG_SENT] Message 2703 sent to FlightLogicApp
[2025-08-13 08:07:35.099] [MSG_SENT] Message 2701 sent to HKApp
[2025-08-13 08:07:35.259] [MSG_SENT] Message 2702 sent to TelemetryApp
[2025-08-13 08:07:35.262] [MSG_SENT] Message 2703 sent to FlightLogicApp
[2025-08-13 08:07:36.100] [MSG_SENT] Message 2701 sent to HKApp
[2025-08-13 08:07:36.263] [MSG_SENT] Message 2702 sent to TelemetryApp
[2025-08-13 08:07:36.264] [MSG_SENT] Message 2703 sent to FlightLogicApp
[2025-08-13 08:07:37.101] [MSG_SENT] Message 2701 sent to HKApp
[2025-08-13 08:07:37.266] [MSG_SENT] Message 2702 sent to TelemetryApp
[2025-08-13 08:07:37.267] [MSG_SENT] Message 2703 sent to FlightLogicApp
[2025-08-13 08:07:38.103] [MSG_SENT] Message 2701 sent to HKApp
[2025-08-13 08:07:38.268] [MSG_SENT] Message 2702 sent to TelemetryApp
[2025-08-13 08:07:38.270] [MSG_SENT] Message 2703 sent to FlightLogicApp
[2025-08-13 08:07:39.104] [MSG_SENT] Message 2701 sent to HKApp
[2025-08-13 08:07:39.271] [MSG_SENT] Message 2702 sent to TelemetryApp
[2025-08-13 08:07:39.272] [MSG_SENT] Message 2703 sent to FlightLogicApp
[2025-08-13 08:07:40.106] [MSG_SENT] Message 2701 sent to HKApp
[2025-08-13 08:07:40.273] [MSG_SENT] Message 2702 sent to TelemetryApp
[2025-08-13 08:07:40.274] [MSG_SENT] Message 2703 sent to FlightLogicApp
[2025-08-13 08:07:41.108] [MSG_SENT] Message 2701 sent to HKApp
[2025-08-13 08:07:41.277] [MSG_SENT] Message 2702 sent to TelemetryApp
[2025-08-13 08:07:41.278] [MSG_SENT] Message 2703 sent to FlightLogicApp
[2025-08-13 08:07:42.109] [MSG_SENT] Message 2701 sent to HKApp
[2025-08-13 08:07:42.279] [MSG_SENT] Message 2702 sent to TelemetryApp
[2025-08-13 08:07:42.281] [MSG_SENT] Message 2703 sent to FlightLogicApp
[2025-08-13 08:07:43.111] [MSG_SENT] Message 2701 sent to HKApp
[2025-08-13 08:07:43.282] [MSG_SENT] Message 2702 sent to TelemetryApp
[2025-08-13 08:07:43.284] [MSG_SENT] Message 2703 sent to FlightLogicApp
[2025-08-13 08:07:44.113] [MSG_SENT] Message 2701 sent to HKApp
[2025-08-13 08:07:44.285] [MSG_SENT] Message 2702 sent to TelemetryApp
[2025-08-13 08:07:44.286] [MSG_SENT] Message 2703 sent to FlightLogicApp
[2025-08-13 08:07:45.114] [MSG_SENT] Message 2701 sent to HKApp
[2025-08-13 08:07:45.288] [MSG_SENT] Message 2702 sent to TelemetryApp
[2025-08-13 08:07:45.289] [MSG_SENT] Message 2703 sent to FlightLogicApp
[2025-08-13 08:07:46.116] [MSG_SENT] Message 2701 sent to HKApp
[2025-08-13 08:07:46.290] [MSG_SENT] Message 2702 sent to TelemetryApp
[2025-08-13 08:07:46.291] [MSG_SENT] Message 2703 sent to FlightLogicApp
[2025-08-13 08:07:47.117] [MSG_SENT] Message 2701 sent to HKApp
[2025-08-13 08:07:47.292] [MSG_SENT] Message 2702 sent to TelemetryApp
[2025-08-13 08:07:47.293] [MSG_SENT] Message 2703 sent to FlightLogicApp
[2025-08-13 08:07:48.120] [MSG_SENT] Message 2701 sent to HKApp
[2025-08-13 08:07:48.295] [MSG_SENT] Message 2702 sent to TelemetryApp
[2025-08-13 08:07:48.296] [MSG_SENT] Message 2703 sent to FlightLogicApp
[2025-08-13 08:07:49.121] [MSG_SENT] Message 2701 sent to HKApp
[2025-08-13 08:07:49.297] [MSG_SENT] Message 2702 sent to TelemetryApp
[2025-08-13 08:07:49.298] [MSG_SENT] Message 2703 sent to FlightLogicApp
[2025-08-13 08:07:50.123] [MSG_SENT] Message 2701 sent to HKApp
[2025-08-13 08:07:50.300] [MSG_SENT] Message 2702 sent to TelemetryApp
[2025-08-13 08:07:50.301] [MSG_SENT] Message 2703 sent to FlightLogicApp
[2025-08-13 08:07:51.125] [MSG_SENT] Message 2701 sent to HKApp
[2025-08-13 08:07:51.302] [MSG_SENT] Message 2702 sent to TelemetryApp
[2025-08-13 08:07:51.303] [MSG_SENT] Message 2703 sent to FlightLogicApp
[2025-08-13 08:07:52.126] [MSG_SENT] Message 2701 sent to HKApp
[2025-08-13 08:07:52.305] [MSG_SENT] Message 2702 sent to TelemetryApp
[2025-08-13 08:07:52.305] [MSG_SENT] Message 2703 sent to FlightLogicApp
[2025-08-13 08:07:53.127] [MSG_SENT] Message 2701 sent to HKApp
[2025-08-13 08:07:53.307] [MSG_SENT] Message 2702 sent to TelemetryApp
[2025-08-13 08:07:53.307] [MSG_SENT] Message 2703 sent to FlightLogicApp
[2025-08-13 08:07:54.129] [MSG_SENT] Message 2701 sent to HKApp
[2025-08-13 08:07:54.309] [MSG_SENT] Message 2702 sent to TelemetryApp
[2025-08-13 08:07:54.310] [MSG_SENT] Message 2703 sent to FlightLogicApp
[2025-08-13 08:07:55.132] [MSG_SENT] Message 2701 sent to HKApp
[2025-08-13 08:07:55.312] [MSG_SENT] Message 2702 sent to TelemetryApp
[2025-08-13 08:07:55.313] [MSG_SENT] Message 2703 sent to FlightLogicApp
[2025-08-13 08:07:56.133] [MSG_SENT] Message 2701 sent to HKApp
[2025-08-13 08:07:56.315] [MSG_SENT] Message 2702 sent to TelemetryApp
[2025-08-13 08:07:56.316] [MSG_SENT] Message 2703 sent to FlightLogicApp
[2025-08-13 08:07:57.135] [MSG_SENT] Message 2701 sent to HKApp
[2025-08-13 08:07:57.318] [MSG_SENT] Message 2702 sent to TelemetryApp
[2025-08-13 08:07:57.319] [MSG_SENT] Message 2703 sent to FlightLogicApp
[2025-08-13 08:07:58.136] [MSG_SENT] Message 2701 sent to HKApp
[2025-08-13 08:07:58.320] [MSG_SENT] Message 2702 sent to TelemetryApp
[2025-08-13 08:07:58.322] [MSG_SENT] Message 2703 sent to FlightLogicApp
[2025-08-13 08:07:59.137] [MSG_SENT] Message 2701 sent to HKApp
[2025-08-13 08:07:59.323] [MSG_SENT] Message 2702 sent to TelemetryApp
[2025-08-13 08:07:59.325] [MSG_SENT] Message 2703 sent to FlightLogicApp
[2025-08-13 08:08:00.138] [MSG_SENT] Message 2701 sent to HKApp
[2025-08-13 08:08:00.326] [MSG_SENT] Message 2702 sent to TelemetryApp
[2025-08-13 08:08:00.327] [MSG_SENT] Message 2703 sent to FlightLogicApp
[2025-08-13 08:08:01.140] [MSG_SENT] Message 2701 sent to HKApp
[2025-08-13 08:08:01.328] [MSG_SENT] Message 2702 sent to TelemetryApp
[2025-08-13 08:08:01.329] [MSG_SENT] Message 2703 sent to FlightLogicApp
[2025-08-13 08:08:02.141] [MSG_SENT] Message 2701 sent to HKApp
[2025-08-13 08:08:02.330] [MSG_SENT] Message 2702 sent to TelemetryApp
[2025-08-13 08:08:02.331] [MSG_SENT] Message 2703 sent to FlightLogicApp
[2025-08-13 08:08:03.142] [MSG_SENT] Message 2701 sent to HKApp
[2025-08-13 08:08:03.333] [MSG_SENT] Message 2702 sent to TelemetryApp
[2025-08-13 08:08:03.334] [MSG_SENT] Message 2703 sent to FlightLogicApp
[2025-08-13 08:08:04.143] [MSG_SENT] Message 2701 sent to HKApp
[2025-08-13 08:08:04.335] [MSG_SENT] Message 2702 sent to TelemetryApp
[2025-08-13 08:08:04.336] [MSG_SENT] Message 2703 sent to FlightLogicApp
[2025-08-13 08:08:05.145] [MSG_SENT] Message 2701 sent to HKApp
[2025-08-13 08:08:05.338] [MSG_SENT] Message 2702 sent to TelemetryApp
[2025-08-13 08:08:05.339] [MSG_SENT] Message 2703 sent to FlightLogicApp
[2025-08-13 08:08:06.146] [MSG_SENT] Message 2701 sent to HKApp
[2025-08-13 08:08:06.340] [MSG_SENT] Message 2702 sent to TelemetryApp
[2025-08-13 08:08:06.341] [MSG_SENT] Message 2703 sent to FlightLogicApp
[2025-08-13 08:08:07.147] [MSG_SENT] Message 2701 sent to HKApp
[2025-08-13 08:08:07.343] [MSG_SENT] Message 2702 sent to TelemetryApp
[2025-08-13 08:08:07.343] [MSG_SENT] Message 2703 sent to FlightLogicApp
[2025-08-13 08:08:08.148] [MSG_SENT] Message 2701 sent to HKApp
[2025-08-13 08:08:08.344] [MSG_SENT] Message 2702 sent to TelemetryApp
[2025-08-13 08:08:08.346] [MSG_SENT] Message 2703 sent to FlightLogicApp
[2025-08-13 08:08:09.149] [MSG_SENT] Message 2701 sent to HKApp
[2025-08-13 08:08:09.349] [MSG_SENT] Message 2702 sent to TelemetryApp
[2025-08-13 08:08:09.350] [MSG_SENT] Message 2703 sent to FlightLogicApp
[2025-08-13 08:08:10.150] [MSG_SENT] Message 2701 sent to HKApp
[2025-08-13 08:08:10.351] [MSG_SENT] Message 2702 sent to TelemetryApp
[2025-08-13 08:08:10.352] [MSG_SENT] Message 2703 sent to FlightLogicApp
[2025-08-13 08:08:11.151] [MSG_SENT] Message 2701 sent to HKApp
[2025-08-13 08:08:11.353] [MSG_SENT] Message 2702 sent to TelemetryApp
[2025-08-13 08:08:11.354] [MSG_SENT] Message 2703 sent to FlightLogicApp
[2025-08-13 08:08:12.153] [MSG_SENT] Message 2701 sent to HKApp
[2025-08-13 08:08:12.355] [MSG_SENT] Message 2702 sent to TelemetryApp
[2025-08-13 08:08:12.357] [MSG_SENT] Message 2703 sent to FlightLogicApp
[2025-08-13 08:08:13.154] [MSG_SENT] Message 2701 sent to HKApp
[2025-08-13 08:08:13.358] [MSG_SENT] Message 2702 sent to TelemetryApp
[2025-08-13 08:08:13.359] [MSG_SENT] Message 2703 sent to FlightLogicApp
[2025-08-13 08:08:14.156] [MSG_SENT] Message 2701 sent to HKApp
[2025-08-13 08:08:14.363] [MSG_SENT] Message 2702 sent to TelemetryApp
[2025-08-13 08:08:14.364] [MSG_SENT] Message 2703 sent to FlightLogicApp
[2025-08-13 08:08:15.157] [MSG_SENT] Message 2701 sent to HKApp
[2025-08-13 08:08:15.366] [MSG_SENT] Message 2702 sent to TelemetryApp
[2025-08-13 08:08:15.367] [MSG_SENT] Message 2703 sent to FlightLogicApp
[2025-08-13 08:08:16.160] [MSG_SENT] Message 2701 sent to HKApp
[2025-08-13 08:08:16.369] [MSG_SENT] Message 2702 sent to TelemetryApp
[2025-08-13 08:08:16.370] [MSG_SENT] Message 2703 sent to FlightLogicApp
[2025-08-13 08:08:17.161] [MSG_SENT] Message 2701 sent to HKApp
[2025-08-13 08:08:17.371] [MSG_SENT] Message 2702 sent to TelemetryApp
[2025-08-13 08:08:17.372] [MSG_SENT] Message 2703 sent to FlightLogicApp
[2025-08-13 08:08:18.163] [MSG_SENT] Message 2701 sent to HKApp
[2025-08-13 08:08:18.373] [MSG_SENT] Message 2702 sent to TelemetryApp
[2025-08-13 08:08:18.374] [MSG_SENT] Message 2703 sent to FlightLogicApp
[2025-08-13 08:08:19.164] [MSG_SENT] Message 2701 sent to HKApp
[2025-08-13 08:08:19.376] [MSG_SENT] Message 2702 sent to TelemetryApp
[2025-08-13 08:08:19.377] [MSG_SENT] Message 2703 sent to FlightLogicApp
[2025-08-13 08:08:20.165] [MSG_SENT] Message 2701 sent to HKApp
[2025-08-13 08:08:20.378] [MSG_SENT] Message 2702 sent to TelemetryApp
[2025-08-13 08:08:20.379] [MSG_SENT] Message 2703 sent to FlightLogicApp
[2025-08-13 08:08:21.167] [MSG_SENT] Message 2701 sent to HKApp
[2025-08-13 08:08:21.381] [MSG_SENT] Message 2702 sent to TelemetryApp
[2025-08-13 08:08:21.382] [MSG_SENT] Message 2703 sent to FlightLogicApp
[2025-08-13 08:08:22.168] [MSG_SENT] Message 2701 sent to HKApp
[2025-08-13 08:08:22.383] [MSG_SENT] Message 2702 sent to TelemetryApp
[2025-08-13 08:08:22.384] [MSG_SENT] Message 2703 sent to FlightLogicApp
[2025-08-13 08:08:23.170] [MSG_SENT] Message 2701 sent to HKApp
[2025-08-13 08:08:23.385] [MSG_SENT] Message 2702 sent to TelemetryApp
[2025-08-13 08:08:23.386] [MSG_SENT] Message 2703 sent to FlightLogicApp
[2025-08-13 08:08:24.171] [MSG_SENT] Message 2701 sent to HKApp
[2025-08-13 08:08:24.388] [MSG_SENT] Message 2702 sent to TelemetryApp
[2025-08-13 08:08:24.389] [MSG_SENT] Message 2703 sent to FlightLogicApp
[2025-08-13 08:08:25.172] [MSG_SENT] Message 2701 sent to HKApp
[2025-08-13 08:08:25.390] [MSG_SENT] Message 2702 sent to TelemetryApp
[2025-08-13 08:08:25.392] [MSG_SENT] Message 2703 sent to FlightLogicApp
[2025-08-13 08:08:26.173] [MSG_SENT] Message 2701 sent to HKApp
[2025-08-13 08:08:26.393] [MSG_SENT] Message 2702 sent to TelemetryApp
[2025-08-13 08:08:26.394] [MSG_SENT] Message 2703 sent to FlightLogicApp
[2025-08-13 08:08:27.175] [MSG_SENT] Message 2701 sent to HKApp
[2025-08-13 08:08:27.395] [MSG_SENT] Message 2702 sent to TelemetryApp
[2025-08-13 08:08:27.396] [MSG_SENT] Message 2703 sent to FlightLogicApp
[2025-08-13 08:08:28.177] [MSG_SENT] Message 2701 sent to HKApp
[2025-08-13 08:08:28.397] [MSG_SENT] Message 2702 sent to TelemetryApp
[2025-08-13 08:08:28.399] [MSG_SENT] Message 2703 sent to FlightLogicApp
[2025-08-13 08:08:29.178] [MSG_SENT] Message 2701 sent to HKApp
[2025-08-13 08:08:29.400] [MSG_SENT] Message 2702 sent to TelemetryApp
[2025-08-13 08:08:29.402] [MSG_SENT] Message 2703 sent to FlightLogicApp
[2025-08-13 08:08:30.179] [MSG_SENT] Message 2701 sent to HKApp
[2025-08-13 08:08:30.403] [MSG_SENT] Message 2702 sent to TelemetryApp
[2025-08-13 08:08:30.404] [MSG_SENT] Message 2703 sent to FlightLogicApp
[2025-08-13 08:08:31.181] [MSG_SENT] Message 2701 sent to HKApp
[2025-08-13 08:08:31.407] [MSG_SENT] Message 2702 sent to TelemetryApp
[2025-08-13 08:08:31.408] [MSG_SENT] Message 2703 sent to FlightLogicApp
[2025-08-13 08:08:32.182] [MSG_SENT] Message 2701 sent to HKApp
[2025-08-13 08:08:32.409] [MSG_SENT] Message 2702 sent to TelemetryApp
[2025-08-13 08:08:32.411] [MSG_SENT] Message 2703 sent to FlightLogicApp
[2025-08-13 08:08:33.183] [MSG_SENT] Message 2701 sent to HKApp
[2025-08-13 08:08:33.412] [MSG_SENT] Message 2702 sent to TelemetryApp
[2025-08-13 08:08:33.413] [MSG_SENT] Message 2703 sent to FlightLogicApp
[2025-08-13 08:08:34.185] [MSG_SENT] Message 2701 sent to HKApp
[2025-08-13 08:08:34.415] [MSG_SENT] Message 2702 sent to TelemetryApp
[2025-08-13 08:08:34.416] [MSG_SENT] Message 2703 sent to FlightLogicApp
[2025-08-13 08:08:35.186] [MSG_SENT] Message 2701 sent to HKApp
[2025-08-13 08:08:35.417] [MSG_SENT] Message 2702 sent to TelemetryApp
[2025-08-13 08:08:35.417] [MSG_SENT] Message 2703 sent to FlightLogicApp
[2025-08-13 08:08:36.187] [MSG_SENT] Message 2701 sent to HKApp
[2025-08-13 08:08:36.419] [MSG_SENT] Message 2702 sent to TelemetryApp
[2025-08-13 08:08:36.420] [MSG_SENT] Message 2703 sent to FlightLogicApp
[2025-08-13 08:08:37.188] [MSG_SENT] Message 2701 sent to HKApp
[2025-08-13 08:08:37.422] [MSG_SENT] Message 2702 sent to TelemetryApp
[2025-08-13 08:08:37.423] [MSG_SENT] Message 2703 sent to FlightLogicApp
[2025-08-13 08:08:38.189] [MSG_SENT] Message 2701 sent to HKApp
[2025-08-13 08:08:38.424] [MSG_SENT] Message 2702 sent to TelemetryApp
[2025-08-13 08:08:38.426] [MSG_SENT] Message 2703 sent to FlightLogicApp
[2025-08-13 08:08:39.191] [MSG_SENT] Message 2701 sent to HKApp
[2025-08-13 08:08:39.427] [MSG_SENT] Message 2702 sent to TelemetryApp
[2025-08-13 08:08:39.428] [MSG_SENT] Message 2703 sent to FlightLogicApp
[2025-08-13 08:08:40.409] [MSG_SENT] Message 2701 sent to HKApp
[2025-08-13 08:08:40.429] [MSG_SENT] Message 2702 sent to TelemetryApp
[2025-08-13 08:08:40.432] [MSG_SENT] Message 2703 sent to FlightLogicApp
[2025-08-13 08:08:41.410] [MSG_SENT] Message 2701 sent to HKApp
[2025-08-13 08:08:41.433] [MSG_SENT] Message 2702 sent to TelemetryApp
[2025-08-13 08:08:41.435] [MSG_SENT] Message 2703 sent to FlightLogicApp
[2025-08-13 08:08:42.412] [MSG_SENT] Message 2701 sent to HKApp
[2025-08-13 08:08:42.436] [MSG_SENT] Message 2702 sent to TelemetryApp
[2025-08-13 08:08:42.437] [MSG_SENT] Message 2703 sent to FlightLogicApp
[2025-08-13 08:08:43.413] [MSG_SENT] Message 2701 sent to HKApp
[2025-08-13 08:08:43.438] [MSG_SENT] Message 2702 sent to TelemetryApp
[2025-08-13 08:08:43.439] [MSG_SENT] Message 2703 sent to FlightLogicApp
[2025-08-13 08:08:44.414] [MSG_SENT] Message 2701 sent to HKApp
[2025-08-13 08:08:44.441] [MSG_SENT] Message 2702 sent to TelemetryApp
[2025-08-13 08:08:44.442] [MSG_SENT] Message 2703 sent to FlightLogicApp
[2025-08-13 08:08:45.415] [MSG_SENT] Message 2701 sent to HKApp
[2025-08-13 08:08:45.443] [MSG_SENT] Message 2702 sent to TelemetryApp
[2025-08-13 08:08:45.444] [MSG_SENT] Message 2703 sent to FlightLogicApp
[2025-08-13 08:08:46.417] [MSG_SENT] Message 2701 sent to HKApp
[2025-08-13 08:08:46.445] [MSG_SENT] Message 2702 sent to TelemetryApp
[2025-08-13 08:08:46.446] [MSG_SENT] Message 2703 sent to FlightLogicApp
[2025-08-13 08:08:47.418] [MSG_SENT] Message 2701 sent to HKApp
[2025-08-13 08:08:47.448] [MSG_SENT] Message 2702 sent to TelemetryApp
[2025-08-13 08:08:47.450] [MSG_SENT] Message 2703 sent to FlightLogicApp
[2025-08-13 08:08:48.420] [MSG_SENT] Message 2701 sent to HKApp
[2025-08-13 08:08:48.451] [MSG_SENT] Message 2702 sent to TelemetryApp
[2025-08-13 08:08:48.453] [MSG_SENT] Message 2703 sent to FlightLogicApp
[2025-08-13 08:08:49.421] [MSG_SENT] Message 2701 sent to HKApp
[2025-08-13 08:08:49.455] [MSG_SENT] Message 2702 sent to TelemetryApp
[2025-08-13 08:08:49.455] [MSG_SENT] Message 2703 sent to FlightLogicApp
[2025-08-13 08:08:50.424] [MSG_SENT] Message 2701 sent to HKApp
[2025-08-13 08:08:50.456] [MSG_SENT] Message 2702 sent to TelemetryApp
[2025-08-13 08:08:50.457] [MSG_SENT] Message 2703 sent to FlightLogicApp
[2025-08-13 08:08:51.425] [MSG_SENT] Message 2701 sent to HKApp
[2025-08-13 08:08:51.458] [MSG_SENT] Message 2702 sent to TelemetryApp
[2025-08-13 08:08:51.459] [MSG_SENT] Message 2703 sent to FlightLogicApp
[2025-08-13 08:08:52.427] [MSG_SENT] Message 2701 sent to HKApp
[2025-08-13 08:08:52.460] [MSG_SENT] Message 2702 sent to TelemetryApp
[2025-08-13 08:08:52.461] [MSG_SENT] Message 2703 sent to FlightLogicApp
[2025-08-13 08:08:53.428] [MSG_SENT] Message 2701 sent to HKApp
[2025-08-13 08:08:53.462] [MSG_SENT] Message 2702 sent to TelemetryApp
[2025-08-13 08:08:53.463] [MSG_SENT] Message 2703 sent to FlightLogicApp
[2025-08-13 08:08:54.429] [MSG_SENT] Message 2701 sent to HKApp
[2025-08-13 08:08:54.465] [MSG_SENT] Message 2702 sent to TelemetryApp
[2025-08-13 08:08:54.466] [MSG_SENT] Message 2703 sent to FlightLogicApp
[2025-08-13 08:08:55.432] [MSG_SENT] Message 2701 sent to HKApp
[2025-08-13 08:08:55.467] [MSG_SENT] Message 2702 sent to TelemetryApp
[2025-08-13 08:08:55.468] [MSG_SENT] Message 2703 sent to FlightLogicApp
[2025-08-13 08:08:56.434] [MSG_SENT] Message 2701 sent to HKApp
[2025-08-13 08:08:56.470] [MSG_SENT] Message 2702 sent to TelemetryApp
[2025-08-13 08:08:56.472] [MSG_SENT] Message 2703 sent to FlightLogicApp
[2025-08-13 08:08:57.435] [MSG_SENT] Message 2701 sent to HKApp
[2025-08-13 08:08:57.473] [MSG_SENT] Message 2702 sent to TelemetryApp
[2025-08-13 08:08:57.474] [MSG_SENT] Message 2703 sent to FlightLogicApp
[2025-08-13 08:08:58.437] [MSG_SENT] Message 2701 sent to HKApp
[2025-08-13 08:08:58.475] [MSG_SENT] Message 2702 sent to TelemetryApp
[2025-08-13 08:08:58.476] [MSG_SENT] Message 2703 sent to FlightLogicApp
[2025-08-13 08:08:59.438] [MSG_SENT] Message 2701 sent to HKApp
[2025-08-13 08:08:59.477] [MSG_SENT] Message 2702 sent to TelemetryApp
[2025-08-13 08:08:59.478] [MSG_SENT] Message 2703 sent to FlightLogicApp
[2025-08-13 08:09:00.439] [MSG_SENT] Message 2701 sent to HKApp
[2025-08-13 08:09:00.479] [MSG_SENT] Message 2702 sent to TelemetryApp
[2025-08-13 08:09:00.480] [MSG_SENT] Message 2703 sent to FlightLogicApp
[2025-08-13 08:09:01.442] [MSG_SENT] Message 2701 sent to HKApp
[2025-08-13 08:09:01.482] [MSG_SENT] Message 2702 sent to TelemetryApp
[2025-08-13 08:09:01.483] [MSG_SENT] Message 2703 sent to FlightLogicApp
[2025-08-13 08:09:02.443] [MSG_SENT] Message 2701 sent to HKApp
[2025-08-13 08:09:02.484] [MSG_SENT] Message 2702 sent to TelemetryApp
[2025-08-13 08:09:02.485] [MSG_SENT] Message 2703 sent to FlightLogicApp
[2025-08-13 08:09:03.445] [MSG_SENT] Message 2701 sent to HKApp
[2025-08-13 08:09:03.486] [MSG_SENT] Message 2702 sent to TelemetryApp
[2025-08-13 08:09:03.487] [MSG_SENT] Message 2703 sent to FlightLogicApp
[2025-08-13 08:09:04.446] [MSG_SENT] Message 2701 sent to HKApp
[2025-08-13 08:09:04.489] [MSG_SENT] Message 2702 sent to TelemetryApp
[2025-08-13 08:09:04.489] [MSG_SENT] Message 2703 sent to FlightLogicApp
[2025-08-13 08:09:05.448] [MSG_SENT] Message 2701 sent to HKApp
[2025-08-13 08:09:05.491] [MSG_SENT] Message 2702 sent to TelemetryApp
[2025-08-13 08:09:05.492] [MSG_SENT] Message 2703 sent to FlightLogicApp
[2025-08-13 08:09:06.449] [MSG_SENT] Message 2701 sent to HKApp
[2025-08-13 08:09:06.494] [MSG_SENT] Message 2702 sent to TelemetryApp
[2025-08-13 08:09:06.496] [MSG_SENT] Message 2703 sent to FlightLogicApp
[2025-08-13 08:09:07.451] [MSG_SENT] Message 2701 sent to HKApp
[2025-08-13 08:09:07.497] [MSG_SENT] Message 2702 sent to TelemetryApp
[2025-08-13 08:09:07.499] [MSG_SENT] Message 2703 sent to FlightLogicApp
[2025-08-13 08:09:08.452] [MSG_SENT] Message 2701 sent to HKApp
[2025-08-13 08:09:08.500] [MSG_SENT] Message 2702 sent to TelemetryApp
[2025-08-13 08:09:08.501] [MSG_SENT] Message 2703 sent to FlightLogicApp
[2025-08-13 08:09:09.454] [MSG_SENT] Message 2701 sent to HKApp
[2025-08-13 08:09:09.503] [MSG_SENT] Message 2702 sent to TelemetryApp
[2025-08-13 08:09:09.504] [MSG_SENT] Message 2703 sent to FlightLogicApp
[2025-08-13 08:09:10.455] [MSG_SENT] Message 2701 sent to HKApp
[2025-08-13 08:09:10.506] [MSG_SENT] Message 2702 sent to TelemetryApp
[2025-08-13 08:09:10.507] [MSG_SENT] Message 2703 sent to FlightLogicApp
[2025-08-13 08:09:11.456] [MSG_SENT] Message 2701 sent to HKApp
[2025-08-13 08:09:11.508] [MSG_SENT] Message 2702 sent to TelemetryApp
[2025-08-13 08:09:11.509] [MSG_SENT] Message 2703 sent to FlightLogicApp
[2025-08-13 08:09:12.458] [MSG_SENT] Message 2701 sent to HKApp
[2025-08-13 08:09:12.511] [MSG_SENT] Message 2702 sent to TelemetryApp
[2025-08-13 08:09:12.512] [MSG_SENT] Message 2703 sent to FlightLogicApp
[2025-08-13 08:09:13.459] [MSG_SENT] Message 2701 sent to HKApp
[2025-08-13 08:09:13.514] [MSG_SENT] Message 2702 sent to TelemetryApp
[2025-08-13 08:09:13.515] [MSG_SENT] Message 2703 sent to FlightLogicApp
[2025-08-13 08:09:14.461] [MSG_SENT] Message 2701 sent to HKApp
[2025-08-13 08:09:14.517] [MSG_SENT] Message 2702 sent to TelemetryApp
[2025-08-13 08:09:14.518] [MSG_SENT] Message 2703 sent to FlightLogicApp
[2025-08-13 08:09:15.463] [MSG_SENT] Message 2701 sent to HKApp
[2025-08-13 08:09:15.520] [MSG_SENT] Message 2702 sent to TelemetryApp
[2025-08-13 08:09:15.521] [MSG_SENT] Message 2703 sent to FlightLogicApp
[2025-08-13 08:09:16.464] [MSG_SENT] Message 2701 sent to HKApp
[2025-08-13 08:09:16.523] [MSG_SENT] Message 2702 sent to TelemetryApp
[2025-08-13 08:09:16.524] [MSG_SENT] Message 2703 sent to FlightLogicApp
[2025-08-13 08:09:17.465] [MSG_SENT] Message 2701 sent to HKApp
[2025-08-13 08:09:17.525] [MSG_SENT] Message 2702 sent to TelemetryApp
[2025-08-13 08:09:17.526] [MSG_SENT] Message 2703 sent to FlightLogicApp
[2025-08-13 08:09:18.467] [MSG_SENT] Message 2701 sent to HKApp
[2025-08-13 08:09:18.527] [MSG_SENT] Message 2702 sent to TelemetryApp
[2025-08-13 08:09:18.528] [MSG_SENT] Message 2703 sent to FlightLogicApp
[2025-08-13 08:09:19.468] [MSG_SENT] Message 2701 sent to HKApp
[2025-08-13 08:09:19.530] [MSG_SENT] Message 2702 sent to TelemetryApp
[2025-08-13 08:09:19.531] [MSG_SENT] Message 2703 sent to FlightLogicApp
[2025-08-13 08:09:20.517] [MSG_SENT] Message 2701 sent to HKApp
[2025-08-13 08:09:20.532] [MSG_SENT] Message 2702 sent to TelemetryApp
[2025-08-13 08:09:20.533] [MSG_SENT] Message 2703 sent to FlightLogicApp
[2025-08-13 08:09:21.519] [MSG_SENT] Message 2701 sent to HKApp
[2025-08-13 08:09:21.535] [MSG_SENT] Message 2702 sent to TelemetryApp
[2025-08-13 08:09:21.536] [MSG_SENT] Message 2703 sent to FlightLogicApp
[2025-08-13 08:09:22.520] [MSG_SENT] Message 2701 sent to HKApp
[2025-08-13 08:09:22.537] [MSG_SENT] Message 2702 sent to TelemetryApp
[2025-08-13 08:09:22.538] [MSG_SENT] Message 2703 sent to FlightLogicApp
[2025-08-13 08:09:23.522] [MSG_SENT] Message 2701 sent to HKApp
[2025-08-13 08:09:23.541] [MSG_SENT] Message 2702 sent to TelemetryApp
[2025-08-13 08:09:23.542] [MSG_SENT] Message 2703 sent to FlightLogicApp
[2025-08-13 08:09:24.523] [MSG_SENT] Message 2701 sent to HKApp
[2025-08-13 08:09:24.543] [MSG_SENT] Message 2702 sent to TelemetryApp
[2025-08-13 08:09:24.544] [MSG_SENT] Message 2703 sent to FlightLogicApp
[2025-08-13 08:09:25.524] [MSG_SENT] Message 2701 sent to HKApp
[2025-08-13 08:09:25.546] [MSG_SENT] Message 2702 sent to TelemetryApp
[2025-08-13 08:09:25.547] [MSG_SENT] Message 2703 sent to FlightLogicApp
[2025-08-13 08:09:26.525] [MSG_SENT] Message 2701 sent to HKApp
[2025-08-13 08:09:26.548] [MSG_SENT] Message 2702 sent to TelemetryApp
[2025-08-13 08:09:26.549] [MSG_SENT] Message 2703 sent to FlightLogicApp
[2025-08-13 08:09:27.527] [MSG_SENT] Message 2701 sent to HKApp
[2025-08-13 08:09:27.550] [MSG_SENT] Message 2702 sent to TelemetryApp
[2025-08-13 08:09:27.551] [MSG_SENT] Message 2703 sent to FlightLogicApp
[2025-08-13 08:09:28.529] [MSG_SENT] Message 2701 sent to HKApp
[2025-08-13 08:09:28.552] [MSG_SENT] Message 2702 sent to TelemetryApp
[2025-08-13 08:09:28.554] [MSG_SENT] Message 2703 sent to FlightLogicApp
[2025-08-13 08:09:29.530] [MSG_SENT] Message 2701 sent to HKApp
[2025-08-13 08:09:29.556] [MSG_SENT] Message 2702 sent to TelemetryApp
[2025-08-13 08:09:29.557] [MSG_SENT] Message 2703 sent to FlightLogicApp
[2025-08-13 08:09:30.532] [MSG_SENT] Message 2701 sent to HKApp
[2025-08-13 08:09:30.558] [MSG_SENT] Message 2702 sent to TelemetryApp
[2025-08-13 08:09:30.560] [MSG_SENT] Message 2703 sent to FlightLogicApp
[2025-08-13 08:09:31.534] [MSG_SENT] Message 2701 sent to HKApp
[2025-08-13 08:09:31.562] [MSG_SENT] Message 2702 sent to TelemetryApp
[2025-08-13 08:09:31.563] [MSG_SENT] Message 2703 sent to FlightLogicApp
[2025-08-13 08:09:32.535] [MSG_SENT] Message 2701 sent to HKApp
[2025-08-13 08:09:32.564] [MSG_SENT] Message 2702 sent to TelemetryApp
[2025-08-13 08:09:32.565] [MSG_SENT] Message 2703 sent to FlightLogicApp
[2025-08-13 08:09:33.537] [MSG_SENT] Message 2701 sent to HKApp
[2025-08-13 08:09:33.566] [MSG_SENT] Message 2702 sent to TelemetryApp
[2025-08-13 08:09:33.568] [MSG_SENT] Message 2703 sent to FlightLogicApp
[2025-08-13 08:09:34.538] [MSG_SENT] Message 2701 sent to HKApp
[2025-08-13 08:09:34.570] [MSG_SENT] Message 2702 sent to TelemetryApp
[2025-08-13 08:09:34.572] [MSG_SENT] Message 2703 sent to FlightLogicApp
[2025-08-13 08:09:35.539] [MSG_SENT] Message 2701 sent to HKApp
[2025-08-13 08:09:35.574] [MSG_SENT] Message 2702 sent to TelemetryApp
[2025-08-13 08:09:35.575] [MSG_SENT] Message 2703 sent to FlightLogicApp
[2025-08-13 08:09:36.541] [MSG_SENT] Message 2701 sent to HKApp
[2025-08-13 08:09:36.578] [MSG_SENT] Message 2702 sent to TelemetryApp
[2025-08-13 08:09:36.579] [MSG_SENT] Message 2703 sent to FlightLogicApp
[2025-08-13 08:09:37.542] [MSG_SENT] Message 2701 sent to HKApp
[2025-08-13 08:09:37.581] [MSG_SENT] Message 2702 sent to TelemetryApp
[2025-08-13 08:09:37.582] [MSG_SENT] Message 2703 sent to FlightLogicApp
[2025-08-13 08:09:38.544] [MSG_SENT] Message 2701 sent to HKApp
[2025-08-13 08:09:38.583] [MSG_SENT] Message 2702 sent to TelemetryApp
[2025-08-13 08:09:38.584] [MSG_SENT] Message 2703 sent to FlightLogicApp
[2025-08-13 08:09:39.545] [MSG_SENT] Message 2701 sent to HKApp
[2025-08-13 08:09:39.585] [MSG_SENT] Message 2702 sent to TelemetryApp
[2025-08-13 08:09:39.586] [MSG_SENT] Message 2703 sent to FlightLogicApp
[2025-08-13 08:09:40.546] [MSG_SENT] Message 2701 sent to HKApp
[2025-08-13 08:09:40.587] [MSG_SENT] Message 2702 sent to TelemetryApp
[2025-08-13 08:09:40.588] [MSG_SENT] Message 2703 sent to FlightLogicApp
[2025-08-13 08:09:41.547] [MSG_SENT] Message 2701 sent to HKApp
[2025-08-13 08:09:41.591] [MSG_SENT] Message 2702 sent to TelemetryApp
[2025-08-13 08:09:41.594] [MSG_SENT] Message 2703 sent to FlightLogicApp
[2025-08-13 08:09:42.549] [MSG_SENT] Message 2701 sent to HKApp
[2025-08-13 08:09:42.597] [MSG_SENT] Message 2702 sent to TelemetryApp
[2025-08-13 08:09:42.598] [MSG_SENT] Message 2703 sent to FlightLogicApp
[2025-08-13 08:09:43.551] [MSG_SENT] Message 2701 sent to HKApp
[2025-08-13 08:09:43.600] [MSG_SENT] Message 2702 sent to TelemetryApp
[2025-08-13 08:09:43.601] [MSG_SENT] Message 2703 sent to FlightLogicApp
[2025-08-13 08:09:44.553] [MSG_SENT] Message 2701 sent to HKApp
[2025-08-13 08:09:44.602] [MSG_SENT] Message 2702 sent to TelemetryApp
[2025-08-13 08:09:44.603] [MSG_SENT] Message 2703 sent to FlightLogicApp
[2025-08-13 08:09:45.554] [MSG_SENT] Message 2701 sent to HKApp
[2025-08-13 08:09:45.604] [MSG_SENT] Message 2702 sent to TelemetryApp
[2025-08-13 08:09:45.606] [MSG_SENT] Message 2703 sent to FlightLogicApp
[2025-08-13 08:09:46.555] [MSG_SENT] Message 2701 sent to HKApp
[2025-08-13 08:09:46.607] [MSG_SENT] Message 2702 sent to TelemetryApp
[2025-08-13 08:09:46.608] [MSG_SENT] Message 2703 sent to FlightLogicApp
[2025-08-13 08:09:47.557] [MSG_SENT] Message 2701 sent to HKApp
[2025-08-13 08:09:47.609] [MSG_SENT] Message 2702 sent to TelemetryApp
[2025-08-13 08:09:47.610] [MSG_SENT] Message 2703 sent to FlightLogicApp
[2025-08-13 08:09:48.559] [MSG_SENT] Message 2701 sent to HKApp
[2025-08-13 08:09:48.612] [MSG_SENT] Message 2702 sent to TelemetryApp
[2025-08-13 08:09:48.613] [MSG_SENT] Message 2703 sent to FlightLogicApp
[2025-08-13 08:09:49.561] [MSG_SENT] Message 2701 sent to HKApp
[2025-08-13 08:09:49.614] [MSG_SENT] Message 2702 sent to TelemetryApp
[2025-08-13 08:09:49.615] [MSG_SENT] Message 2703 sent to FlightLogicApp
[2025-08-13 08:09:50.562] [MSG_SENT] Message 2701 sent to HKApp
[2025-08-13 08:09:50.616] [MSG_SENT] Message 2702 sent to TelemetryApp
[2025-08-13 08:09:50.617] [MSG_SENT] Message 2703 sent to FlightLogicApp
[2025-08-13 08:09:51.563] [MSG_SENT] Message 2701 sent to HKApp
[2025-08-13 08:09:51.619] [MSG_SENT] Message 2702 sent to TelemetryApp
[2025-08-13 08:09:51.620] [MSG_SENT] Message 2703 sent to FlightLogicApp
[2025-08-13 08:09:52.564] [MSG_SENT] Message 2701 sent to HKApp
[2025-08-13 08:09:52.621] [MSG_SENT] Message 2702 sent to TelemetryApp
[2025-08-13 08:09:52.622] [MSG_SENT] Message 2703 sent to FlightLogicApp
[2025-08-13 08:09:53.566] [MSG_SENT] Message 2701 sent to HKApp
[2025-08-13 08:09:53.624] [MSG_SENT] Message 2702 sent to TelemetryApp
[2025-08-13 08:09:53.624] [MSG_SENT] Message 2703 sent to FlightLogicApp
[2025-08-13 08:09:54.568] [MSG_SENT] Message 2701 sent to HKApp
[2025-08-13 08:09:54.627] [MSG_SENT] Message 2702 sent to TelemetryApp
[2025-08-13 08:09:54.627] [MSG_SENT] Message 2703 sent to FlightLogicApp
[2025-08-13 08:09:55.568] [MSG_SENT] Message 2701 sent to HKApp
[2025-08-13 08:09:55.629] [MSG_SENT] Message 2702 sent to TelemetryApp
[2025-08-13 08:09:55.629] [MSG_SENT] Message 2703 sent to FlightLogicApp
[2025-08-13 08:09:56.570] [MSG_SENT] Message 2701 sent to HKApp
[2025-08-13 08:09:56.631] [MSG_SENT] Message 2702 sent to TelemetryApp
[2025-08-13 08:09:56.632] [MSG_SENT] Message 2703 sent to FlightLogicApp
[2025-08-13 08:09:57.571] [MSG_SENT] Message 2701 sent to HKApp
[2025-08-13 08:09:57.633] [MSG_SENT] Message 2702 sent to TelemetryApp
[2025-08-13 08:09:57.634] [MSG_SENT] Message 2703 sent to FlightLogicApp
[2025-08-13 08:09:58.572] [MSG_SENT] Message 2701 sent to HKApp
[2025-08-13 08:09:58.636] [MSG_SENT] Message 2702 sent to TelemetryApp
[2025-08-13 08:09:58.636] [MSG_SENT] Message 2703 sent to FlightLogicApp
[2025-08-13 08:09:59.574] [MSG_SENT] Message 2701 sent to HKApp
[2025-08-13 08:09:59.637] [MSG_SENT] Message 2702 sent to TelemetryApp
[2025-08-13 08:09:59.638] [MSG_SENT] Message 2703 sent to FlightLogicApp
[2025-08-13 08:10:00.575] [MSG_SENT] Message 2701 sent to HKApp
[2025-08-13 08:10:00.640] [MSG_SENT] Message 2702 sent to TelemetryApp
[2025-08-13 08:10:00.642] [MSG_SENT] Message 2703 sent to FlightLogicApp
[2025-08-13 08:10:01.576] [MSG_SENT] Message 2701 sent to HKApp
[2025-08-13 08:10:01.643] [MSG_SENT] Message 2702 sent to TelemetryApp
[2025-08-13 08:10:01.644] [MSG_SENT] Message 2703 sent to FlightLogicApp
[2025-08-13 08:10:02.578] [MSG_SENT] Message 2701 sent to HKApp
[2025-08-13 08:10:02.646] [MSG_SENT] Message 2702 sent to TelemetryApp
[2025-08-13 08:10:02.647] [MSG_SENT] Message 2703 sent to FlightLogicApp
[2025-08-13 08:10:03.579] [MSG_SENT] Message 2701 sent to HKApp
[2025-08-13 08:10:03.648] [MSG_SENT] Message 2702 sent to TelemetryApp
[2025-08-13 08:10:03.650] [MSG_SENT] Message 2703 sent to FlightLogicApp
[2025-08-13 08:10:04.580] [MSG_SENT] Message 2701 sent to HKApp
[2025-08-13 08:10:04.652] [MSG_SENT] Message 2702 sent to TelemetryApp
[2025-08-13 08:10:04.652] [MSG_SENT] Message 2703 sent to FlightLogicApp
[2025-08-13 08:10:05.582] [MSG_SENT] Message 2701 sent to HKApp
[2025-08-13 08:10:05.654] [MSG_SENT] Message 2702 sent to TelemetryApp
[2025-08-13 08:10:05.656] [MSG_SENT] Message 2703 sent to FlightLogicApp
[2025-08-13 08:10:06.586] [MSG_SENT] Message 2701 sent to HKApp
[2025-08-13 08:10:06.658] [MSG_SENT] Message 2702 sent to TelemetryApp
[2025-08-13 08:10:06.658] [MSG_SENT] Message 2703 sent to FlightLogicApp
[2025-08-13 08:10:07.587] [MSG_SENT] Message 2701 sent to HKApp
[2025-08-13 08:10:07.660] [MSG_SENT] Message 2702 sent to TelemetryApp
[2025-08-13 08:10:07.661] [MSG_SENT] Message 2703 sent to FlightLogicApp
[2025-08-13 08:10:08.588] [MSG_SENT] Message 2701 sent to HKApp
[2025-08-13 08:10:08.662] [MSG_SENT] Message 2702 sent to TelemetryApp
[2025-08-13 08:10:08.663] [MSG_SENT] Message 2703 sent to FlightLogicApp
[2025-08-13 08:10:09.590] [MSG_SENT] Message 2701 sent to HKApp
[2025-08-13 08:10:09.665] [MSG_SENT] Message 2702 sent to TelemetryApp
[2025-08-13 08:10:09.666] [MSG_SENT] Message 2703 sent to FlightLogicApp
[2025-08-13 08:10:10.591] [MSG_SENT] Message 2701 sent to HKApp
[2025-08-13 08:10:10.667] [MSG_SENT] Message 2702 sent to TelemetryApp
[2025-08-13 08:10:10.668] [MSG_SENT] Message 2703 sent to FlightLogicApp
[2025-08-13 08:10:11.593] [MSG_SENT] Message 2701 sent to HKApp
[2025-08-13 08:10:11.670] [MSG_SENT] Message 2702 sent to TelemetryApp
[2025-08-13 08:10:11.672] [MSG_SENT] Message 2703 sent to FlightLogicApp
[2025-08-13 08:10:12.594] [MSG_SENT] Message 2701 sent to HKApp
[2025-08-13 08:10:12.674] [MSG_SENT] Message 2702 sent to TelemetryApp
[2025-08-13 08:10:12.675] [MSG_SENT] Message 2703 sent to FlightLogicApp
[2025-08-13 08:10:13.595] [MSG_SENT] Message 2701 sent to HKApp
[2025-08-13 08:10:13.676] [MSG_SENT] Message 2702 sent to TelemetryApp
[2025-08-13 08:10:13.677] [MSG_SENT] Message 2703 sent to FlightLogicApp
[2025-08-13 08:10:14.597] [MSG_SENT] Message 2701 sent to HKApp
[2025-08-13 08:10:14.679] [MSG_SENT] Message 2702 sent to TelemetryApp
[2025-08-13 08:10:14.680] [MSG_SENT] Message 2703 sent to FlightLogicApp
[2025-08-13 08:10:15.598] [MSG_SENT] Message 2701 sent to HKApp
[2025-08-13 08:10:15.681] [MSG_SENT] Message 2702 sent to TelemetryApp
[2025-08-13 08:10:15.682] [MSG_SENT] Message 2703 sent to FlightLogicApp
[2025-08-13 08:10:16.599] [MSG_SENT] Message 2701 sent to HKApp
[2025-08-13 08:10:16.683] [MSG_SENT] Message 2702 sent to TelemetryApp
[2025-08-13 08:10:16.685] [MSG_SENT] Message 2703 sent to FlightLogicApp
[2025-08-13 08:10:17.601] [MSG_SENT] Message 2701 sent to HKApp
[2025-08-13 08:10:17.687] [MSG_SENT] Message 2702 sent to TelemetryApp
[2025-08-13 08:10:17.687] [MSG_SENT] Message 2703 sent to FlightLogicApp
[2025-08-13 08:10:18.602] [MSG_SENT] Message 2701 sent to HKApp
[2025-08-13 08:10:18.690] [MSG_SENT] Message 2702 sent to TelemetryApp
[2025-08-13 08:10:18.691] [MSG_SENT] Message 2703 sent to FlightLogicApp
[2025-08-13 08:10:19.603] [MSG_SENT] Message 2701 sent to HKApp
[2025-08-13 08:10:19.692] [MSG_SENT] Message 2702 sent to TelemetryApp
[2025-08-13 08:10:19.693] [MSG_SENT] Message 2703 sent to FlightLogicApp
[2025-08-13 08:10:20.605] [MSG_SENT] Message 2701 sent to HKApp
[2025-08-13 08:10:20.694] [MSG_SENT] Message 2702 sent to TelemetryApp
[2025-08-13 08:10:20.694] [MSG_SENT] Message 2703 sent to FlightLogicApp
[2025-08-13 08:10:21.606] [MSG_SENT] Message 2701 sent to HKApp
[2025-08-13 08:10:21.695] [MSG_SENT] Message 2702 sent to TelemetryApp
[2025-08-13 08:10:21.696] [MSG_SENT] Message 2703 sent to FlightLogicApp
[2025-08-13 08:10:22.607] [MSG_SENT] Message 2701 sent to HKApp
[2025-08-13 08:10:22.698] [MSG_SENT] Message 2702 sent to TelemetryApp
[2025-08-13 08:10:22.699] [MSG_SENT] Message 2703 sent to FlightLogicApp
[2025-08-13 08:10:23.608] [MSG_SENT] Message 2701 sent to HKApp
[2025-08-13 08:10:23.700] [MSG_SENT] Message 2702 sent to TelemetryApp
[2025-08-13 08:10:23.701] [MSG_SENT] Message 2703 sent to FlightLogicApp
[2025-08-13 08:10:24.611] [MSG_SENT] Message 2701 sent to HKApp
[2025-08-13 08:10:24.703] [MSG_SENT] Message 2702 sent to TelemetryApp
[2025-08-13 08:10:24.704] [MSG_SENT] Message 2703 sent to FlightLogicApp
[2025-08-13 08:10:25.612] [MSG_SENT] Message 2701 sent to HKApp
[2025-08-13 08:10:25.705] [MSG_SENT] Message 2702 sent to TelemetryApp
[2025-08-13 08:10:25.706] [MSG_SENT] Message 2703 sent to FlightLogicApp
[2025-08-13 08:10:26.616] [MSG_SENT] Message 2701 sent to HKApp
[2025-08-13 08:10:26.708] [MSG_SENT] Message 2702 sent to TelemetryApp
[2025-08-13 08:10:26.708] [MSG_SENT] Message 2703 sent to FlightLogicApp
[2025-08-13 08:10:27.617] [MSG_SENT] Message 2701 sent to HKApp
[2025-08-13 08:10:27.709] [MSG_SENT] Message 2702 sent to TelemetryApp
[2025-08-13 08:10:27.711] [MSG_SENT] Message 2703 sent to FlightLogicApp
[2025-08-13 08:10:28.619] [MSG_SENT] Message 2701 sent to HKApp
[2025-08-13 08:10:28.712] [MSG_SENT] Message 2702 sent to TelemetryApp
[2025-08-13 08:10:28.713] [MSG_SENT] Message 2703 sent to FlightLogicApp
[2025-08-13 08:10:29.622] [MSG_SENT] Message 2701 sent to HKApp
[2025-08-13 08:10:29.715] [MSG_SENT] Message 2702 sent to TelemetryApp
[2025-08-13 08:10:29.716] [MSG_SENT] Message 2703 sent to FlightLogicApp
[2025-08-13 08:10:30.623] [MSG_SENT] Message 2701 sent to HKApp
[2025-08-13 08:10:30.717] [MSG_SENT] Message 2702 sent to TelemetryApp
[2025-08-13 08:10:30.718] [MSG_SENT] Message 2703 sent to FlightLogicApp
[2025-08-13 08:10:31.624] [MSG_SENT] Message 2701 sent to HKApp
[2025-08-13 08:10:31.719] [MSG_SENT] Message 2702 sent to TelemetryApp
[2025-08-13 08:10:31.721] [MSG_SENT] Message 2703 sent to FlightLogicApp
[2025-08-13 08:10:32.626] [MSG_SENT] Message 2701 sent to HKApp
[2025-08-13 08:10:32.723] [MSG_SENT] Message 2702 sent to TelemetryApp
[2025-08-13 08:10:32.724] [MSG_SENT] Message 2703 sent to FlightLogicApp
[2025-08-13 08:10:33.627] [MSG_SENT] Message 2701 sent to HKApp
[2025-08-13 08:10:33.726] [MSG_SENT] Message 2702 sent to TelemetryApp
[2025-08-13 08:10:33.728] [MSG_SENT] Message 2703 sent to FlightLogicApp
[2025-08-13 08:10:34.629] [MSG_SENT] Message 2701 sent to HKApp
[2025-08-13 08:10:34.730] [MSG_SENT] Message 2702 sent to TelemetryApp
[2025-08-13 08:10:34.731] [MSG_SENT] Message 2703 sent to FlightLogicApp
[2025-08-13 08:10:35.630] [MSG_SENT] Message 2701 sent to HKApp
[2025-08-13 08:10:35.732] [MSG_SENT] Message 2702 sent to TelemetryApp
[2025-08-13 08:10:35.733] [MSG_SENT] Message 2703 sent to FlightLogicApp
[2025-08-13 08:10:36.632] [MSG_SENT] Message 2701 sent to HKApp
[2025-08-13 08:10:36.735] [MSG_SENT] Message 2702 sent to TelemetryApp
[2025-08-13 08:10:36.736] [MSG_SENT] Message 2703 sent to FlightLogicApp
[2025-08-13 08:10:37.633] [MSG_SENT] Message 2701 sent to HKApp
[2025-08-13 08:10:37.738] [MSG_SENT] Message 2702 sent to TelemetryApp
[2025-08-13 08:10:37.739] [MSG_SENT] Message 2703 sent to FlightLogicApp
[2025-08-13 08:10:38.634] [MSG_SENT] Message 2701 sent to HKApp
[2025-08-13 08:10:38.741] [MSG_SENT] Message 2702 sent to TelemetryApp
[2025-08-13 08:10:38.742] [MSG_SENT] Message 2703 sent to FlightLogicApp
[2025-08-13 08:10:39.635] [MSG_SENT] Message 2701 sent to HKApp
[2025-08-13 08:10:39.743] [MSG_SENT] Message 2702 sent to TelemetryApp
[2025-08-13 08:10:39.745] [MSG_SENT] Message 2703 sent to FlightLogicApp
[2025-08-13 08:10:40.637] [MSG_SENT] Message 2701 sent to HKApp
[2025-08-13 08:10:40.747] [MSG_SENT] Message 2702 sent to TelemetryApp
[2025-08-13 08:10:40.748] [MSG_SENT] Message 2703 sent to FlightLogicApp
[2025-08-13 08:10:41.639] [MSG_SENT] Message 2701 sent to HKApp
[2025-08-13 08:10:41.749] [MSG_SENT] Message 2702 sent to TelemetryApp
[2025-08-13 08:10:41.750] [MSG_SENT] Message 2703 sent to FlightLogicApp
[2025-08-13 08:10:42.640] [MSG_SENT] Message 2701 sent to HKApp
[2025-08-13 08:10:42.752] [MSG_SENT] Message 2702 sent to TelemetryApp
[2025-08-13 08:10:42.753] [MSG_SENT] Message 2703 sent to FlightLogicApp
[2025-08-13 08:10:43.641] [MSG_SENT] Message 2701 sent to HKApp
[2025-08-13 08:10:43.755] [MSG_SENT] Message 2702 sent to TelemetryApp
[2025-08-13 08:10:43.755] [MSG_SENT] Message 2703 sent to FlightLogicApp
[2025-08-13 08:10:44.643] [MSG_SENT] Message 2701 sent to HKApp
[2025-08-13 08:10:44.757] [MSG_SENT] Message 2702 sent to TelemetryApp
[2025-08-13 08:10:44.758] [MSG_SENT] Message 2703 sent to FlightLogicApp
[2025-08-13 08:10:45.644] [MSG_SENT] Message 2701 sent to HKApp
[2025-08-13 08:10:45.760] [MSG_SENT] Message 2702 sent to TelemetryApp
[2025-08-13 08:10:45.761] [MSG_SENT] Message 2703 sent to FlightLogicApp
[2025-08-13 08:10:46.646] [MSG_SENT] Message 2701 sent to HKApp
[2025-08-13 08:10:46.762] [MSG_SENT] Message 2702 sent to TelemetryApp
[2025-08-13 08:10:46.764] [MSG_SENT] Message 2703 sent to FlightLogicApp
[2025-08-13 08:10:47.648] [MSG_SENT] Message 2701 sent to HKApp
[2025-08-13 08:10:47.766] [MSG_SENT] Message 2702 sent to TelemetryApp
[2025-08-13 08:10:47.767] [MSG_SENT] Message 2703 sent to FlightLogicApp
[2025-08-13 08:10:48.649] [MSG_SENT] Message 2701 sent to HKApp
[2025-08-13 08:10:48.769] [MSG_SENT] Message 2702 sent to TelemetryApp
[2025-08-13 08:10:48.769] [MSG_SENT] Message 2703 sent to FlightLogicApp
[2025-08-13 08:10:49.651] [MSG_SENT] Message 2701 sent to HKApp
[2025-08-13 08:10:49.771] [MSG_SENT] Message 2702 sent to TelemetryApp
[2025-08-13 08:10:49.772] [MSG_SENT] Message 2703 sent to FlightLogicApp
[2025-08-13 08:10:50.652] [MSG_SENT] Message 2701 sent to HKApp
[2025-08-13 08:10:50.773] [MSG_SENT] Message 2702 sent to TelemetryApp
[2025-08-13 08:10:50.774] [MSG_SENT] Message 2703 sent to FlightLogicApp
[2025-08-13 08:10:51.653] [MSG_SENT] Message 2701 sent to HKApp
[2025-08-13 08:10:51.776] [MSG_SENT] Message 2702 sent to TelemetryApp
[2025-08-13 08:10:51.777] [MSG_SENT] Message 2703 sent to FlightLogicApp
[2025-08-13 08:10:52.656] [MSG_SENT] Message 2701 sent to HKApp
[2025-08-13 08:10:52.778] [MSG_SENT] Message 2702 sent to TelemetryApp
[2025-08-13 08:10:52.779] [MSG_SENT] Message 2703 sent to FlightLogicApp
[2025-08-13 08:10:53.657] [MSG_SENT] Message 2701 sent to HKApp
[2025-08-13 08:10:53.781] [MSG_SENT] Message 2702 sent to TelemetryApp
[2025-08-13 08:10:53.783] [MSG_SENT] Message 2703 sent to FlightLogicApp
[2025-08-13 08:10:54.660] [MSG_SENT] Message 2701 sent to HKApp
[2025-08-13 08:10:54.784] [MSG_SENT] Message 2702 sent to TelemetryApp
[2025-08-13 08:10:54.785] [MSG_SENT] Message 2703 sent to FlightLogicApp
[2025-08-13 08:10:55.662] [MSG_SENT] Message 2701 sent to HKApp
[2025-08-13 08:10:55.787] [MSG_SENT] Message 2702 sent to TelemetryApp
[2025-08-13 08:10:55.788] [MSG_SENT] Message 2703 sent to FlightLogicApp
[2025-08-13 08:10:56.663] [MSG_SENT] Message 2701 sent to HKApp
[2025-08-13 08:10:56.789] [MSG_SENT] Message 2702 sent to TelemetryApp
[2025-08-13 08:10:56.790] [MSG_SENT] Message 2703 sent to FlightLogicApp
[2025-08-13 08:10:57.664] [MSG_SENT] Message 2701 sent to HKApp
[2025-08-13 08:10:57.791] [MSG_SENT] Message 2702 sent to TelemetryApp
[2025-08-13 08:10:57.792] [MSG_SENT] Message 2703 sent to FlightLogicApp
[2025-08-13 08:10:58.665] [MSG_SENT] Message 2701 sent to HKApp
[2025-08-13 08:10:58.794] [MSG_SENT] Message 2702 sent to TelemetryApp
[2025-08-13 08:10:58.795] [MSG_SENT] Message 2703 sent to FlightLogicApp
[2025-08-13 08:10:59.666] [MSG_SENT] Message 2701 sent to HKApp
[2025-08-13 08:10:59.797] [MSG_SENT] Message 2702 sent to TelemetryApp
[2025-08-13 08:10:59.797] [MSG_SENT] Message 2703 sent to FlightLogicApp
[2025-08-13 08:11:00.668] [MSG_SENT] Message 2701 sent to HKApp
[2025-08-13 08:11:00.799] [MSG_SENT] Message 2702 sent to TelemetryApp
[2025-08-13 08:11:00.800] [MSG_SENT] Message 2703 sent to FlightLogicApp
[2025-08-13 08:11:01.669] [MSG_SENT] Message 2701 sent to HKApp
[2025-08-13 08:11:01.802] [MSG_SENT] Message 2702 sent to TelemetryApp
[2025-08-13 08:11:01.802] [MSG_SENT] Message 2703 sent to FlightLogicApp
[2025-08-13 08:11:02.670] [MSG_SENT] Message 2701 sent to HKApp
[2025-08-13 08:11:02.804] [MSG_SENT] Message 2702 sent to TelemetryApp
[2025-08-13 08:11:02.804] [MSG_SENT] Message 2703 sent to FlightLogicApp
[2025-08-13 08:11:03.671] [MSG_SENT] Message 2701 sent to HKApp
[2025-08-13 08:11:03.806] [MSG_SENT] Message 2702 sent to TelemetryApp
[2025-08-13 08:11:03.807] [MSG_SENT] Message 2703 sent to FlightLogicApp
[2025-08-13 08:11:04.672] [MSG_SENT] Message 2701 sent to HKApp
[2025-08-13 08:11:04.808] [MSG_SENT] Message 2702 sent to TelemetryApp
[2025-08-13 08:11:04.809] [MSG_SENT] Message 2703 sent to FlightLogicApp
[2025-08-13 08:11:05.674] [MSG_SENT] Message 2701 sent to HKApp
[2025-08-13 08:11:05.810] [MSG_SENT] Message 2702 sent to TelemetryApp
[2025-08-13 08:11:05.812] [MSG_SENT] Message 2703 sent to FlightLogicApp
[2025-08-13 08:11:06.675] [MSG_SENT] Message 2701 sent to HKApp
[2025-08-13 08:11:06.814] [MSG_SENT] Message 2702 sent to TelemetryApp
[2025-08-13 08:11:06.815] [MSG_SENT] Message 2703 sent to FlightLogicApp
[2025-08-13 08:11:07.677] [MSG_SENT] Message 2701 sent to HKApp
[2025-08-13 08:11:07.816] [MSG_SENT] Message 2702 sent to TelemetryApp
[2025-08-13 08:11:07.817] [MSG_SENT] Message 2703 sent to FlightLogicApp
[2025-08-13 08:11:08.678] [MSG_SENT] Message 2701 sent to HKApp
[2025-08-13 08:11:08.819] [MSG_SENT] Message 2702 sent to TelemetryApp
[2025-08-13 08:11:08.820] [MSG_SENT] Message 2703 sent to FlightLogicApp
[2025-08-13 08:11:09.679] [MSG_SENT] Message 2701 sent to HKApp
[2025-08-13 08:11:09.822] [MSG_SENT] Message 2702 sent to TelemetryApp
[2025-08-13 08:11:09.823] [MSG_SENT] Message 2703 sent to FlightLogicApp
[2025-08-13 08:11:10.681] [MSG_SENT] Message 2701 sent to HKApp
[2025-08-13 08:11:10.824] [MSG_SENT] Message 2702 sent to TelemetryApp
[2025-08-13 08:11:10.825] [MSG_SENT] Message 2703 sent to FlightLogicApp
[2025-08-13 08:11:11.682] [MSG_SENT] Message 2701 sent to HKApp
[2025-08-13 08:11:11.826] [MSG_SENT] Message 2702 sent to TelemetryApp
[2025-08-13 08:11:11.827] [MSG_SENT] Message 2703 sent to FlightLogicApp
[2025-08-13 08:11:12.683] [MSG_SENT] Message 2701 sent to HKApp
[2025-08-13 08:11:12.830] [MSG_SENT] Message 2702 sent to TelemetryApp
[2025-08-13 08:11:12.831] [MSG_SENT] Message 2703 sent to FlightLogicApp
[2025-08-13 08:11:13.685] [MSG_SENT] Message 2701 sent to HKApp
[2025-08-13 08:11:13.833] [MSG_SENT] Message 2702 sent to TelemetryApp
[2025-08-13 08:11:13.834] [MSG_SENT] Message 2703 sent to FlightLogicApp
[2025-08-13 08:11:14.687] [MSG_SENT] Message 2701 sent to HKApp
[2025-08-13 08:11:14.835] [MSG_SENT] Message 2702 sent to TelemetryApp
[2025-08-13 08:11:14.837] [MSG_SENT] Message 2703 sent to FlightLogicApp
[2025-08-13 08:11:15.689] [MSG_SENT] Message 2701 sent to HKApp
[2025-08-13 08:11:15.839] [MSG_SENT] Message 2702 sent to TelemetryApp
[2025-08-13 08:11:15.839] [MSG_SENT] Message 2703 sent to FlightLogicApp
[2025-08-13 08:11:16.690] [MSG_SENT] Message 2701 sent to HKApp
[2025-08-13 08:11:16.841] [MSG_SENT] Message 2702 sent to TelemetryApp
[2025-08-13 08:11:16.842] [MSG_SENT] Message 2703 sent to FlightLogicApp
[2025-08-13 08:11:17.691] [MSG_SENT] Message 2701 sent to HKApp
[2025-08-13 08:11:17.843] [MSG_SENT] Message 2702 sent to TelemetryApp
[2025-08-13 08:11:17.844] [MSG_SENT] Message 2703 sent to FlightLogicApp
[2025-08-13 08:11:18.692] [MSG_SENT] Message 2701 sent to HKApp
[2025-08-13 08:11:18.845] [MSG_SENT] Message 2702 sent to TelemetryApp
[2025-08-13 08:11:18.846] [MSG_SENT] Message 2703 sent to FlightLogicApp
[2025-08-13 08:11:19.693] [MSG_SENT] Message 2701 sent to HKApp
[2025-08-13 08:11:19.847] [MSG_SENT] Message 2702 sent to TelemetryApp
[2025-08-13 08:11:19.848] [MSG_SENT] Message 2703 sent to FlightLogicApp
[2025-08-13 08:11:20.695] [MSG_SENT] Message 2701 sent to HKApp
[2025-08-13 08:11:20.850] [MSG_SENT] Message 2702 sent to TelemetryApp
[2025-08-13 08:11:20.851] [MSG_SENT] Message 2703 sent to FlightLogicApp
[2025-08-13 08:11:21.696] [MSG_SENT] Message 2701 sent to HKApp
[2025-08-13 08:11:21.852] [MSG_SENT] Message 2702 sent to TelemetryApp
[2025-08-13 08:11:21.853] [MSG_SENT] Message 2703 sent to FlightLogicApp
[2025-08-13 08:11:22.697] [MSG_SENT] Message 2701 sent to HKApp
[2025-08-13 08:11:22.854] [MSG_SENT] Message 2702 sent to TelemetryApp
[2025-08-13 08:11:22.855] [MSG_SENT] Message 2703 sent to FlightLogicApp
[2025-08-13 08:11:23.702] [MSG_SENT] Message 2701 sent to HKApp
[2025-08-13 08:11:23.857] [MSG_SENT] Message 2702 sent to TelemetryApp
[2025-08-13 08:11:23.858] [MSG_SENT] Message 2703 sent to FlightLogicApp
[2025-08-13 08:11:24.704] [MSG_SENT] Message 2701 sent to HKApp
[2025-08-13 08:11:24.859] [MSG_SENT] Message 2702 sent to TelemetryApp
[2025-08-13 08:11:24.860] [MSG_SENT] Message 2703 sent to FlightLogicApp
[2025-08-13 08:11:25.706] [MSG_SENT] Message 2701 sent to HKApp
[2025-08-13 08:11:25.861] [MSG_SENT] Message 2702 sent to TelemetryApp
[2025-08-13 08:11:25.863] [MSG_SENT] Message 2703 sent to FlightLogicApp
[2025-08-13 08:11:26.707] [MSG_SENT] Message 2701 sent to HKApp
[2025-08-13 08:11:26.864] [MSG_SENT] Message 2702 sent to TelemetryApp
[2025-08-13 08:11:26.865] [MSG_SENT] Message 2703 sent to FlightLogicApp
[2025-08-13 08:11:27.708] [MSG_SENT] Message 2701 sent to HKApp
[2025-08-13 08:11:27.867] [MSG_SENT] Message 2702 sent to TelemetryApp
[2025-08-13 08:11:27.868] [MSG_SENT] Message 2703 sent to FlightLogicApp
[2025-08-13 08:11:28.710] [MSG_SENT] Message 2701 sent to HKApp
[2025-08-13 08:11:28.869] [MSG_SENT] Message 2702 sent to TelemetryApp
[2025-08-13 08:11:28.870] [MSG_SENT] Message 2703 sent to FlightLogicApp
[2025-08-13 08:11:29.710] [MSG_SENT] Message 2701 sent to HKApp
[2025-08-13 08:11:29.871] [MSG_SENT] Message 2702 sent to TelemetryApp
[2025-08-13 08:11:29.872] [MSG_SENT] Message 2703 sent to FlightLogicApp
[2025-08-13 08:11:30.712] [MSG_SENT] Message 2701 sent to HKApp
[2025-08-13 08:11:30.874] [MSG_SENT] Message 2702 sent to TelemetryApp
[2025-08-13 08:11:30.875] [MSG_SENT] Message 2703 sent to FlightLogicApp
[2025-08-13 08:11:31.713] [MSG_SENT] Message 2701 sent to HKApp
[2025-08-13 08:11:31.877] [MSG_SENT] Message 2702 sent to TelemetryApp
[2025-08-13 08:11:31.877] [MSG_SENT] Message 2703 sent to FlightLogicApp
[2025-08-13 08:11:32.714] [MSG_SENT] Message 2701 sent to HKApp
[2025-08-13 08:11:32.879] [MSG_SENT] Message 2702 sent to TelemetryApp
[2025-08-13 08:11:32.879] [MSG_SENT] Message 2703 sent to FlightLogicApp
[2025-08-13 08:11:33.716] [MSG_SENT] Message 2701 sent to HKApp
[2025-08-13 08:11:33.881] [MSG_SENT] Message 2702 sent to TelemetryApp
[2025-08-13 08:11:33.881] [MSG_SENT] Message 2703 sent to FlightLogicApp
[2025-08-13 08:11:34.717] [MSG_SENT] Message 2701 sent to HKApp
[2025-08-13 08:11:34.883] [MSG_SENT] Message 2702 sent to TelemetryApp
[2025-08-13 08:11:34.884] [MSG_SENT] Message 2703 sent to FlightLogicApp
[2025-08-13 08:11:35.718] [MSG_SENT] Message 2701 sent to HKApp
[2025-08-13 08:11:35.885] [MSG_SENT] Message 2702 sent to TelemetryApp
[2025-08-13 08:11:35.886] [MSG_SENT] Message 2703 sent to FlightLogicApp
[2025-08-13 08:11:36.720] [MSG_SENT] Message 2701 sent to HKApp
[2025-08-13 08:11:36.887] [MSG_SENT] Message 2702 sent to TelemetryApp
[2025-08-13 08:11:36.890] [MSG_SENT] Message 2703 sent to FlightLogicApp
[2025-08-13 08:11:37.721] [MSG_SENT] Message 2701 sent to HKApp
[2025-08-13 08:11:37.891] [MSG_SENT] Message 2702 sent to TelemetryApp
[2025-08-13 08:11:37.892] [MSG_SENT] Message 2703 sent to FlightLogicApp
[2025-08-13 08:11:38.723] [MSG_SENT] Message 2701 sent to HKApp
[2025-08-13 08:11:38.893] [MSG_SENT] Message 2702 sent to TelemetryApp
[2025-08-13 08:11:38.894] [MSG_SENT] Message 2703 sent to FlightLogicApp
[2025-08-13 08:11:39.724] [MSG_SENT] Message 2701 sent to HKApp
[2025-08-13 08:11:39.895] [MSG_SENT] Message 2702 sent to TelemetryApp
[2025-08-13 08:11:39.896] [MSG_SENT] Message 2703 sent to FlightLogicApp
[2025-08-13 08:11:40.725] [MSG_SENT] Message 2701 sent to HKApp
[2025-08-13 08:11:40.898] [MSG_SENT] Message 2702 sent to TelemetryApp
[2025-08-13 08:11:40.900] [MSG_SENT] Message 2703 sent to FlightLogicApp
[2025-08-13 08:11:41.728] [MSG_SENT] Message 2701 sent to HKApp
[2025-08-13 08:11:41.901] [MSG_SENT] Message 2702 sent to TelemetryApp
[2025-08-13 08:11:41.902] [MSG_SENT] Message 2703 sent to FlightLogicApp
[2025-08-13 08:11:42.729] [MSG_SENT] Message 2701 sent to HKApp
[2025-08-13 08:11:42.903] [MSG_SENT] Message 2702 sent to TelemetryApp
[2025-08-13 08:11:42.905] [MSG_SENT] Message 2703 sent to FlightLogicApp
[2025-08-13 08:11:43.731] [MSG_SENT] Message 2701 sent to HKApp
[2025-08-13 08:11:43.906] [MSG_SENT] Message 2702 sent to TelemetryApp
[2025-08-13 08:11:43.907] [MSG_SENT] Message 2703 sent to FlightLogicApp
[2025-08-13 08:11:44.732] [MSG_SENT] Message 2701 sent to HKApp
[2025-08-13 08:11:44.910] [MSG_SENT] Message 2702 sent to TelemetryApp
[2025-08-13 08:11:44.910] [MSG_SENT] Message 2703 sent to FlightLogicApp
[2025-08-13 08:11:45.735] [MSG_SENT] Message 2701 sent to HKApp
[2025-08-13 08:11:45.913] [MSG_SENT] Message 2702 sent to TelemetryApp
[2025-08-13 08:11:45.913] [MSG_SENT] Message 2703 sent to FlightLogicApp
[2025-08-13 08:11:46.737] [MSG_SENT] Message 2701 sent to HKApp
[2025-08-13 08:11:46.915] [MSG_SENT] Message 2702 sent to TelemetryApp
[2025-08-13 08:11:46.916] [MSG_SENT] Message 2703 sent to FlightLogicApp
[2025-08-13 08:11:47.738] [MSG_SENT] Message 2701 sent to HKApp
[2025-08-13 08:11:47.917] [MSG_SENT] Message 2702 sent to TelemetryApp
[2025-08-13 08:11:47.918] [MSG_SENT] Message 2703 sent to FlightLogicApp
[2025-08-13 08:11:48.740] [MSG_SENT] Message 2701 sent to HKApp
[2025-08-13 08:11:48.920] [MSG_SENT] Message 2702 sent to TelemetryApp
[2025-08-13 08:11:48.922] [MSG_SENT] Message 2703 sent to FlightLogicApp
[2025-08-13 08:11:49.741] [MSG_SENT] Message 2701 sent to HKApp
[2025-08-13 08:11:49.923] [MSG_SENT] Message 2702 sent to TelemetryApp
[2025-08-13 08:11:49.925] [MSG_SENT] Message 2703 sent to FlightLogicApp
[2025-08-13 08:11:50.744] [MSG_SENT] Message 2701 sent to HKApp
[2025-08-13 08:11:50.928] [MSG_SENT] Message 2702 sent to TelemetryApp
[2025-08-13 08:11:50.929] [MSG_SENT] Message 2703 sent to FlightLogicApp
[2025-08-13 08:11:51.746] [MSG_SENT] Message 2701 sent to HKApp
[2025-08-13 08:11:51.931] [MSG_SENT] Message 2702 sent to TelemetryApp
[2025-08-13 08:11:51.932] [MSG_SENT] Message 2703 sent to FlightLogicApp
[2025-08-13 08:11:52.748] [MSG_SENT] Message 2701 sent to HKApp
[2025-08-13 08:11:52.933] [MSG_SENT] Message 2702 sent to TelemetryApp
[2025-08-13 08:11:52.934] [MSG_SENT] Message 2703 sent to FlightLogicApp
[2025-08-13 08:11:53.749] [MSG_SENT] Message 2701 sent to HKApp
[2025-08-13 08:11:53.936] [MSG_SENT] Message 2702 sent to TelemetryApp
[2025-08-13 08:11:53.937] [MSG_SENT] Message 2703 sent to FlightLogicApp
[2025-08-13 08:11:54.750] [MSG_SENT] Message 2701 sent to HKApp
[2025-08-13 08:11:54.939] [MSG_SENT] Message 2702 sent to TelemetryApp
[2025-08-13 08:11:54.939] [MSG_SENT] Message 2703 sent to FlightLogicApp
[2025-08-13 08:11:55.752] [MSG_SENT] Message 2701 sent to HKApp
[2025-08-13 08:11:55.940] [MSG_SENT] Message 2702 sent to TelemetryApp
[2025-08-13 08:11:55.941] [MSG_SENT] Message 2703 sent to FlightLogicApp
[2025-08-13 08:11:56.753] [MSG_SENT] Message 2701 sent to HKApp
[2025-08-13 08:11:56.943] [MSG_SENT] Message 2702 sent to TelemetryApp
[2025-08-13 08:11:56.945] [MSG_SENT] Message 2703 sent to FlightLogicApp
[2025-08-13 08:11:57.755] [MSG_SENT] Message 2701 sent to HKApp
[2025-08-13 08:11:57.947] [MSG_SENT] Message 2702 sent to TelemetryApp
[2025-08-13 08:11:57.948] [MSG_SENT] Message 2703 sent to FlightLogicApp
[2025-08-13 08:11:58.756] [MSG_SENT] Message 2701 sent to HKApp
[2025-08-13 08:11:58.951] [MSG_SENT] Message 2702 sent to TelemetryApp
[2025-08-13 08:11:58.952] [MSG_SENT] Message 2703 sent to FlightLogicApp
[2025-08-13 08:11:59.758] [MSG_SENT] Message 2701 sent to HKApp
[2025-08-13 08:11:59.954] [MSG_SENT] Message 2702 sent to TelemetryApp
[2025-08-13 08:11:59.955] [MSG_SENT] Message 2703 sent to FlightLogicApp
[2025-08-13 08:12:00.760] [MSG_SENT] Message 2701 sent to HKApp
[2025-08-13 08:12:00.957] [MSG_SENT] Message 2702 sent to TelemetryApp
[2025-08-13 08:12:00.957] [MSG_SENT] Message 2703 sent to FlightLogicApp
[2025-08-13 08:12:01.761] [MSG_SENT] Message 2701 sent to HKApp
[2025-08-13 08:12:01.959] [MSG_SENT] Message 2702 sent to TelemetryApp
[2025-08-13 08:12:01.960] [MSG_SENT] Message 2703 sent to FlightLogicApp
[2025-08-13 08:12:02.762] [MSG_SENT] Message 2701 sent to HKApp
[2025-08-13 08:12:02.961] [MSG_SENT] Message 2702 sent to TelemetryApp
[2025-08-13 08:12:02.963] [MSG_SENT] Message 2703 sent to FlightLogicApp
[2025-08-13 08:12:03.764] [MSG_SENT] Message 2701 sent to HKApp
[2025-08-13 08:12:03.964] [MSG_SENT] Message 2702 sent to TelemetryApp
[2025-08-13 08:12:03.965] [MSG_SENT] Message 2703 sent to FlightLogicApp
[2025-08-13 08:12:04.766] [MSG_SENT] Message 2701 sent to HKApp
[2025-08-13 08:12:04.968] [MSG_SENT] Message 2702 sent to TelemetryApp
[2025-08-13 08:12:04.969] [MSG_SENT] Message 2703 sent to FlightLogicApp
[2025-08-13 08:12:05.767] [MSG_SENT] Message 2701 sent to HKApp
[2025-08-13 08:12:05.970] [MSG_SENT] Message 2702 sent to TelemetryApp
[2025-08-13 08:12:05.972] [MSG_SENT] Message 2703 sent to FlightLogicApp
[2025-08-13 08:12:06.769] [MSG_SENT] Message 2701 sent to HKApp
[2025-08-13 08:12:06.973] [MSG_SENT] Message 2702 sent to TelemetryApp
[2025-08-13 08:12:06.974] [MSG_SENT] Message 2703 sent to FlightLogicApp
[2025-08-13 08:12:07.770] [MSG_SENT] Message 2701 sent to HKApp
[2025-08-13 08:12:07.976] [MSG_SENT] Message 2702 sent to TelemetryApp
[2025-08-13 08:12:07.977] [MSG_SENT] Message 2703 sent to FlightLogicApp
[2025-08-13 08:12:08.772] [MSG_SENT] Message 2701 sent to HKApp
[2025-08-13 08:12:08.979] [MSG_SENT] Message 2702 sent to TelemetryApp
[2025-08-13 08:12:08.980] [MSG_SENT] Message 2703 sent to FlightLogicApp
[2025-08-13 08:12:09.773] [MSG_SENT] Message 2701 sent to HKApp
[2025-08-13 08:12:09.982] [MSG_SENT] Message 2702 sent to TelemetryApp
[2025-08-13 08:12:09.983] [MSG_SENT] Message 2703 sent to FlightLogicApp
[2025-08-13 08:12:10.790] [MSG_SENT] Message 2701 sent to HKApp
[2025-08-13 08:12:10.986] [MSG_SENT] Message 2702 sent to TelemetryApp
[2025-08-13 08:12:10.987] [MSG_SENT] Message 2703 sent to FlightLogicApp
[2025-08-13 08:12:11.791] [MSG_SENT] Message 2701 sent to HKApp
[2025-08-13 08:12:11.989] [MSG_SENT] Message 2702 sent to TelemetryApp
[2025-08-13 08:12:11.990] [MSG_SENT] Message 2703 sent to FlightLogicApp
[2025-08-13 08:12:12.793] [MSG_SENT] Message 2701 sent to HKApp
[2025-08-13 08:12:12.992] [MSG_SENT] Message 2702 sent to TelemetryApp
[2025-08-13 08:12:12.993] [MSG_SENT] Message 2703 sent to FlightLogicApp
[2025-08-13 08:12:13.795] [MSG_SENT] Message 2701 sent to HKApp
[2025-08-13 08:12:13.995] [MSG_SENT] Message 2702 sent to TelemetryApp
[2025-08-13 08:12:13.996] [MSG_SENT] Message 2703 sent to FlightLogicApp
[2025-08-13 08:12:14.796] [MSG_SENT] Message 2701 sent to HKApp
[2025-08-13 08:12:14.997] [MSG_SENT] Message 2702 sent to TelemetryApp
[2025-08-13 08:12:14.998] [MSG_SENT] Message 2703 sent to FlightLogicApp
[2025-08-13 08:12:15.802] [MSG_SENT] Message 2701 sent to HKApp
[2025-08-13 08:12:15.999] [MSG_SENT] Message 2702 sent to TelemetryApp
[2025-08-13 08:12:16.000] [MSG_SENT] Message 2703 sent to FlightLogicApp
[2025-08-13 08:12:16.804] [MSG_SENT] Message 2701 sent to HKApp
[2025-08-13 08:12:17.001] [MSG_SENT] Message 2702 sent to TelemetryApp
[2025-08-13 08:12:17.002] [MSG_SENT] Message 2703 sent to FlightLogicApp
[2025-08-13 08:12:17.805] [MSG_SENT] Message 2701 sent to HKApp
[2025-08-13 08:12:18.003] [MSG_SENT] Message 2702 sent to TelemetryApp
[2025-08-13 08:12:18.004] [MSG_SENT] Message 2703 sent to FlightLogicApp
[2025-08-13 08:12:18.807] [MSG_SENT] Message 2701 sent to HKApp
[2025-08-13 08:12:19.006] [MSG_SENT] Message 2702 sent to TelemetryApp
[2025-08-13 08:12:19.007] [MSG_SENT] Message 2703 sent to FlightLogicApp
[2025-08-13 08:12:19.808] [MSG_SENT] Message 2701 sent to HKApp
[2025-08-13 08:12:20.009] [MSG_SENT] Message 2702 sent to TelemetryApp
[2025-08-13 08:12:20.011] [MSG_SENT] Message 2703 sent to FlightLogicApp
[2025-08-13 08:12:20.829] [MSG_SENT] Message 2701 sent to HKApp
[2025-08-13 08:12:21.012] [MSG_SENT] Message 2702 sent to TelemetryApp
[2025-08-13 08:12:21.013] [MSG_SENT] Message 2703 sent to FlightLogicApp
[2025-08-13 08:12:21.830] [MSG_SENT] Message 2701 sent to HKApp
[2025-08-13 08:12:22.015] [MSG_SENT] Message 2702 sent to TelemetryApp
[2025-08-13 08:12:22.016] [MSG_SENT] Message 2703 sent to FlightLogicApp
[2025-08-13 08:12:22.831] [MSG_SENT] Message 2701 sent to HKApp
[2025-08-13 08:12:23.017] [MSG_SENT] Message 2702 sent to TelemetryApp
[2025-08-13 08:12:23.019] [MSG_SENT] Message 2703 sent to FlightLogicApp
[2025-08-13 08:12:23.832] [MSG_SENT] Message 2701 sent to HKApp
[2025-08-13 08:12:24.020] [MSG_SENT] Message 2702 sent to TelemetryApp
[2025-08-13 08:12:24.021] [MSG_SENT] Message 2703 sent to FlightLogicApp
[2025-08-13 08:12:24.834] [MSG_SENT] Message 2701 sent to HKApp
[2025-08-13 08:12:25.022] [MSG_SENT] Message 2702 sent to TelemetryApp
[2025-08-13 08:12:25.024] [MSG_SENT] Message 2703 sent to FlightLogicApp
[2025-08-13 08:12:25.835] [MSG_SENT] Message 2701 sent to HKApp
[2025-08-13 08:12:26.026] [MSG_SENT] Message 2702 sent to TelemetryApp
[2025-08-13 08:12:26.028] [MSG_SENT] Message 2703 sent to FlightLogicApp
[2025-08-13 08:12:26.836] [MSG_SENT] Message 2701 sent to HKApp
[2025-08-13 08:12:27.029] [MSG_SENT] Message 2702 sent to TelemetryApp
[2025-08-13 08:12:27.030] [MSG_SENT] Message 2703 sent to FlightLogicApp
[2025-08-13 08:12:27.839] [MSG_SENT] Message 2701 sent to HKApp
[2025-08-13 08:12:28.033] [MSG_SENT] Message 2702 sent to TelemetryApp
[2025-08-13 08:12:28.035] [MSG_SENT] Message 2703 sent to FlightLogicApp
[2025-08-13 08:12:28.840] [MSG_SENT] Message 2701 sent to HKApp
[2025-08-13 08:12:29.036] [MSG_SENT] Message 2702 sent to TelemetryApp
[2025-08-13 08:12:29.038] [MSG_SENT] Message 2703 sent to FlightLogicApp
[2025-08-13 08:12:29.841] [MSG_SENT] Message 2701 sent to HKApp
[2025-08-13 08:12:30.040] [MSG_SENT] Message 2702 sent to TelemetryApp
[2025-08-13 08:12:30.040] [MSG_SENT] Message 2703 sent to FlightLogicApp
[2025-08-13 08:12:30.847] [MSG_SENT] Message 2701 sent to HKApp
[2025-08-13 08:12:31.042] [MSG_SENT] Message 2702 sent to TelemetryApp
[2025-08-13 08:12:31.042] [MSG_SENT] Message 2703 sent to FlightLogicApp
[2025-08-13 08:12:31.848] [MSG_SENT] Message 2701 sent to HKApp
[2025-08-13 08:12:32.044] [MSG_SENT] Message 2702 sent to TelemetryApp
[2025-08-13 08:12:32.045] [MSG_SENT] Message 2703 sent to FlightLogicApp
[2025-08-13 08:12:32.850] [MSG_SENT] Message 2701 sent to HKApp
[2025-08-13 08:12:33.047] [MSG_SENT] Message 2702 sent to TelemetryApp
[2025-08-13 08:12:33.048] [MSG_SENT] Message 2703 sent to FlightLogicApp
[2025-08-13 08:12:33.852] [MSG_SENT] Message 2701 sent to HKApp
[2025-08-13 08:12:34.049] [MSG_SENT] Message 2702 sent to TelemetryApp
[2025-08-13 08:12:34.053] [MSG_SENT] Message 2703 sent to FlightLogicApp
[2025-08-13 08:12:34.853] [MSG_SENT] Message 2701 sent to HKApp
[2025-08-13 08:12:35.054] [MSG_SENT] Message 2702 sent to TelemetryApp
[2025-08-13 08:12:35.056] [MSG_SENT] Message 2703 sent to FlightLogicApp
[2025-08-13 08:12:35.863] [MSG_SENT] Message 2701 sent to HKApp
[2025-08-13 08:12:36.057] [MSG_SENT] Message 2702 sent to TelemetryApp
[2025-08-13 08:12:36.059] [MSG_SENT] Message 2703 sent to FlightLogicApp
[2025-08-13 08:12:36.864] [MSG_SENT] Message 2701 sent to HKApp
[2025-08-13 08:12:37.060] [MSG_SENT] Message 2702 sent to TelemetryApp
[2025-08-13 08:12:37.060] [MSG_SENT] Message 2703 sent to FlightLogicApp
[2025-08-13 08:12:37.865] [MSG_SENT] Message 2701 sent to HKApp
[2025-08-13 08:12:38.062] [MSG_SENT] Message 2702 sent to TelemetryApp
[2025-08-13 08:12:38.063] [MSG_SENT] Message 2703 sent to FlightLogicApp
[2025-08-13 08:12:38.866] [MSG_SENT] Message 2701 sent to HKApp
[2025-08-13 08:12:39.064] [MSG_SENT] Message 2702 sent to TelemetryApp
[2025-08-13 08:12:39.065] [MSG_SENT] Message 2703 sent to FlightLogicApp
[2025-08-13 08:12:39.868] [MSG_SENT] Message 2701 sent to HKApp
[2025-08-13 08:12:40.067] [MSG_SENT] Message 2702 sent to TelemetryApp
[2025-08-13 08:12:40.068] [MSG_SENT] Message 2703 sent to FlightLogicApp
[2025-08-13 08:12:40.878] [MSG_SENT] Message 2701 sent to HKApp
[2025-08-13 08:12:41.069] [MSG_SENT] Message 2702 sent to TelemetryApp
[2025-08-13 08:12:41.071] [MSG_SENT] Message 2703 sent to FlightLogicApp
[2025-08-13 08:12:41.880] [MSG_SENT] Message 2701 sent to HKApp
[2025-08-13 08:12:42.072] [MSG_SENT] Message 2702 sent to TelemetryApp
[2025-08-13 08:12:42.073] [MSG_SENT] Message 2703 sent to FlightLogicApp
[2025-08-13 08:12:42.882] [MSG_SENT] Message 2701 sent to HKApp
[2025-08-13 08:12:43.074] [MSG_SENT] Message 2702 sent to TelemetryApp
[2025-08-13 08:12:43.075] [MSG_SENT] Message 2703 sent to FlightLogicApp
[2025-08-13 08:12:43.883] [MSG_SENT] Message 2701 sent to HKApp
[2025-08-13 08:12:44.077] [MSG_SENT] Message 2702 sent to TelemetryApp
[2025-08-13 08:12:44.078] [MSG_SENT] Message 2703 sent to FlightLogicApp
[2025-08-13 08:12:44.884] [MSG_SENT] Message 2701 sent to HKApp
[2025-08-13 08:12:45.080] [MSG_SENT] Message 2702 sent to TelemetryApp
[2025-08-13 08:12:45.081] [MSG_SENT] Message 2703 sent to FlightLogicApp
[2025-08-13 08:12:45.894] [MSG_SENT] Message 2701 sent to HKApp
[2025-08-13 08:12:46.082] [MSG_SENT] Message 2702 sent to TelemetryApp
[2025-08-13 08:12:46.083] [MSG_SENT] Message 2703 sent to FlightLogicApp
[2025-08-13 08:12:46.896] [MSG_SENT] Message 2701 sent to HKApp
[2025-08-13 08:12:47.085] [MSG_SENT] Message 2702 sent to TelemetryApp
[2025-08-13 08:12:47.086] [MSG_SENT] Message 2703 sent to FlightLogicApp
[2025-08-13 08:12:47.897] [MSG_SENT] Message 2701 sent to HKApp
[2025-08-13 08:12:48.088] [MSG_SENT] Message 2702 sent to TelemetryApp
[2025-08-13 08:12:48.089] [MSG_SENT] Message 2703 sent to FlightLogicApp
[2025-08-13 08:12:48.901] [MSG_SENT] Message 2701 sent to HKApp
[2025-08-13 08:12:49.090] [MSG_SENT] Message 2702 sent to TelemetryApp
[2025-08-13 08:12:49.091] [MSG_SENT] Message 2703 sent to FlightLogicApp
[2025-08-13 08:12:49.903] [MSG_SENT] Message 2701 sent to HKApp
[2025-08-13 08:12:50.092] [MSG_SENT] Message 2702 sent to TelemetryApp
[2025-08-13 08:12:50.093] [MSG_SENT] Message 2703 sent to FlightLogicApp
[2025-08-13 08:12:50.919] [MSG_SENT] Message 2701 sent to HKApp
[2025-08-13 08:12:51.096] [MSG_SENT] Message 2702 sent to TelemetryApp
[2025-08-13 08:12:51.097] [MSG_SENT] Message 2703 sent to FlightLogicApp
[2025-08-13 08:12:51.920] [MSG_SENT] Message 2701 sent to HKApp
[2025-08-13 08:12:52.099] [MSG_SENT] Message 2702 sent to TelemetryApp
[2025-08-13 08:12:52.099] [MSG_SENT] Message 2703 sent to FlightLogicApp
[2025-08-13 08:12:52.921] [MSG_SENT] Message 2701 sent to HKApp
[2025-08-13 08:12:53.101] [MSG_SENT] Message 2702 sent to TelemetryApp
[2025-08-13 08:12:53.103] [MSG_SENT] Message 2703 sent to FlightLogicApp
[2025-08-13 08:12:53.923] [MSG_SENT] Message 2701 sent to HKApp
[2025-08-13 08:12:54.104] [MSG_SENT] Message 2702 sent to TelemetryApp
[2025-08-13 08:12:54.105] [MSG_SENT] Message 2703 sent to FlightLogicApp
[2025-08-13 08:12:54.924] [MSG_SENT] Message 2701 sent to HKApp
[2025-08-13 08:12:55.107] [MSG_SENT] Message 2702 sent to TelemetryApp
[2025-08-13 08:12:55.108] [MSG_SENT] Message 2703 sent to FlightLogicApp
[2025-08-13 08:12:55.927] [MSG_SENT] Message 2701 sent to HKApp
[2025-08-13 08:12:56.109] [MSG_SENT] Message 2702 sent to TelemetryApp
[2025-08-13 08:12:56.111] [MSG_SENT] Message 2703 sent to FlightLogicApp
[2025-08-13 08:12:56.928] [MSG_SENT] Message 2701 sent to HKApp
[2025-08-13 08:12:57.112] [MSG_SENT] Message 2702 sent to TelemetryApp
[2025-08-13 08:12:57.113] [MSG_SENT] Message 2703 sent to FlightLogicApp
[2025-08-13 08:12:57.930] [MSG_SENT] Message 2701 sent to HKApp
[2025-08-13 08:12:58.114] [MSG_SENT] Message 2702 sent to TelemetryApp
[2025-08-13 08:12:58.115] [MSG_SENT] Message 2703 sent to FlightLogicApp
[2025-08-13 08:12:58.931] [MSG_SENT] Message 2701 sent to HKApp
[2025-08-13 08:12:59.117] [MSG_SENT] Message 2702 sent to TelemetryApp
[2025-08-13 08:12:59.117] [MSG_SENT] Message 2703 sent to FlightLogicApp
[2025-08-13 08:12:59.933] [MSG_SENT] Message 2701 sent to HKApp
[2025-08-13 08:13:00.119] [MSG_SENT] Message 2702 sent to TelemetryApp
[2025-08-13 08:13:00.120] [MSG_SENT] Message 2703 sent to FlightLogicApp
[2025-08-13 08:13:00.935] [MSG_SENT] Message 2701 sent to HKApp
[2025-08-13 08:13:01.121] [MSG_SENT] Message 2702 sent to TelemetryApp
[2025-08-13 08:13:01.122] [MSG_SENT] Message 2703 sent to FlightLogicApp
[2025-08-13 08:13:01.937] [MSG_SENT] Message 2701 sent to HKApp
[2025-08-13 08:13:02.125] [MSG_SENT] Message 2702 sent to TelemetryApp
[2025-08-13 08:13:02.126] [MSG_SENT] Message 2703 sent to FlightLogicApp
[2025-08-13 08:13:02.939] [MSG_SENT] Message 2701 sent to HKApp
[2025-08-13 08:13:03.129] [MSG_SENT] Message 2702 sent to TelemetryApp
[2025-08-13 08:13:03.130] [MSG_SENT] Message 2703 sent to FlightLogicApp
[2025-08-13 08:13:03.940] [MSG_SENT] Message 2701 sent to HKApp
[2025-08-13 08:13:04.132] [MSG_SENT] Message 2702 sent to TelemetryApp
[2025-08-13 08:13:04.133] [MSG_SENT] Message 2703 sent to FlightLogicApp
[2025-08-13 08:13:04.942] [MSG_SENT] Message 2701 sent to HKApp
[2025-08-13 08:13:05.134] [MSG_SENT] Message 2702 sent to TelemetryApp
[2025-08-13 08:13:05.135] [MSG_SENT] Message 2703 sent to FlightLogicApp
[2025-08-13 08:13:05.955] [MSG_SENT] Message 2701 sent to HKApp
[2025-08-13 08:13:06.137] [MSG_SENT] Message 2702 sent to TelemetryApp
[2025-08-13 08:13:06.138] [MSG_SENT] Message 2703 sent to FlightLogicApp
[2025-08-13 08:13:06.956] [MSG_SENT] Message 2701 sent to HKApp
[2025-08-13 08:13:07.140] [MSG_SENT] Message 2702 sent to TelemetryApp
[2025-08-13 08:13:07.141] [MSG_SENT] Message 2703 sent to FlightLogicApp
[2025-08-13 08:13:07.958] [MSG_SENT] Message 2701 sent to HKApp
[2025-08-13 08:13:08.142] [MSG_SENT] Message 2702 sent to TelemetryApp
[2025-08-13 08:13:08.143] [MSG_SENT] Message 2703 sent to FlightLogicApp
[2025-08-13 08:13:08.962] [MSG_SENT] Message 2701 sent to HKApp
[2025-08-13 08:13:09.145] [MSG_SENT] Message 2702 sent to TelemetryApp
[2025-08-13 08:13:09.145] [MSG_SENT] Message 2703 sent to FlightLogicApp
[2025-08-13 08:13:09.963] [MSG_SENT] Message 2701 sent to HKApp
[2025-08-13 08:13:10.147] [MSG_SENT] Message 2702 sent to TelemetryApp
[2025-08-13 08:13:10.147] [MSG_SENT] Message 2703 sent to FlightLogicApp
[2025-08-13 08:13:10.970] [MSG_SENT] Message 2701 sent to HKApp
[2025-08-13 08:13:11.149] [MSG_SENT] Message 2702 sent to TelemetryApp
[2025-08-13 08:13:11.151] [MSG_SENT] Message 2703 sent to FlightLogicApp
[2025-08-13 08:13:11.971] [MSG_SENT] Message 2701 sent to HKApp
[2025-08-13 08:13:12.152] [MSG_SENT] Message 2702 sent to TelemetryApp
[2025-08-13 08:13:12.153] [MSG_SENT] Message 2703 sent to FlightLogicApp
[2025-08-13 08:13:12.973] [MSG_SENT] Message 2701 sent to HKApp
[2025-08-13 08:13:13.155] [MSG_SENT] Message 2702 sent to TelemetryApp
[2025-08-13 08:13:13.156] [MSG_SENT] Message 2703 sent to FlightLogicApp
[2025-08-13 08:13:13.974] [MSG_SENT] Message 2701 sent to HKApp
[2025-08-13 08:13:14.158] [MSG_SENT] Message 2702 sent to TelemetryApp
[2025-08-13 08:13:14.159] [MSG_SENT] Message 2703 sent to FlightLogicApp
[2025-08-13 08:13:14.976] [MSG_SENT] Message 2701 sent to HKApp
[2025-08-13 08:13:15.160] [MSG_SENT] Message 2702 sent to TelemetryApp
[2025-08-13 08:13:15.161] [MSG_SENT] Message 2703 sent to FlightLogicApp
[2025-08-13 08:13:15.977] [MSG_SENT] Message 2701 sent to HKApp
[2025-08-13 08:13:16.163] [MSG_SENT] Message 2702 sent to TelemetryApp
[2025-08-13 08:13:16.163] [MSG_SENT] Message 2703 sent to FlightLogicApp
[2025-08-13 08:13:16.978] [MSG_SENT] Message 2701 sent to HKApp
[2025-08-13 08:13:17.165] [MSG_SENT] Message 2702 sent to TelemetryApp
[2025-08-13 08:13:17.165] [MSG_SENT] Message 2703 sent to FlightLogicApp
[2025-08-13 08:13:17.979] [MSG_SENT] Message 2701 sent to HKApp
[2025-08-13 08:13:18.167] [MSG_SENT] Message 2702 sent to TelemetryApp
[2025-08-13 08:13:18.168] [MSG_SENT] Message 2703 sent to FlightLogicApp
[2025-08-13 08:13:18.982] [MSG_SENT] Message 2701 sent to HKApp
[2025-08-13 08:13:19.169] [MSG_SENT] Message 2702 sent to TelemetryApp
[2025-08-13 08:13:19.172] [MSG_SENT] Message 2703 sent to FlightLogicApp
[2025-08-13 08:13:19.983] [MSG_SENT] Message 2701 sent to HKApp
[2025-08-13 08:13:20.174] [MSG_SENT] Message 2702 sent to TelemetryApp
[2025-08-13 08:13:20.175] [MSG_SENT] Message 2703 sent to FlightLogicApp
[2025-08-13 08:13:20.990] [MSG_SENT] Message 2701 sent to HKApp
[2025-08-13 08:13:21.176] [MSG_SENT] Message 2702 sent to TelemetryApp
[2025-08-13 08:13:21.177] [MSG_SENT] Message 2703 sent to FlightLogicApp
[2025-08-13 08:13:21.992] [MSG_SENT] Message 2701 sent to HKApp
[2025-08-13 08:13:22.179] [MSG_SENT] Message 2702 sent to TelemetryApp
[2025-08-13 08:13:22.180] [MSG_SENT] Message 2703 sent to FlightLogicApp
[2025-08-13 08:13:22.994] [MSG_SENT] Message 2701 sent to HKApp
[2025-08-13 08:13:23.181] [MSG_SENT] Message 2702 sent to TelemetryApp
[2025-08-13 08:13:23.182] [MSG_SENT] Message 2703 sent to FlightLogicApp
[2025-08-13 08:13:23.996] [MSG_SENT] Message 2701 sent to HKApp
[2025-08-13 08:13:24.184] [MSG_SENT] Message 2702 sent to TelemetryApp
[2025-08-13 08:13:24.184] [MSG_SENT] Message 2703 sent to FlightLogicApp
[2025-08-13 08:13:24.997] [MSG_SENT] Message 2701 sent to HKApp
[2025-08-13 08:13:25.186] [MSG_SENT] Message 2702 sent to TelemetryApp
[2025-08-13 08:13:25.187] [MSG_SENT] Message 2703 sent to FlightLogicApp
[2025-08-13 08:13:26.003] [MSG_SENT] Message 2701 sent to HKApp
[2025-08-13 08:13:26.189] [MSG_SENT] Message 2702 sent to TelemetryApp
[2025-08-13 08:13:26.190] [MSG_SENT] Message 2703 sent to FlightLogicApp
[2025-08-13 08:13:27.004] [MSG_SENT] Message 2701 sent to HKApp
[2025-08-13 08:13:27.191] [MSG_SENT] Message 2702 sent to TelemetryApp
[2025-08-13 08:13:27.193] [MSG_SENT] Message 2703 sent to FlightLogicApp
[2025-08-13 08:13:28.006] [MSG_SENT] Message 2701 sent to HKApp
[2025-08-13 08:13:28.194] [MSG_SENT] Message 2702 sent to TelemetryApp
[2025-08-13 08:13:28.197] [MSG_SENT] Message 2703 sent to FlightLogicApp
[2025-08-13 08:13:29.007] [MSG_SENT] Message 2701 sent to HKApp
[2025-08-13 08:13:29.198] [MSG_SENT] Message 2702 sent to TelemetryApp
[2025-08-13 08:13:29.200] [MSG_SENT] Message 2703 sent to FlightLogicApp
[2025-08-13 08:13:30.008] [MSG_SENT] Message 2701 sent to HKApp
[2025-08-13 08:13:30.201] [MSG_SENT] Message 2702 sent to TelemetryApp
[2025-08-13 08:13:30.202] [MSG_SENT] Message 2703 sent to FlightLogicApp
[2025-08-13 08:13:31.045] [MSG_SENT] Message 2701 sent to HKApp
[2025-08-13 08:13:31.204] [MSG_SENT] Message 2702 sent to TelemetryApp
[2025-08-13 08:13:31.204] [MSG_SENT] Message 2703 sent to FlightLogicApp
[2025-08-13 08:13:32.046] [MSG_SENT] Message 2701 sent to HKApp
[2025-08-13 08:13:32.206] [MSG_SENT] Message 2702 sent to TelemetryApp
[2025-08-13 08:13:32.207] [MSG_SENT] Message 2703 sent to FlightLogicApp
[2025-08-13 08:13:33.048] [MSG_SENT] Message 2701 sent to HKApp
[2025-08-13 08:13:33.209] [MSG_SENT] Message 2702 sent to TelemetryApp
[2025-08-13 08:13:33.211] [MSG_SENT] Message 2703 sent to FlightLogicApp
[2025-08-13 08:13:34.049] [MSG_SENT] Message 2701 sent to HKApp
[2025-08-13 08:13:34.213] [MSG_SENT] Message 2702 sent to TelemetryApp
[2025-08-13 08:13:34.214] [MSG_SENT] Message 2703 sent to FlightLogicApp
[2025-08-13 08:13:35.051] [MSG_SENT] Message 2701 sent to HKApp
[2025-08-13 08:13:35.215] [MSG_SENT] Message 2702 sent to TelemetryApp
[2025-08-13 08:13:35.217] [MSG_SENT] Message 2703 sent to FlightLogicApp
[2025-08-13 08:13:36.052] [MSG_SENT] Message 2701 sent to HKApp
[2025-08-13 08:13:36.218] [MSG_SENT] Message 2702 sent to TelemetryApp
[2025-08-13 08:13:36.219] [MSG_SENT] Message 2703 sent to FlightLogicApp
[2025-08-13 08:13:37.053] [MSG_SENT] Message 2701 sent to HKApp
[2025-08-13 08:13:37.221] [MSG_SENT] Message 2702 sent to TelemetryApp
[2025-08-13 08:13:37.222] [MSG_SENT] Message 2703 sent to FlightLogicApp
[2025-08-13 08:13:38.054] [MSG_SENT] Message 2701 sent to HKApp
[2025-08-13 08:13:38.223] [MSG_SENT] Message 2702 sent to TelemetryApp
[2025-08-13 08:13:38.224] [MSG_SENT] Message 2703 sent to FlightLogicApp
[2025-08-13 08:13:39.056] [MSG_SENT] Message 2701 sent to HKApp
[2025-08-13 08:13:39.227] [MSG_SENT] Message 2702 sent to TelemetryApp
[2025-08-13 08:13:39.228] [MSG_SENT] Message 2703 sent to FlightLogicApp
[2025-08-13 08:13:40.057] [MSG_SENT] Message 2701 sent to HKApp
[2025-08-13 08:13:40.230] [MSG_SENT] Message 2702 sent to TelemetryApp
[2025-08-13 08:13:40.231] [MSG_SENT] Message 2703 sent to FlightLogicApp
[2025-08-13 08:13:41.058] [MSG_SENT] Message 2701 sent to HKApp
[2025-08-13 08:13:41.234] [MSG_SENT] Message 2702 sent to TelemetryApp
[2025-08-13 08:13:41.235] [MSG_SENT] Message 2703 sent to FlightLogicApp
[2025-08-13 08:13:42.059] [MSG_SENT] Message 2701 sent to HKApp
[2025-08-13 08:13:42.236] [MSG_SENT] Message 2702 sent to TelemetryApp
[2025-08-13 08:13:42.237] [MSG_SENT] Message 2703 sent to FlightLogicApp
[2025-08-13 08:13:43.061] [MSG_SENT] Message 2701 sent to HKApp
[2025-08-13 08:13:43.239] [MSG_SENT] Message 2702 sent to TelemetryApp
[2025-08-13 08:13:43.240] [MSG_SENT] Message 2703 sent to FlightLogicApp
[2025-08-13 08:13:44.062] [MSG_SENT] Message 2701 sent to HKApp
[2025-08-13 08:13:44.242] [MSG_SENT] Message 2702 sent to TelemetryApp
[2025-08-13 08:13:44.244] [MSG_SENT] Message 2703 sent to FlightLogicApp
[2025-08-13 08:13:45.064] [MSG_SENT] Message 2701 sent to HKApp
[2025-08-13 08:13:45.246] [MSG_SENT] Message 2702 sent to TelemetryApp
[2025-08-13 08:13:45.248] [MSG_SENT] Message 2703 sent to FlightLogicApp
[2025-08-13 08:13:46.065] [MSG_SENT] Message 2701 sent to HKApp
[2025-08-13 08:13:46.249] [MSG_SENT] Message 2702 sent to TelemetryApp
[2025-08-13 08:13:46.250] [MSG_SENT] Message 2703 sent to FlightLogicApp
[2025-08-13 08:13:47.067] [MSG_SENT] Message 2701 sent to HKApp
[2025-08-13 08:13:47.251] [MSG_SENT] Message 2702 sent to TelemetryApp
[2025-08-13 08:13:47.252] [MSG_SENT] Message 2703 sent to FlightLogicApp
[2025-08-13 08:13:48.069] [MSG_SENT] Message 2701 sent to HKApp
[2025-08-13 08:13:48.254] [MSG_SENT] Message 2702 sent to TelemetryApp
[2025-08-13 08:13:48.254] [MSG_SENT] Message 2703 sent to FlightLogicApp
[2025-08-13 08:13:49.071] [MSG_SENT] Message 2701 sent to HKApp
[2025-08-13 08:13:49.256] [MSG_SENT] Message 2702 sent to TelemetryApp
[2025-08-13 08:13:49.256] [MSG_SENT] Message 2703 sent to FlightLogicApp
[2025-08-13 08:13:50.072] [MSG_SENT] Message 2701 sent to HKApp
[2025-08-13 08:13:50.257] [MSG_SENT] Message 2702 sent to TelemetryApp
[2025-08-13 08:13:50.259] [MSG_SENT] Message 2703 sent to FlightLogicApp
[2025-08-13 08:13:51.073] [MSG_SENT] Message 2701 sent to HKApp
[2025-08-13 08:13:51.260] [MSG_SENT] Message 2702 sent to TelemetryApp
[2025-08-13 08:13:51.261] [MSG_SENT] Message 2703 sent to FlightLogicApp
[2025-08-13 08:13:52.075] [MSG_SENT] Message 2701 sent to HKApp
[2025-08-13 08:13:52.262] [MSG_SENT] Message 2702 sent to TelemetryApp
[2025-08-13 08:13:52.263] [MSG_SENT] Message 2703 sent to FlightLogicApp
[2025-08-13 08:13:53.076] [MSG_SENT] Message 2701 sent to HKApp
[2025-08-13 08:13:53.265] [MSG_SENT] Message 2702 sent to TelemetryApp
[2025-08-13 08:13:53.266] [MSG_SENT] Message 2703 sent to FlightLogicApp
[2025-08-13 08:13:54.077] [MSG_SENT] Message 2701 sent to HKApp
[2025-08-13 08:13:54.267] [MSG_SENT] Message 2702 sent to TelemetryApp
[2025-08-13 08:13:54.268] [MSG_SENT] Message 2703 sent to FlightLogicApp
[2025-08-13 08:13:55.080] [MSG_SENT] Message 2701 sent to HKApp
[2025-08-13 08:13:55.270] [MSG_SENT] Message 2702 sent to TelemetryApp
[2025-08-13 08:13:55.271] [MSG_SENT] Message 2703 sent to FlightLogicApp
[2025-08-13 08:13:56.087] [MSG_SENT] Message 2701 sent to HKApp
[2025-08-13 08:13:56.272] [MSG_SENT] Message 2702 sent to TelemetryApp
[2025-08-13 08:13:56.273] [MSG_SENT] Message 2703 sent to FlightLogicApp
[2025-08-13 08:13:57.088] [MSG_SENT] Message 2701 sent to HKApp
[2025-08-13 08:13:57.275] [MSG_SENT] Message 2702 sent to TelemetryApp
[2025-08-13 08:13:57.277] [MSG_SENT] Message 2703 sent to FlightLogicApp
[2025-08-13 08:13:58.089] [MSG_SENT] Message 2701 sent to HKApp
[2025-08-13 08:13:58.278] [MSG_SENT] Message 2702 sent to TelemetryApp
[2025-08-13 08:13:58.279] [MSG_SENT] Message 2703 sent to FlightLogicApp
[2025-08-13 08:13:59.091] [MSG_SENT] Message 2701 sent to HKApp
[2025-08-13 08:13:59.282] [MSG_SENT] Message 2702 sent to TelemetryApp
[2025-08-13 08:13:59.283] [MSG_SENT] Message 2703 sent to FlightLogicApp
[2025-08-13 08:14:00.092] [MSG_SENT] Message 2701 sent to HKApp
[2025-08-13 08:14:00.286] [MSG_SENT] Message 2702 sent to TelemetryApp
[2025-08-13 08:14:00.287] [MSG_SENT] Message 2703 sent to FlightLogicApp
[2025-08-13 08:14:01.094] [MSG_SENT] Message 2701 sent to HKApp
[2025-08-13 08:14:01.289] [MSG_SENT] Message 2702 sent to TelemetryApp
[2025-08-13 08:14:01.290] [MSG_SENT] Message 2703 sent to FlightLogicApp
[2025-08-13 08:14:02.095] [MSG_SENT] Message 2701 sent to HKApp
[2025-08-13 08:14:02.292] [MSG_SENT] Message 2702 sent to TelemetryApp
[2025-08-13 08:14:02.293] [MSG_SENT] Message 2703 sent to FlightLogicApp
[2025-08-13 08:14:03.096] [MSG_SENT] Message 2701 sent to HKApp
[2025-08-13 08:14:03.294] [MSG_SENT] Message 2702 sent to TelemetryApp
[2025-08-13 08:14:03.295] [MSG_SENT] Message 2703 sent to FlightLogicApp
[2025-08-13 08:14:04.098] [MSG_SENT] Message 2701 sent to HKApp
[2025-08-13 08:14:04.296] [MSG_SENT] Message 2702 sent to TelemetryApp
[2025-08-13 08:14:04.297] [MSG_SENT] Message 2703 sent to FlightLogicApp
[2025-08-13 08:14:05.100] [MSG_SENT] Message 2701 sent to HKApp
[2025-08-13 08:14:05.299] [MSG_SENT] Message 2702 sent to TelemetryApp
[2025-08-13 08:14:05.300] [MSG_SENT] Message 2703 sent to FlightLogicApp
[2025-08-13 08:14:06.102] [MSG_SENT] Message 2701 sent to HKApp
[2025-08-13 08:14:06.301] [MSG_SENT] Message 2702 sent to TelemetryApp
[2025-08-13 08:14:06.303] [MSG_SENT] Message 2703 sent to FlightLogicApp
[2025-08-13 08:14:07.103] [MSG_SENT] Message 2701 sent to HKApp
[2025-08-13 08:14:07.304] [MSG_SENT] Message 2702 sent to TelemetryApp
[2025-08-13 08:14:07.305] [MSG_SENT] Message 2703 sent to FlightLogicApp
[2025-08-13 08:14:08.104] [MSG_SENT] Message 2701 sent to HKApp
[2025-08-13 08:14:08.309] [MSG_SENT] Message 2702 sent to TelemetryApp
[2025-08-13 08:14:08.310] [MSG_SENT] Message 2703 sent to FlightLogicApp
[2025-08-13 08:14:09.106] [MSG_SENT] Message 2701 sent to HKApp
[2025-08-13 08:14:09.311] [MSG_SENT] Message 2702 sent to TelemetryApp
[2025-08-13 08:14:09.313] [MSG_SENT] Message 2703 sent to FlightLogicApp
[2025-08-13 08:14:10.107] [MSG_SENT] Message 2701 sent to HKApp
[2025-08-13 08:14:10.314] [MSG_SENT] Message 2702 sent to TelemetryApp
[2025-08-13 08:14:10.315] [MSG_SENT] Message 2703 sent to FlightLogicApp
[2025-08-13 08:14:11.108] [MSG_SENT] Message 2701 sent to HKApp
[2025-08-13 08:14:11.316] [MSG_SENT] Message 2702 sent to TelemetryApp
[2025-08-13 08:14:11.317] [MSG_SENT] Message 2703 sent to FlightLogicApp
[2025-08-13 08:14:12.110] [MSG_SENT] Message 2701 sent to HKApp
[2025-08-13 08:14:12.318] [MSG_SENT] Message 2702 sent to TelemetryApp
[2025-08-13 08:14:12.319] [MSG_SENT] Message 2703 sent to FlightLogicApp
[2025-08-13 08:14:13.111] [MSG_SENT] Message 2701 sent to HKApp
[2025-08-13 08:14:13.322] [MSG_SENT] Message 2702 sent to TelemetryApp
[2025-08-13 08:14:13.323] [MSG_SENT] Message 2703 sent to FlightLogicApp
[2025-08-13 08:14:14.113] [MSG_SENT] Message 2701 sent to HKApp
[2025-08-13 08:14:14.325] [MSG_SENT] Message 2702 sent to TelemetryApp
[2025-08-13 08:14:14.326] [MSG_SENT] Message 2703 sent to FlightLogicApp
[2025-08-13 08:14:15.114] [MSG_SENT] Message 2701 sent to HKApp
[2025-08-13 08:14:15.327] [MSG_SENT] Message 2702 sent to TelemetryApp
[2025-08-13 08:14:15.328] [MSG_SENT] Message 2703 sent to FlightLogicApp
[2025-08-13 08:14:16.134] [MSG_SENT] Message 2701 sent to HKApp
[2025-08-13 08:14:16.329] [MSG_SENT] Message 2702 sent to TelemetryApp
[2025-08-13 08:14:16.331] [MSG_SENT] Message 2703 sent to FlightLogicApp
[2025-08-13 08:14:17.136] [MSG_SENT] Message 2701 sent to HKApp
[2025-08-13 08:14:17.332] [MSG_SENT] Message 2702 sent to TelemetryApp
[2025-08-13 08:14:17.333] [MSG_SENT] Message 2703 sent to FlightLogicApp
[2025-08-13 08:14:18.137] [MSG_SENT] Message 2701 sent to HKApp
[2025-08-13 08:14:18.335] [MSG_SENT] Message 2702 sent to TelemetryApp
[2025-08-13 08:14:18.335] [MSG_SENT] Message 2703 sent to FlightLogicApp
[2025-08-13 08:14:19.139] [MSG_SENT] Message 2701 sent to HKApp
[2025-08-13 08:14:19.338] [MSG_SENT] Message 2702 sent to TelemetryApp
[2025-08-13 08:14:19.340] [MSG_SENT] Message 2703 sent to FlightLogicApp
[2025-08-13 08:14:20.140] [MSG_SENT] Message 2701 sent to HKApp
[2025-08-13 08:14:20.341] [MSG_SENT] Message 2702 sent to TelemetryApp
[2025-08-13 08:14:20.342] [MSG_SENT] Message 2703 sent to FlightLogicApp
[2025-08-13 08:14:21.143] [MSG_SENT] Message 2701 sent to HKApp
[2025-08-13 08:14:21.346] [MSG_SENT] Message 2702 sent to TelemetryApp
[2025-08-13 08:14:21.347] [MSG_SENT] Message 2703 sent to FlightLogicApp
[2025-08-13 08:14:22.144] [MSG_SENT] Message 2701 sent to HKApp
[2025-08-13 08:14:22.349] [MSG_SENT] Message 2702 sent to TelemetryApp
[2025-08-13 08:14:22.350] [MSG_SENT] Message 2703 sent to FlightLogicApp
[2025-08-13 08:14:23.145] [MSG_SENT] Message 2701 sent to HKApp
[2025-08-13 08:14:23.351] [MSG_SENT] Message 2702 sent to TelemetryApp
[2025-08-13 08:14:23.352] [MSG_SENT] Message 2703 sent to FlightLogicApp
[2025-08-13 08:14:24.146] [MSG_SENT] Message 2701 sent to HKApp
[2025-08-13 08:14:24.354] [MSG_SENT] Message 2702 sent to TelemetryApp
[2025-08-13 08:14:24.355] [MSG_SENT] Message 2703 sent to FlightLogicApp
[2025-08-13 08:14:25.148] [MSG_SENT] Message 2701 sent to HKApp
[2025-08-13 08:14:25.356] [MSG_SENT] Message 2702 sent to TelemetryApp
[2025-08-13 08:14:25.357] [MSG_SENT] Message 2703 sent to FlightLogicApp
[2025-08-13 08:14:26.149] [MSG_SENT] Message 2701 sent to HKApp
[2025-08-13 08:14:26.358] [MSG_SENT] Message 2702 sent to TelemetryApp
[2025-08-13 08:14:26.359] [MSG_SENT] Message 2703 sent to FlightLogicApp
[2025-08-13 08:14:27.150] [MSG_SENT] Message 2701 sent to HKApp
[2025-08-13 08:14:27.361] [MSG_SENT] Message 2702 sent to TelemetryApp
[2025-08-13 08:14:27.363] [MSG_SENT] Message 2703 sent to FlightLogicApp
[2025-08-13 08:14:28.152] [MSG_SENT] Message 2701 sent to HKApp
[2025-08-13 08:14:28.364] [MSG_SENT] Message 2702 sent to TelemetryApp
[2025-08-13 08:14:28.365] [MSG_SENT] Message 2703 sent to FlightLogicApp
[2025-08-13 08:14:29.153] [MSG_SENT] Message 2701 sent to HKApp
[2025-08-13 08:14:29.367] [MSG_SENT] Message 2702 sent to TelemetryApp
[2025-08-13 08:14:29.369] [MSG_SENT] Message 2703 sent to FlightLogicApp
[2025-08-13 08:14:30.154] [MSG_SENT] Message 2701 sent to HKApp
[2025-08-13 08:14:30.370] [MSG_SENT] Message 2702 sent to TelemetryApp
[2025-08-13 08:14:30.371] [MSG_SENT] Message 2703 sent to FlightLogicApp
[2025-08-13 08:14:31.156] [MSG_SENT] Message 2701 sent to HKApp
[2025-08-13 08:14:31.372] [MSG_SENT] Message 2702 sent to TelemetryApp
[2025-08-13 08:14:31.373] [MSG_SENT] Message 2703 sent to FlightLogicApp
[2025-08-13 08:14:32.158] [MSG_SENT] Message 2701 sent to HKApp
[2025-08-13 08:14:32.374] [MSG_SENT] Message 2702 sent to TelemetryApp
[2025-08-13 08:14:32.375] [MSG_SENT] Message 2703 sent to FlightLogicApp
[2025-08-13 08:14:33.160] [MSG_SENT] Message 2701 sent to HKApp
[2025-08-13 08:14:33.376] [MSG_SENT] Message 2702 sent to TelemetryApp
[2025-08-13 08:14:33.378] [MSG_SENT] Message 2703 sent to FlightLogicApp
[2025-08-13 08:14:34.162] [MSG_SENT] Message 2701 sent to HKApp
[2025-08-13 08:14:34.380] [MSG_SENT] Message 2702 sent to TelemetryApp
[2025-08-13 08:14:34.380] [MSG_SENT] Message 2703 sent to FlightLogicApp
[2025-08-13 08:14:35.164] [MSG_SENT] Message 2701 sent to HKApp
[2025-08-13 08:14:35.382] [MSG_SENT] Message 2702 sent to TelemetryApp
[2025-08-13 08:14:35.384] [MSG_SENT] Message 2703 sent to FlightLogicApp
[2025-08-13 08:14:36.166] [MSG_SENT] Message 2701 sent to HKApp
[2025-08-13 08:14:36.385] [MSG_SENT] Message 2702 sent to TelemetryApp
[2025-08-13 08:14:36.387] [MSG_SENT] Message 2703 sent to FlightLogicApp
[2025-08-13 08:14:37.167] [MSG_SENT] Message 2701 sent to HKApp
[2025-08-13 08:14:37.388] [MSG_SENT] Message 2702 sent to TelemetryApp
[2025-08-13 08:14:37.389] [MSG_SENT] Message 2703 sent to FlightLogicApp
[2025-08-13 08:14:38.169] [MSG_SENT] Message 2701 sent to HKApp
[2025-08-13 08:14:38.391] [MSG_SENT] Message 2702 sent to TelemetryApp
[2025-08-13 08:14:38.391] [MSG_SENT] Message 2703 sent to FlightLogicApp
[2025-08-13 08:14:39.170] [MSG_SENT] Message 2701 sent to HKApp
[2025-08-13 08:14:39.393] [MSG_SENT] Message 2702 sent to TelemetryApp
[2025-08-13 08:14:39.394] [MSG_SENT] Message 2703 sent to FlightLogicApp
[2025-08-13 08:14:40.172] [MSG_SENT] Message 2701 sent to HKApp
[2025-08-13 08:14:40.395] [MSG_SENT] Message 2702 sent to TelemetryApp
[2025-08-13 08:14:40.397] [MSG_SENT] Message 2703 sent to FlightLogicApp
[2025-08-13 08:14:41.174] [MSG_SENT] Message 2701 sent to HKApp
[2025-08-13 08:14:41.398] [MSG_SENT] Message 2702 sent to TelemetryApp
[2025-08-13 08:14:41.399] [MSG_SENT] Message 2703 sent to FlightLogicApp
[2025-08-13 08:14:42.176] [MSG_SENT] Message 2701 sent to HKApp
[2025-08-13 08:14:42.402] [MSG_SENT] Message 2702 sent to TelemetryApp
[2025-08-13 08:14:42.403] [MSG_SENT] Message 2703 sent to FlightLogicApp
[2025-08-13 08:14:43.177] [MSG_SENT] Message 2701 sent to HKApp
[2025-08-13 08:14:43.404] [MSG_SENT] Message 2702 sent to TelemetryApp
[2025-08-13 08:14:43.406] [MSG_SENT] Message 2703 sent to FlightLogicApp
[2025-08-13 08:14:44.179] [MSG_SENT] Message 2701 sent to HKApp
[2025-08-13 08:14:44.407] [MSG_SENT] Message 2702 sent to TelemetryApp
[2025-08-13 08:14:44.409] [MSG_SENT] Message 2703 sent to FlightLogicApp
[2025-08-13 08:14:45.180] [MSG_SENT] Message 2701 sent to HKApp
[2025-08-13 08:14:45.410] [MSG_SENT] Message 2702 sent to TelemetryApp
[2025-08-13 08:14:45.411] [MSG_SENT] Message 2703 sent to FlightLogicApp
[2025-08-13 08:14:46.181] [MSG_SENT] Message 2701 sent to HKApp
[2025-08-13 08:14:46.412] [MSG_SENT] Message 2702 sent to TelemetryApp
[2025-08-13 08:14:46.414] [MSG_SENT] Message 2703 sent to FlightLogicApp
[2025-08-13 08:14:47.182] [MSG_SENT] Message 2701 sent to HKApp
[2025-08-13 08:14:47.415] [MSG_SENT] Message 2702 sent to TelemetryApp
[2025-08-13 08:14:47.415] [MSG_SENT] Message 2703 sent to FlightLogicApp
[2025-08-13 08:14:48.184] [MSG_SENT] Message 2701 sent to HKApp
[2025-08-13 08:14:48.417] [MSG_SENT] Message 2702 sent to TelemetryApp
[2025-08-13 08:14:48.419] [MSG_SENT] Message 2703 sent to FlightLogicApp
[2025-08-13 08:14:49.185] [MSG_SENT] Message 2701 sent to HKApp
[2025-08-13 08:14:49.420] [MSG_SENT] Message 2702 sent to TelemetryApp
[2025-08-13 08:14:49.421] [MSG_SENT] Message 2703 sent to FlightLogicApp
[2025-08-13 08:14:50.186] [MSG_SENT] Message 2701 sent to HKApp
[2025-08-13 08:14:50.423] [MSG_SENT] Message 2702 sent to TelemetryApp
[2025-08-13 08:14:50.424] [MSG_SENT] Message 2703 sent to FlightLogicApp
[2025-08-13 08:14:51.198] [MSG_SENT] Message 2701 sent to HKApp
[2025-08-13 08:14:51.425] [MSG_SENT] Message 2702 sent to TelemetryApp
[2025-08-13 08:14:51.426] [MSG_SENT] Message 2703 sent to FlightLogicApp
[2025-08-13 08:14:52.199] [MSG_SENT] Message 2701 sent to HKApp
[2025-08-13 08:14:52.428] [MSG_SENT] Message 2702 sent to TelemetryApp
[2025-08-13 08:14:52.429] [MSG_SENT] Message 2703 sent to FlightLogicApp
[2025-08-13 08:14:53.201] [MSG_SENT] Message 2701 sent to HKApp
[2025-08-13 08:14:53.430] [MSG_SENT] Message 2702 sent to TelemetryApp
[2025-08-13 08:14:53.431] [MSG_SENT] Message 2703 sent to FlightLogicApp
[2025-08-13 08:14:54.202] [MSG_SENT] Message 2701 sent to HKApp
[2025-08-13 08:14:54.433] [MSG_SENT] Message 2702 sent to TelemetryApp
[2025-08-13 08:14:54.433] [MSG_SENT] Message 2703 sent to FlightLogicApp
[2025-08-13 08:14:55.203] [MSG_SENT] Message 2701 sent to HKApp
[2025-08-13 08:14:55.435] [MSG_SENT] Message 2702 sent to TelemetryApp
[2025-08-13 08:14:55.436] [MSG_SENT] Message 2703 sent to FlightLogicApp
[2025-08-13 08:14:56.220] [MSG_SENT] Message 2701 sent to HKApp
[2025-08-13 08:14:56.437] [MSG_SENT] Message 2702 sent to TelemetryApp
[2025-08-13 08:14:56.439] [MSG_SENT] Message 2703 sent to FlightLogicApp
[2025-08-13 08:14:57.221] [MSG_SENT] Message 2701 sent to HKApp
[2025-08-13 08:14:57.440] [MSG_SENT] Message 2702 sent to TelemetryApp
[2025-08-13 08:14:57.441] [MSG_SENT] Message 2703 sent to FlightLogicApp
[2025-08-13 08:14:58.223] [MSG_SENT] Message 2701 sent to HKApp
[2025-08-13 08:14:58.443] [MSG_SENT] Message 2702 sent to TelemetryApp
[2025-08-13 08:14:58.444] [MSG_SENT] Message 2703 sent to FlightLogicApp
[2025-08-13 08:14:59.224] [MSG_SENT] Message 2701 sent to HKApp
[2025-08-13 08:14:59.445] [MSG_SENT] Message 2702 sent to TelemetryApp
[2025-08-13 08:14:59.446] [MSG_SENT] Message 2703 sent to FlightLogicApp
[2025-08-13 08:15:00.225] [MSG_SENT] Message 2701 sent to HKApp
[2025-08-13 08:15:00.447] [MSG_SENT] Message 2702 sent to TelemetryApp
[2025-08-13 08:15:00.449] [MSG_SENT] Message 2703 sent to FlightLogicApp
[2025-08-13 08:15:01.227] [MSG_SENT] Message 2701 sent to HKApp
[2025-08-13 08:15:01.450] [MSG_SENT] Message 2702 sent to TelemetryApp
[2025-08-13 08:15:01.451] [MSG_SENT] Message 2703 sent to FlightLogicApp
[2025-08-13 08:15:02.228] [MSG_SENT] Message 2701 sent to HKApp
[2025-08-13 08:15:02.453] [MSG_SENT] Message 2702 sent to TelemetryApp
[2025-08-13 08:15:02.453] [MSG_SENT] Message 2703 sent to FlightLogicApp
[2025-08-13 08:15:03.229] [MSG_SENT] Message 2701 sent to HKApp
[2025-08-13 08:15:03.455] [MSG_SENT] Message 2702 sent to TelemetryApp
[2025-08-13 08:15:03.456] [MSG_SENT] Message 2703 sent to FlightLogicApp
[2025-08-13 08:15:04.230] [MSG_SENT] Message 2701 sent to HKApp
[2025-08-13 08:15:04.458] [MSG_SENT] Message 2702 sent to TelemetryApp
[2025-08-13 08:15:04.459] [MSG_SENT] Message 2703 sent to FlightLogicApp
[2025-08-13 08:15:05.232] [MSG_SENT] Message 2701 sent to HKApp
[2025-08-13 08:15:05.460] [MSG_SENT] Message 2702 sent to TelemetryApp
[2025-08-13 08:15:05.461] [MSG_SENT] Message 2703 sent to FlightLogicApp
[2025-08-13 08:15:06.260] [MSG_SENT] Message 2701 sent to HKApp
[2025-08-13 08:15:06.463] [MSG_SENT] Message 2702 sent to TelemetryApp
[2025-08-13 08:15:06.463] [MSG_SENT] Message 2703 sent to FlightLogicApp
[2025-08-13 08:15:07.261] [MSG_SENT] Message 2701 sent to HKApp
[2025-08-13 08:15:07.465] [MSG_SENT] Message 2702 sent to TelemetryApp
[2025-08-13 08:15:07.465] [MSG_SENT] Message 2703 sent to FlightLogicApp
[2025-08-13 08:15:08.262] [MSG_SENT] Message 2701 sent to HKApp
[2025-08-13 08:15:08.467] [MSG_SENT] Message 2702 sent to TelemetryApp
[2025-08-13 08:15:08.468] [MSG_SENT] Message 2703 sent to FlightLogicApp
[2025-08-13 08:15:09.263] [MSG_SENT] Message 2701 sent to HKApp
[2025-08-13 08:15:09.469] [MSG_SENT] Message 2702 sent to TelemetryApp
[2025-08-13 08:15:09.470] [MSG_SENT] Message 2703 sent to FlightLogicApp
[2025-08-13 08:15:10.264] [MSG_SENT] Message 2701 sent to HKApp
[2025-08-13 08:15:10.472] [MSG_SENT] Message 2702 sent to TelemetryApp
[2025-08-13 08:15:10.473] [MSG_SENT] Message 2703 sent to FlightLogicApp
[2025-08-13 08:15:11.266] [MSG_SENT] Message 2701 sent to HKApp
[2025-08-13 08:15:11.474] [MSG_SENT] Message 2702 sent to TelemetryApp
[2025-08-13 08:15:11.476] [MSG_SENT] Message 2703 sent to FlightLogicApp
[2025-08-13 08:15:12.267] [MSG_SENT] Message 2701 sent to HKApp
[2025-08-13 08:15:12.477] [MSG_SENT] Message 2702 sent to TelemetryApp
[2025-08-13 08:15:12.478] [MSG_SENT] Message 2703 sent to FlightLogicApp
[2025-08-13 08:15:13.269] [MSG_SENT] Message 2701 sent to HKApp
[2025-08-13 08:15:13.480] [MSG_SENT] Message 2702 sent to TelemetryApp
[2025-08-13 08:15:13.481] [MSG_SENT] Message 2703 sent to FlightLogicApp
[2025-08-13 08:15:14.272] [MSG_SENT] Message 2701 sent to HKApp
[2025-08-13 08:15:14.483] [MSG_SENT] Message 2702 sent to TelemetryApp
[2025-08-13 08:15:14.484] [MSG_SENT] Message 2703 sent to FlightLogicApp
[2025-08-13 08:15:15.273] [MSG_SENT] Message 2701 sent to HKApp
[2025-08-13 08:15:15.486] [MSG_SENT] Message 2702 sent to TelemetryApp
[2025-08-13 08:15:15.487] [MSG_SENT] Message 2703 sent to FlightLogicApp
[2025-08-13 08:15:16.276] [MSG_SENT] Message 2701 sent to HKApp
[2025-08-13 08:15:16.489] [MSG_SENT] Message 2702 sent to TelemetryApp
[2025-08-13 08:15:16.490] [MSG_SENT] Message 2703 sent to FlightLogicApp
[2025-08-13 08:15:17.278] [MSG_SENT] Message 2701 sent to HKApp
[2025-08-13 08:15:17.491] [MSG_SENT] Message 2702 sent to TelemetryApp
[2025-08-13 08:15:17.493] [MSG_SENT] Message 2703 sent to FlightLogicApp
[2025-08-13 08:15:18.280] [MSG_SENT] Message 2701 sent to HKApp
[2025-08-13 08:15:18.494] [MSG_SENT] Message 2702 sent to TelemetryApp
[2025-08-13 08:15:18.495] [MSG_SENT] Message 2703 sent to FlightLogicApp
[2025-08-13 08:15:19.281] [MSG_SENT] Message 2701 sent to HKApp
[2025-08-13 08:15:19.497] [MSG_SENT] Message 2702 sent to TelemetryApp
[2025-08-13 08:15:19.498] [MSG_SENT] Message 2703 sent to FlightLogicApp
[2025-08-13 08:15:20.282] [MSG_SENT] Message 2701 sent to HKApp
[2025-08-13 08:15:20.499] [MSG_SENT] Message 2702 sent to TelemetryApp
[2025-08-13 08:15:20.500] [MSG_SENT] Message 2703 sent to FlightLogicApp
[2025-08-13 08:15:21.283] [MSG_SENT] Message 2701 sent to HKApp
[2025-08-13 08:15:21.501] [MSG_SENT] Message 2702 sent to TelemetryApp
[2025-08-13 08:15:21.503] [MSG_SENT] Message 2703 sent to FlightLogicApp
[2025-08-13 08:15:22.284] [MSG_SENT] Message 2701 sent to HKApp
[2025-08-13 08:15:22.505] [MSG_SENT] Message 2702 sent to TelemetryApp
[2025-08-13 08:15:22.506] [MSG_SENT] Message 2703 sent to FlightLogicApp
[2025-08-13 08:15:23.286] [MSG_SENT] Message 2701 sent to HKApp
[2025-08-13 08:15:23.508] [MSG_SENT] Message 2702 sent to TelemetryApp
[2025-08-13 08:15:23.510] [MSG_SENT] Message 2703 sent to FlightLogicApp
[2025-08-13 08:15:24.288] [MSG_SENT] Message 2701 sent to HKApp
[2025-08-13 08:15:24.512] [MSG_SENT] Message 2702 sent to TelemetryApp
[2025-08-13 08:15:24.513] [MSG_SENT] Message 2703 sent to FlightLogicApp
[2025-08-13 08:15:25.290] [MSG_SENT] Message 2701 sent to HKApp
[2025-08-13 08:15:25.515] [MSG_SENT] Message 2702 sent to TelemetryApp
[2025-08-13 08:15:25.517] [MSG_SENT] Message 2703 sent to FlightLogicApp
[2025-08-13 08:15:26.292] [MSG_SENT] Message 2701 sent to HKApp
[2025-08-13 08:15:26.519] [MSG_SENT] Message 2702 sent to TelemetryApp
[2025-08-13 08:15:26.519] [MSG_SENT] Message 2703 sent to FlightLogicApp
[2025-08-13 08:15:27.293] [MSG_SENT] Message 2701 sent to HKApp
[2025-08-13 08:15:27.520] [MSG_SENT] Message 2702 sent to TelemetryApp
[2025-08-13 08:15:27.521] [MSG_SENT] Message 2703 sent to FlightLogicApp
[2025-08-13 08:15:28.294] [MSG_SENT] Message 2701 sent to HKApp
[2025-08-13 08:15:28.522] [MSG_SENT] Message 2702 sent to TelemetryApp
[2025-08-13 08:15:28.523] [MSG_SENT] Message 2703 sent to FlightLogicApp
[2025-08-13 08:15:29.295] [MSG_SENT] Message 2701 sent to HKApp
[2025-08-13 08:15:29.524] [MSG_SENT] Message 2702 sent to TelemetryApp
[2025-08-13 08:15:29.525] [MSG_SENT] Message 2703 sent to FlightLogicApp
[2025-08-13 08:15:30.297] [MSG_SENT] Message 2701 sent to HKApp
[2025-08-13 08:15:30.527] [MSG_SENT] Message 2702 sent to TelemetryApp
[2025-08-13 08:15:30.527] [MSG_SENT] Message 2703 sent to FlightLogicApp
[2025-08-13 08:15:31.298] [MSG_SENT] Message 2701 sent to HKApp
[2025-08-13 08:15:31.529] [MSG_SENT] Message 2702 sent to TelemetryApp
[2025-08-13 08:15:31.530] [MSG_SENT] Message 2703 sent to FlightLogicApp
[2025-08-13 08:15:32.299] [MSG_SENT] Message 2701 sent to HKApp
[2025-08-13 08:15:32.532] [MSG_SENT] Message 2702 sent to TelemetryApp
[2025-08-13 08:15:32.533] [MSG_SENT] Message 2703 sent to FlightLogicApp
[2025-08-13 08:15:33.300] [MSG_SENT] Message 2701 sent to HKApp
[2025-08-13 08:15:33.534] [MSG_SENT] Message 2702 sent to TelemetryApp
[2025-08-13 08:15:33.535] [MSG_SENT] Message 2703 sent to FlightLogicApp
[2025-08-13 08:15:34.302] [MSG_SENT] Message 2701 sent to HKApp
[2025-08-13 08:15:34.536] [MSG_SENT] Message 2702 sent to TelemetryApp
[2025-08-13 08:15:34.537] [MSG_SENT] Message 2703 sent to FlightLogicApp
[2025-08-13 08:15:35.303] [MSG_SENT] Message 2701 sent to HKApp
[2025-08-13 08:15:35.539] [MSG_SENT] Message 2702 sent to TelemetryApp
[2025-08-13 08:15:35.540] [MSG_SENT] Message 2703 sent to FlightLogicApp
[2025-08-13 08:15:36.304] [MSG_SENT] Message 2701 sent to HKApp
[2025-08-13 08:15:36.541] [MSG_SENT] Message 2702 sent to TelemetryApp
[2025-08-13 08:15:36.542] [MSG_SENT] Message 2703 sent to FlightLogicApp
[2025-08-13 08:15:37.305] [MSG_SENT] Message 2701 sent to HKApp
[2025-08-13 08:15:37.543] [MSG_SENT] Message 2702 sent to TelemetryApp
[2025-08-13 08:15:37.544] [MSG_SENT] Message 2703 sent to FlightLogicApp
[2025-08-13 08:15:38.306] [MSG_SENT] Message 2701 sent to HKApp
[2025-08-13 08:15:38.546] [MSG_SENT] Message 2702 sent to TelemetryApp
[2025-08-13 08:15:38.546] [MSG_SENT] Message 2703 sent to FlightLogicApp
[2025-08-13 08:15:39.308] [MSG_SENT] Message 2701 sent to HKApp
[2025-08-13 08:15:39.549] [MSG_SENT] Message 2702 sent to TelemetryApp
[2025-08-13 08:15:39.550] [MSG_SENT] Message 2703 sent to FlightLogicApp
[2025-08-13 08:15:40.309] [MSG_SENT] Message 2701 sent to HKApp
[2025-08-13 08:15:40.551] [MSG_SENT] Message 2702 sent to TelemetryApp
[2025-08-13 08:15:40.552] [MSG_SENT] Message 2703 sent to FlightLogicApp
[2025-08-13 08:15:41.311] [MSG_SENT] Message 2701 sent to HKApp
[2025-08-13 08:15:41.553] [MSG_SENT] Message 2702 sent to TelemetryApp
[2025-08-13 08:15:41.554] [MSG_SENT] Message 2703 sent to FlightLogicApp
[2025-08-13 08:15:42.313] [MSG_SENT] Message 2701 sent to HKApp
[2025-08-13 08:15:42.557] [MSG_SENT] Message 2702 sent to TelemetryApp
[2025-08-13 08:15:42.559] [MSG_SENT] Message 2703 sent to FlightLogicApp
[2025-08-13 08:15:43.314] [MSG_SENT] Message 2701 sent to HKApp
[2025-08-13 08:15:43.560] [MSG_SENT] Message 2702 sent to TelemetryApp
[2025-08-13 08:15:43.561] [MSG_SENT] Message 2703 sent to FlightLogicApp
[2025-08-13 08:15:44.315] [MSG_SENT] Message 2701 sent to HKApp
[2025-08-13 08:15:44.562] [MSG_SENT] Message 2702 sent to TelemetryApp
[2025-08-13 08:15:44.563] [MSG_SENT] Message 2703 sent to FlightLogicApp
[2025-08-13 08:15:45.317] [MSG_SENT] Message 2701 sent to HKApp
[2025-08-13 08:15:45.564] [MSG_SENT] Message 2702 sent to TelemetryApp
[2025-08-13 08:15:45.565] [MSG_SENT] Message 2703 sent to FlightLogicApp
[2025-08-13 08:15:46.318] [MSG_SENT] Message 2701 sent to HKApp
[2025-08-13 08:15:46.567] [MSG_SENT] Message 2702 sent to TelemetryApp
[2025-08-13 08:15:46.568] [MSG_SENT] Message 2703 sent to FlightLogicApp
[2025-08-13 08:15:47.320] [MSG_SENT] Message 2701 sent to HKApp
[2025-08-13 08:15:47.570] [MSG_SENT] Message 2702 sent to TelemetryApp
[2025-08-13 08:15:47.571] [MSG_SENT] Message 2703 sent to FlightLogicApp
[2025-08-13 08:15:48.321] [MSG_SENT] Message 2701 sent to HKApp
[2025-08-13 08:15:48.573] [MSG_SENT] Message 2702 sent to TelemetryApp
[2025-08-13 08:15:48.574] [MSG_SENT] Message 2703 sent to FlightLogicApp
[2025-08-13 08:15:49.323] [MSG_SENT] Message 2701 sent to HKApp
[2025-08-13 08:15:49.576] [MSG_SENT] Message 2702 sent to TelemetryApp
[2025-08-13 08:15:49.577] [MSG_SENT] Message 2703 sent to FlightLogicApp
[2025-08-13 08:15:50.324] [MSG_SENT] Message 2701 sent to HKApp
[2025-08-13 08:15:50.579] [MSG_SENT] Message 2702 sent to TelemetryApp
[2025-08-13 08:15:50.579] [MSG_SENT] Message 2703 sent to FlightLogicApp
[2025-08-13 08:15:51.325] [MSG_SENT] Message 2701 sent to HKApp
[2025-08-13 08:15:51.581] [MSG_SENT] Message 2702 sent to TelemetryApp
[2025-08-13 08:15:51.582] [MSG_SENT] Message 2703 sent to FlightLogicApp
[2025-08-13 08:15:52.326] [MSG_SENT] Message 2701 sent to HKApp
[2025-08-13 08:15:52.583] [MSG_SENT] Message 2702 sent to TelemetryApp
[2025-08-13 08:15:52.584] [MSG_SENT] Message 2703 sent to FlightLogicApp
[2025-08-13 08:15:53.328] [MSG_SENT] Message 2701 sent to HKApp
[2025-08-13 08:15:53.585] [MSG_SENT] Message 2702 sent to TelemetryApp
[2025-08-13 08:15:53.586] [MSG_SENT] Message 2703 sent to FlightLogicApp
[2025-08-13 08:15:54.329] [MSG_SENT] Message 2701 sent to HKApp
[2025-08-13 08:15:54.587] [MSG_SENT] Message 2702 sent to TelemetryApp
[2025-08-13 08:15:54.589] [MSG_SENT] Message 2703 sent to FlightLogicApp
[2025-08-13 08:15:55.331] [MSG_SENT] Message 2701 sent to HKApp
[2025-08-13 08:15:55.590] [MSG_SENT] Message 2702 sent to TelemetryApp
[2025-08-13 08:15:55.591] [MSG_SENT] Message 2703 sent to FlightLogicApp
[2025-08-13 08:15:56.332] [MSG_SENT] Message 2701 sent to HKApp
[2025-08-13 08:15:56.592] [MSG_SENT] Message 2702 sent to TelemetryApp
[2025-08-13 08:15:56.593] [MSG_SENT] Message 2703 sent to FlightLogicApp
[2025-08-13 08:15:57.333] [MSG_SENT] Message 2701 sent to HKApp
[2025-08-13 08:15:57.595] [MSG_SENT] Message 2702 sent to TelemetryApp
[2025-08-13 08:15:57.596] [MSG_SENT] Message 2703 sent to FlightLogicApp
[2025-08-13 08:15:58.335] [MSG_SENT] Message 2701 sent to HKApp
[2025-08-13 08:15:58.597] [MSG_SENT] Message 2702 sent to TelemetryApp
[2025-08-13 08:15:58.598] [MSG_SENT] Message 2703 sent to FlightLogicApp
[2025-08-13 08:15:59.336] [MSG_SENT] Message 2701 sent to HKApp
[2025-08-13 08:15:59.599] [MSG_SENT] Message 2702 sent to TelemetryApp
[2025-08-13 08:15:59.600] [MSG_SENT] Message 2703 sent to FlightLogicApp
[2025-08-13 08:16:00.338] [MSG_SENT] Message 2701 sent to HKApp
[2025-08-13 08:16:00.602] [MSG_SENT] Message 2702 sent to TelemetryApp
[2025-08-13 08:16:00.603] [MSG_SENT] Message 2703 sent to FlightLogicApp
[2025-08-13 08:16:01.339] [MSG_SENT] Message 2701 sent to HKApp
[2025-08-13 08:16:01.604] [MSG_SENT] Message 2702 sent to TelemetryApp
[2025-08-13 08:16:01.606] [MSG_SENT] Message 2703 sent to FlightLogicApp
[2025-08-13 08:16:02.340] [MSG_SENT] Message 2701 sent to HKApp
[2025-08-13 08:16:02.607] [MSG_SENT] Message 2702 sent to TelemetryApp
[2025-08-13 08:16:02.609] [MSG_SENT] Message 2703 sent to FlightLogicApp
[2025-08-13 08:16:03.341] [MSG_SENT] Message 2701 sent to HKApp
[2025-08-13 08:16:03.610] [MSG_SENT] Message 2702 sent to TelemetryApp
[2025-08-13 08:16:03.612] [MSG_SENT] Message 2703 sent to FlightLogicApp
[2025-08-13 08:16:04.342] [MSG_SENT] Message 2701 sent to HKApp
[2025-08-13 08:16:04.613] [MSG_SENT] Message 2702 sent to TelemetryApp
[2025-08-13 08:16:04.614] [MSG_SENT] Message 2703 sent to FlightLogicApp
[2025-08-13 08:16:05.344] [MSG_SENT] Message 2701 sent to HKApp
[2025-08-13 08:16:05.616] [MSG_SENT] Message 2702 sent to TelemetryApp
[2025-08-13 08:16:05.780] [MSG_SENT] Message 2703 sent to FlightLogicApp
[2025-08-13 08:16:06.345] [MSG_SENT] Message 2701 sent to HKApp
[2025-08-13 08:16:06.781] [MSG_SENT] Message 2702 sent to TelemetryApp
[2025-08-13 08:16:06.782] [MSG_SENT] Message 2703 sent to FlightLogicApp
[2025-08-13 08:16:07.346] [MSG_SENT] Message 2701 sent to HKApp
[2025-08-13 08:16:07.783] [MSG_SENT] Message 2702 sent to TelemetryApp
[2025-08-13 08:16:07.784] [MSG_SENT] Message 2703 sent to FlightLogicApp
[2025-08-13 08:16:08.347] [MSG_SENT] Message 2701 sent to HKApp
[2025-08-13 08:16:08.785] [MSG_SENT] Message 2702 sent to TelemetryApp
[2025-08-13 08:16:08.786] [MSG_SENT] Message 2703 sent to FlightLogicApp
[2025-08-13 08:16:09.349] [MSG_SENT] Message 2701 sent to HKApp
[2025-08-13 08:16:09.788] [MSG_SENT] Message 2702 sent to TelemetryApp
[2025-08-13 08:16:09.789] [MSG_SENT] Message 2703 sent to FlightLogicApp
[2025-08-13 08:16:10.351] [MSG_SENT] Message 2701 sent to HKApp
[2025-08-13 08:16:10.791] [MSG_SENT] Message 2702 sent to TelemetryApp
[2025-08-13 08:16:10.792] [MSG_SENT] Message 2703 sent to FlightLogicApp
[2025-08-13 08:16:11.351] [MSG_SENT] Message 2701 sent to HKApp
[2025-08-13 08:16:11.794] [MSG_SENT] Message 2702 sent to TelemetryApp
[2025-08-13 08:16:11.794] [MSG_SENT] Message 2703 sent to FlightLogicApp
[2025-08-13 08:16:12.353] [MSG_SENT] Message 2701 sent to HKApp
[2025-08-13 08:16:12.796] [MSG_SENT] Message 2702 sent to TelemetryApp
[2025-08-13 08:16:12.797] [MSG_SENT] Message 2703 sent to FlightLogicApp
[2025-08-13 08:16:13.354] [MSG_SENT] Message 2701 sent to HKApp
[2025-08-13 08:16:13.798] [MSG_SENT] Message 2702 sent to TelemetryApp
[2025-08-13 08:16:13.799] [MSG_SENT] Message 2703 sent to FlightLogicApp
[2025-08-13 08:16:14.355] [MSG_SENT] Message 2701 sent to HKApp
[2025-08-13 08:16:14.801] [MSG_SENT] Message 2702 sent to TelemetryApp
[2025-08-13 08:16:14.802] [MSG_SENT] Message 2703 sent to FlightLogicApp
[2025-08-13 08:16:15.356] [MSG_SENT] Message 2701 sent to HKApp
[2025-08-13 08:16:15.803] [MSG_SENT] Message 2702 sent to TelemetryApp
[2025-08-13 08:16:15.805] [MSG_SENT] Message 2703 sent to FlightLogicApp
[2025-08-13 08:16:16.358] [MSG_SENT] Message 2701 sent to HKApp
[2025-08-13 08:16:16.806] [MSG_SENT] Message 2702 sent to TelemetryApp
[2025-08-13 08:16:16.807] [MSG_SENT] Message 2703 sent to FlightLogicApp
[2025-08-13 08:16:17.359] [MSG_SENT] Message 2701 sent to HKApp
[2025-08-13 08:16:17.810] [MSG_SENT] Message 2702 sent to TelemetryApp
[2025-08-13 08:16:17.811] [MSG_SENT] Message 2703 sent to FlightLogicApp
[2025-08-13 08:16:18.361] [MSG_SENT] Message 2701 sent to HKApp
[2025-08-13 08:16:18.813] [MSG_SENT] Message 2702 sent to TelemetryApp
[2025-08-13 08:16:18.814] [MSG_SENT] Message 2703 sent to FlightLogicApp
[2025-08-13 08:16:19.362] [MSG_SENT] Message 2701 sent to HKApp
[2025-08-13 08:16:19.815] [MSG_SENT] Message 2702 sent to TelemetryApp
[2025-08-13 08:16:19.816] [MSG_SENT] Message 2703 sent to FlightLogicApp
[2025-08-13 08:16:20.363] [MSG_SENT] Message 2701 sent to HKApp
[2025-08-13 08:16:20.817] [MSG_SENT] Message 2702 sent to TelemetryApp
[2025-08-13 08:16:20.818] [MSG_SENT] Message 2703 sent to FlightLogicApp
[2025-08-13 08:16:21.364] [MSG_SENT] Message 2701 sent to HKApp
[2025-08-13 08:16:21.820] [MSG_SENT] Message 2702 sent to TelemetryApp
[2025-08-13 08:16:21.821] [MSG_SENT] Message 2703 sent to FlightLogicApp
[2025-08-13 08:16:22.367] [MSG_SENT] Message 2701 sent to HKApp
[2025-08-13 08:16:22.822] [MSG_SENT] Message 2702 sent to TelemetryApp
[2025-08-13 08:16:22.823] [MSG_SENT] Message 2703 sent to FlightLogicApp
[2025-08-13 08:16:23.369] [MSG_SENT] Message 2701 sent to HKApp
[2025-08-13 08:16:23.825] [MSG_SENT] Message 2702 sent to TelemetryApp
[2025-08-13 08:16:23.827] [MSG_SENT] Message 2703 sent to FlightLogicApp
[2025-08-13 08:16:24.370] [MSG_SENT] Message 2701 sent to HKApp
[2025-08-13 08:16:24.828] [MSG_SENT] Message 2702 sent to TelemetryApp
[2025-08-13 08:16:24.829] [MSG_SENT] Message 2703 sent to FlightLogicApp
[2025-08-13 08:16:25.372] [MSG_SENT] Message 2701 sent to HKApp
[2025-08-13 08:16:25.830] [MSG_SENT] Message 2702 sent to TelemetryApp
[2025-08-13 08:16:25.831] [MSG_SENT] Message 2703 sent to FlightLogicApp
[2025-08-13 08:16:26.373] [MSG_SENT] Message 2701 sent to HKApp
[2025-08-13 08:16:26.832] [MSG_SENT] Message 2702 sent to TelemetryApp
[2025-08-13 08:16:26.833] [MSG_SENT] Message 2703 sent to FlightLogicApp
[2025-08-13 08:16:27.375] [MSG_SENT] Message 2701 sent to HKApp
[2025-08-13 08:16:27.835] [MSG_SENT] Message 2702 sent to TelemetryApp
[2025-08-13 08:16:27.836] [MSG_SENT] Message 2703 sent to FlightLogicApp
[2025-08-13 08:16:28.376] [MSG_SENT] Message 2701 sent to HKApp
[2025-08-13 08:16:28.839] [MSG_SENT] Message 2702 sent to TelemetryApp
[2025-08-13 08:16:28.840] [MSG_SENT] Message 2703 sent to FlightLogicApp
[2025-08-13 08:16:29.377] [MSG_SENT] Message 2701 sent to HKApp
[2025-08-13 08:16:29.842] [MSG_SENT] Message 2702 sent to TelemetryApp
[2025-08-13 08:16:29.843] [MSG_SENT] Message 2703 sent to FlightLogicApp
[2025-08-13 08:16:30.379] [MSG_SENT] Message 2701 sent to HKApp
[2025-08-13 08:16:30.845] [MSG_SENT] Message 2702 sent to TelemetryApp
[2025-08-13 08:16:30.846] [MSG_SENT] Message 2703 sent to FlightLogicApp
[2025-08-13 08:16:31.380] [MSG_SENT] Message 2701 sent to HKApp
[2025-08-13 08:16:31.848] [MSG_SENT] Message 2702 sent to TelemetryApp
[2025-08-13 08:16:31.849] [MSG_SENT] Message 2703 sent to FlightLogicApp
[2025-08-13 08:16:32.381] [MSG_SENT] Message 2701 sent to HKApp
[2025-08-13 08:16:32.850] [MSG_SENT] Message 2702 sent to TelemetryApp
[2025-08-13 08:16:32.851] [MSG_SENT] Message 2703 sent to FlightLogicApp
[2025-08-13 08:16:33.382] [MSG_SENT] Message 2701 sent to HKApp
[2025-08-13 08:16:33.853] [MSG_SENT] Message 2702 sent to TelemetryApp
[2025-08-13 08:16:33.854] [MSG_SENT] Message 2703 sent to FlightLogicApp
[2025-08-13 08:16:34.384] [MSG_SENT] Message 2701 sent to HKApp
[2025-08-13 08:16:34.856] [MSG_SENT] Message 2702 sent to TelemetryApp
[2025-08-13 08:16:34.856] [MSG_SENT] Message 2703 sent to FlightLogicApp
[2025-08-13 08:16:35.385] [MSG_SENT] Message 2701 sent to HKApp
[2025-08-13 08:16:35.858] [MSG_SENT] Message 2702 sent to TelemetryApp
[2025-08-13 08:16:35.860] [MSG_SENT] Message 2703 sent to FlightLogicApp
[2025-08-13 08:16:36.387] [MSG_SENT] Message 2701 sent to HKApp
[2025-08-13 08:16:36.861] [MSG_SENT] Message 2702 sent to TelemetryApp
[2025-08-13 08:16:36.862] [MSG_SENT] Message 2703 sent to FlightLogicApp
[2025-08-13 08:16:37.388] [MSG_SENT] Message 2701 sent to HKApp
[2025-08-13 08:16:37.864] [MSG_SENT] Message 2702 sent to TelemetryApp
[2025-08-13 08:16:37.865] [MSG_SENT] Message 2703 sent to FlightLogicApp
[2025-08-13 08:16:38.390] [MSG_SENT] Message 2701 sent to HKApp
[2025-08-13 08:16:38.867] [MSG_SENT] Message 2702 sent to TelemetryApp
[2025-08-13 08:16:38.868] [MSG_SENT] Message 2703 sent to FlightLogicApp
[2025-08-13 08:16:39.391] [MSG_SENT] Message 2701 sent to HKApp
[2025-08-13 08:16:39.870] [MSG_SENT] Message 2702 sent to TelemetryApp
[2025-08-13 08:16:39.871] [MSG_SENT] Message 2703 sent to FlightLogicApp
[2025-08-13 08:16:40.393] [MSG_SENT] Message 2701 sent to HKApp
[2025-08-13 08:16:40.872] [MSG_SENT] Message 2702 sent to TelemetryApp
[2025-08-13 08:16:40.873] [MSG_SENT] Message 2703 sent to FlightLogicApp
[2025-08-13 08:16:41.395] [MSG_SENT] Message 2701 sent to HKApp
[2025-08-13 08:16:41.874] [MSG_SENT] Message 2702 sent to TelemetryApp
[2025-08-13 08:16:41.876] [MSG_SENT] Message 2703 sent to FlightLogicApp
[2025-08-13 08:16:42.397] [MSG_SENT] Message 2701 sent to HKApp
[2025-08-13 08:16:42.877] [MSG_SENT] Message 2702 sent to TelemetryApp
[2025-08-13 08:16:42.878] [MSG_SENT] Message 2703 sent to FlightLogicApp
[2025-08-13 08:16:43.399] [MSG_SENT] Message 2701 sent to HKApp
[2025-08-13 08:16:43.879] [MSG_SENT] Message 2702 sent to TelemetryApp
[2025-08-13 08:16:43.880] [MSG_SENT] Message 2703 sent to FlightLogicApp
[2025-08-13 08:16:44.400] [MSG_SENT] Message 2701 sent to HKApp
[2025-08-13 08:16:44.881] [MSG_SENT] Message 2702 sent to TelemetryApp
[2025-08-13 08:16:44.882] [MSG_SENT] Message 2703 sent to FlightLogicApp
[2025-08-13 08:16:45.401] [MSG_SENT] Message 2701 sent to HKApp
[2025-08-13 08:16:45.883] [MSG_SENT] Message 2702 sent to TelemetryApp
[2025-08-13 08:16:45.884] [MSG_SENT] Message 2703 sent to FlightLogicApp
[2025-08-13 08:16:46.402] [MSG_SENT] Message 2701 sent to HKApp
[2025-08-13 08:16:46.886] [MSG_SENT] Message 2702 sent to TelemetryApp
[2025-08-13 08:16:46.887] [MSG_SENT] Message 2703 sent to FlightLogicApp
[2025-08-13 08:16:47.404] [MSG_SENT] Message 2701 sent to HKApp
[2025-08-13 08:16:47.889] [MSG_SENT] Message 2702 sent to TelemetryApp
[2025-08-13 08:16:47.890] [MSG_SENT] Message 2703 sent to FlightLogicApp
[2025-08-13 08:16:48.405] [MSG_SENT] Message 2701 sent to HKApp
[2025-08-13 08:16:48.891] [MSG_SENT] Message 2702 sent to TelemetryApp
[2025-08-13 08:16:48.892] [MSG_SENT] Message 2703 sent to FlightLogicApp
[2025-08-13 08:16:49.406] [MSG_SENT] Message 2701 sent to HKApp
[2025-08-13 08:16:49.893] [MSG_SENT] Message 2702 sent to TelemetryApp
[2025-08-13 08:16:49.895] [MSG_SENT] Message 2703 sent to FlightLogicApp
[2025-08-13 08:16:50.407] [MSG_SENT] Message 2701 sent to HKApp
[2025-08-13 08:16:50.899] [MSG_SENT] Message 2702 sent to TelemetryApp
[2025-08-13 08:16:50.900] [MSG_SENT] Message 2703 sent to FlightLogicApp
[2025-08-13 08:16:51.409] [MSG_SENT] Message 2701 sent to HKApp
[2025-08-13 08:16:51.902] [MSG_SENT] Message 2702 sent to TelemetryApp
[2025-08-13 08:16:51.903] [MSG_SENT] Message 2703 sent to FlightLogicApp
[2025-08-13 08:16:52.410] [MSG_SENT] Message 2701 sent to HKApp
[2025-08-13 08:16:52.904] [MSG_SENT] Message 2702 sent to TelemetryApp
[2025-08-13 08:16:52.906] [MSG_SENT] Message 2703 sent to FlightLogicApp
[2025-08-13 08:16:53.411] [MSG_SENT] Message 2701 sent to HKApp
[2025-08-13 08:16:53.907] [MSG_SENT] Message 2702 sent to TelemetryApp
[2025-08-13 08:16:53.908] [MSG_SENT] Message 2703 sent to FlightLogicApp
[2025-08-13 08:16:54.412] [MSG_SENT] Message 2701 sent to HKApp
[2025-08-13 08:16:54.909] [MSG_SENT] Message 2702 sent to TelemetryApp
[2025-08-13 08:16:54.911] [MSG_SENT] Message 2703 sent to FlightLogicApp
[2025-08-13 08:16:55.414] [MSG_SENT] Message 2701 sent to HKApp
[2025-08-13 08:16:55.913] [MSG_SENT] Message 2702 sent to TelemetryApp
[2025-08-13 08:16:55.914] [MSG_SENT] Message 2703 sent to FlightLogicApp
[2025-08-13 08:16:56.415] [MSG_SENT] Message 2701 sent to HKApp
[2025-08-13 08:16:56.915] [MSG_SENT] Message 2702 sent to TelemetryApp
[2025-08-13 08:16:56.916] [MSG_SENT] Message 2703 sent to FlightLogicApp
[2025-08-13 08:16:57.416] [MSG_SENT] Message 2701 sent to HKApp
[2025-08-13 08:16:57.918] [MSG_SENT] Message 2702 sent to TelemetryApp
[2025-08-13 08:16:57.918] [MSG_SENT] Message 2703 sent to FlightLogicApp
[2025-08-13 08:16:58.417] [MSG_SENT] Message 2701 sent to HKApp
[2025-08-13 08:16:58.920] [MSG_SENT] Message 2702 sent to TelemetryApp
[2025-08-13 08:16:58.921] [MSG_SENT] Message 2703 sent to FlightLogicApp
[2025-08-13 08:16:59.419] [MSG_SENT] Message 2701 sent to HKApp
[2025-08-13 08:16:59.923] [MSG_SENT] Message 2702 sent to TelemetryApp
[2025-08-13 08:16:59.924] [MSG_SENT] Message 2703 sent to FlightLogicApp
[2025-08-13 08:17:00.420] [MSG_SENT] Message 2701 sent to HKApp
[2025-08-13 08:17:00.926] [MSG_SENT] Message 2702 sent to TelemetryApp
[2025-08-13 08:17:00.927] [MSG_SENT] Message 2703 sent to FlightLogicApp
[2025-08-13 08:17:01.421] [MSG_SENT] Message 2701 sent to HKApp
[2025-08-13 08:17:01.928] [MSG_SENT] Message 2702 sent to TelemetryApp
[2025-08-13 08:17:01.929] [MSG_SENT] Message 2703 sent to FlightLogicApp
[2025-08-13 08:17:02.422] [MSG_SENT] Message 2701 sent to HKApp
[2025-08-13 08:17:02.930] [MSG_SENT] Message 2702 sent to TelemetryApp
[2025-08-13 08:17:02.931] [MSG_SENT] Message 2703 sent to FlightLogicApp
[2025-08-13 08:17:03.424] [MSG_SENT] Message 2701 sent to HKApp
[2025-08-13 08:17:03.933] [MSG_SENT] Message 2702 sent to TelemetryApp
[2025-08-13 08:17:03.934] [MSG_SENT] Message 2703 sent to FlightLogicApp
[2025-08-13 08:17:04.425] [MSG_SENT] Message 2701 sent to HKApp
[2025-08-13 08:17:04.935] [MSG_SENT] Message 2702 sent to TelemetryApp
[2025-08-13 08:17:04.936] [MSG_SENT] Message 2703 sent to FlightLogicApp
[2025-08-13 08:17:05.427] [MSG_SENT] Message 2701 sent to HKApp
[2025-08-13 08:17:05.938] [MSG_SENT] Message 2702 sent to TelemetryApp
[2025-08-13 08:17:05.939] [MSG_SENT] Message 2703 sent to FlightLogicApp
[2025-08-13 08:17:06.428] [MSG_SENT] Message 2701 sent to HKApp
[2025-08-13 08:17:06.940] [MSG_SENT] Message 2702 sent to TelemetryApp
[2025-08-13 08:17:06.941] [MSG_SENT] Message 2703 sent to FlightLogicApp
[2025-08-13 08:17:07.430] [MSG_SENT] Message 2701 sent to HKApp
[2025-08-13 08:17:07.943] [MSG_SENT] Message 2702 sent to TelemetryApp
[2025-08-13 08:17:07.943] [MSG_SENT] Message 2703 sent to FlightLogicApp
[2025-08-13 08:17:08.432] [MSG_SENT] Message 2701 sent to HKApp
[2025-08-13 08:17:08.945] [MSG_SENT] Message 2702 sent to TelemetryApp
[2025-08-13 08:17:08.946] [MSG_SENT] Message 2703 sent to FlightLogicApp
[2025-08-13 08:17:09.433] [MSG_SENT] Message 2701 sent to HKApp
[2025-08-13 08:17:09.947] [MSG_SENT] Message 2702 sent to TelemetryApp
[2025-08-13 08:17:09.948] [MSG_SENT] Message 2703 sent to FlightLogicApp
[2025-08-13 08:17:10.436] [MSG_SENT] Message 2701 sent to HKApp
[2025-08-13 08:17:10.950] [MSG_SENT] Message 2702 sent to TelemetryApp
[2025-08-13 08:17:10.951] [MSG_SENT] Message 2703 sent to FlightLogicApp
[2025-08-13 08:17:11.437] [MSG_SENT] Message 2701 sent to HKApp
[2025-08-13 08:17:11.952] [MSG_SENT] Message 2702 sent to TelemetryApp
[2025-08-13 08:17:11.953] [MSG_SENT] Message 2703 sent to FlightLogicApp
[2025-08-13 08:17:12.438] [MSG_SENT] Message 2701 sent to HKApp
[2025-08-13 08:17:12.955] [MSG_SENT] Message 2702 sent to TelemetryApp
[2025-08-13 08:17:12.955] [MSG_SENT] Message 2703 sent to FlightLogicApp
[2025-08-13 08:17:13.440] [MSG_SENT] Message 2701 sent to HKApp
[2025-08-13 08:17:13.957] [MSG_SENT] Message 2702 sent to TelemetryApp
[2025-08-13 08:17:13.958] [MSG_SENT] Message 2703 sent to FlightLogicApp
[2025-08-13 08:17:14.442] [MSG_SENT] Message 2701 sent to HKApp
[2025-08-13 08:17:14.960] [MSG_SENT] Message 2702 sent to TelemetryApp
[2025-08-13 08:17:14.960] [MSG_SENT] Message 2703 sent to FlightLogicApp
[2025-08-13 08:17:15.443] [MSG_SENT] Message 2701 sent to HKApp
[2025-08-13 08:17:15.962] [MSG_SENT] Message 2702 sent to TelemetryApp
[2025-08-13 08:17:15.963] [MSG_SENT] Message 2703 sent to FlightLogicApp
[2025-08-13 08:17:16.444] [MSG_SENT] Message 2701 sent to HKApp
[2025-08-13 08:17:16.964] [MSG_SENT] Message 2702 sent to TelemetryApp
[2025-08-13 08:17:16.965] [MSG_SENT] Message 2703 sent to FlightLogicApp
[2025-08-13 08:17:17.446] [MSG_SENT] Message 2701 sent to HKApp
[2025-08-13 08:17:17.966] [MSG_SENT] Message 2702 sent to TelemetryApp
[2025-08-13 08:17:17.967] [MSG_SENT] Message 2703 sent to FlightLogicApp
[2025-08-13 08:17:18.447] [MSG_SENT] Message 2701 sent to HKApp
[2025-08-13 08:17:18.968] [MSG_SENT] Message 2702 sent to TelemetryApp
[2025-08-13 08:17:18.969] [MSG_SENT] Message 2703 sent to FlightLogicApp
[2025-08-13 08:17:19.449] [MSG_SENT] Message 2701 sent to HKApp
[2025-08-13 08:17:19.970] [MSG_SENT] Message 2702 sent to TelemetryApp
[2025-08-13 08:17:19.971] [MSG_SENT] Message 2703 sent to FlightLogicApp
[2025-08-13 08:17:20.450] [MSG_SENT] Message 2701 sent to HKApp
[2025-08-13 08:17:20.973] [MSG_SENT] Message 2702 sent to TelemetryApp
[2025-08-13 08:17:20.973] [MSG_SENT] Message 2703 sent to FlightLogicApp
[2025-08-13 08:17:21.451] [MSG_SENT] Message 2701 sent to HKApp
[2025-08-13 08:17:21.975] [MSG_SENT] Message 2702 sent to TelemetryApp
[2025-08-13 08:17:21.978] [MSG_SENT] Message 2703 sent to FlightLogicApp
[2025-08-13 08:17:22.452] [MSG_SENT] Message 2701 sent to HKApp
[2025-08-13 08:17:22.979] [MSG_SENT] Message 2702 sent to TelemetryApp
[2025-08-13 08:17:22.980] [MSG_SENT] Message 2703 sent to FlightLogicApp
[2025-08-13 08:17:23.454] [MSG_SENT] Message 2701 sent to HKApp
[2025-08-13 08:17:23.982] [MSG_SENT] Message 2702 sent to TelemetryApp
[2025-08-13 08:17:23.983] [MSG_SENT] Message 2703 sent to FlightLogicApp
[2025-08-13 08:17:24.455] [MSG_SENT] Message 2701 sent to HKApp
[2025-08-13 08:17:24.984] [MSG_SENT] Message 2702 sent to TelemetryApp
[2025-08-13 08:17:24.985] [MSG_SENT] Message 2703 sent to FlightLogicApp
[2025-08-13 08:17:25.457] [MSG_SENT] Message 2701 sent to HKApp
[2025-08-13 08:17:25.987] [MSG_SENT] Message 2702 sent to TelemetryApp
[2025-08-13 08:17:25.987] [MSG_SENT] Message 2703 sent to FlightLogicApp
[2025-08-13 08:17:26.459] [MSG_SENT] Message 2701 sent to HKApp
[2025-08-13 08:17:26.989] [MSG_SENT] Message 2702 sent to TelemetryApp
[2025-08-13 08:17:26.990] [MSG_SENT] Message 2703 sent to FlightLogicApp
[2025-08-13 08:17:27.460] [MSG_SENT] Message 2701 sent to HKApp
[2025-08-13 08:17:27.992] [MSG_SENT] Message 2702 sent to TelemetryApp
[2025-08-13 08:17:27.993] [MSG_SENT] Message 2703 sent to FlightLogicApp
[2025-08-13 08:17:28.462] [MSG_SENT] Message 2701 sent to HKApp
[2025-08-13 08:17:28.995] [MSG_SENT] Message 2702 sent to TelemetryApp
[2025-08-13 08:17:28.996] [MSG_SENT] Message 2703 sent to FlightLogicApp
[2025-08-13 08:17:29.463] [MSG_SENT] Message 2701 sent to HKApp
[2025-08-13 08:17:29.998] [MSG_SENT] Message 2702 sent to TelemetryApp
[2025-08-13 08:17:30.000] [MSG_SENT] Message 2703 sent to FlightLogicApp
[2025-08-13 08:17:30.464] [MSG_SENT] Message 2701 sent to HKApp
[2025-08-13 08:17:31.001] [MSG_SENT] Message 2702 sent to TelemetryApp
[2025-08-13 08:17:31.002] [MSG_SENT] Message 2703 sent to FlightLogicApp
[2025-08-13 08:17:31.466] [MSG_SENT] Message 2701 sent to HKApp
[2025-08-13 08:17:32.003] [MSG_SENT] Message 2702 sent to TelemetryApp
[2025-08-13 08:17:32.004] [MSG_SENT] Message 2703 sent to FlightLogicApp
[2025-08-13 08:17:32.467] [MSG_SENT] Message 2701 sent to HKApp
[2025-08-13 08:17:33.006] [MSG_SENT] Message 2702 sent to TelemetryApp
[2025-08-13 08:17:33.008] [MSG_SENT] Message 2703 sent to FlightLogicApp
[2025-08-13 08:17:33.468] [MSG_SENT] Message 2701 sent to HKApp
[2025-08-13 08:17:34.009] [MSG_SENT] Message 2702 sent to TelemetryApp
[2025-08-13 08:17:34.011] [MSG_SENT] Message 2703 sent to FlightLogicApp
[2025-08-13 08:17:34.470] [MSG_SENT] Message 2701 sent to HKApp
[2025-08-13 08:17:35.012] [MSG_SENT] Message 2702 sent to TelemetryApp
[2025-08-13 08:17:35.013] [MSG_SENT] Message 2703 sent to FlightLogicApp
[2025-08-13 08:17:35.472] [MSG_SENT] Message 2701 sent to HKApp
[2025-08-13 08:17:36.015] [MSG_SENT] Message 2702 sent to TelemetryApp
[2025-08-13 08:17:36.016] [MSG_SENT] Message 2703 sent to FlightLogicApp
[2025-08-13 08:17:36.473] [MSG_SENT] Message 2701 sent to HKApp
[2025-08-13 08:17:37.018] [MSG_SENT] Message 2702 sent to TelemetryApp
[2025-08-13 08:17:37.019] [MSG_SENT] Message 2703 sent to FlightLogicApp
[2025-08-13 08:17:37.475] [MSG_SENT] Message 2701 sent to HKApp
[2025-08-13 08:17:38.020] [MSG_SENT] Message 2702 sent to TelemetryApp
[2025-08-13 08:17:38.021] [MSG_SENT] Message 2703 sent to FlightLogicApp
[2025-08-13 08:17:38.477] [MSG_SENT] Message 2701 sent to HKApp
[2025-08-13 08:17:39.022] [MSG_SENT] Message 2702 sent to TelemetryApp
[2025-08-13 08:17:39.023] [MSG_SENT] Message 2703 sent to FlightLogicApp
[2025-08-13 08:17:39.478] [MSG_SENT] Message 2701 sent to HKApp
[2025-08-13 08:17:40.024] [MSG_SENT] Message 2702 sent to TelemetryApp
[2025-08-13 08:17:40.025] [MSG_SENT] Message 2703 sent to FlightLogicApp
[2025-08-13 08:17:40.479] [MSG_SENT] Message 2701 sent to HKApp
[2025-08-13 08:17:41.027] [MSG_SENT] Message 2702 sent to TelemetryApp
[2025-08-13 08:17:41.029] [MSG_SENT] Message 2703 sent to FlightLogicApp
[2025-08-13 08:17:41.481] [MSG_SENT] Message 2701 sent to HKApp
[2025-08-13 08:17:42.031] [MSG_SENT] Message 2702 sent to TelemetryApp
[2025-08-13 08:17:42.033] [MSG_SENT] Message 2703 sent to FlightLogicApp
[2025-08-13 08:17:42.483] [MSG_SENT] Message 2701 sent to HKApp
[2025-08-13 08:17:43.034] [MSG_SENT] Message 2702 sent to TelemetryApp
[2025-08-13 08:17:43.035] [MSG_SENT] Message 2703 sent to FlightLogicApp
[2025-08-13 08:17:43.484] [MSG_SENT] Message 2701 sent to HKApp
[2025-08-13 08:17:44.036] [MSG_SENT] Message 2702 sent to TelemetryApp
[2025-08-13 08:17:44.038] [MSG_SENT] Message 2703 sent to FlightLogicApp
[2025-08-13 08:17:44.485] [MSG_SENT] Message 2701 sent to HKApp
[2025-08-13 08:17:45.039] [MSG_SENT] Message 2702 sent to TelemetryApp
[2025-08-13 08:17:45.039] [MSG_SENT] Message 2703 sent to FlightLogicApp
[2025-08-13 08:17:45.487] [MSG_SENT] Message 2701 sent to HKApp
[2025-08-13 08:17:46.040] [MSG_SENT] Message 2702 sent to TelemetryApp
[2025-08-13 08:17:46.042] [MSG_SENT] Message 2703 sent to FlightLogicApp
[2025-08-13 08:17:46.488] [MSG_SENT] Message 2701 sent to HKApp
[2025-08-13 08:17:47.043] [MSG_SENT] Message 2702 sent to TelemetryApp
[2025-08-13 08:17:47.045] [MSG_SENT] Message 2703 sent to FlightLogicApp
[2025-08-13 08:17:47.489] [MSG_SENT] Message 2701 sent to HKApp
[2025-08-13 08:17:48.046] [MSG_SENT] Message 2702 sent to TelemetryApp
[2025-08-13 08:17:48.047] [MSG_SENT] Message 2703 sent to FlightLogicApp
[2025-08-13 08:17:48.491] [MSG_SENT] Message 2701 sent to HKApp
[2025-08-13 08:17:49.049] [MSG_SENT] Message 2702 sent to TelemetryApp
[2025-08-13 08:17:49.051] [MSG_SENT] Message 2703 sent to FlightLogicApp
[2025-08-13 08:17:49.492] [MSG_SENT] Message 2701 sent to HKApp
[2025-08-13 08:17:50.052] [MSG_SENT] Message 2702 sent to TelemetryApp
[2025-08-13 08:17:50.053] [MSG_SENT] Message 2703 sent to FlightLogicApp
[2025-08-13 08:17:50.494] [MSG_SENT] Message 2701 sent to HKApp
[2025-08-13 08:17:51.054] [MSG_SENT] Message 2702 sent to TelemetryApp
[2025-08-13 08:17:51.055] [MSG_SENT] Message 2703 sent to FlightLogicApp
[2025-08-13 08:17:51.495] [MSG_SENT] Message 2701 sent to HKApp
[2025-08-13 08:17:52.057] [MSG_SENT] Message 2702 sent to TelemetryApp
[2025-08-13 08:17:52.058] [MSG_SENT] Message 2703 sent to FlightLogicApp
[2025-08-13 08:17:52.496] [MSG_SENT] Message 2701 sent to HKApp
[2025-08-13 08:17:53.059] [MSG_SENT] Message 2702 sent to TelemetryApp
[2025-08-13 08:17:53.060] [MSG_SENT] Message 2703 sent to FlightLogicApp
[2025-08-13 08:17:53.497] [MSG_SENT] Message 2701 sent to HKApp
[2025-08-13 08:17:54.061] [MSG_SENT] Message 2702 sent to TelemetryApp
[2025-08-13 08:17:54.063] [MSG_SENT] Message 2703 sent to FlightLogicApp
[2025-08-13 08:17:54.499] [MSG_SENT] Message 2701 sent to HKApp
[2025-08-13 08:17:55.065] [MSG_SENT] Message 2702 sent to TelemetryApp
[2025-08-13 08:17:55.067] [MSG_SENT] Message 2703 sent to FlightLogicApp
[2025-08-13 08:17:55.500] [MSG_SENT] Message 2701 sent to HKApp
[2025-08-13 08:17:56.068] [MSG_SENT] Message 2702 sent to TelemetryApp
[2025-08-13 08:17:56.070] [MSG_SENT] Message 2703 sent to FlightLogicApp
[2025-08-13 08:17:56.502] [MSG_SENT] Message 2701 sent to HKApp
[2025-08-13 08:17:57.072] [MSG_SENT] Message 2702 sent to TelemetryApp
[2025-08-13 08:17:57.073] [MSG_SENT] Message 2703 sent to FlightLogicApp
[2025-08-13 08:17:57.503] [MSG_SENT] Message 2701 sent to HKApp
[2025-08-13 08:17:58.075] [MSG_SENT] Message 2702 sent to TelemetryApp
[2025-08-13 08:17:58.076] [MSG_SENT] Message 2703 sent to FlightLogicApp
[2025-08-13 08:17:58.505] [MSG_SENT] Message 2701 sent to HKApp
[2025-08-13 08:17:59.077] [MSG_SENT] Message 2702 sent to TelemetryApp
[2025-08-13 08:17:59.079] [MSG_SENT] Message 2703 sent to FlightLogicApp
[2025-08-13 08:17:59.506] [MSG_SENT] Message 2701 sent to HKApp
[2025-08-13 08:18:00.080] [MSG_SENT] Message 2702 sent to TelemetryApp
[2025-08-13 08:18:00.082] [MSG_SENT] Message 2703 sent to FlightLogicApp
[2025-08-13 08:18:00.507] [MSG_SENT] Message 2701 sent to HKApp
[2025-08-13 08:18:01.083] [MSG_SENT] Message 2702 sent to TelemetryApp
[2025-08-13 08:18:01.084] [MSG_SENT] Message 2703 sent to FlightLogicApp
[2025-08-13 08:18:01.508] [MSG_SENT] Message 2701 sent to HKApp
[2025-08-13 08:18:02.086] [MSG_SENT] Message 2702 sent to TelemetryApp
[2025-08-13 08:18:02.087] [MSG_SENT] Message 2703 sent to FlightLogicApp
[2025-08-13 08:18:02.509] [MSG_SENT] Message 2701 sent to HKApp
[2025-08-13 08:18:03.088] [MSG_SENT] Message 2702 sent to TelemetryApp
[2025-08-13 08:18:03.090] [MSG_SENT] Message 2703 sent to FlightLogicApp
[2025-08-13 08:18:03.511] [MSG_SENT] Message 2701 sent to HKApp
[2025-08-13 08:18:04.091] [MSG_SENT] Message 2702 sent to TelemetryApp
[2025-08-13 08:18:04.093] [MSG_SENT] Message 2703 sent to FlightLogicApp
[2025-08-13 08:18:04.512] [MSG_SENT] Message 2701 sent to HKApp
[2025-08-13 08:18:05.095] [MSG_SENT] Message 2702 sent to TelemetryApp
[2025-08-13 08:18:05.096] [MSG_SENT] Message 2703 sent to FlightLogicApp
[2025-08-13 08:18:05.514] [MSG_SENT] Message 2701 sent to HKApp
[2025-08-13 08:18:06.098] [MSG_SENT] Message 2702 sent to TelemetryApp
[2025-08-13 08:18:06.099] [MSG_SENT] Message 2703 sent to FlightLogicApp
[2025-08-13 08:18:06.516] [MSG_SENT] Message 2701 sent to HKApp
[2025-08-13 08:18:07.100] [MSG_SENT] Message 2702 sent to TelemetryApp
[2025-08-13 08:18:07.102] [MSG_SENT] Message 2703 sent to FlightLogicApp
[2025-08-13 08:18:07.517] [MSG_SENT] Message 2701 sent to HKApp
[2025-08-13 08:18:08.103] [MSG_SENT] Message 2702 sent to TelemetryApp
[2025-08-13 08:18:08.103] [MSG_SENT] Message 2703 sent to FlightLogicApp
[2025-08-13 08:18:08.518] [MSG_SENT] Message 2701 sent to HKApp
[2025-08-13 08:18:09.104] [MSG_SENT] Message 2702 sent to TelemetryApp
[2025-08-13 08:18:09.105] [MSG_SENT] Message 2703 sent to FlightLogicApp
[2025-08-13 08:18:09.520] [MSG_SENT] Message 2701 sent to HKApp
[2025-08-13 08:18:10.107] [MSG_SENT] Message 2702 sent to TelemetryApp
[2025-08-13 08:18:10.110] [MSG_SENT] Message 2703 sent to FlightLogicApp
[2025-08-13 08:18:10.522] [MSG_SENT] Message 2701 sent to HKApp
[2025-08-13 08:18:11.112] [MSG_SENT] Message 2702 sent to TelemetryApp
[2025-08-13 08:18:11.113] [MSG_SENT] Message 2703 sent to FlightLogicApp
[2025-08-13 08:18:11.523] [MSG_SENT] Message 2701 sent to HKApp
[2025-08-13 08:18:12.114] [MSG_SENT] Message 2702 sent to TelemetryApp
[2025-08-13 08:18:12.115] [MSG_SENT] Message 2703 sent to FlightLogicApp
[2025-08-13 08:18:12.524] [MSG_SENT] Message 2701 sent to HKApp
[2025-08-13 08:18:13.116] [MSG_SENT] Message 2702 sent to TelemetryApp
[2025-08-13 08:18:13.117] [MSG_SENT] Message 2703 sent to FlightLogicApp
[2025-08-13 08:18:13.526] [MSG_SENT] Message 2701 sent to HKApp
[2025-08-13 08:18:14.119] [MSG_SENT] Message 2702 sent to TelemetryApp
[2025-08-13 08:18:14.122] [MSG_SENT] Message 2703 sent to FlightLogicApp
[2025-08-13 08:18:14.527] [MSG_SENT] Message 2701 sent to HKApp
[2025-08-13 08:18:15.123] [MSG_SENT] Message 2702 sent to TelemetryApp
[2025-08-13 08:18:15.125] [MSG_SENT] Message 2703 sent to FlightLogicApp
[2025-08-13 08:18:15.528] [MSG_SENT] Message 2701 sent to HKApp
[2025-08-13 08:18:16.126] [MSG_SENT] Message 2702 sent to TelemetryApp
[2025-08-13 08:18:16.127] [MSG_SENT] Message 2703 sent to FlightLogicApp
[2025-08-13 08:18:16.530] [MSG_SENT] Message 2701 sent to HKApp
[2025-08-13 08:18:17.129] [MSG_SENT] Message 2702 sent to TelemetryApp
[2025-08-13 08:18:17.130] [MSG_SENT] Message 2703 sent to FlightLogicApp
[2025-08-13 08:18:17.532] [MSG_SENT] Message 2701 sent to HKApp
[2025-08-13 08:18:18.132] [MSG_SENT] Message 2702 sent to TelemetryApp
[2025-08-13 08:18:18.133] [MSG_SENT] Message 2703 sent to FlightLogicApp
[2025-08-13 08:18:18.534] [MSG_SENT] Message 2701 sent to HKApp
[2025-08-13 08:18:19.135] [MSG_SENT] Message 2702 sent to TelemetryApp
[2025-08-13 08:18:19.136] [MSG_SENT] Message 2703 sent to FlightLogicApp
[2025-08-13 08:18:19.535] [MSG_SENT] Message 2701 sent to HKApp
[2025-08-13 08:18:20.138] [MSG_SENT] Message 2702 sent to TelemetryApp
[2025-08-13 08:18:20.139] [MSG_SENT] Message 2703 sent to FlightLogicApp
[2025-08-13 08:18:20.536] [MSG_SENT] Message 2701 sent to HKApp
[2025-08-13 08:18:21.140] [MSG_SENT] Message 2702 sent to TelemetryApp
[2025-08-13 08:18:21.141] [MSG_SENT] Message 2703 sent to FlightLogicApp
[2025-08-13 08:18:21.538] [MSG_SENT] Message 2701 sent to HKApp
[2025-08-13 08:18:22.142] [MSG_SENT] Message 2702 sent to TelemetryApp
[2025-08-13 08:18:22.143] [MSG_SENT] Message 2703 sent to FlightLogicApp
[2025-08-13 08:18:22.539] [MSG_SENT] Message 2701 sent to HKApp
[2025-08-13 08:18:23.144] [MSG_SENT] Message 2702 sent to TelemetryApp
[2025-08-13 08:18:23.146] [MSG_SENT] Message 2703 sent to FlightLogicApp
[2025-08-13 08:18:23.540] [MSG_SENT] Message 2701 sent to HKApp
[2025-08-13 08:18:24.147] [MSG_SENT] Message 2702 sent to TelemetryApp
[2025-08-13 08:18:24.149] [MSG_SENT] Message 2703 sent to FlightLogicApp
[2025-08-13 08:18:24.542] [MSG_SENT] Message 2701 sent to HKApp
[2025-08-13 08:18:25.150] [MSG_SENT] Message 2702 sent to TelemetryApp
[2025-08-13 08:18:25.152] [MSG_SENT] Message 2703 sent to FlightLogicApp
[2025-08-13 08:18:25.543] [MSG_SENT] Message 2701 sent to HKApp
[2025-08-13 08:18:26.153] [MSG_SENT] Message 2702 sent to TelemetryApp
[2025-08-13 08:18:26.154] [MSG_SENT] Message 2703 sent to FlightLogicApp
[2025-08-13 08:18:26.544] [MSG_SENT] Message 2701 sent to HKApp
[2025-08-13 08:18:27.155] [MSG_SENT] Message 2702 sent to TelemetryApp
[2025-08-13 08:18:27.156] [MSG_SENT] Message 2703 sent to FlightLogicApp
[2025-08-13 08:18:27.545] [MSG_SENT] Message 2701 sent to HKApp
[2025-08-13 08:18:28.158] [MSG_SENT] Message 2702 sent to TelemetryApp
[2025-08-13 08:18:28.159] [MSG_SENT] Message 2703 sent to FlightLogicApp
[2025-08-13 08:18:28.547] [MSG_SENT] Message 2701 sent to HKApp
[2025-08-13 08:18:29.160] [MSG_SENT] Message 2702 sent to TelemetryApp
[2025-08-13 08:18:29.162] [MSG_SENT] Message 2703 sent to FlightLogicApp
[2025-08-13 08:18:29.548] [MSG_SENT] Message 2701 sent to HKApp
[2025-08-13 08:18:30.164] [MSG_SENT] Message 2702 sent to TelemetryApp
[2025-08-13 08:18:30.165] [MSG_SENT] Message 2703 sent to FlightLogicApp
[2025-08-13 08:18:30.549] [MSG_SENT] Message 2701 sent to HKApp
[2025-08-13 08:18:31.166] [MSG_SENT] Message 2702 sent to TelemetryApp
[2025-08-13 08:18:31.167] [MSG_SENT] Message 2703 sent to FlightLogicApp
[2025-08-13 08:18:31.551] [MSG_SENT] Message 2701 sent to HKApp
[2025-08-13 08:18:32.169] [MSG_SENT] Message 2702 sent to TelemetryApp
[2025-08-13 08:18:32.169] [MSG_SENT] Message 2703 sent to FlightLogicApp
[2025-08-13 08:18:32.552] [MSG_SENT] Message 2701 sent to HKApp
[2025-08-13 08:18:33.171] [MSG_SENT] Message 2702 sent to TelemetryApp
[2025-08-13 08:18:33.173] [MSG_SENT] Message 2703 sent to FlightLogicApp
[2025-08-13 08:18:33.553] [MSG_SENT] Message 2701 sent to HKApp
[2025-08-13 08:18:34.174] [MSG_SENT] Message 2702 sent to TelemetryApp
[2025-08-13 08:18:34.176] [MSG_SENT] Message 2703 sent to FlightLogicApp
[2025-08-13 08:18:34.554] [MSG_SENT] Message 2701 sent to HKApp
[2025-08-13 08:18:35.177] [MSG_SENT] Message 2702 sent to TelemetryApp
[2025-08-13 08:18:35.178] [MSG_SENT] Message 2703 sent to FlightLogicApp
[2025-08-13 08:18:35.556] [MSG_SENT] Message 2701 sent to HKApp
[2025-08-13 08:18:36.180] [MSG_SENT] Message 2702 sent to TelemetryApp
[2025-08-13 08:18:36.181] [MSG_SENT] Message 2703 sent to FlightLogicApp
[2025-08-13 08:18:36.558] [MSG_SENT] Message 2701 sent to HKApp
[2025-08-13 08:18:37.183] [MSG_SENT] Message 2702 sent to TelemetryApp
[2025-08-13 08:18:37.183] [MSG_SENT] Message 2703 sent to FlightLogicApp
[2025-08-13 08:18:37.559] [MSG_SENT] Message 2701 sent to HKApp
[2025-08-13 08:18:38.185] [MSG_SENT] Message 2702 sent to TelemetryApp
[2025-08-13 08:18:38.186] [MSG_SENT] Message 2703 sent to FlightLogicApp
[2025-08-13 08:18:38.561] [MSG_SENT] Message 2701 sent to HKApp
[2025-08-13 08:18:39.187] [MSG_SENT] Message 2702 sent to TelemetryApp
[2025-08-13 08:18:39.188] [MSG_SENT] Message 2703 sent to FlightLogicApp
[2025-08-13 08:18:39.562] [MSG_SENT] Message 2701 sent to HKApp
[2025-08-13 08:18:40.190] [MSG_SENT] Message 2702 sent to TelemetryApp
[2025-08-13 08:18:40.190] [MSG_SENT] Message 2703 sent to FlightLogicApp
[2025-08-13 08:18:40.564] [MSG_SENT] Message 2701 sent to HKApp
[2025-08-13 08:18:41.192] [MSG_SENT] Message 2702 sent to TelemetryApp
[2025-08-13 08:18:41.193] [MSG_SENT] Message 2703 sent to FlightLogicApp
[2025-08-13 08:18:41.565] [MSG_SENT] Message 2701 sent to HKApp
[2025-08-13 08:18:42.195] [MSG_SENT] Message 2702 sent to TelemetryApp
[2025-08-13 08:18:42.196] [MSG_SENT] Message 2703 sent to FlightLogicApp
[2025-08-13 08:18:42.567] [MSG_SENT] Message 2701 sent to HKApp
[2025-08-13 08:18:43.197] [MSG_SENT] Message 2702 sent to TelemetryApp
[2025-08-13 08:18:43.199] [MSG_SENT] Message 2703 sent to FlightLogicApp
[2025-08-13 08:18:43.568] [MSG_SENT] Message 2701 sent to HKApp
[2025-08-13 08:18:44.201] [MSG_SENT] Message 2702 sent to TelemetryApp
[2025-08-13 08:18:44.202] [MSG_SENT] Message 2703 sent to FlightLogicApp
[2025-08-13 08:18:44.569] [MSG_SENT] Message 2701 sent to HKApp
[2025-08-13 08:18:45.204] [MSG_SENT] Message 2702 sent to TelemetryApp
[2025-08-13 08:18:45.205] [MSG_SENT] Message 2703 sent to FlightLogicApp
[2025-08-13 08:18:45.570] [MSG_SENT] Message 2701 sent to HKApp
[2025-08-13 08:18:46.206] [MSG_SENT] Message 2702 sent to TelemetryApp
[2025-08-13 08:18:46.208] [MSG_SENT] Message 2703 sent to FlightLogicApp
[2025-08-13 08:18:46.572] [MSG_SENT] Message 2701 sent to HKApp
[2025-08-13 08:18:47.209] [MSG_SENT] Message 2702 sent to TelemetryApp
[2025-08-13 08:18:47.212] [MSG_SENT] Message 2703 sent to FlightLogicApp
[2025-08-13 08:18:47.574] [MSG_SENT] Message 2701 sent to HKApp
[2025-08-13 08:18:48.213] [MSG_SENT] Message 2702 sent to TelemetryApp
[2025-08-13 08:18:48.214] [MSG_SENT] Message 2703 sent to FlightLogicApp
[2025-08-13 08:18:48.575] [MSG_SENT] Message 2701 sent to HKApp
[2025-08-13 08:18:49.215] [MSG_SENT] Message 2702 sent to TelemetryApp
[2025-08-13 08:18:49.216] [MSG_SENT] Message 2703 sent to FlightLogicApp
[2025-08-13 08:18:49.576] [MSG_SENT] Message 2701 sent to HKApp
[2025-08-13 08:18:50.217] [MSG_SENT] Message 2702 sent to TelemetryApp
[2025-08-13 08:18:50.218] [MSG_SENT] Message 2703 sent to FlightLogicApp
[2025-08-13 08:18:50.578] [MSG_SENT] Message 2701 sent to HKApp
[2025-08-13 08:18:51.219] [MSG_SENT] Message 2702 sent to TelemetryApp
[2025-08-13 08:18:51.220] [MSG_SENT] Message 2703 sent to FlightLogicApp
[2025-08-13 08:18:51.579] [MSG_SENT] Message 2701 sent to HKApp
[2025-08-13 08:18:52.221] [MSG_SENT] Message 2702 sent to TelemetryApp
[2025-08-13 08:18:52.223] [MSG_SENT] Message 2703 sent to FlightLogicApp
[2025-08-13 08:18:52.581] [MSG_SENT] Message 2701 sent to HKApp
[2025-08-13 08:18:53.224] [MSG_SENT] Message 2702 sent to TelemetryApp
[2025-08-13 08:18:53.226] [MSG_SENT] Message 2703 sent to FlightLogicApp
[2025-08-13 08:18:53.583] [MSG_SENT] Message 2701 sent to HKApp
[2025-08-13 08:18:54.227] [MSG_SENT] Message 2702 sent to TelemetryApp
[2025-08-13 08:18:54.228] [MSG_SENT] Message 2703 sent to FlightLogicApp
[2025-08-13 08:18:54.584] [MSG_SENT] Message 2701 sent to HKApp
[2025-08-13 08:18:55.230] [MSG_SENT] Message 2702 sent to TelemetryApp
[2025-08-13 08:18:55.231] [MSG_SENT] Message 2703 sent to FlightLogicApp
[2025-08-13 08:18:55.585] [MSG_SENT] Message 2701 sent to HKApp
[2025-08-13 08:18:56.232] [MSG_SENT] Message 2702 sent to TelemetryApp
[2025-08-13 08:18:56.233] [MSG_SENT] Message 2703 sent to FlightLogicApp
[2025-08-13 08:18:56.586] [MSG_SENT] Message 2701 sent to HKApp
[2025-08-13 08:18:57.234] [MSG_SENT] Message 2702 sent to TelemetryApp
[2025-08-13 08:18:57.236] [MSG_SENT] Message 2703 sent to FlightLogicApp
[2025-08-13 08:18:57.588] [MSG_SENT] Message 2701 sent to HKApp
[2025-08-13 08:18:58.239] [MSG_SENT] Message 2702 sent to TelemetryApp
[2025-08-13 08:18:58.242] [MSG_SENT] Message 2703 sent to FlightLogicApp
[2025-08-13 08:18:58.589] [MSG_SENT] Message 2701 sent to HKApp
[2025-08-13 08:18:59.244] [MSG_SENT] Message 2702 sent to TelemetryApp
[2025-08-13 08:18:59.245] [MSG_SENT] Message 2703 sent to FlightLogicApp
[2025-08-13 08:18:59.591] [MSG_SENT] Message 2701 sent to HKApp
[2025-08-13 08:19:00.246] [MSG_SENT] Message 2702 sent to TelemetryApp
[2025-08-13 08:19:00.248] [MSG_SENT] Message 2703 sent to FlightLogicApp
[2025-08-13 08:19:00.592] [MSG_SENT] Message 2701 sent to HKApp
[2025-08-13 08:19:01.249] [MSG_SENT] Message 2702 sent to TelemetryApp
[2025-08-13 08:19:01.249] [MSG_SENT] Message 2703 sent to FlightLogicApp
[2025-08-13 08:19:01.593] [MSG_SENT] Message 2701 sent to HKApp
[2025-08-13 08:19:02.259] [MSG_SENT] Message 2702 sent to TelemetryApp
[2025-08-13 08:19:02.262] [MSG_SENT] Message 2703 sent to FlightLogicApp
[2025-08-13 08:19:02.595] [MSG_SENT] Message 2701 sent to HKApp
[2025-08-13 08:19:03.268] [MSG_SENT] Message 2702 sent to TelemetryApp
[2025-08-13 08:19:03.269] [MSG_SENT] Message 2703 sent to FlightLogicApp
[2025-08-13 08:19:03.596] [MSG_SENT] Message 2701 sent to HKApp
[2025-08-13 08:19:04.270] [MSG_SENT] Message 2702 sent to TelemetryApp
[2025-08-13 08:19:04.272] [MSG_SENT] Message 2703 sent to FlightLogicApp
[2025-08-13 08:19:04.598] [MSG_SENT] Message 2701 sent to HKApp
[2025-08-13 08:19:05.274] [MSG_SENT] Message 2702 sent to TelemetryApp
[2025-08-13 08:19:05.276] [MSG_SENT] Message 2703 sent to FlightLogicApp
[2025-08-13 08:19:05.600] [MSG_SENT] Message 2701 sent to HKApp
[2025-08-13 08:19:06.278] [MSG_SENT] Message 2702 sent to TelemetryApp
[2025-08-13 08:19:06.279] [MSG_SENT] Message 2703 sent to FlightLogicApp
[2025-08-13 08:19:06.601] [MSG_SENT] Message 2701 sent to HKApp
[2025-08-13 08:19:07.280] [MSG_SENT] Message 2702 sent to TelemetryApp
[2025-08-13 08:19:07.281] [MSG_SENT] Message 2703 sent to FlightLogicApp
[2025-08-13 08:19:07.602] [MSG_SENT] Message 2701 sent to HKApp
[2025-08-13 08:19:08.283] [MSG_SENT] Message 2702 sent to TelemetryApp
[2025-08-13 08:19:08.284] [MSG_SENT] Message 2703 sent to FlightLogicApp
[2025-08-13 08:19:08.603] [MSG_SENT] Message 2701 sent to HKApp
[2025-08-13 08:19:09.285] [MSG_SENT] Message 2702 sent to TelemetryApp
[2025-08-13 08:19:09.287] [MSG_SENT] Message 2703 sent to FlightLogicApp
[2025-08-13 08:19:09.604] [MSG_SENT] Message 2701 sent to HKApp
[2025-08-13 08:19:10.288] [MSG_SENT] Message 2702 sent to TelemetryApp
[2025-08-13 08:19:10.290] [MSG_SENT] Message 2703 sent to FlightLogicApp
[2025-08-13 08:19:10.606] [MSG_SENT] Message 2701 sent to HKApp
[2025-08-13 08:19:11.291] [MSG_SENT] Message 2702 sent to TelemetryApp
[2025-08-13 08:19:11.292] [MSG_SENT] Message 2703 sent to FlightLogicApp
[2025-08-13 08:19:11.607] [MSG_SENT] Message 2701 sent to HKApp
[2025-08-13 08:19:12.294] [MSG_SENT] Message 2702 sent to TelemetryApp
[2025-08-13 08:19:12.295] [MSG_SENT] Message 2703 sent to FlightLogicApp
[2025-08-13 08:19:12.609] [MSG_SENT] Message 2701 sent to HKApp
[2025-08-13 08:19:13.296] [MSG_SENT] Message 2702 sent to TelemetryApp
[2025-08-13 08:19:13.298] [MSG_SENT] Message 2703 sent to FlightLogicApp
[2025-08-13 08:19:13.611] [MSG_SENT] Message 2701 sent to HKApp
[2025-08-13 08:19:14.299] [MSG_SENT] Message 2702 sent to TelemetryApp
[2025-08-13 08:19:14.301] [MSG_SENT] Message 2703 sent to FlightLogicApp
[2025-08-13 08:19:14.612] [MSG_SENT] Message 2701 sent to HKApp
[2025-08-13 08:19:15.303] [MSG_SENT] Message 2702 sent to TelemetryApp
[2025-08-13 08:19:15.305] [MSG_SENT] Message 2703 sent to FlightLogicApp
[2025-08-13 08:19:15.613] [MSG_SENT] Message 2701 sent to HKApp
[2025-08-13 08:19:16.306] [MSG_SENT] Message 2702 sent to TelemetryApp
[2025-08-13 08:19:16.307] [MSG_SENT] Message 2703 sent to FlightLogicApp
[2025-08-13 08:19:16.614] [MSG_SENT] Message 2701 sent to HKApp
[2025-08-13 08:19:17.310] [MSG_SENT] Message 2702 sent to TelemetryApp
[2025-08-13 08:19:17.313] [MSG_SENT] Message 2703 sent to FlightLogicApp
[2025-08-13 08:19:17.616] [MSG_SENT] Message 2701 sent to HKApp
[2025-08-13 08:19:18.316] [MSG_SENT] Message 2702 sent to TelemetryApp
[2025-08-13 08:19:18.318] [MSG_SENT] Message 2703 sent to FlightLogicApp
[2025-08-13 08:19:18.617] [MSG_SENT] Message 2701 sent to HKApp
[2025-08-13 08:19:19.320] [MSG_SENT] Message 2702 sent to TelemetryApp
[2025-08-13 08:19:19.321] [MSG_SENT] Message 2703 sent to FlightLogicApp
[2025-08-13 08:19:19.619] [MSG_SENT] Message 2701 sent to HKApp
[2025-08-13 08:19:20.322] [MSG_SENT] Message 2702 sent to TelemetryApp
[2025-08-13 08:19:20.323] [MSG_SENT] Message 2703 sent to FlightLogicApp
[2025-08-13 08:19:20.620] [MSG_SENT] Message 2701 sent to HKApp
[2025-08-13 08:19:21.325] [MSG_SENT] Message 2702 sent to TelemetryApp
[2025-08-13 08:19:21.326] [MSG_SENT] Message 2703 sent to FlightLogicApp
[2025-08-13 08:19:21.621] [MSG_SENT] Message 2701 sent to HKApp
[2025-08-13 08:19:22.327] [MSG_SENT] Message 2702 sent to TelemetryApp
[2025-08-13 08:19:22.328] [MSG_SENT] Message 2703 sent to FlightLogicApp
[2025-08-13 08:19:22.622] [MSG_SENT] Message 2701 sent to HKApp
[2025-08-13 08:19:23.330] [MSG_SENT] Message 2702 sent to TelemetryApp
[2025-08-13 08:19:23.331] [MSG_SENT] Message 2703 sent to FlightLogicApp
[2025-08-13 08:19:23.624] [MSG_SENT] Message 2701 sent to HKApp
[2025-08-13 08:19:24.332] [MSG_SENT] Message 2702 sent to TelemetryApp
[2025-08-13 08:19:24.333] [MSG_SENT] Message 2703 sent to FlightLogicApp
[2025-08-13 08:19:24.626] [MSG_SENT] Message 2701 sent to HKApp
[2025-08-13 08:19:25.334] [MSG_SENT] Message 2702 sent to TelemetryApp
[2025-08-13 08:19:25.335] [MSG_SENT] Message 2703 sent to FlightLogicApp
[2025-08-13 08:19:25.627] [MSG_SENT] Message 2701 sent to HKApp
[2025-08-13 08:19:26.336] [MSG_SENT] Message 2702 sent to TelemetryApp
[2025-08-13 08:19:26.338] [MSG_SENT] Message 2703 sent to FlightLogicApp
[2025-08-13 08:19:26.628] [MSG_SENT] Message 2701 sent to HKApp
[2025-08-13 08:19:27.339] [MSG_SENT] Message 2702 sent to TelemetryApp
[2025-08-13 08:19:27.340] [MSG_SENT] Message 2703 sent to FlightLogicApp
[2025-08-13 08:19:27.630] [MSG_SENT] Message 2701 sent to HKApp
[2025-08-13 08:19:28.341] [MSG_SENT] Message 2702 sent to TelemetryApp
[2025-08-13 08:19:28.342] [MSG_SENT] Message 2703 sent to FlightLogicApp
[2025-08-13 08:19:28.631] [MSG_SENT] Message 2701 sent to HKApp
[2025-08-13 08:19:29.343] [MSG_SENT] Message 2702 sent to TelemetryApp
[2025-08-13 08:19:29.344] [MSG_SENT] Message 2703 sent to FlightLogicApp
[2025-08-13 08:19:29.632] [MSG_SENT] Message 2701 sent to HKApp
[2025-08-13 08:19:30.346] [MSG_SENT] Message 2702 sent to TelemetryApp
[2025-08-13 08:19:30.349] [MSG_SENT] Message 2703 sent to FlightLogicApp
[2025-08-13 08:19:30.635] [MSG_SENT] Message 2701 sent to HKApp
[2025-08-13 08:19:31.350] [MSG_SENT] Message 2702 sent to TelemetryApp
[2025-08-13 08:19:31.351] [MSG_SENT] Message 2703 sent to FlightLogicApp
[2025-08-13 08:19:31.636] [MSG_SENT] Message 2701 sent to HKApp
[2025-08-13 08:19:32.352] [MSG_SENT] Message 2702 sent to TelemetryApp
[2025-08-13 08:19:32.353] [MSG_SENT] Message 2703 sent to FlightLogicApp
[2025-08-13 08:19:32.637] [MSG_SENT] Message 2701 sent to HKApp
[2025-08-13 08:19:33.355] [MSG_SENT] Message 2702 sent to TelemetryApp
[2025-08-13 08:19:33.355] [MSG_SENT] Message 2703 sent to FlightLogicApp
[2025-08-13 08:19:33.639] [MSG_SENT] Message 2701 sent to HKApp
[2025-08-13 08:19:34.357] [MSG_SENT] Message 2702 sent to TelemetryApp
[2025-08-13 08:19:34.357] [MSG_SENT] Message 2703 sent to FlightLogicApp
[2025-08-13 08:19:34.640] [MSG_SENT] Message 2701 sent to HKApp
[2025-08-13 08:19:35.360] [MSG_SENT] Message 2702 sent to TelemetryApp
[2025-08-13 08:19:35.361] [MSG_SENT] Message 2703 sent to FlightLogicApp
[2025-08-13 08:19:35.641] [MSG_SENT] Message 2701 sent to HKApp
[2025-08-13 08:19:36.364] [MSG_SENT] Message 2702 sent to TelemetryApp
[2025-08-13 08:19:36.365] [MSG_SENT] Message 2703 sent to FlightLogicApp
[2025-08-13 08:19:36.643] [MSG_SENT] Message 2701 sent to HKApp
[2025-08-13 08:19:37.368] [MSG_SENT] Message 2702 sent to TelemetryApp
[2025-08-13 08:19:37.369] [MSG_SENT] Message 2703 sent to FlightLogicApp
[2025-08-13 08:19:37.644] [MSG_SENT] Message 2701 sent to HKApp
[2025-08-13 08:19:38.370] [MSG_SENT] Message 2702 sent to TelemetryApp
[2025-08-13 08:19:38.372] [MSG_SENT] Message 2703 sent to FlightLogicApp
[2025-08-13 08:19:38.645] [MSG_SENT] Message 2701 sent to HKApp
[2025-08-13 08:19:39.373] [MSG_SENT] Message 2702 sent to TelemetryApp
[2025-08-13 08:19:39.374] [MSG_SENT] Message 2703 sent to FlightLogicApp
[2025-08-13 08:19:39.646] [MSG_SENT] Message 2701 sent to HKApp
[2025-08-13 08:19:40.376] [MSG_SENT] Message 2702 sent to TelemetryApp
[2025-08-13 08:19:40.377] [MSG_SENT] Message 2703 sent to FlightLogicApp
[2025-08-13 08:19:40.648] [MSG_SENT] Message 2701 sent to HKApp
[2025-08-13 08:19:41.378] [MSG_SENT] Message 2702 sent to TelemetryApp
[2025-08-13 08:19:41.379] [MSG_SENT] Message 2703 sent to FlightLogicApp
[2025-08-13 08:19:41.649] [MSG_SENT] Message 2701 sent to HKApp
[2025-08-13 08:19:42.380] [MSG_SENT] Message 2702 sent to TelemetryApp
[2025-08-13 08:19:42.381] [MSG_SENT] Message 2703 sent to FlightLogicApp
[2025-08-13 08:19:42.651] [MSG_SENT] Message 2701 sent to HKApp
[2025-08-13 08:19:43.383] [MSG_SENT] Message 2702 sent to TelemetryApp
[2025-08-13 08:19:43.383] [MSG_SENT] Message 2703 sent to FlightLogicApp
[2025-08-13 08:19:43.652] [MSG_SENT] Message 2701 sent to HKApp
[2025-08-13 08:19:44.385] [MSG_SENT] Message 2702 sent to TelemetryApp
[2025-08-13 08:19:44.386] [MSG_SENT] Message 2703 sent to FlightLogicApp
[2025-08-13 08:19:44.653] [MSG_SENT] Message 2701 sent to HKApp
[2025-08-13 08:19:45.387] [MSG_SENT] Message 2702 sent to TelemetryApp
[2025-08-13 08:19:45.389] [MSG_SENT] Message 2703 sent to FlightLogicApp
[2025-08-13 08:19:45.654] [MSG_SENT] Message 2701 sent to HKApp
[2025-08-13 08:19:46.390] [MSG_SENT] Message 2702 sent to TelemetryApp
[2025-08-13 08:19:46.390] [MSG_SENT] Message 2703 sent to FlightLogicApp
[2025-08-13 08:19:46.656] [MSG_SENT] Message 2701 sent to HKApp
[2025-08-13 08:19:47.392] [MSG_SENT] Message 2702 sent to TelemetryApp
[2025-08-13 08:19:47.393] [MSG_SENT] Message 2703 sent to FlightLogicApp
[2025-08-13 08:19:47.657] [MSG_SENT] Message 2701 sent to HKApp
[2025-08-13 08:19:48.396] [MSG_SENT] Message 2702 sent to TelemetryApp
[2025-08-13 08:19:48.397] [MSG_SENT] Message 2703 sent to FlightLogicApp
[2025-08-13 08:19:48.659] [MSG_SENT] Message 2701 sent to HKApp
[2025-08-13 08:19:49.399] [MSG_SENT] Message 2702 sent to TelemetryApp
[2025-08-13 08:19:49.400] [MSG_SENT] Message 2703 sent to FlightLogicApp
[2025-08-13 08:19:49.660] [MSG_SENT] Message 2701 sent to HKApp
[2025-08-13 08:19:50.401] [MSG_SENT] Message 2702 sent to TelemetryApp
[2025-08-13 08:19:50.403] [MSG_SENT] Message 2703 sent to FlightLogicApp
[2025-08-13 08:19:50.662] [MSG_SENT] Message 2701 sent to HKApp
[2025-08-13 08:19:51.404] [MSG_SENT] Message 2702 sent to TelemetryApp
[2025-08-13 08:19:51.405] [MSG_SENT] Message 2703 sent to FlightLogicApp
[2025-08-13 08:19:51.663] [MSG_SENT] Message 2701 sent to HKApp
[2025-08-13 08:19:52.406] [MSG_SENT] Message 2702 sent to TelemetryApp
[2025-08-13 08:19:52.407] [MSG_SENT] Message 2703 sent to FlightLogicApp
[2025-08-13 08:19:52.665] [MSG_SENT] Message 2701 sent to HKApp
[2025-08-13 08:19:53.408] [MSG_SENT] Message 2702 sent to TelemetryApp
[2025-08-13 08:19:53.409] [MSG_SENT] Message 2703 sent to FlightLogicApp
[2025-08-13 08:19:53.667] [MSG_SENT] Message 2701 sent to HKApp
[2025-08-13 08:19:54.411] [MSG_SENT] Message 2702 sent to TelemetryApp
[2025-08-13 08:19:54.412] [MSG_SENT] Message 2703 sent to FlightLogicApp
[2025-08-13 08:19:54.668] [MSG_SENT] Message 2701 sent to HKApp
[2025-08-13 08:19:55.414] [MSG_SENT] Message 2702 sent to TelemetryApp
[2025-08-13 08:19:55.416] [MSG_SENT] Message 2703 sent to FlightLogicApp
[2025-08-13 08:19:55.670] [MSG_SENT] Message 2701 sent to HKApp
[2025-08-13 08:19:56.417] [MSG_SENT] Message 2702 sent to TelemetryApp
[2025-08-13 08:19:56.418] [MSG_SENT] Message 2703 sent to FlightLogicApp
[2025-08-13 08:19:56.671] [MSG_SENT] Message 2701 sent to HKApp
[2025-08-13 08:19:57.420] [MSG_SENT] Message 2702 sent to TelemetryApp
[2025-08-13 08:19:57.422] [MSG_SENT] Message 2703 sent to FlightLogicApp
[2025-08-13 08:19:57.672] [MSG_SENT] Message 2701 sent to HKApp
[2025-08-13 08:19:58.423] [MSG_SENT] Message 2702 sent to TelemetryApp
[2025-08-13 08:19:58.424] [MSG_SENT] Message 2703 sent to FlightLogicApp
[2025-08-13 08:19:58.673] [MSG_SENT] Message 2701 sent to HKApp
[2025-08-13 08:19:59.426] [MSG_SENT] Message 2702 sent to TelemetryApp
[2025-08-13 08:19:59.427] [MSG_SENT] Message 2703 sent to FlightLogicApp
[2025-08-13 08:19:59.675] [MSG_SENT] Message 2701 sent to HKApp
[2025-08-13 08:20:00.428] [MSG_SENT] Message 2702 sent to TelemetryApp
[2025-08-13 08:20:00.429] [MSG_SENT] Message 2703 sent to FlightLogicApp
[2025-08-13 08:20:00.676] [MSG_SENT] Message 2701 sent to HKApp
[2025-08-13 08:20:01.430] [MSG_SENT] Message 2702 sent to TelemetryApp
[2025-08-13 08:20:01.431] [MSG_SENT] Message 2703 sent to FlightLogicApp
[2025-08-13 08:20:01.678] [MSG_SENT] Message 2701 sent to HKApp
[2025-08-13 08:20:02.433] [MSG_SENT] Message 2702 sent to TelemetryApp
[2025-08-13 08:20:02.435] [MSG_SENT] Message 2703 sent to FlightLogicApp
[2025-08-13 08:20:02.679] [MSG_SENT] Message 2701 sent to HKApp
[2025-08-13 08:20:03.436] [MSG_SENT] Message 2702 sent to TelemetryApp
[2025-08-13 08:20:03.438] [MSG_SENT] Message 2703 sent to FlightLogicApp
[2025-08-13 08:20:03.680] [MSG_SENT] Message 2701 sent to HKApp
[2025-08-13 08:20:04.439] [MSG_SENT] Message 2702 sent to TelemetryApp
[2025-08-13 08:20:04.440] [MSG_SENT] Message 2703 sent to FlightLogicApp
[2025-08-13 08:20:04.681] [MSG_SENT] Message 2701 sent to HKApp
[2025-08-13 08:20:05.442] [MSG_SENT] Message 2702 sent to TelemetryApp
[2025-08-13 08:20:05.443] [MSG_SENT] Message 2703 sent to FlightLogicApp
[2025-08-13 08:20:05.683] [MSG_SENT] Message 2701 sent to HKApp
[2025-08-13 08:20:06.444] [MSG_SENT] Message 2702 sent to TelemetryApp
[2025-08-13 08:20:06.445] [MSG_SENT] Message 2703 sent to FlightLogicApp
[2025-08-13 08:20:06.684] [MSG_SENT] Message 2701 sent to HKApp
[2025-08-13 08:20:07.446] [MSG_SENT] Message 2702 sent to TelemetryApp
[2025-08-13 08:20:07.447] [MSG_SENT] Message 2703 sent to FlightLogicApp
[2025-08-13 08:20:07.686] [MSG_SENT] Message 2701 sent to HKApp
[2025-08-13 08:20:08.448] [MSG_SENT] Message 2702 sent to TelemetryApp
[2025-08-13 08:20:08.449] [MSG_SENT] Message 2703 sent to FlightLogicApp
[2025-08-13 08:20:08.688] [MSG_SENT] Message 2701 sent to HKApp
[2025-08-13 08:20:09.453] [MSG_SENT] Message 2702 sent to TelemetryApp
[2025-08-13 08:20:09.454] [MSG_SENT] Message 2703 sent to FlightLogicApp
[2025-08-13 08:20:09.690] [MSG_SENT] Message 2701 sent to HKApp
[2025-08-13 08:20:10.456] [MSG_SENT] Message 2702 sent to TelemetryApp
[2025-08-13 08:20:10.457] [MSG_SENT] Message 2703 sent to FlightLogicApp
[2025-08-13 08:20:10.692] [MSG_SENT] Message 2701 sent to HKApp
[2025-08-13 08:20:11.459] [MSG_SENT] Message 2702 sent to TelemetryApp
[2025-08-13 08:20:11.459] [MSG_SENT] Message 2703 sent to FlightLogicApp
[2025-08-13 08:20:11.693] [MSG_SENT] Message 2701 sent to HKApp
[2025-08-13 08:20:12.461] [MSG_SENT] Message 2702 sent to TelemetryApp
[2025-08-13 08:20:12.462] [MSG_SENT] Message 2703 sent to FlightLogicApp
[2025-08-13 08:20:12.695] [MSG_SENT] Message 2701 sent to HKApp
[2025-08-13 08:20:13.463] [MSG_SENT] Message 2702 sent to TelemetryApp
[2025-08-13 08:20:13.464] [MSG_SENT] Message 2703 sent to FlightLogicApp
[2025-08-13 08:20:13.697] [MSG_SENT] Message 2701 sent to HKApp
[2025-08-13 08:20:14.466] [MSG_SENT] Message 2702 sent to TelemetryApp
[2025-08-13 08:20:14.467] [MSG_SENT] Message 2703 sent to FlightLogicApp
[2025-08-13 08:20:14.699] [MSG_SENT] Message 2701 sent to HKApp
[2025-08-13 08:20:15.468] [MSG_SENT] Message 2702 sent to TelemetryApp
[2025-08-13 08:20:15.469] [MSG_SENT] Message 2703 sent to FlightLogicApp
[2025-08-13 08:20:15.700] [MSG_SENT] Message 2701 sent to HKApp
[2025-08-13 08:20:16.471] [MSG_SENT] Message 2702 sent to TelemetryApp
[2025-08-13 08:20:16.472] [MSG_SENT] Message 2703 sent to FlightLogicApp
[2025-08-13 08:20:16.701] [MSG_SENT] Message 2701 sent to HKApp
[2025-08-13 08:20:17.474] [MSG_SENT] Message 2702 sent to TelemetryApp
[2025-08-13 08:20:17.475] [MSG_SENT] Message 2703 sent to FlightLogicApp
[2025-08-13 08:20:17.703] [MSG_SENT] Message 2701 sent to HKApp
[2025-08-13 08:20:18.476] [MSG_SENT] Message 2702 sent to TelemetryApp
[2025-08-13 08:20:18.476] [MSG_SENT] Message 2703 sent to FlightLogicApp
[2025-08-13 08:20:18.704] [MSG_SENT] Message 2701 sent to HKApp
[2025-08-13 08:20:19.478] [MSG_SENT] Message 2702 sent to TelemetryApp
[2025-08-13 08:20:19.479] [MSG_SENT] Message 2703 sent to FlightLogicApp
[2025-08-13 08:20:19.705] [MSG_SENT] Message 2701 sent to HKApp
[2025-08-13 08:20:20.480] [MSG_SENT] Message 2702 sent to TelemetryApp
[2025-08-13 08:20:20.482] [MSG_SENT] Message 2703 sent to FlightLogicApp
[2025-08-13 08:20:20.707] [MSG_SENT] Message 2701 sent to HKApp
[2025-08-13 08:20:21.483] [MSG_SENT] Message 2702 sent to TelemetryApp
[2025-08-13 08:20:21.484] [MSG_SENT] Message 2703 sent to FlightLogicApp
[2025-08-13 08:20:21.708] [MSG_SENT] Message 2701 sent to HKApp
[2025-08-13 08:20:22.486] [MSG_SENT] Message 2702 sent to TelemetryApp
[2025-08-13 08:20:22.487] [MSG_SENT] Message 2703 sent to FlightLogicApp
[2025-08-13 08:20:22.709] [MSG_SENT] Message 2701 sent to HKApp
[2025-08-13 08:20:23.488] [MSG_SENT] Message 2702 sent to TelemetryApp
[2025-08-13 08:20:23.489] [MSG_SENT] Message 2703 sent to FlightLogicApp
[2025-08-13 08:20:23.711] [MSG_SENT] Message 2701 sent to HKApp
[2025-08-13 08:20:24.490] [MSG_SENT] Message 2702 sent to TelemetryApp
[2025-08-13 08:20:24.491] [MSG_SENT] Message 2703 sent to FlightLogicApp
[2025-08-13 08:20:24.712] [MSG_SENT] Message 2701 sent to HKApp
[2025-08-13 08:20:25.492] [MSG_SENT] Message 2702 sent to TelemetryApp
[2025-08-13 08:20:25.493] [MSG_SENT] Message 2703 sent to FlightLogicApp
[2025-08-13 08:20:25.713] [MSG_SENT] Message 2701 sent to HKApp
[2025-08-13 08:20:26.494] [MSG_SENT] Message 2702 sent to TelemetryApp
[2025-08-13 08:20:26.495] [MSG_SENT] Message 2703 sent to FlightLogicApp
[2025-08-13 08:20:26.715] [MSG_SENT] Message 2701 sent to HKApp
[2025-08-13 08:20:27.497] [MSG_SENT] Message 2702 sent to TelemetryApp
[2025-08-13 08:20:27.498] [MSG_SENT] Message 2703 sent to FlightLogicApp
[2025-08-13 08:20:27.716] [MSG_SENT] Message 2701 sent to HKApp
[2025-08-13 08:20:28.500] [MSG_SENT] Message 2702 sent to TelemetryApp
[2025-08-13 08:20:28.501] [MSG_SENT] Message 2703 sent to FlightLogicApp
[2025-08-13 08:20:28.718] [MSG_SENT] Message 2701 sent to HKApp
[2025-08-13 08:20:29.503] [MSG_SENT] Message 2702 sent to TelemetryApp
[2025-08-13 08:20:29.504] [MSG_SENT] Message 2703 sent to FlightLogicApp
[2025-08-13 08:20:29.719] [MSG_SENT] Message 2701 sent to HKApp
[2025-08-13 08:20:30.505] [MSG_SENT] Message 2702 sent to TelemetryApp
[2025-08-13 08:20:30.507] [MSG_SENT] Message 2703 sent to FlightLogicApp
[2025-08-13 08:20:30.720] [MSG_SENT] Message 2701 sent to HKApp
[2025-08-13 08:20:31.508] [MSG_SENT] Message 2702 sent to TelemetryApp
[2025-08-13 08:20:31.509] [MSG_SENT] Message 2703 sent to FlightLogicApp
[2025-08-13 08:20:31.721] [MSG_SENT] Message 2701 sent to HKApp
[2025-08-13 08:20:32.511] [MSG_SENT] Message 2702 sent to TelemetryApp
[2025-08-13 08:20:32.512] [MSG_SENT] Message 2703 sent to FlightLogicApp
[2025-08-13 08:20:32.723] [MSG_SENT] Message 2701 sent to HKApp
[2025-08-13 08:20:33.514] [MSG_SENT] Message 2702 sent to TelemetryApp
[2025-08-13 08:20:33.516] [MSG_SENT] Message 2703 sent to FlightLogicApp
[2025-08-13 08:20:33.724] [MSG_SENT] Message 2701 sent to HKApp
[2025-08-13 08:20:34.517] [MSG_SENT] Message 2702 sent to TelemetryApp
[2025-08-13 08:20:34.519] [MSG_SENT] Message 2703 sent to FlightLogicApp
[2025-08-13 08:20:34.725] [MSG_SENT] Message 2701 sent to HKApp
[2025-08-13 08:20:35.521] [MSG_SENT] Message 2702 sent to TelemetryApp
[2025-08-13 08:20:35.521] [MSG_SENT] Message 2703 sent to FlightLogicApp
[2025-08-13 08:20:35.727] [MSG_SENT] Message 2701 sent to HKApp
[2025-08-13 08:20:36.523] [MSG_SENT] Message 2702 sent to TelemetryApp
[2025-08-13 08:20:36.523] [MSG_SENT] Message 2703 sent to FlightLogicApp
[2025-08-13 08:20:36.729] [MSG_SENT] Message 2701 sent to HKApp
[2025-08-13 08:20:37.526] [MSG_SENT] Message 2702 sent to TelemetryApp
[2025-08-13 08:20:37.527] [MSG_SENT] Message 2703 sent to FlightLogicApp
[2025-08-13 08:20:37.730] [MSG_SENT] Message 2701 sent to HKApp
[2025-08-13 08:20:38.529] [MSG_SENT] Message 2702 sent to TelemetryApp
[2025-08-13 08:20:38.530] [MSG_SENT] Message 2703 sent to FlightLogicApp
[2025-08-13 08:20:38.731] [MSG_SENT] Message 2701 sent to HKApp
[2025-08-13 08:20:39.531] [MSG_SENT] Message 2702 sent to TelemetryApp
[2025-08-13 08:20:39.532] [MSG_SENT] Message 2703 sent to FlightLogicApp
[2025-08-13 08:20:39.733] [MSG_SENT] Message 2701 sent to HKApp
[2025-08-13 08:20:40.534] [MSG_SENT] Message 2702 sent to TelemetryApp
[2025-08-13 08:20:40.535] [MSG_SENT] Message 2703 sent to FlightLogicApp
[2025-08-13 08:20:40.734] [MSG_SENT] Message 2701 sent to HKApp
[2025-08-13 08:20:41.536] [MSG_SENT] Message 2702 sent to TelemetryApp
[2025-08-13 08:20:41.537] [MSG_SENT] Message 2703 sent to FlightLogicApp
[2025-08-13 08:20:41.736] [MSG_SENT] Message 2701 sent to HKApp
[2025-08-13 08:20:42.539] [MSG_SENT] Message 2702 sent to TelemetryApp
[2025-08-13 08:20:42.540] [MSG_SENT] Message 2703 sent to FlightLogicApp
[2025-08-13 08:20:42.737] [MSG_SENT] Message 2701 sent to HKApp
[2025-08-13 08:20:43.542] [MSG_SENT] Message 2702 sent to TelemetryApp
[2025-08-13 08:20:43.543] [MSG_SENT] Message 2703 sent to FlightLogicApp
[2025-08-13 08:20:43.738] [MSG_SENT] Message 2701 sent to HKApp
[2025-08-13 08:20:44.545] [MSG_SENT] Message 2702 sent to TelemetryApp
[2025-08-13 08:20:44.546] [MSG_SENT] Message 2703 sent to FlightLogicApp
[2025-08-13 08:20:44.739] [MSG_SENT] Message 2701 sent to HKApp
[2025-08-13 08:20:45.547] [MSG_SENT] Message 2702 sent to TelemetryApp
[2025-08-13 08:20:45.548] [MSG_SENT] Message 2703 sent to FlightLogicApp
[2025-08-13 08:20:45.741] [MSG_SENT] Message 2701 sent to HKApp
[2025-08-13 08:20:46.550] [MSG_SENT] Message 2702 sent to TelemetryApp
[2025-08-13 08:20:46.551] [MSG_SENT] Message 2703 sent to FlightLogicApp
[2025-08-13 08:20:46.742] [MSG_SENT] Message 2701 sent to HKApp
[2025-08-13 08:20:47.552] [MSG_SENT] Message 2702 sent to TelemetryApp
[2025-08-13 08:20:47.553] [MSG_SENT] Message 2703 sent to FlightLogicApp
[2025-08-13 08:20:47.743] [MSG_SENT] Message 2701 sent to HKApp
[2025-08-13 08:20:48.554] [MSG_SENT] Message 2702 sent to TelemetryApp
[2025-08-13 08:20:48.555] [MSG_SENT] Message 2703 sent to FlightLogicApp
[2025-08-13 08:20:48.745] [MSG_SENT] Message 2701 sent to HKApp
[2025-08-13 08:20:49.557] [MSG_SENT] Message 2702 sent to TelemetryApp
[2025-08-13 08:20:49.557] [MSG_SENT] Message 2703 sent to FlightLogicApp
[2025-08-13 08:20:49.746] [MSG_SENT] Message 2701 sent to HKApp
[2025-08-13 08:20:50.559] [MSG_SENT] Message 2702 sent to TelemetryApp
[2025-08-13 08:20:50.560] [MSG_SENT] Message 2703 sent to FlightLogicApp
[2025-08-13 08:20:50.747] [MSG_SENT] Message 2701 sent to HKApp
[2025-08-13 08:20:51.561] [MSG_SENT] Message 2702 sent to TelemetryApp
[2025-08-13 08:20:51.563] [MSG_SENT] Message 2703 sent to FlightLogicApp
[2025-08-13 08:20:51.749] [MSG_SENT] Message 2701 sent to HKApp
[2025-08-13 08:20:52.565] [MSG_SENT] Message 2702 sent to TelemetryApp
[2025-08-13 08:20:52.566] [MSG_SENT] Message 2703 sent to FlightLogicApp
[2025-08-13 08:20:52.750] [MSG_SENT] Message 2701 sent to HKApp
[2025-08-13 08:20:53.567] [MSG_SENT] Message 2702 sent to TelemetryApp
[2025-08-13 08:20:53.569] [MSG_SENT] Message 2703 sent to FlightLogicApp
[2025-08-13 08:20:53.752] [MSG_SENT] Message 2701 sent to HKApp
[2025-08-13 08:20:54.570] [MSG_SENT] Message 2702 sent to TelemetryApp
[2025-08-13 08:20:54.571] [MSG_SENT] Message 2703 sent to FlightLogicApp
[2025-08-13 08:20:54.753] [MSG_SENT] Message 2701 sent to HKApp
[2025-08-13 08:20:55.572] [MSG_SENT] Message 2702 sent to TelemetryApp
[2025-08-13 08:20:55.573] [MSG_SENT] Message 2703 sent to FlightLogicApp
[2025-08-13 08:20:55.754] [MSG_SENT] Message 2701 sent to HKApp
[2025-08-13 08:20:56.574] [MSG_SENT] Message 2702 sent to TelemetryApp
[2025-08-13 08:20:56.575] [MSG_SENT] Message 2703 sent to FlightLogicApp
[2025-08-13 08:20:56.755] [MSG_SENT] Message 2701 sent to HKApp
[2025-08-13 08:20:57.577] [MSG_SENT] Message 2702 sent to TelemetryApp
[2025-08-13 08:20:57.579] [MSG_SENT] Message 2703 sent to FlightLogicApp
[2025-08-13 08:20:57.757] [MSG_SENT] Message 2701 sent to HKApp
[2025-08-13 08:20:58.580] [MSG_SENT] Message 2702 sent to TelemetryApp
[2025-08-13 08:20:58.581] [MSG_SENT] Message 2703 sent to FlightLogicApp
[2025-08-13 08:20:58.758] [MSG_SENT] Message 2701 sent to HKApp
[2025-08-13 08:20:59.583] [MSG_SENT] Message 2702 sent to TelemetryApp
[2025-08-13 08:20:59.584] [MSG_SENT] Message 2703 sent to FlightLogicApp
[2025-08-13 08:20:59.760] [MSG_SENT] Message 2701 sent to HKApp
[2025-08-13 08:21:00.586] [MSG_SENT] Message 2702 sent to TelemetryApp
[2025-08-13 08:21:00.587] [MSG_SENT] Message 2703 sent to FlightLogicApp
[2025-08-13 08:21:00.761] [MSG_SENT] Message 2701 sent to HKApp
[2025-08-13 08:21:01.588] [MSG_SENT] Message 2702 sent to TelemetryApp
[2025-08-13 08:21:01.589] [MSG_SENT] Message 2703 sent to FlightLogicApp
[2025-08-13 08:21:01.763] [MSG_SENT] Message 2701 sent to HKApp
[2025-08-13 08:21:02.590] [MSG_SENT] Message 2702 sent to TelemetryApp
[2025-08-13 08:21:02.591] [MSG_SENT] Message 2703 sent to FlightLogicApp
[2025-08-13 08:21:02.764] [MSG_SENT] Message 2701 sent to HKApp
[2025-08-13 08:21:03.592] [MSG_SENT] Message 2702 sent to TelemetryApp
[2025-08-13 08:21:03.593] [MSG_SENT] Message 2703 sent to FlightLogicApp
[2025-08-13 08:21:03.765] [MSG_SENT] Message 2701 sent to HKApp
[2025-08-13 08:21:04.596] [MSG_SENT] Message 2702 sent to TelemetryApp
[2025-08-13 08:21:04.597] [MSG_SENT] Message 2703 sent to FlightLogicApp
[2025-08-13 08:21:04.767] [MSG_SENT] Message 2701 sent to HKApp
[2025-08-13 08:21:05.599] [MSG_SENT] Message 2702 sent to TelemetryApp
[2025-08-13 08:21:05.600] [MSG_SENT] Message 2703 sent to FlightLogicApp
[2025-08-13 08:21:05.768] [MSG_SENT] Message 2701 sent to HKApp
[2025-08-13 08:21:06.603] [MSG_SENT] Message 2702 sent to TelemetryApp
[2025-08-13 08:21:06.604] [MSG_SENT] Message 2703 sent to FlightLogicApp
[2025-08-13 08:21:06.771] [MSG_SENT] Message 2701 sent to HKApp
[2025-08-13 08:21:07.606] [MSG_SENT] Message 2702 sent to TelemetryApp
[2025-08-13 08:21:07.607] [MSG_SENT] Message 2703 sent to FlightLogicApp
[2025-08-13 08:21:07.772] [MSG_SENT] Message 2701 sent to HKApp
[2025-08-13 08:21:08.608] [MSG_SENT] Message 2702 sent to TelemetryApp
[2025-08-13 08:21:08.609] [MSG_SENT] Message 2703 sent to FlightLogicApp
[2025-08-13 08:21:08.773] [MSG_SENT] Message 2701 sent to HKApp
[2025-08-13 08:21:09.610] [MSG_SENT] Message 2702 sent to TelemetryApp
[2025-08-13 08:21:09.611] [MSG_SENT] Message 2703 sent to FlightLogicApp
[2025-08-13 08:21:09.775] [MSG_SENT] Message 2701 sent to HKApp
[2025-08-13 08:21:10.613] [MSG_SENT] Message 2702 sent to TelemetryApp
[2025-08-13 08:21:10.613] [MSG_SENT] Message 2703 sent to FlightLogicApp
[2025-08-13 08:21:10.776] [MSG_SENT] Message 2701 sent to HKApp
[2025-08-13 08:21:11.616] [MSG_SENT] Message 2702 sent to TelemetryApp
[2025-08-13 08:21:11.616] [MSG_SENT] Message 2703 sent to FlightLogicApp
[2025-08-13 08:21:11.777] [MSG_SENT] Message 2701 sent to HKApp
[2025-08-13 08:21:12.620] [MSG_SENT] Message 2702 sent to TelemetryApp
[2025-08-13 08:21:12.624] [MSG_SENT] Message 2703 sent to FlightLogicApp
[2025-08-13 08:21:12.779] [MSG_SENT] Message 2701 sent to HKApp
[2025-08-13 08:21:13.625] [MSG_SENT] Message 2702 sent to TelemetryApp
[2025-08-13 08:21:13.626] [MSG_SENT] Message 2703 sent to FlightLogicApp
[2025-08-13 08:21:13.780] [MSG_SENT] Message 2701 sent to HKApp
[2025-08-13 08:21:14.627] [MSG_SENT] Message 2702 sent to TelemetryApp
[2025-08-13 08:21:14.628] [MSG_SENT] Message 2703 sent to FlightLogicApp
[2025-08-13 08:21:14.781] [MSG_SENT] Message 2701 sent to HKApp
[2025-08-13 08:21:15.631] [MSG_SENT] Message 2702 sent to TelemetryApp
[2025-08-13 08:21:15.632] [MSG_SENT] Message 2703 sent to FlightLogicApp
[2025-08-13 08:21:15.782] [MSG_SENT] Message 2701 sent to HKApp
[2025-08-13 08:21:16.633] [MSG_SENT] Message 2702 sent to TelemetryApp
[2025-08-13 08:21:16.634] [MSG_SENT] Message 2703 sent to FlightLogicApp
[2025-08-13 08:21:16.783] [MSG_SENT] Message 2701 sent to HKApp
[2025-08-13 08:21:17.636] [MSG_SENT] Message 2702 sent to TelemetryApp
[2025-08-13 08:21:17.637] [MSG_SENT] Message 2703 sent to FlightLogicApp
[2025-08-13 08:21:17.786] [MSG_SENT] Message 2701 sent to HKApp
[2025-08-13 08:21:18.638] [MSG_SENT] Message 2702 sent to TelemetryApp
[2025-08-13 08:21:18.639] [MSG_SENT] Message 2703 sent to FlightLogicApp
[2025-08-13 08:21:18.787] [MSG_SENT] Message 2701 sent to HKApp
[2025-08-13 08:21:19.640] [MSG_SENT] Message 2702 sent to TelemetryApp
[2025-08-13 08:21:19.641] [MSG_SENT] Message 2703 sent to FlightLogicApp
[2025-08-13 08:21:19.789] [MSG_SENT] Message 2701 sent to HKApp
[2025-08-13 08:21:20.643] [MSG_SENT] Message 2702 sent to TelemetryApp
[2025-08-13 08:21:20.644] [MSG_SENT] Message 2703 sent to FlightLogicApp
[2025-08-13 08:21:20.791] [MSG_SENT] Message 2701 sent to HKApp
[2025-08-13 08:21:21.645] [MSG_SENT] Message 2702 sent to TelemetryApp
[2025-08-13 08:21:21.646] [MSG_SENT] Message 2703 sent to FlightLogicApp
[2025-08-13 08:21:21.792] [MSG_SENT] Message 2701 sent to HKApp
[2025-08-13 08:21:22.648] [MSG_SENT] Message 2702 sent to TelemetryApp
[2025-08-13 08:21:22.649] [MSG_SENT] Message 2703 sent to FlightLogicApp
[2025-08-13 08:21:22.793] [MSG_SENT] Message 2701 sent to HKApp
[2025-08-13 08:21:23.651] [MSG_SENT] Message 2702 sent to TelemetryApp
[2025-08-13 08:21:23.651] [MSG_SENT] Message 2703 sent to FlightLogicApp
[2025-08-13 08:21:23.795] [MSG_SENT] Message 2701 sent to HKApp
[2025-08-13 08:21:24.653] [MSG_SENT] Message 2702 sent to TelemetryApp
[2025-08-13 08:21:24.654] [MSG_SENT] Message 2703 sent to FlightLogicApp
[2025-08-13 08:21:24.796] [MSG_SENT] Message 2701 sent to HKApp
[2025-08-13 08:21:25.655] [MSG_SENT] Message 2702 sent to TelemetryApp
[2025-08-13 08:21:25.656] [MSG_SENT] Message 2703 sent to FlightLogicApp
[2025-08-13 08:21:25.797] [MSG_SENT] Message 2701 sent to HKApp
[2025-08-13 08:21:26.657] [MSG_SENT] Message 2702 sent to TelemetryApp
[2025-08-13 08:21:26.658] [MSG_SENT] Message 2703 sent to FlightLogicApp
[2025-08-13 08:21:26.799] [MSG_SENT] Message 2701 sent to HKApp
[2025-08-13 08:21:27.660] [MSG_SENT] Message 2702 sent to TelemetryApp
[2025-08-13 08:21:27.662] [MSG_SENT] Message 2703 sent to FlightLogicApp
[2025-08-13 08:21:27.800] [MSG_SENT] Message 2701 sent to HKApp
[2025-08-13 08:21:28.664] [MSG_SENT] Message 2702 sent to TelemetryApp
[2025-08-13 08:21:28.665] [MSG_SENT] Message 2703 sent to FlightLogicApp
[2025-08-13 08:21:28.802] [MSG_SENT] Message 2701 sent to HKApp
[2025-08-13 08:21:29.666] [MSG_SENT] Message 2702 sent to TelemetryApp
[2025-08-13 08:21:29.667] [MSG_SENT] Message 2703 sent to FlightLogicApp
[2025-08-13 08:21:29.803] [MSG_SENT] Message 2701 sent to HKApp
[2025-08-13 08:21:30.668] [MSG_SENT] Message 2702 sent to TelemetryApp
[2025-08-13 08:21:30.669] [MSG_SENT] Message 2703 sent to FlightLogicApp
[2025-08-13 08:21:30.804] [MSG_SENT] Message 2701 sent to HKApp
[2025-08-13 08:21:31.671] [MSG_SENT] Message 2702 sent to TelemetryApp
[2025-08-13 08:21:31.671] [MSG_SENT] Message 2703 sent to FlightLogicApp
[2025-08-13 08:21:31.805] [MSG_SENT] Message 2701 sent to HKApp
[2025-08-13 08:21:32.673] [MSG_SENT] Message 2702 sent to TelemetryApp
[2025-08-13 08:21:32.674] [MSG_SENT] Message 2703 sent to FlightLogicApp
[2025-08-13 08:21:32.806] [MSG_SENT] Message 2701 sent to HKApp
[2025-08-13 08:21:33.676] [MSG_SENT] Message 2702 sent to TelemetryApp
[2025-08-13 08:21:33.676] [MSG_SENT] Message 2703 sent to FlightLogicApp
[2025-08-13 08:21:33.808] [MSG_SENT] Message 2701 sent to HKApp
[2025-08-13 08:21:34.678] [MSG_SENT] Message 2702 sent to TelemetryApp
[2025-08-13 08:21:34.680] [MSG_SENT] Message 2703 sent to FlightLogicApp
[2025-08-13 08:21:34.809] [MSG_SENT] Message 2701 sent to HKApp
[2025-08-13 08:21:35.682] [MSG_SENT] Message 2702 sent to TelemetryApp
[2025-08-13 08:21:35.683] [MSG_SENT] Message 2703 sent to FlightLogicApp
[2025-08-13 08:21:35.811] [MSG_SENT] Message 2701 sent to HKApp
[2025-08-13 08:21:36.684] [MSG_SENT] Message 2702 sent to TelemetryApp
[2025-08-13 08:21:36.686] [MSG_SENT] Message 2703 sent to FlightLogicApp
[2025-08-13 08:21:36.812] [MSG_SENT] Message 2701 sent to HKApp
[2025-08-13 08:21:37.687] [MSG_SENT] Message 2702 sent to TelemetryApp
[2025-08-13 08:21:37.688] [MSG_SENT] Message 2703 sent to FlightLogicApp
[2025-08-13 08:21:37.813] [MSG_SENT] Message 2701 sent to HKApp
[2025-08-13 08:21:38.690] [MSG_SENT] Message 2702 sent to TelemetryApp
[2025-08-13 08:21:38.691] [MSG_SENT] Message 2703 sent to FlightLogicApp
[2025-08-13 08:21:38.814] [MSG_SENT] Message 2701 sent to HKApp
[2025-08-13 08:21:39.693] [MSG_SENT] Message 2702 sent to TelemetryApp
[2025-08-13 08:21:39.694] [MSG_SENT] Message 2703 sent to FlightLogicApp
[2025-08-13 08:21:39.815] [MSG_SENT] Message 2701 sent to HKApp
[2025-08-13 08:21:40.696] [MSG_SENT] Message 2702 sent to TelemetryApp
[2025-08-13 08:21:40.697] [MSG_SENT] Message 2703 sent to FlightLogicApp
[2025-08-13 08:21:40.817] [MSG_SENT] Message 2701 sent to HKApp
[2025-08-13 08:21:41.699] [MSG_SENT] Message 2702 sent to TelemetryApp
[2025-08-13 08:21:41.700] [MSG_SENT] Message 2703 sent to FlightLogicApp
[2025-08-13 08:21:41.819] [MSG_SENT] Message 2701 sent to HKApp
[2025-08-13 08:21:42.702] [MSG_SENT] Message 2702 sent to TelemetryApp
[2025-08-13 08:21:42.704] [MSG_SENT] Message 2703 sent to FlightLogicApp
[2025-08-13 08:21:42.821] [MSG_SENT] Message 2701 sent to HKApp
[2025-08-13 08:21:43.706] [MSG_SENT] Message 2702 sent to TelemetryApp
[2025-08-13 08:21:43.707] [MSG_SENT] Message 2703 sent to FlightLogicApp
[2025-08-13 08:21:43.822] [MSG_SENT] Message 2701 sent to HKApp
[2025-08-13 08:21:44.709] [MSG_SENT] Message 2702 sent to TelemetryApp
[2025-08-13 08:21:44.710] [MSG_SENT] Message 2703 sent to FlightLogicApp
[2025-08-13 08:21:44.824] [MSG_SENT] Message 2701 sent to HKApp
[2025-08-13 08:21:45.712] [MSG_SENT] Message 2702 sent to TelemetryApp
[2025-08-13 08:21:45.713] [MSG_SENT] Message 2703 sent to FlightLogicApp
[2025-08-13 08:21:45.825] [MSG_SENT] Message 2701 sent to HKApp
[2025-08-13 08:21:46.716] [MSG_SENT] Message 2702 sent to TelemetryApp
[2025-08-13 08:21:46.717] [MSG_SENT] Message 2703 sent to FlightLogicApp
[2025-08-13 08:21:46.826] [MSG_SENT] Message 2701 sent to HKApp
[2025-08-13 08:21:47.718] [MSG_SENT] Message 2702 sent to TelemetryApp
[2025-08-13 08:21:47.720] [MSG_SENT] Message 2703 sent to FlightLogicApp
[2025-08-13 08:21:47.828] [MSG_SENT] Message 2701 sent to HKApp
[2025-08-13 08:21:48.722] [MSG_SENT] Message 2702 sent to TelemetryApp
[2025-08-13 08:21:48.723] [MSG_SENT] Message 2703 sent to FlightLogicApp
[2025-08-13 08:21:48.829] [MSG_SENT] Message 2701 sent to HKApp
[2025-08-13 08:21:49.724] [MSG_SENT] Message 2702 sent to TelemetryApp
[2025-08-13 08:21:49.725] [MSG_SENT] Message 2703 sent to FlightLogicApp
[2025-08-13 08:21:49.832] [MSG_SENT] Message 2701 sent to HKApp
[2025-08-13 08:21:50.727] [MSG_SENT] Message 2702 sent to TelemetryApp
[2025-08-13 08:21:50.728] [MSG_SENT] Message 2703 sent to FlightLogicApp
[2025-08-13 08:21:50.833] [MSG_SENT] Message 2701 sent to HKApp
[2025-08-13 08:21:51.730] [MSG_SENT] Message 2702 sent to TelemetryApp
[2025-08-13 08:21:51.731] [MSG_SENT] Message 2703 sent to FlightLogicApp
[2025-08-13 08:21:51.835] [MSG_SENT] Message 2701 sent to HKApp
[2025-08-13 08:21:52.732] [MSG_SENT] Message 2702 sent to TelemetryApp
[2025-08-13 08:21:52.733] [MSG_SENT] Message 2703 sent to FlightLogicApp
[2025-08-13 08:21:52.836] [MSG_SENT] Message 2701 sent to HKApp
[2025-08-13 08:21:53.735] [MSG_SENT] Message 2702 sent to TelemetryApp
[2025-08-13 08:21:53.736] [MSG_SENT] Message 2703 sent to FlightLogicApp
[2025-08-13 08:21:53.837] [MSG_SENT] Message 2701 sent to HKApp
[2025-08-13 08:21:54.738] [MSG_SENT] Message 2702 sent to TelemetryApp
[2025-08-13 08:21:54.739] [MSG_SENT] Message 2703 sent to FlightLogicApp
[2025-08-13 08:21:54.838] [MSG_SENT] Message 2701 sent to HKApp
[2025-08-13 08:21:55.740] [MSG_SENT] Message 2702 sent to TelemetryApp
[2025-08-13 08:21:55.741] [MSG_SENT] Message 2703 sent to FlightLogicApp
[2025-08-13 08:21:55.839] [MSG_SENT] Message 2701 sent to HKApp
[2025-08-13 08:21:56.743] [MSG_SENT] Message 2702 sent to TelemetryApp
[2025-08-13 08:21:56.743] [MSG_SENT] Message 2703 sent to FlightLogicApp
[2025-08-13 08:21:56.842] [MSG_SENT] Message 2701 sent to HKApp
[2025-08-13 08:21:57.745] [MSG_SENT] Message 2702 sent to TelemetryApp
[2025-08-13 08:21:57.746] [MSG_SENT] Message 2703 sent to FlightLogicApp
[2025-08-13 08:21:57.843] [MSG_SENT] Message 2701 sent to HKApp
[2025-08-13 08:21:58.747] [MSG_SENT] Message 2702 sent to TelemetryApp
[2025-08-13 08:21:58.747] [MSG_SENT] Message 2703 sent to FlightLogicApp
[2025-08-13 08:21:58.845] [MSG_SENT] Message 2701 sent to HKApp
[2025-08-13 08:21:59.748] [MSG_SENT] Message 2702 sent to TelemetryApp
[2025-08-13 08:21:59.749] [MSG_SENT] Message 2703 sent to FlightLogicApp
[2025-08-13 08:21:59.846] [MSG_SENT] Message 2701 sent to HKApp
[2025-08-13 08:22:00.752] [MSG_SENT] Message 2702 sent to TelemetryApp
[2025-08-13 08:22:00.753] [MSG_SENT] Message 2703 sent to FlightLogicApp
[2025-08-13 08:22:00.848] [MSG_SENT] Message 2701 sent to HKApp
[2025-08-13 08:22:01.754] [MSG_SENT] Message 2702 sent to TelemetryApp
[2025-08-13 08:22:01.755] [MSG_SENT] Message 2703 sent to FlightLogicApp
[2025-08-13 08:22:01.849] [MSG_SENT] Message 2701 sent to HKApp
[2025-08-13 08:22:02.756] [MSG_SENT] Message 2702 sent to TelemetryApp
[2025-08-13 08:22:02.757] [MSG_SENT] Message 2703 sent to FlightLogicApp
[2025-08-13 08:22:02.851] [MSG_SENT] Message 2701 sent to HKApp
[2025-08-13 08:22:03.759] [MSG_SENT] Message 2702 sent to TelemetryApp
[2025-08-13 08:22:03.759] [MSG_SENT] Message 2703 sent to FlightLogicApp
[2025-08-13 08:22:03.852] [MSG_SENT] Message 2701 sent to HKApp
[2025-08-13 08:22:04.762] [MSG_SENT] Message 2702 sent to TelemetryApp
[2025-08-13 08:22:04.764] [MSG_SENT] Message 2703 sent to FlightLogicApp
[2025-08-13 08:22:04.853] [MSG_SENT] Message 2701 sent to HKApp
[2025-08-13 08:22:05.766] [MSG_SENT] Message 2702 sent to TelemetryApp
[2025-08-13 08:22:05.768] [MSG_SENT] Message 2703 sent to FlightLogicApp
[2025-08-13 08:22:05.854] [MSG_SENT] Message 2701 sent to HKApp
[2025-08-13 08:22:06.770] [MSG_SENT] Message 2702 sent to TelemetryApp
[2025-08-13 08:22:06.771] [MSG_SENT] Message 2703 sent to FlightLogicApp
[2025-08-13 08:22:06.856] [MSG_SENT] Message 2701 sent to HKApp
[2025-08-13 08:22:07.773] [MSG_SENT] Message 2702 sent to TelemetryApp
[2025-08-13 08:22:07.774] [MSG_SENT] Message 2703 sent to FlightLogicApp
[2025-08-13 08:22:07.857] [MSG_SENT] Message 2701 sent to HKApp
[2025-08-13 08:22:08.775] [MSG_SENT] Message 2702 sent to TelemetryApp
[2025-08-13 08:22:08.776] [MSG_SENT] Message 2703 sent to FlightLogicApp
[2025-08-13 08:22:08.858] [MSG_SENT] Message 2701 sent to HKApp
[2025-08-13 08:22:09.777] [MSG_SENT] Message 2702 sent to TelemetryApp
[2025-08-13 08:22:09.779] [MSG_SENT] Message 2703 sent to FlightLogicApp
[2025-08-13 08:22:09.859] [MSG_SENT] Message 2701 sent to HKApp
[2025-08-13 08:22:10.780] [MSG_SENT] Message 2702 sent to TelemetryApp
[2025-08-13 08:22:10.781] [MSG_SENT] Message 2703 sent to FlightLogicApp
[2025-08-13 08:22:10.861] [MSG_SENT] Message 2701 sent to HKApp
[2025-08-13 08:22:11.785] [MSG_SENT] Message 2702 sent to TelemetryApp
[2025-08-13 08:22:11.789] [MSG_SENT] Message 2703 sent to FlightLogicApp
[2025-08-13 08:22:11.862] [MSG_SENT] Message 2701 sent to HKApp
[2025-08-13 08:22:12.791] [MSG_SENT] Message 2702 sent to TelemetryApp
[2025-08-13 08:22:12.792] [MSG_SENT] Message 2703 sent to FlightLogicApp
[2025-08-13 08:22:12.863] [MSG_SENT] Message 2701 sent to HKApp
[2025-08-13 08:22:13.794] [MSG_SENT] Message 2702 sent to TelemetryApp
[2025-08-13 08:22:13.795] [MSG_SENT] Message 2703 sent to FlightLogicApp
[2025-08-13 08:22:13.865] [MSG_SENT] Message 2701 sent to HKApp
[2025-08-13 08:22:14.797] [MSG_SENT] Message 2702 sent to TelemetryApp
[2025-08-13 08:22:14.799] [MSG_SENT] Message 2703 sent to FlightLogicApp
[2025-08-13 08:22:14.866] [MSG_SENT] Message 2701 sent to HKApp
[2025-08-13 08:22:15.800] [MSG_SENT] Message 2702 sent to TelemetryApp
[2025-08-13 08:22:15.802] [MSG_SENT] Message 2703 sent to FlightLogicApp
[2025-08-13 08:22:15.867] [MSG_SENT] Message 2701 sent to HKApp
[2025-08-13 08:22:16.804] [MSG_SENT] Message 2702 sent to TelemetryApp
[2025-08-13 08:22:16.805] [MSG_SENT] Message 2703 sent to FlightLogicApp
[2025-08-13 08:22:16.869] [MSG_SENT] Message 2701 sent to HKApp
[2025-08-13 08:22:17.807] [MSG_SENT] Message 2702 sent to TelemetryApp
[2025-08-13 08:22:17.808] [MSG_SENT] Message 2703 sent to FlightLogicApp
[2025-08-13 08:22:17.872] [MSG_SENT] Message 2701 sent to HKApp
[2025-08-13 08:22:18.809] [MSG_SENT] Message 2702 sent to TelemetryApp
[2025-08-13 08:22:18.809] [MSG_SENT] Message 2703 sent to FlightLogicApp
[2025-08-13 08:22:18.873] [MSG_SENT] Message 2701 sent to HKApp
[2025-08-13 08:22:19.811] [MSG_SENT] Message 2702 sent to TelemetryApp
[2025-08-13 08:22:19.812] [MSG_SENT] Message 2703 sent to FlightLogicApp
[2025-08-13 08:22:19.874] [MSG_SENT] Message 2701 sent to HKApp
[2025-08-13 08:22:20.813] [MSG_SENT] Message 2702 sent to TelemetryApp
[2025-08-13 08:22:20.813] [MSG_SENT] Message 2703 sent to FlightLogicApp
[2025-08-13 08:22:20.877] [MSG_SENT] Message 2701 sent to HKApp
[2025-08-13 08:22:21.815] [MSG_SENT] Message 2702 sent to TelemetryApp
[2025-08-13 08:22:21.816] [MSG_SENT] Message 2703 sent to FlightLogicApp
[2025-08-13 08:22:21.879] [MSG_SENT] Message 2701 sent to HKApp
[2025-08-13 08:22:22.817] [MSG_SENT] Message 2702 sent to TelemetryApp
[2025-08-13 08:22:22.818] [MSG_SENT] Message 2703 sent to FlightLogicApp
[2025-08-13 08:22:22.880] [MSG_SENT] Message 2701 sent to HKApp
[2025-08-13 08:22:23.819] [MSG_SENT] Message 2702 sent to TelemetryApp
[2025-08-13 08:22:23.819] [MSG_SENT] Message 2703 sent to FlightLogicApp
[2025-08-13 08:22:23.881] [MSG_SENT] Message 2701 sent to HKApp
[2025-08-13 08:22:24.821] [MSG_SENT] Message 2702 sent to TelemetryApp
[2025-08-13 08:22:24.822] [MSG_SENT] Message 2703 sent to FlightLogicApp
[2025-08-13 08:22:24.884] [MSG_SENT] Message 2701 sent to HKApp
[2025-08-13 08:22:25.823] [MSG_SENT] Message 2702 sent to TelemetryApp
[2025-08-13 08:22:25.824] [MSG_SENT] Message 2703 sent to FlightLogicApp
[2025-08-13 08:22:25.885] [MSG_SENT] Message 2701 sent to HKApp
[2025-08-13 08:22:26.825] [MSG_SENT] Message 2702 sent to TelemetryApp
[2025-08-13 08:22:26.826] [MSG_SENT] Message 2703 sent to FlightLogicApp
[2025-08-13 08:22:26.886] [MSG_SENT] Message 2701 sent to HKApp
[2025-08-13 08:22:27.827] [MSG_SENT] Message 2702 sent to TelemetryApp
[2025-08-13 08:22:27.828] [MSG_SENT] Message 2703 sent to FlightLogicApp
[2025-08-13 08:22:27.888] [MSG_SENT] Message 2701 sent to HKApp
[2025-08-13 08:22:28.829] [MSG_SENT] Message 2702 sent to TelemetryApp
[2025-08-13 08:22:28.830] [MSG_SENT] Message 2703 sent to FlightLogicApp
[2025-08-13 08:22:28.889] [MSG_SENT] Message 2701 sent to HKApp
[2025-08-13 08:22:29.832] [MSG_SENT] Message 2702 sent to TelemetryApp
[2025-08-13 08:22:29.833] [MSG_SENT] Message 2703 sent to FlightLogicApp
[2025-08-13 08:22:29.890] [MSG_SENT] Message 2701 sent to HKApp
[2025-08-13 08:22:30.835] [MSG_SENT] Message 2702 sent to TelemetryApp
[2025-08-13 08:22:30.837] [MSG_SENT] Message 2703 sent to FlightLogicApp
[2025-08-13 08:22:30.891] [MSG_SENT] Message 2701 sent to HKApp
[2025-08-13 08:22:31.838] [MSG_SENT] Message 2702 sent to TelemetryApp
[2025-08-13 08:22:31.839] [MSG_SENT] Message 2703 sent to FlightLogicApp
[2025-08-13 08:22:31.893] [MSG_SENT] Message 2701 sent to HKApp
[2025-08-13 08:22:32.842] [MSG_SENT] Message 2702 sent to TelemetryApp
[2025-08-13 08:22:32.843] [MSG_SENT] Message 2703 sent to FlightLogicApp
[2025-08-13 08:22:32.894] [MSG_SENT] Message 2701 sent to HKApp
[2025-08-13 08:22:33.845] [MSG_SENT] Message 2702 sent to TelemetryApp
[2025-08-13 08:22:33.846] [MSG_SENT] Message 2703 sent to FlightLogicApp
[2025-08-13 08:22:33.895] [MSG_SENT] Message 2701 sent to HKApp
[2025-08-13 08:22:34.847] [MSG_SENT] Message 2702 sent to TelemetryApp
[2025-08-13 08:22:34.848] [MSG_SENT] Message 2703 sent to FlightLogicApp
[2025-08-13 08:22:34.896] [MSG_SENT] Message 2701 sent to HKApp
[2025-08-13 08:22:35.850] [MSG_SENT] Message 2702 sent to TelemetryApp
[2025-08-13 08:22:35.851] [MSG_SENT] Message 2703 sent to FlightLogicApp
[2025-08-13 08:22:35.898] [MSG_SENT] Message 2701 sent to HKApp
[2025-08-13 08:22:36.852] [MSG_SENT] Message 2702 sent to TelemetryApp
[2025-08-13 08:22:36.852] [MSG_SENT] Message 2703 sent to FlightLogicApp
[2025-08-13 08:22:36.899] [MSG_SENT] Message 2701 sent to HKApp
[2025-08-13 08:22:37.854] [MSG_SENT] Message 2702 sent to TelemetryApp
[2025-08-13 08:22:37.856] [MSG_SENT] Message 2703 sent to FlightLogicApp
[2025-08-13 08:22:37.900] [MSG_SENT] Message 2701 sent to HKApp
[2025-08-13 08:22:38.857] [MSG_SENT] Message 2702 sent to TelemetryApp
[2025-08-13 08:22:38.859] [MSG_SENT] Message 2703 sent to FlightLogicApp
[2025-08-13 08:22:38.902] [MSG_SENT] Message 2701 sent to HKApp
[2025-08-13 08:22:39.860] [MSG_SENT] Message 2702 sent to TelemetryApp
[2025-08-13 08:22:39.861] [MSG_SENT] Message 2703 sent to FlightLogicApp
[2025-08-13 08:22:39.903] [MSG_SENT] Message 2701 sent to HKApp
[2025-08-13 08:22:40.862] [MSG_SENT] Message 2702 sent to TelemetryApp
[2025-08-13 08:22:40.863] [MSG_SENT] Message 2703 sent to FlightLogicApp
[2025-08-13 08:22:40.904] [MSG_SENT] Message 2701 sent to HKApp
[2025-08-13 08:22:41.864] [MSG_SENT] Message 2702 sent to TelemetryApp
[2025-08-13 08:22:41.865] [MSG_SENT] Message 2703 sent to FlightLogicApp
[2025-08-13 08:22:41.905] [MSG_SENT] Message 2701 sent to HKApp
[2025-08-13 08:22:42.866] [MSG_SENT] Message 2702 sent to TelemetryApp
[2025-08-13 08:22:42.867] [MSG_SENT] Message 2703 sent to FlightLogicApp
[2025-08-13 08:22:42.907] [MSG_SENT] Message 2701 sent to HKApp
[2025-08-13 08:22:43.869] [MSG_SENT] Message 2702 sent to TelemetryApp
[2025-08-13 08:22:43.871] [MSG_SENT] Message 2703 sent to FlightLogicApp
[2025-08-13 08:22:43.908] [MSG_SENT] Message 2701 sent to HKApp
[2025-08-13 08:22:44.872] [MSG_SENT] Message 2702 sent to TelemetryApp
[2025-08-13 08:22:44.873] [MSG_SENT] Message 2703 sent to FlightLogicApp
[2025-08-13 08:22:44.909] [MSG_SENT] Message 2701 sent to HKApp
[2025-08-13 08:22:45.875] [MSG_SENT] Message 2702 sent to TelemetryApp
[2025-08-13 08:22:45.876] [MSG_SENT] Message 2703 sent to FlightLogicApp
[2025-08-13 08:22:45.910] [MSG_SENT] Message 2701 sent to HKApp
[2025-08-13 08:22:46.878] [MSG_SENT] Message 2702 sent to TelemetryApp
[2025-08-13 08:22:46.879] [MSG_SENT] Message 2703 sent to FlightLogicApp
[2025-08-13 08:22:46.911] [MSG_SENT] Message 2701 sent to HKApp
[2025-08-13 08:22:47.880] [MSG_SENT] Message 2702 sent to TelemetryApp
[2025-08-13 08:22:47.881] [MSG_SENT] Message 2703 sent to FlightLogicApp
[2025-08-13 08:22:47.913] [MSG_SENT] Message 2701 sent to HKApp
[2025-08-13 08:22:48.883] [MSG_SENT] Message 2702 sent to TelemetryApp
[2025-08-13 08:22:48.883] [MSG_SENT] Message 2703 sent to FlightLogicApp
[2025-08-13 08:22:48.914] [MSG_SENT] Message 2701 sent to HKApp
[2025-08-13 08:22:49.885] [MSG_SENT] Message 2702 sent to TelemetryApp
[2025-08-13 08:22:49.887] [MSG_SENT] Message 2703 sent to FlightLogicApp
[2025-08-13 08:22:49.915] [MSG_SENT] Message 2701 sent to HKApp
[2025-08-13 08:22:50.888] [MSG_SENT] Message 2702 sent to TelemetryApp
[2025-08-13 08:22:50.890] [MSG_SENT] Message 2703 sent to FlightLogicApp
[2025-08-13 08:22:50.916] [MSG_SENT] Message 2701 sent to HKApp
[2025-08-13 08:22:51.892] [MSG_SENT] Message 2702 sent to TelemetryApp
[2025-08-13 08:22:51.894] [MSG_SENT] Message 2703 sent to FlightLogicApp
[2025-08-13 08:22:51.918] [MSG_SENT] Message 2701 sent to HKApp
[2025-08-13 08:22:52.896] [MSG_SENT] Message 2702 sent to TelemetryApp
[2025-08-13 08:22:52.897] [MSG_SENT] Message 2703 sent to FlightLogicApp
[2025-08-13 08:22:52.920] [MSG_SENT] Message 2701 sent to HKApp
[2025-08-13 08:22:53.899] [MSG_SENT] Message 2702 sent to TelemetryApp
[2025-08-13 08:22:53.900] [MSG_SENT] Message 2703 sent to FlightLogicApp
[2025-08-13 08:22:53.922] [MSG_SENT] Message 2701 sent to HKApp
[2025-08-13 08:22:54.901] [MSG_SENT] Message 2702 sent to TelemetryApp
[2025-08-13 08:22:54.902] [MSG_SENT] Message 2703 sent to FlightLogicApp
[2025-08-13 08:22:54.923] [MSG_SENT] Message 2701 sent to HKApp
[2025-08-13 08:22:55.904] [MSG_SENT] Message 2702 sent to TelemetryApp
[2025-08-13 08:22:55.905] [MSG_SENT] Message 2703 sent to FlightLogicApp
[2025-08-13 08:22:55.925] [MSG_SENT] Message 2701 sent to HKApp
[2025-08-13 08:22:56.906] [MSG_SENT] Message 2702 sent to TelemetryApp
[2025-08-13 08:22:56.907] [MSG_SENT] Message 2703 sent to FlightLogicApp
[2025-08-13 08:22:56.926] [MSG_SENT] Message 2701 sent to HKApp
[2025-08-13 08:22:57.909] [MSG_SENT] Message 2702 sent to TelemetryApp
[2025-08-13 08:22:57.909] [MSG_SENT] Message 2703 sent to FlightLogicApp
[2025-08-13 08:22:57.928] [MSG_SENT] Message 2701 sent to HKApp
[2025-08-13 08:22:58.911] [MSG_SENT] Message 2702 sent to TelemetryApp
[2025-08-13 08:22:58.912] [MSG_SENT] Message 2703 sent to FlightLogicApp
[2025-08-13 08:22:58.929] [MSG_SENT] Message 2701 sent to HKApp
[2025-08-13 08:22:59.914] [MSG_SENT] Message 2702 sent to TelemetryApp
[2025-08-13 08:22:59.915] [MSG_SENT] Message 2703 sent to FlightLogicApp
[2025-08-13 08:22:59.931] [MSG_SENT] Message 2701 sent to HKApp
[2025-08-13 08:23:00.917] [MSG_SENT] Message 2702 sent to TelemetryApp
[2025-08-13 08:23:00.918] [MSG_SENT] Message 2703 sent to FlightLogicApp
[2025-08-13 08:23:00.932] [MSG_SENT] Message 2701 sent to HKApp
[2025-08-13 08:23:01.919] [MSG_SENT] Message 2702 sent to TelemetryApp
[2025-08-13 08:23:01.920] [MSG_SENT] Message 2703 sent to FlightLogicApp
[2025-08-13 08:23:01.933] [MSG_SENT] Message 2701 sent to HKApp
[2025-08-13 08:23:02.922] [MSG_SENT] Message 2702 sent to TelemetryApp
[2025-08-13 08:23:02.923] [MSG_SENT] Message 2703 sent to FlightLogicApp
[2025-08-13 08:23:02.935] [MSG_SENT] Message 2701 sent to HKApp
[2025-08-13 08:23:03.925] [MSG_SENT] Message 2702 sent to TelemetryApp
[2025-08-13 08:23:03.926] [MSG_SENT] Message 2703 sent to FlightLogicApp
[2025-08-13 08:23:03.936] [MSG_SENT] Message 2701 sent to HKApp
[2025-08-13 08:23:04.928] [MSG_SENT] Message 2702 sent to TelemetryApp
[2025-08-13 08:23:04.929] [MSG_SENT] Message 2703 sent to FlightLogicApp
[2025-08-13 08:23:04.937] [MSG_SENT] Message 2701 sent to HKApp
[2025-08-13 08:23:05.930] [MSG_SENT] Message 2702 sent to TelemetryApp
[2025-08-13 08:23:05.931] [MSG_SENT] Message 2703 sent to FlightLogicApp
[2025-08-13 08:23:05.938] [MSG_SENT] Message 2701 sent to HKApp
[2025-08-13 08:23:06.933] [MSG_SENT] Message 2702 sent to TelemetryApp
[2025-08-13 08:23:06.935] [MSG_SENT] Message 2703 sent to FlightLogicApp
[2025-08-13 08:23:06.940] [MSG_SENT] Message 2701 sent to HKApp
[2025-08-13 08:23:07.936] [MSG_SENT] Message 2702 sent to TelemetryApp
[2025-08-13 08:23:07.937] [MSG_SENT] Message 2703 sent to FlightLogicApp
[2025-08-13 08:23:07.941] [MSG_SENT] Message 2701 sent to HKApp
[2025-08-13 08:23:08.939] [MSG_SENT] Message 2702 sent to TelemetryApp
[2025-08-13 08:23:08.940] [MSG_SENT] Message 2703 sent to FlightLogicApp
[2025-08-13 08:23:08.943] [MSG_SENT] Message 2701 sent to HKApp
[2025-08-13 08:23:09.941] [MSG_SENT] Message 2702 sent to TelemetryApp
[2025-08-13 08:23:09.942] [MSG_SENT] Message 2703 sent to FlightLogicApp
[2025-08-13 08:23:09.944] [MSG_SENT] Message 2701 sent to HKApp
[2025-08-13 08:23:10.943] [MSG_SENT] Message 2702 sent to TelemetryApp
[2025-08-13 08:23:10.944] [MSG_SENT] Message 2703 sent to FlightLogicApp
[2025-08-13 08:23:10.945] [MSG_SENT] Message 2701 sent to HKApp
[2025-08-13 08:23:11.945] [MSG_SENT] Message 2702 sent to TelemetryApp
[2025-08-13 08:23:11.946] [MSG_SENT] Message 2703 sent to FlightLogicApp
[2025-08-13 08:23:11.947] [MSG_SENT] Message 2701 sent to HKApp
[2025-08-13 08:23:12.948] [MSG_SENT] Message 2702 sent to TelemetryApp
[2025-08-13 08:23:12.949] [MSG_SENT] Message 2701 sent to HKApp
[2025-08-13 08:23:12.950] [MSG_SENT] Message 2703 sent to FlightLogicApp
[2025-08-13 08:23:13.953] [MSG_SENT] Message 2701 sent to HKApp
[2025-08-13 08:23:13.953] [MSG_SENT] Message 2702 sent to TelemetryApp
[2025-08-13 08:23:13.955] [MSG_SENT] Message 2703 sent to FlightLogicApp
[2025-08-13 08:23:14.955] [MSG_SENT] Message 2701 sent to HKApp
[2025-08-13 08:23:14.957] [MSG_SENT] Message 2702 sent to TelemetryApp
[2025-08-13 08:23:14.959] [MSG_SENT] Message 2703 sent to FlightLogicApp
[2025-08-13 08:23:15.956] [MSG_SENT] Message 2701 sent to HKApp
[2025-08-13 08:23:15.960] [MSG_SENT] Message 2702 sent to TelemetryApp
[2025-08-13 08:23:15.961] [MSG_SENT] Message 2703 sent to FlightLogicApp
[2025-08-13 08:23:16.958] [MSG_SENT] Message 2701 sent to HKApp
[2025-08-13 08:23:16.963] [MSG_SENT] Message 2702 sent to TelemetryApp
[2025-08-13 08:23:16.964] [MSG_SENT] Message 2703 sent to FlightLogicApp
[2025-08-13 08:23:17.960] [MSG_SENT] Message 2701 sent to HKApp
[2025-08-13 08:23:17.965] [MSG_SENT] Message 2702 sent to TelemetryApp
[2025-08-13 08:23:17.966] [MSG_SENT] Message 2703 sent to FlightLogicApp
[2025-08-13 08:23:18.961] [MSG_SENT] Message 2701 sent to HKApp
[2025-08-13 08:23:18.968] [MSG_SENT] Message 2702 sent to TelemetryApp
[2025-08-13 08:23:18.969] [MSG_SENT] Message 2703 sent to FlightLogicApp
[2025-08-13 08:23:19.962] [MSG_SENT] Message 2701 sent to HKApp
[2025-08-13 08:23:19.970] [MSG_SENT] Message 2702 sent to TelemetryApp
[2025-08-13 08:23:19.971] [MSG_SENT] Message 2703 sent to FlightLogicApp
[2025-08-13 08:23:20.964] [MSG_SENT] Message 2701 sent to HKApp
[2025-08-13 08:23:20.973] [MSG_SENT] Message 2702 sent to TelemetryApp
[2025-08-13 08:23:20.973] [MSG_SENT] Message 2703 sent to FlightLogicApp
[2025-08-13 08:23:21.965] [MSG_SENT] Message 2701 sent to HKApp
[2025-08-13 08:23:21.974] [MSG_SENT] Message 2702 sent to TelemetryApp
[2025-08-13 08:23:21.975] [MSG_SENT] Message 2703 sent to FlightLogicApp
[2025-08-13 08:23:22.967] [MSG_SENT] Message 2701 sent to HKApp
[2025-08-13 08:23:22.976] [MSG_SENT] Message 2702 sent to TelemetryApp
[2025-08-13 08:23:22.977] [MSG_SENT] Message 2703 sent to FlightLogicApp
[2025-08-13 08:23:23.969] [MSG_SENT] Message 2701 sent to HKApp
[2025-08-13 08:23:23.978] [MSG_SENT] Message 2702 sent to TelemetryApp
[2025-08-13 08:23:23.979] [MSG_SENT] Message 2703 sent to FlightLogicApp
[2025-08-13 08:23:24.970] [MSG_SENT] Message 2701 sent to HKApp
[2025-08-13 08:23:24.981] [MSG_SENT] Message 2702 sent to TelemetryApp
[2025-08-13 08:23:24.982] [MSG_SENT] Message 2703 sent to FlightLogicApp
[2025-08-13 08:23:25.974] [MSG_SENT] Message 2701 sent to HKApp
[2025-08-13 08:23:25.983] [MSG_SENT] Message 2702 sent to TelemetryApp
[2025-08-13 08:23:25.987] [MSG_SENT] Message 2703 sent to FlightLogicApp
[2025-08-13 08:23:26.976] [MSG_SENT] Message 2701 sent to HKApp
[2025-08-13 08:23:26.989] [MSG_SENT] Message 2702 sent to TelemetryApp
[2025-08-13 08:23:26.991] [MSG_SENT] Message 2703 sent to FlightLogicApp
[2025-08-13 08:23:27.978] [MSG_SENT] Message 2701 sent to HKApp
[2025-08-13 08:23:27.992] [MSG_SENT] Message 2702 sent to TelemetryApp
[2025-08-13 08:23:27.994] [MSG_SENT] Message 2703 sent to FlightLogicApp
[2025-08-13 08:23:28.979] [MSG_SENT] Message 2701 sent to HKApp
[2025-08-13 08:23:28.995] [MSG_SENT] Message 2702 sent to TelemetryApp
[2025-08-13 08:23:28.996] [MSG_SENT] Message 2703 sent to FlightLogicApp
[2025-08-13 08:23:29.980] [MSG_SENT] Message 2701 sent to HKApp
[2025-08-13 08:23:29.997] [MSG_SENT] Message 2702 sent to TelemetryApp
[2025-08-13 08:23:29.998] [MSG_SENT] Message 2703 sent to FlightLogicApp
[2025-08-13 08:23:30.982] [MSG_SENT] Message 2701 sent to HKApp
[2025-08-13 08:23:31.000] [MSG_SENT] Message 2702 sent to TelemetryApp
[2025-08-13 08:23:31.000] [MSG_SENT] Message 2703 sent to FlightLogicApp
[2025-08-13 08:23:31.983] [MSG_SENT] Message 2701 sent to HKApp
[2025-08-13 08:23:32.002] [MSG_SENT] Message 2702 sent to TelemetryApp
[2025-08-13 08:23:32.003] [MSG_SENT] Message 2703 sent to FlightLogicApp
[2025-08-13 08:23:32.985] [MSG_SENT] Message 2701 sent to HKApp
[2025-08-13 08:23:33.004] [MSG_SENT] Message 2702 sent to TelemetryApp
[2025-08-13 08:23:33.005] [MSG_SENT] Message 2703 sent to FlightLogicApp
[2025-08-13 08:23:33.986] [MSG_SENT] Message 2701 sent to HKApp
[2025-08-13 08:23:34.006] [MSG_SENT] Message 2702 sent to TelemetryApp
[2025-08-13 08:23:34.007] [MSG_SENT] Message 2703 sent to FlightLogicApp
[2025-08-13 08:23:34.988] [MSG_SENT] Message 2701 sent to HKApp
[2025-08-13 08:23:35.010] [MSG_SENT] Message 2702 sent to TelemetryApp
[2025-08-13 08:23:35.011] [MSG_SENT] Message 2703 sent to FlightLogicApp
[2025-08-13 08:23:35.990] [MSG_SENT] Message 2701 sent to HKApp
[2025-08-13 08:23:36.012] [MSG_SENT] Message 2702 sent to TelemetryApp
[2025-08-13 08:23:36.013] [MSG_SENT] Message 2703 sent to FlightLogicApp
[2025-08-13 08:23:36.991] [MSG_SENT] Message 2701 sent to HKApp
[2025-08-13 08:23:37.014] [MSG_SENT] Message 2702 sent to TelemetryApp
[2025-08-13 08:23:37.015] [MSG_SENT] Message 2703 sent to FlightLogicApp
[2025-08-13 08:23:37.994] [MSG_SENT] Message 2701 sent to HKApp
[2025-08-13 08:23:38.017] [MSG_SENT] Message 2702 sent to TelemetryApp
[2025-08-13 08:23:38.018] [MSG_SENT] Message 2703 sent to FlightLogicApp
[2025-08-13 08:23:38.995] [MSG_SENT] Message 2701 sent to HKApp
[2025-08-13 08:23:39.019] [MSG_SENT] Message 2702 sent to TelemetryApp
[2025-08-13 08:23:39.020] [MSG_SENT] Message 2703 sent to FlightLogicApp
[2025-08-13 08:23:39.997] [MSG_SENT] Message 2701 sent to HKApp
[2025-08-13 08:23:40.022] [MSG_SENT] Message 2702 sent to TelemetryApp
[2025-08-13 08:23:40.023] [MSG_SENT] Message 2703 sent to FlightLogicApp
[2025-08-13 08:23:40.998] [MSG_SENT] Message 2701 sent to HKApp
[2025-08-13 08:23:41.025] [MSG_SENT] Message 2702 sent to TelemetryApp
[2025-08-13 08:23:41.025] [MSG_SENT] Message 2703 sent to FlightLogicApp
[2025-08-13 08:23:41.999] [MSG_SENT] Message 2701 sent to HKApp
[2025-08-13 08:23:42.027] [MSG_SENT] Message 2702 sent to TelemetryApp
[2025-08-13 08:23:42.028] [MSG_SENT] Message 2703 sent to FlightLogicApp
[2025-08-13 08:23:43.000] [MSG_SENT] Message 2701 sent to HKApp
[2025-08-13 08:23:43.031] [MSG_SENT] Message 2702 sent to TelemetryApp
[2025-08-13 08:23:43.033] [MSG_SENT] Message 2703 sent to FlightLogicApp
[2025-08-13 08:23:44.002] [MSG_SENT] Message 2701 sent to HKApp
[2025-08-13 08:23:44.034] [MSG_SENT] Message 2702 sent to TelemetryApp
[2025-08-13 08:23:44.035] [MSG_SENT] Message 2703 sent to FlightLogicApp
[2025-08-13 08:23:45.003] [MSG_SENT] Message 2701 sent to HKApp
[2025-08-13 08:23:45.036] [MSG_SENT] Message 2702 sent to TelemetryApp
[2025-08-13 08:23:45.037] [MSG_SENT] Message 2703 sent to FlightLogicApp
[2025-08-13 08:23:46.004] [MSG_SENT] Message 2701 sent to HKApp
[2025-08-13 08:23:46.038] [MSG_SENT] Message 2702 sent to TelemetryApp
[2025-08-13 08:23:46.039] [MSG_SENT] Message 2703 sent to FlightLogicApp
[2025-08-13 08:23:47.006] [MSG_SENT] Message 2701 sent to HKApp
[2025-08-13 08:23:47.041] [MSG_SENT] Message 2702 sent to TelemetryApp
[2025-08-13 08:23:47.042] [MSG_SENT] Message 2703 sent to FlightLogicApp
[2025-08-13 08:23:48.008] [MSG_SENT] Message 2701 sent to HKApp
[2025-08-13 08:23:48.044] [MSG_SENT] Message 2702 sent to TelemetryApp
[2025-08-13 08:23:48.044] [MSG_SENT] Message 2703 sent to FlightLogicApp
[2025-08-13 08:23:49.009] [MSG_SENT] Message 2701 sent to HKApp
[2025-08-13 08:23:49.046] [MSG_SENT] Message 2702 sent to TelemetryApp
[2025-08-13 08:23:49.047] [MSG_SENT] Message 2703 sent to FlightLogicApp
[2025-08-13 08:23:50.010] [MSG_SENT] Message 2701 sent to HKApp
[2025-08-13 08:23:50.048] [MSG_SENT] Message 2702 sent to TelemetryApp
[2025-08-13 08:23:50.049] [MSG_SENT] Message 2703 sent to FlightLogicApp
[2025-08-13 08:23:51.012] [MSG_SENT] Message 2701 sent to HKApp
[2025-08-13 08:23:51.051] [MSG_SENT] Message 2702 sent to TelemetryApp
[2025-08-13 08:23:51.052] [MSG_SENT] Message 2703 sent to FlightLogicApp
[2025-08-13 08:23:52.013] [MSG_SENT] Message 2701 sent to HKApp
[2025-08-13 08:23:52.055] [MSG_SENT] Message 2702 sent to TelemetryApp
[2025-08-13 08:23:52.056] [MSG_SENT] Message 2703 sent to FlightLogicApp
[2025-08-13 08:23:53.014] [MSG_SENT] Message 2701 sent to HKApp
[2025-08-13 08:23:53.057] [MSG_SENT] Message 2702 sent to TelemetryApp
[2025-08-13 08:23:53.059] [MSG_SENT] Message 2703 sent to FlightLogicApp
[2025-08-13 08:23:54.016] [MSG_SENT] Message 2701 sent to HKApp
[2025-08-13 08:23:54.061] [MSG_SENT] Message 2702 sent to TelemetryApp
[2025-08-13 08:23:54.062] [MSG_SENT] Message 2703 sent to FlightLogicApp
[2025-08-13 08:23:55.017] [MSG_SENT] Message 2701 sent to HKApp
[2025-08-13 08:23:55.063] [MSG_SENT] Message 2702 sent to TelemetryApp
[2025-08-13 08:23:55.064] [MSG_SENT] Message 2703 sent to FlightLogicApp
[2025-08-13 08:23:56.018] [MSG_SENT] Message 2701 sent to HKApp
[2025-08-13 08:23:56.065] [MSG_SENT] Message 2702 sent to TelemetryApp
[2025-08-13 08:23:56.066] [MSG_SENT] Message 2703 sent to FlightLogicApp
[2025-08-13 08:23:57.020] [MSG_SENT] Message 2701 sent to HKApp
[2025-08-13 08:23:57.068] [MSG_SENT] Message 2702 sent to TelemetryApp
[2025-08-13 08:23:57.069] [MSG_SENT] Message 2703 sent to FlightLogicApp
[2025-08-13 08:23:58.021] [MSG_SENT] Message 2701 sent to HKApp
[2025-08-13 08:23:58.070] [MSG_SENT] Message 2702 sent to TelemetryApp
[2025-08-13 08:23:58.071] [MSG_SENT] Message 2703 sent to FlightLogicApp
[2025-08-13 08:23:59.023] [MSG_SENT] Message 2701 sent to HKApp
[2025-08-13 08:23:59.073] [MSG_SENT] Message 2702 sent to TelemetryApp
[2025-08-13 08:23:59.074] [MSG_SENT] Message 2703 sent to FlightLogicApp
[2025-08-13 08:24:00.024] [MSG_SENT] Message 2701 sent to HKApp
[2025-08-13 08:24:00.075] [MSG_SENT] Message 2702 sent to TelemetryApp
[2025-08-13 08:24:00.076] [MSG_SENT] Message 2703 sent to FlightLogicApp
[2025-08-13 08:24:01.025] [MSG_SENT] Message 2701 sent to HKApp
[2025-08-13 08:24:01.077] [MSG_SENT] Message 2702 sent to TelemetryApp
[2025-08-13 08:24:01.078] [MSG_SENT] Message 2703 sent to FlightLogicApp
[2025-08-13 08:24:02.026] [MSG_SENT] Message 2701 sent to HKApp
[2025-08-13 08:24:02.080] [MSG_SENT] Message 2702 sent to TelemetryApp
[2025-08-13 08:24:02.080] [MSG_SENT] Message 2703 sent to FlightLogicApp
[2025-08-13 08:24:03.028] [MSG_SENT] Message 2701 sent to HKApp
[2025-08-13 08:24:03.081] [MSG_SENT] Message 2702 sent to TelemetryApp
[2025-08-13 08:24:03.083] [MSG_SENT] Message 2703 sent to FlightLogicApp
[2025-08-13 08:24:04.029] [MSG_SENT] Message 2701 sent to HKApp
[2025-08-13 08:24:04.085] [MSG_SENT] Message 2702 sent to TelemetryApp
[2025-08-13 08:24:04.086] [MSG_SENT] Message 2703 sent to FlightLogicApp
[2025-08-13 08:24:05.031] [MSG_SENT] Message 2701 sent to HKApp
[2025-08-13 08:24:05.088] [MSG_SENT] Message 2702 sent to TelemetryApp
[2025-08-13 08:24:05.089] [MSG_SENT] Message 2703 sent to FlightLogicApp
[2025-08-13 08:24:06.032] [MSG_SENT] Message 2701 sent to HKApp
[2025-08-13 08:24:06.090] [MSG_SENT] Message 2702 sent to TelemetryApp
[2025-08-13 08:24:06.091] [MSG_SENT] Message 2703 sent to FlightLogicApp
[2025-08-13 08:24:07.033] [MSG_SENT] Message 2701 sent to HKApp
[2025-08-13 08:24:07.092] [MSG_SENT] Message 2702 sent to TelemetryApp
[2025-08-13 08:24:07.093] [MSG_SENT] Message 2703 sent to FlightLogicApp
[2025-08-13 08:24:08.035] [MSG_SENT] Message 2701 sent to HKApp
[2025-08-13 08:24:08.096] [MSG_SENT] Message 2702 sent to TelemetryApp
[2025-08-13 08:24:08.096] [MSG_SENT] Message 2703 sent to FlightLogicApp
[2025-08-13 08:24:09.036] [MSG_SENT] Message 2701 sent to HKApp
[2025-08-13 08:24:09.098] [MSG_SENT] Message 2702 sent to TelemetryApp
[2025-08-13 08:24:09.099] [MSG_SENT] Message 2703 sent to FlightLogicApp
[2025-08-13 08:24:10.037] [MSG_SENT] Message 2701 sent to HKApp
[2025-08-13 08:24:10.101] [MSG_SENT] Message 2702 sent to TelemetryApp
[2025-08-13 08:24:10.102] [MSG_SENT] Message 2703 sent to FlightLogicApp
[2025-08-13 08:24:11.039] [MSG_SENT] Message 2701 sent to HKApp
[2025-08-13 08:24:11.103] [MSG_SENT] Message 2702 sent to TelemetryApp
[2025-08-13 08:24:11.106] [MSG_SENT] Message 2703 sent to FlightLogicApp
[2025-08-13 08:24:12.041] [MSG_SENT] Message 2701 sent to HKApp
[2025-08-13 08:24:12.107] [MSG_SENT] Message 2702 sent to TelemetryApp
[2025-08-13 08:24:12.108] [MSG_SENT] Message 2703 sent to FlightLogicApp
[2025-08-13 08:24:13.042] [MSG_SENT] Message 2701 sent to HKApp
[2025-08-13 08:24:13.110] [MSG_SENT] Message 2702 sent to TelemetryApp
[2025-08-13 08:24:13.111] [MSG_SENT] Message 2703 sent to FlightLogicApp
[2025-08-13 08:24:14.044] [MSG_SENT] Message 2701 sent to HKApp
[2025-08-13 08:24:14.112] [MSG_SENT] Message 2702 sent to TelemetryApp
[2025-08-13 08:24:14.113] [MSG_SENT] Message 2703 sent to FlightLogicApp
[2025-08-13 08:24:15.045] [MSG_SENT] Message 2701 sent to HKApp
[2025-08-13 08:24:15.115] [MSG_SENT] Message 2702 sent to TelemetryApp
[2025-08-13 08:24:15.116] [MSG_SENT] Message 2703 sent to FlightLogicApp
[2025-08-13 08:24:16.046] [MSG_SENT] Message 2701 sent to HKApp
[2025-08-13 08:24:16.118] [MSG_SENT] Message 2702 sent to TelemetryApp
[2025-08-13 08:24:16.119] [MSG_SENT] Message 2703 sent to FlightLogicApp
[2025-08-13 08:24:17.048] [MSG_SENT] Message 2701 sent to HKApp
[2025-08-13 08:24:17.120] [MSG_SENT] Message 2702 sent to TelemetryApp
[2025-08-13 08:24:17.121] [MSG_SENT] Message 2703 sent to FlightLogicApp
[2025-08-13 08:24:18.049] [MSG_SENT] Message 2701 sent to HKApp
[2025-08-13 08:24:18.123] [MSG_SENT] Message 2702 sent to TelemetryApp
[2025-08-13 08:24:18.124] [MSG_SENT] Message 2703 sent to FlightLogicApp
[2025-08-13 08:24:19.051] [MSG_SENT] Message 2701 sent to HKApp
[2025-08-13 08:24:19.126] [MSG_SENT] Message 2702 sent to TelemetryApp
[2025-08-13 08:24:19.127] [MSG_SENT] Message 2703 sent to FlightLogicApp
[2025-08-13 08:24:20.052] [MSG_SENT] Message 2701 sent to HKApp
[2025-08-13 08:24:20.128] [MSG_SENT] Message 2702 sent to TelemetryApp
[2025-08-13 08:24:20.129] [MSG_SENT] Message 2703 sent to FlightLogicApp
[2025-08-13 08:24:21.053] [MSG_SENT] Message 2701 sent to HKApp
[2025-08-13 08:24:21.130] [MSG_SENT] Message 2702 sent to TelemetryApp
[2025-08-13 08:24:21.131] [MSG_SENT] Message 2703 sent to FlightLogicApp
[2025-08-13 08:24:22.055] [MSG_SENT] Message 2701 sent to HKApp
[2025-08-13 08:24:22.132] [MSG_SENT] Message 2702 sent to TelemetryApp
[2025-08-13 08:24:22.133] [MSG_SENT] Message 2703 sent to FlightLogicApp
[2025-08-13 08:24:23.056] [MSG_SENT] Message 2701 sent to HKApp
[2025-08-13 08:24:23.135] [MSG_SENT] Message 2702 sent to TelemetryApp
[2025-08-13 08:24:23.136] [MSG_SENT] Message 2703 sent to FlightLogicApp
[2025-08-13 08:24:24.057] [MSG_SENT] Message 2701 sent to HKApp
[2025-08-13 08:24:24.137] [MSG_SENT] Message 2702 sent to TelemetryApp
[2025-08-13 08:24:24.138] [MSG_SENT] Message 2703 sent to FlightLogicApp
[2025-08-13 08:24:25.059] [MSG_SENT] Message 2701 sent to HKApp
[2025-08-13 08:24:25.141] [MSG_SENT] Message 2702 sent to TelemetryApp
[2025-08-13 08:24:25.142] [MSG_SENT] Message 2703 sent to FlightLogicApp
[2025-08-13 08:24:26.060] [MSG_SENT] Message 2701 sent to HKApp
[2025-08-13 08:24:26.144] [MSG_SENT] Message 2702 sent to TelemetryApp
[2025-08-13 08:24:26.145] [MSG_SENT] Message 2703 sent to FlightLogicApp
[2025-08-13 08:24:27.062] [MSG_SENT] Message 2701 sent to HKApp
[2025-08-13 08:24:27.146] [MSG_SENT] Message 2702 sent to TelemetryApp
[2025-08-13 08:24:27.147] [MSG_SENT] Message 2703 sent to FlightLogicApp
[2025-08-13 08:24:28.063] [MSG_SENT] Message 2701 sent to HKApp
[2025-08-13 08:24:28.149] [MSG_SENT] Message 2702 sent to TelemetryApp
[2025-08-13 08:24:28.150] [MSG_SENT] Message 2703 sent to FlightLogicApp
[2025-08-13 08:24:29.064] [MSG_SENT] Message 2701 sent to HKApp
[2025-08-13 08:24:29.151] [MSG_SENT] Message 2702 sent to TelemetryApp
[2025-08-13 08:24:29.152] [MSG_SENT] Message 2703 sent to FlightLogicApp
[2025-08-13 08:24:30.066] [MSG_SENT] Message 2701 sent to HKApp
[2025-08-13 08:24:30.154] [MSG_SENT] Message 2702 sent to TelemetryApp
[2025-08-13 08:24:30.155] [MSG_SENT] Message 2703 sent to FlightLogicApp
[2025-08-13 08:24:31.067] [MSG_SENT] Message 2701 sent to HKApp
[2025-08-13 08:24:31.156] [MSG_SENT] Message 2702 sent to TelemetryApp
[2025-08-13 08:24:31.158] [MSG_SENT] Message 2703 sent to FlightLogicApp
[2025-08-13 08:24:32.151] [MSG_SENT] Message 2701 sent to HKApp
[2025-08-13 08:24:32.160] [MSG_SENT] Message 2702 sent to TelemetryApp
[2025-08-13 08:24:32.161] [MSG_SENT] Message 2703 sent to FlightLogicApp
[2025-08-13 08:24:33.152] [MSG_SENT] Message 2701 sent to HKApp
[2025-08-13 08:24:33.163] [MSG_SENT] Message 2702 sent to TelemetryApp
[2025-08-13 08:24:33.164] [MSG_SENT] Message 2703 sent to FlightLogicApp
[2025-08-13 08:24:34.154] [MSG_SENT] Message 2701 sent to HKApp
[2025-08-13 08:24:34.166] [MSG_SENT] Message 2702 sent to TelemetryApp
[2025-08-13 08:24:34.167] [MSG_SENT] Message 2703 sent to FlightLogicApp
[2025-08-13 08:24:35.155] [MSG_SENT] Message 2701 sent to HKApp
[2025-08-13 08:24:35.168] [MSG_SENT] Message 2702 sent to TelemetryApp
[2025-08-13 08:24:35.169] [MSG_SENT] Message 2703 sent to FlightLogicApp
[2025-08-13 08:24:36.156] [MSG_SENT] Message 2701 sent to HKApp
[2025-08-13 08:24:36.171] [MSG_SENT] Message 2702 sent to TelemetryApp
[2025-08-13 08:24:36.172] [MSG_SENT] Message 2703 sent to FlightLogicApp
[2025-08-13 08:24:37.157] [MSG_SENT] Message 2701 sent to HKApp
[2025-08-13 08:24:37.173] [MSG_SENT] Message 2702 sent to TelemetryApp
[2025-08-13 08:24:37.174] [MSG_SENT] Message 2703 sent to FlightLogicApp
[2025-08-13 08:24:38.159] [MSG_SENT] Message 2701 sent to HKApp
[2025-08-13 08:24:38.176] [MSG_SENT] Message 2702 sent to TelemetryApp
[2025-08-13 08:24:38.178] [MSG_SENT] Message 2703 sent to FlightLogicApp
[2025-08-13 08:24:39.160] [MSG_SENT] Message 2701 sent to HKApp
[2025-08-13 08:24:39.179] [MSG_SENT] Message 2702 sent to TelemetryApp
[2025-08-13 08:24:39.181] [MSG_SENT] Message 2703 sent to FlightLogicApp
[2025-08-13 08:24:40.162] [MSG_SENT] Message 2701 sent to HKApp
[2025-08-13 08:24:40.183] [MSG_SENT] Message 2702 sent to TelemetryApp
[2025-08-13 08:24:40.184] [MSG_SENT] Message 2703 sent to FlightLogicApp
[2025-08-13 08:24:41.163] [MSG_SENT] Message 2701 sent to HKApp
[2025-08-13 08:24:41.186] [MSG_SENT] Message 2702 sent to TelemetryApp
[2025-08-13 08:24:41.187] [MSG_SENT] Message 2703 sent to FlightLogicApp
[2025-08-13 08:24:42.164] [MSG_SENT] Message 2701 sent to HKApp
[2025-08-13 08:24:42.188] [MSG_SENT] Message 2702 sent to TelemetryApp
[2025-08-13 08:24:42.189] [MSG_SENT] Message 2703 sent to FlightLogicApp
[2025-08-13 08:24:43.166] [MSG_SENT] Message 2701 sent to HKApp
[2025-08-13 08:24:43.190] [MSG_SENT] Message 2702 sent to TelemetryApp
[2025-08-13 08:24:43.191] [MSG_SENT] Message 2703 sent to FlightLogicApp
[2025-08-13 08:24:44.167] [MSG_SENT] Message 2701 sent to HKApp
[2025-08-13 08:24:44.192] [MSG_SENT] Message 2702 sent to TelemetryApp
[2025-08-13 08:24:44.193] [MSG_SENT] Message 2703 sent to FlightLogicApp
[2025-08-13 08:24:45.169] [MSG_SENT] Message 2701 sent to HKApp
[2025-08-13 08:24:45.195] [MSG_SENT] Message 2702 sent to TelemetryApp
[2025-08-13 08:24:45.196] [MSG_SENT] Message 2703 sent to FlightLogicApp
[2025-08-13 08:24:46.170] [MSG_SENT] Message 2701 sent to HKApp
[2025-08-13 08:24:46.199] [MSG_SENT] Message 2702 sent to TelemetryApp
[2025-08-13 08:24:46.200] [MSG_SENT] Message 2703 sent to FlightLogicApp
[2025-08-13 08:24:47.172] [MSG_SENT] Message 2701 sent to HKApp
[2025-08-13 08:24:47.201] [MSG_SENT] Message 2702 sent to TelemetryApp
[2025-08-13 08:24:47.202] [MSG_SENT] Message 2703 sent to FlightLogicApp
[2025-08-13 08:24:48.173] [MSG_SENT] Message 2701 sent to HKApp
[2025-08-13 08:24:48.204] [MSG_SENT] Message 2702 sent to TelemetryApp
[2025-08-13 08:24:48.205] [MSG_SENT] Message 2703 sent to FlightLogicApp
[2025-08-13 08:24:49.176] [MSG_SENT] Message 2701 sent to HKApp
[2025-08-13 08:24:49.206] [MSG_SENT] Message 2702 sent to TelemetryApp
[2025-08-13 08:24:49.208] [MSG_SENT] Message 2703 sent to FlightLogicApp
[2025-08-13 08:24:50.177] [MSG_SENT] Message 2701 sent to HKApp
[2025-08-13 08:24:50.209] [MSG_SENT] Message 2702 sent to TelemetryApp
[2025-08-13 08:24:50.210] [MSG_SENT] Message 2703 sent to FlightLogicApp
[2025-08-13 08:24:51.178] [MSG_SENT] Message 2701 sent to HKApp
[2025-08-13 08:24:51.212] [MSG_SENT] Message 2702 sent to TelemetryApp
[2025-08-13 08:24:51.213] [MSG_SENT] Message 2703 sent to FlightLogicApp
[2025-08-13 08:24:52.179] [MSG_SENT] Message 2701 sent to HKApp
[2025-08-13 08:24:52.215] [MSG_SENT] Message 2702 sent to TelemetryApp
[2025-08-13 08:24:52.217] [MSG_SENT] Message 2703 sent to FlightLogicApp
[2025-08-13 08:24:53.181] [MSG_SENT] Message 2701 sent to HKApp
[2025-08-13 08:24:53.219] [MSG_SENT] Message 2702 sent to TelemetryApp
[2025-08-13 08:24:53.220] [MSG_SENT] Message 2703 sent to FlightLogicApp
[2025-08-13 08:24:54.182] [MSG_SENT] Message 2701 sent to HKApp
[2025-08-13 08:24:54.222] [MSG_SENT] Message 2702 sent to TelemetryApp
[2025-08-13 08:24:54.222] [MSG_SENT] Message 2703 sent to FlightLogicApp
[2025-08-13 08:24:55.183] [MSG_SENT] Message 2701 sent to HKApp
[2025-08-13 08:24:55.223] [MSG_SENT] Message 2702 sent to TelemetryApp
[2025-08-13 08:24:55.225] [MSG_SENT] Message 2703 sent to FlightLogicApp
[2025-08-13 08:24:56.184] [MSG_SENT] Message 2701 sent to HKApp
[2025-08-13 08:24:56.226] [MSG_SENT] Message 2702 sent to TelemetryApp
[2025-08-13 08:24:56.227] [MSG_SENT] Message 2703 sent to FlightLogicApp
[2025-08-13 08:24:57.186] [MSG_SENT] Message 2701 sent to HKApp
[2025-08-13 08:24:57.228] [MSG_SENT] Message 2702 sent to TelemetryApp
[2025-08-13 08:24:57.230] [MSG_SENT] Message 2703 sent to FlightLogicApp
[2025-08-13 08:24:58.187] [MSG_SENT] Message 2701 sent to HKApp
[2025-08-13 08:24:58.231] [MSG_SENT] Message 2702 sent to TelemetryApp
[2025-08-13 08:24:58.232] [MSG_SENT] Message 2703 sent to FlightLogicApp
[2025-08-13 08:24:59.189] [MSG_SENT] Message 2701 sent to HKApp
[2025-08-13 08:24:59.234] [MSG_SENT] Message 2702 sent to TelemetryApp
[2025-08-13 08:24:59.234] [MSG_SENT] Message 2703 sent to FlightLogicApp
[2025-08-13 08:25:00.190] [MSG_SENT] Message 2701 sent to HKApp
[2025-08-13 08:25:00.236] [MSG_SENT] Message 2702 sent to TelemetryApp
[2025-08-13 08:25:00.238] [MSG_SENT] Message 2703 sent to FlightLogicApp
[2025-08-13 08:25:01.192] [MSG_SENT] Message 2701 sent to HKApp
[2025-08-13 08:25:01.240] [MSG_SENT] Message 2702 sent to TelemetryApp
[2025-08-13 08:25:01.241] [MSG_SENT] Message 2703 sent to FlightLogicApp
[2025-08-13 08:25:02.193] [MSG_SENT] Message 2701 sent to HKApp
[2025-08-13 08:25:02.242] [MSG_SENT] Message 2702 sent to TelemetryApp
[2025-08-13 08:25:02.243] [MSG_SENT] Message 2703 sent to FlightLogicApp
[2025-08-13 08:25:03.194] [MSG_SENT] Message 2701 sent to HKApp
[2025-08-13 08:25:03.245] [MSG_SENT] Message 2702 sent to TelemetryApp
[2025-08-13 08:25:03.246] [MSG_SENT] Message 2703 sent to FlightLogicApp
[2025-08-13 08:25:04.197] [MSG_SENT] Message 2701 sent to HKApp
[2025-08-13 08:25:04.248] [MSG_SENT] Message 2702 sent to TelemetryApp
[2025-08-13 08:25:04.249] [MSG_SENT] Message 2703 sent to FlightLogicApp
[2025-08-13 08:25:05.198] [MSG_SENT] Message 2701 sent to HKApp
[2025-08-13 08:25:05.251] [MSG_SENT] Message 2702 sent to TelemetryApp
[2025-08-13 08:25:05.252] [MSG_SENT] Message 2703 sent to FlightLogicApp
[2025-08-13 08:25:06.201] [MSG_SENT] Message 2701 sent to HKApp
[2025-08-13 08:25:06.254] [MSG_SENT] Message 2702 sent to TelemetryApp
[2025-08-13 08:25:06.255] [MSG_SENT] Message 2703 sent to FlightLogicApp
[2025-08-13 08:25:07.202] [MSG_SENT] Message 2701 sent to HKApp
[2025-08-13 08:25:07.257] [MSG_SENT] Message 2702 sent to TelemetryApp
[2025-08-13 08:25:07.258] [MSG_SENT] Message 2703 sent to FlightLogicApp
[2025-08-13 08:25:08.203] [MSG_SENT] Message 2701 sent to HKApp
[2025-08-13 08:25:08.260] [MSG_SENT] Message 2702 sent to TelemetryApp
[2025-08-13 08:25:08.261] [MSG_SENT] Message 2703 sent to FlightLogicApp
[2025-08-13 08:25:09.204] [MSG_SENT] Message 2701 sent to HKApp
[2025-08-13 08:25:09.264] [MSG_SENT] Message 2702 sent to TelemetryApp
[2025-08-13 08:25:09.265] [MSG_SENT] Message 2703 sent to FlightLogicApp
[2025-08-13 08:25:10.206] [MSG_SENT] Message 2701 sent to HKApp
[2025-08-13 08:25:10.267] [MSG_SENT] Message 2702 sent to TelemetryApp
[2025-08-13 08:25:10.268] [MSG_SENT] Message 2703 sent to FlightLogicApp
[2025-08-13 08:25:11.207] [MSG_SENT] Message 2701 sent to HKApp
[2025-08-13 08:25:11.269] [MSG_SENT] Message 2702 sent to TelemetryApp
[2025-08-13 08:25:11.271] [MSG_SENT] Message 2703 sent to FlightLogicApp
[2025-08-13 08:25:12.208] [MSG_SENT] Message 2701 sent to HKApp
[2025-08-13 08:25:12.273] [MSG_SENT] Message 2702 sent to TelemetryApp
[2025-08-13 08:25:12.274] [MSG_SENT] Message 2703 sent to FlightLogicApp
[2025-08-13 08:25:13.210] [MSG_SENT] Message 2701 sent to HKApp
[2025-08-13 08:25:13.275] [MSG_SENT] Message 2702 sent to TelemetryApp
[2025-08-13 08:25:13.276] [MSG_SENT] Message 2703 sent to FlightLogicApp
[2025-08-13 08:25:14.211] [MSG_SENT] Message 2701 sent to HKApp
[2025-08-13 08:25:14.278] [MSG_SENT] Message 2702 sent to TelemetryApp
[2025-08-13 08:25:14.280] [MSG_SENT] Message 2703 sent to FlightLogicApp
[2025-08-13 08:25:15.212] [MSG_SENT] Message 2701 sent to HKApp
[2025-08-13 08:25:15.281] [MSG_SENT] Message 2702 sent to TelemetryApp
[2025-08-13 08:25:15.283] [MSG_SENT] Message 2703 sent to FlightLogicApp
[2025-08-13 08:25:16.214] [MSG_SENT] Message 2701 sent to HKApp
[2025-08-13 08:25:16.284] [MSG_SENT] Message 2702 sent to TelemetryApp
[2025-08-13 08:25:16.285] [MSG_SENT] Message 2703 sent to FlightLogicApp
[2025-08-13 08:25:17.215] [MSG_SENT] Message 2701 sent to HKApp
[2025-08-13 08:25:17.287] [MSG_SENT] Message 2702 sent to TelemetryApp
[2025-08-13 08:25:17.288] [MSG_SENT] Message 2703 sent to FlightLogicApp
[2025-08-13 08:25:18.217] [MSG_SENT] Message 2701 sent to HKApp
[2025-08-13 08:25:18.289] [MSG_SENT] Message 2702 sent to TelemetryApp
[2025-08-13 08:25:18.290] [MSG_SENT] Message 2703 sent to FlightLogicApp
[2025-08-13 08:25:19.218] [MSG_SENT] Message 2701 sent to HKApp
[2025-08-13 08:25:19.292] [MSG_SENT] Message 2702 sent to TelemetryApp
[2025-08-13 08:25:19.292] [MSG_SENT] Message 2703 sent to FlightLogicApp
[2025-08-13 08:25:20.219] [MSG_SENT] Message 2701 sent to HKApp
[2025-08-13 08:25:20.294] [MSG_SENT] Message 2702 sent to TelemetryApp
[2025-08-13 08:25:20.295] [MSG_SENT] Message 2703 sent to FlightLogicApp
[2025-08-13 08:25:21.221] [MSG_SENT] Message 2701 sent to HKApp
[2025-08-13 08:25:21.296] [MSG_SENT] Message 2702 sent to TelemetryApp
[2025-08-13 08:25:21.297] [MSG_SENT] Message 2703 sent to FlightLogicApp
[2025-08-13 08:25:22.222] [MSG_SENT] Message 2701 sent to HKApp
[2025-08-13 08:25:22.300] [MSG_SENT] Message 2702 sent to TelemetryApp
[2025-08-13 08:25:22.301] [MSG_SENT] Message 2703 sent to FlightLogicApp
[2025-08-13 08:25:23.223] [MSG_SENT] Message 2701 sent to HKApp
[2025-08-13 08:25:23.303] [MSG_SENT] Message 2702 sent to TelemetryApp
[2025-08-13 08:25:23.304] [MSG_SENT] Message 2703 sent to FlightLogicApp
[2025-08-13 08:25:24.225] [MSG_SENT] Message 2701 sent to HKApp
[2025-08-13 08:25:24.306] [MSG_SENT] Message 2702 sent to TelemetryApp
[2025-08-13 08:25:24.307] [MSG_SENT] Message 2703 sent to FlightLogicApp
[2025-08-13 08:25:25.226] [MSG_SENT] Message 2701 sent to HKApp
[2025-08-13 08:25:25.309] [MSG_SENT] Message 2702 sent to TelemetryApp
[2025-08-13 08:25:25.310] [MSG_SENT] Message 2703 sent to FlightLogicApp
[2025-08-13 08:25:26.228] [MSG_SENT] Message 2701 sent to HKApp
[2025-08-13 08:25:26.311] [MSG_SENT] Message 2702 sent to TelemetryApp
[2025-08-13 08:25:26.313] [MSG_SENT] Message 2703 sent to FlightLogicApp
[2025-08-13 08:25:27.229] [MSG_SENT] Message 2701 sent to HKApp
[2025-08-13 08:25:27.314] [MSG_SENT] Message 2702 sent to TelemetryApp
[2025-08-13 08:25:27.314] [MSG_SENT] Message 2703 sent to FlightLogicApp
[2025-08-13 08:25:28.230] [MSG_SENT] Message 2701 sent to HKApp
[2025-08-13 08:25:28.316] [MSG_SENT] Message 2702 sent to TelemetryApp
[2025-08-13 08:25:28.317] [MSG_SENT] Message 2703 sent to FlightLogicApp
[2025-08-13 08:25:29.232] [MSG_SENT] Message 2701 sent to HKApp
[2025-08-13 08:25:29.318] [MSG_SENT] Message 2702 sent to TelemetryApp
[2025-08-13 08:25:29.320] [MSG_SENT] Message 2703 sent to FlightLogicApp
[2025-08-13 08:25:30.233] [MSG_SENT] Message 2701 sent to HKApp
[2025-08-13 08:25:30.321] [MSG_SENT] Message 2702 sent to TelemetryApp
[2025-08-13 08:25:30.323] [MSG_SENT] Message 2703 sent to FlightLogicApp
[2025-08-13 08:25:31.235] [MSG_SENT] Message 2701 sent to HKApp
[2025-08-13 08:25:31.325] [MSG_SENT] Message 2702 sent to TelemetryApp
[2025-08-13 08:25:31.326] [MSG_SENT] Message 2703 sent to FlightLogicApp
[2025-08-13 08:25:32.236] [MSG_SENT] Message 2701 sent to HKApp
[2025-08-13 08:25:32.327] [MSG_SENT] Message 2702 sent to TelemetryApp
[2025-08-13 08:25:32.329] [MSG_SENT] Message 2703 sent to FlightLogicApp
[2025-08-13 08:25:33.238] [MSG_SENT] Message 2701 sent to HKApp
[2025-08-13 08:25:33.331] [MSG_SENT] Message 2702 sent to TelemetryApp
[2025-08-13 08:25:33.331] [MSG_SENT] Message 2703 sent to FlightLogicApp
[2025-08-13 08:25:34.239] [MSG_SENT] Message 2701 sent to HKApp
[2025-08-13 08:25:34.334] [MSG_SENT] Message 2702 sent to TelemetryApp
[2025-08-13 08:25:34.334] [MSG_SENT] Message 2703 sent to FlightLogicApp
[2025-08-13 08:25:35.241] [MSG_SENT] Message 2701 sent to HKApp
[2025-08-13 08:25:35.336] [MSG_SENT] Message 2702 sent to TelemetryApp
[2025-08-13 08:25:35.337] [MSG_SENT] Message 2703 sent to FlightLogicApp
[2025-08-13 08:25:36.243] [MSG_SENT] Message 2701 sent to HKApp
[2025-08-13 08:25:36.338] [MSG_SENT] Message 2702 sent to TelemetryApp
[2025-08-13 08:25:36.339] [MSG_SENT] Message 2703 sent to FlightLogicApp
[2025-08-13 08:25:37.245] [MSG_SENT] Message 2701 sent to HKApp
[2025-08-13 08:25:37.341] [MSG_SENT] Message 2702 sent to TelemetryApp
[2025-08-13 08:25:37.342] [MSG_SENT] Message 2703 sent to FlightLogicApp
[2025-08-13 08:25:38.246] [MSG_SENT] Message 2701 sent to HKApp
[2025-08-13 08:25:38.344] [MSG_SENT] Message 2702 sent to TelemetryApp
[2025-08-13 08:25:38.345] [MSG_SENT] Message 2703 sent to FlightLogicApp
[2025-08-13 08:25:39.248] [MSG_SENT] Message 2701 sent to HKApp
[2025-08-13 08:25:39.348] [MSG_SENT] Message 2702 sent to TelemetryApp
[2025-08-13 08:25:39.349] [MSG_SENT] Message 2703 sent to FlightLogicApp
[2025-08-13 08:25:40.250] [MSG_SENT] Message 2701 sent to HKApp
[2025-08-13 08:25:40.351] [MSG_SENT] Message 2702 sent to TelemetryApp
[2025-08-13 08:25:40.351] [MSG_SENT] Message 2703 sent to FlightLogicApp
[2025-08-13 08:25:41.251] [MSG_SENT] Message 2701 sent to HKApp
[2025-08-13 08:25:41.354] [MSG_SENT] Message 2702 sent to TelemetryApp
[2025-08-13 08:25:41.355] [MSG_SENT] Message 2703 sent to FlightLogicApp
[2025-08-13 08:25:42.252] [MSG_SENT] Message 2701 sent to HKApp
[2025-08-13 08:25:42.356] [MSG_SENT] Message 2702 sent to TelemetryApp
[2025-08-13 08:25:42.357] [MSG_SENT] Message 2703 sent to FlightLogicApp
[2025-08-13 08:25:43.254] [MSG_SENT] Message 2701 sent to HKApp
[2025-08-13 08:25:43.359] [MSG_SENT] Message 2702 sent to TelemetryApp
[2025-08-13 08:25:43.360] [MSG_SENT] Message 2703 sent to FlightLogicApp
[2025-08-13 08:25:44.255] [MSG_SENT] Message 2701 sent to HKApp
[2025-08-13 08:25:44.361] [MSG_SENT] Message 2702 sent to TelemetryApp
[2025-08-13 08:25:44.363] [MSG_SENT] Message 2703 sent to FlightLogicApp
[2025-08-13 08:25:45.256] [MSG_SENT] Message 2701 sent to HKApp
[2025-08-13 08:25:45.364] [MSG_SENT] Message 2702 sent to TelemetryApp
[2025-08-13 08:25:45.366] [MSG_SENT] Message 2703 sent to FlightLogicApp
[2025-08-13 08:25:46.258] [MSG_SENT] Message 2701 sent to HKApp
[2025-08-13 08:25:46.368] [MSG_SENT] Message 2702 sent to TelemetryApp
[2025-08-13 08:25:46.369] [MSG_SENT] Message 2703 sent to FlightLogicApp
[2025-08-13 08:25:47.260] [MSG_SENT] Message 2701 sent to HKApp
[2025-08-13 08:25:47.371] [MSG_SENT] Message 2702 sent to TelemetryApp
[2025-08-13 08:25:47.372] [MSG_SENT] Message 2703 sent to FlightLogicApp
[2025-08-13 08:25:48.261] [MSG_SENT] Message 2701 sent to HKApp
[2025-08-13 08:25:48.374] [MSG_SENT] Message 2702 sent to TelemetryApp
[2025-08-13 08:25:48.375] [MSG_SENT] Message 2703 sent to FlightLogicApp
[2025-08-13 08:25:49.263] [MSG_SENT] Message 2701 sent to HKApp
[2025-08-13 08:25:49.376] [MSG_SENT] Message 2702 sent to TelemetryApp
[2025-08-13 08:25:49.377] [MSG_SENT] Message 2703 sent to FlightLogicApp
[2025-08-13 08:25:50.264] [MSG_SENT] Message 2701 sent to HKApp
[2025-08-13 08:25:50.378] [MSG_SENT] Message 2702 sent to TelemetryApp
[2025-08-13 08:25:50.379] [MSG_SENT] Message 2703 sent to FlightLogicApp
[2025-08-13 08:25:51.265] [MSG_SENT] Message 2701 sent to HKApp
[2025-08-13 08:25:51.381] [MSG_SENT] Message 2702 sent to TelemetryApp
[2025-08-13 08:25:51.383] [MSG_SENT] Message 2703 sent to FlightLogicApp
[2025-08-13 08:25:52.267] [MSG_SENT] Message 2701 sent to HKApp
[2025-08-13 08:25:52.384] [MSG_SENT] Message 2702 sent to TelemetryApp
[2025-08-13 08:25:52.385] [MSG_SENT] Message 2703 sent to FlightLogicApp
[2025-08-13 08:25:53.268] [MSG_SENT] Message 2701 sent to HKApp
[2025-08-13 08:25:53.387] [MSG_SENT] Message 2702 sent to TelemetryApp
[2025-08-13 08:25:53.388] [MSG_SENT] Message 2703 sent to FlightLogicApp
[2025-08-13 08:25:54.270] [MSG_SENT] Message 2701 sent to HKApp
[2025-08-13 08:25:54.390] [MSG_SENT] Message 2702 sent to TelemetryApp
[2025-08-13 08:25:54.391] [MSG_SENT] Message 2703 sent to FlightLogicApp
[2025-08-13 08:25:55.271] [MSG_SENT] Message 2701 sent to HKApp
[2025-08-13 08:25:55.392] [MSG_SENT] Message 2702 sent to TelemetryApp
[2025-08-13 08:25:55.393] [MSG_SENT] Message 2703 sent to FlightLogicApp
[2025-08-13 08:25:56.273] [MSG_SENT] Message 2701 sent to HKApp
[2025-08-13 08:25:56.395] [MSG_SENT] Message 2702 sent to TelemetryApp
[2025-08-13 08:25:56.396] [MSG_SENT] Message 2703 sent to FlightLogicApp
[2025-08-13 08:25:57.274] [MSG_SENT] Message 2701 sent to HKApp
[2025-08-13 08:25:57.397] [MSG_SENT] Message 2702 sent to TelemetryApp
[2025-08-13 08:25:57.398] [MSG_SENT] Message 2703 sent to FlightLogicApp
[2025-08-13 08:25:58.276] [MSG_SENT] Message 2701 sent to HKApp
[2025-08-13 08:25:58.400] [MSG_SENT] Message 2702 sent to TelemetryApp
[2025-08-13 08:25:58.401] [MSG_SENT] Message 2703 sent to FlightLogicApp
[2025-08-13 08:25:59.277] [MSG_SENT] Message 2701 sent to HKApp
[2025-08-13 08:25:59.403] [MSG_SENT] Message 2702 sent to TelemetryApp
[2025-08-13 08:25:59.403] [MSG_SENT] Message 2703 sent to FlightLogicApp
[2025-08-13 08:26:00.278] [MSG_SENT] Message 2701 sent to HKApp
[2025-08-13 08:26:00.405] [MSG_SENT] Message 2702 sent to TelemetryApp
[2025-08-13 08:26:00.405] [MSG_SENT] Message 2703 sent to FlightLogicApp
[2025-08-13 08:26:01.279] [MSG_SENT] Message 2701 sent to HKApp
[2025-08-13 08:26:01.407] [MSG_SENT] Message 2702 sent to TelemetryApp
[2025-08-13 08:26:01.409] [MSG_SENT] Message 2703 sent to FlightLogicApp
[2025-08-13 08:26:02.281] [MSG_SENT] Message 2701 sent to HKApp
[2025-08-13 08:26:02.410] [MSG_SENT] Message 2702 sent to TelemetryApp
[2025-08-13 08:26:02.411] [MSG_SENT] Message 2703 sent to FlightLogicApp
[2025-08-13 08:26:03.282] [MSG_SENT] Message 2701 sent to HKApp
[2025-08-13 08:26:03.412] [MSG_SENT] Message 2702 sent to TelemetryApp
[2025-08-13 08:26:03.413] [MSG_SENT] Message 2703 sent to FlightLogicApp
[2025-08-13 08:26:04.284] [MSG_SENT] Message 2701 sent to HKApp
[2025-08-13 08:26:04.416] [MSG_SENT] Message 2702 sent to TelemetryApp
[2025-08-13 08:26:04.417] [MSG_SENT] Message 2703 sent to FlightLogicApp
[2025-08-13 08:26:05.285] [MSG_SENT] Message 2701 sent to HKApp
[2025-08-13 08:26:05.419] [MSG_SENT] Message 2702 sent to TelemetryApp
[2025-08-13 08:26:05.420] [MSG_SENT] Message 2703 sent to FlightLogicApp
[2025-08-13 08:26:06.286] [MSG_SENT] Message 2701 sent to HKApp
[2025-08-13 08:26:06.421] [MSG_SENT] Message 2702 sent to TelemetryApp
[2025-08-13 08:26:06.422] [MSG_SENT] Message 2703 sent to FlightLogicApp
[2025-08-13 08:26:07.287] [MSG_SENT] Message 2701 sent to HKApp
[2025-08-13 08:26:07.424] [MSG_SENT] Message 2702 sent to TelemetryApp
[2025-08-13 08:26:07.426] [MSG_SENT] Message 2703 sent to FlightLogicApp
[2025-08-13 08:26:08.289] [MSG_SENT] Message 2701 sent to HKApp
[2025-08-13 08:26:08.427] [MSG_SENT] Message 2702 sent to TelemetryApp
[2025-08-13 08:26:08.428] [MSG_SENT] Message 2703 sent to FlightLogicApp
[2025-08-13 08:26:09.290] [MSG_SENT] Message 2701 sent to HKApp
[2025-08-13 08:26:09.429] [MSG_SENT] Message 2702 sent to TelemetryApp
[2025-08-13 08:26:09.430] [MSG_SENT] Message 2703 sent to FlightLogicApp
[2025-08-13 08:26:10.291] [MSG_SENT] Message 2701 sent to HKApp
[2025-08-13 08:26:10.432] [MSG_SENT] Message 2702 sent to TelemetryApp
[2025-08-13 08:26:10.433] [MSG_SENT] Message 2703 sent to FlightLogicApp
[2025-08-13 08:26:11.292] [MSG_SENT] Message 2701 sent to HKApp
[2025-08-13 08:26:11.434] [MSG_SENT] Message 2702 sent to TelemetryApp
[2025-08-13 08:26:11.436] [MSG_SENT] Message 2703 sent to FlightLogicApp
[2025-08-13 08:26:12.293] [MSG_SENT] Message 2701 sent to HKApp
[2025-08-13 08:26:12.437] [MSG_SENT] Message 2702 sent to TelemetryApp
[2025-08-13 08:26:12.438] [MSG_SENT] Message 2703 sent to FlightLogicApp
[2025-08-13 08:26:13.294] [MSG_SENT] Message 2701 sent to HKApp
[2025-08-13 08:26:13.440] [MSG_SENT] Message 2702 sent to TelemetryApp
[2025-08-13 08:26:13.440] [MSG_SENT] Message 2703 sent to FlightLogicApp
[2025-08-13 08:26:14.296] [MSG_SENT] Message 2701 sent to HKApp
[2025-08-13 08:26:14.442] [MSG_SENT] Message 2702 sent to TelemetryApp
[2025-08-13 08:26:14.443] [MSG_SENT] Message 2703 sent to FlightLogicApp
[2025-08-13 08:26:15.297] [MSG_SENT] Message 2701 sent to HKApp
[2025-08-13 08:26:15.444] [MSG_SENT] Message 2702 sent to TelemetryApp
[2025-08-13 08:26:15.445] [MSG_SENT] Message 2703 sent to FlightLogicApp
[2025-08-13 08:26:16.299] [MSG_SENT] Message 2701 sent to HKApp
[2025-08-13 08:26:16.447] [MSG_SENT] Message 2702 sent to TelemetryApp
[2025-08-13 08:26:16.448] [MSG_SENT] Message 2703 sent to FlightLogicApp
[2025-08-13 08:26:17.300] [MSG_SENT] Message 2701 sent to HKApp
[2025-08-13 08:26:17.449] [MSG_SENT] Message 2702 sent to TelemetryApp
[2025-08-13 08:26:17.450] [MSG_SENT] Message 2703 sent to FlightLogicApp
[2025-08-13 08:26:18.301] [MSG_SENT] Message 2701 sent to HKApp
[2025-08-13 08:26:18.451] [MSG_SENT] Message 2702 sent to TelemetryApp
[2025-08-13 08:26:18.453] [MSG_SENT] Message 2703 sent to FlightLogicApp
[2025-08-13 08:26:19.302] [MSG_SENT] Message 2701 sent to HKApp
[2025-08-13 08:26:19.454] [MSG_SENT] Message 2702 sent to TelemetryApp
[2025-08-13 08:26:19.455] [MSG_SENT] Message 2703 sent to FlightLogicApp
[2025-08-13 08:26:20.303] [MSG_SENT] Message 2701 sent to HKApp
[2025-08-13 08:26:20.457] [MSG_SENT] Message 2702 sent to TelemetryApp
[2025-08-13 08:26:20.459] [MSG_SENT] Message 2703 sent to FlightLogicApp
[2025-08-13 08:26:21.305] [MSG_SENT] Message 2701 sent to HKApp
[2025-08-13 08:26:21.461] [MSG_SENT] Message 2702 sent to TelemetryApp
[2025-08-13 08:26:21.462] [MSG_SENT] Message 2703 sent to FlightLogicApp
[2025-08-13 08:26:22.306] [MSG_SENT] Message 2701 sent to HKApp
[2025-08-13 08:26:22.463] [MSG_SENT] Message 2702 sent to TelemetryApp
[2025-08-13 08:26:22.464] [MSG_SENT] Message 2703 sent to FlightLogicApp
[2025-08-13 08:26:23.307] [MSG_SENT] Message 2701 sent to HKApp
[2025-08-13 08:26:23.465] [MSG_SENT] Message 2702 sent to TelemetryApp
[2025-08-13 08:26:23.466] [MSG_SENT] Message 2703 sent to FlightLogicApp
[2025-08-13 08:26:24.308] [MSG_SENT] Message 2701 sent to HKApp
[2025-08-13 08:26:24.468] [MSG_SENT] Message 2702 sent to TelemetryApp
[2025-08-13 08:26:24.468] [MSG_SENT] Message 2703 sent to FlightLogicApp
[2025-08-13 08:26:25.310] [MSG_SENT] Message 2701 sent to HKApp
[2025-08-13 08:26:25.470] [MSG_SENT] Message 2702 sent to TelemetryApp
[2025-08-13 08:26:25.471] [MSG_SENT] Message 2703 sent to FlightLogicApp
[2025-08-13 08:26:26.311] [MSG_SENT] Message 2701 sent to HKApp
[2025-08-13 08:26:26.472] [MSG_SENT] Message 2702 sent to TelemetryApp
[2025-08-13 08:26:26.474] [MSG_SENT] Message 2703 sent to FlightLogicApp
[2025-08-13 08:26:27.312] [MSG_SENT] Message 2701 sent to HKApp
[2025-08-13 08:26:27.475] [MSG_SENT] Message 2702 sent to TelemetryApp
[2025-08-13 08:26:27.477] [MSG_SENT] Message 2703 sent to FlightLogicApp
[2025-08-13 08:26:28.314] [MSG_SENT] Message 2701 sent to HKApp
[2025-08-13 08:26:28.478] [MSG_SENT] Message 2702 sent to TelemetryApp
[2025-08-13 08:26:28.479] [MSG_SENT] Message 2703 sent to FlightLogicApp
[2025-08-13 08:26:29.315] [MSG_SENT] Message 2701 sent to HKApp
[2025-08-13 08:26:29.480] [MSG_SENT] Message 2702 sent to TelemetryApp
[2025-08-13 08:26:29.481] [MSG_SENT] Message 2703 sent to FlightLogicApp
[2025-08-13 08:26:30.316] [MSG_SENT] Message 2701 sent to HKApp
[2025-08-13 08:26:30.482] [MSG_SENT] Message 2702 sent to TelemetryApp
[2025-08-13 08:26:30.483] [MSG_SENT] Message 2703 sent to FlightLogicApp
[2025-08-13 08:26:31.318] [MSG_SENT] Message 2701 sent to HKApp
[2025-08-13 08:26:31.485] [MSG_SENT] Message 2702 sent to TelemetryApp
[2025-08-13 08:26:31.485] [MSG_SENT] Message 2703 sent to FlightLogicApp
[2025-08-13 08:26:32.319] [MSG_SENT] Message 2701 sent to HKApp
[2025-08-13 08:26:32.487] [MSG_SENT] Message 2702 sent to TelemetryApp
[2025-08-13 08:26:32.487] [MSG_SENT] Message 2703 sent to FlightLogicApp
[2025-08-13 08:26:33.320] [MSG_SENT] Message 2701 sent to HKApp
[2025-08-13 08:26:33.489] [MSG_SENT] Message 2702 sent to TelemetryApp
[2025-08-13 08:26:33.489] [MSG_SENT] Message 2703 sent to FlightLogicApp
[2025-08-13 08:26:34.321] [MSG_SENT] Message 2701 sent to HKApp
[2025-08-13 08:26:34.492] [MSG_SENT] Message 2702 sent to TelemetryApp
[2025-08-13 08:26:34.493] [MSG_SENT] Message 2703 sent to FlightLogicApp
[2025-08-13 08:26:35.323] [MSG_SENT] Message 2701 sent to HKApp
[2025-08-13 08:26:35.494] [MSG_SENT] Message 2702 sent to TelemetryApp
[2025-08-13 08:26:35.495] [MSG_SENT] Message 2703 sent to FlightLogicApp
[2025-08-13 08:26:36.324] [MSG_SENT] Message 2701 sent to HKApp
[2025-08-13 08:26:36.497] [MSG_SENT] Message 2702 sent to TelemetryApp
[2025-08-13 08:26:36.553] [MSG_SENT] Message 2703 sent to FlightLogicApp
[2025-08-13 08:26:37.553] [MSG_SENT] Message 2701 sent to HKApp
[2025-08-13 08:26:37.554] [MSG_SENT] Message 2702 sent to TelemetryApp
[2025-08-13 08:26:37.555] [MSG_SENT] Message 2703 sent to FlightLogicApp
[2025-08-13 08:26:38.554] [MSG_SENT] Message 2701 sent to HKApp
[2025-08-13 08:26:38.557] [MSG_SENT] Message 2702 sent to TelemetryApp
[2025-08-13 08:26:38.558] [MSG_SENT] Message 2703 sent to FlightLogicApp
[2025-08-13 08:26:39.556] [MSG_SENT] Message 2701 sent to HKApp
[2025-08-13 08:26:39.559] [MSG_SENT] Message 2702 sent to TelemetryApp
[2025-08-13 08:26:39.561] [MSG_SENT] Message 2703 sent to FlightLogicApp
[2025-08-13 08:26:40.557] [MSG_SENT] Message 2701 sent to HKApp
[2025-08-13 08:26:40.562] [MSG_SENT] Message 2702 sent to TelemetryApp
[2025-08-13 08:26:40.563] [MSG_SENT] Message 2703 sent to FlightLogicApp
[2025-08-13 08:26:41.558] [MSG_SENT] Message 2701 sent to HKApp
[2025-08-13 08:26:41.564] [MSG_SENT] Message 2702 sent to TelemetryApp
[2025-08-13 08:26:41.565] [MSG_SENT] Message 2703 sent to FlightLogicApp
[2025-08-13 08:26:42.559] [MSG_SENT] Message 2701 sent to HKApp
[2025-08-13 08:26:42.567] [MSG_SENT] Message 2702 sent to TelemetryApp
[2025-08-13 08:26:42.568] [MSG_SENT] Message 2703 sent to FlightLogicApp
[2025-08-13 08:26:43.562] [MSG_SENT] Message 2701 sent to HKApp
[2025-08-13 08:26:43.570] [MSG_SENT] Message 2702 sent to TelemetryApp
[2025-08-13 08:26:43.571] [MSG_SENT] Message 2703 sent to FlightLogicApp
[2025-08-13 08:26:44.563] [MSG_SENT] Message 2701 sent to HKApp
[2025-08-13 08:26:44.572] [MSG_SENT] Message 2702 sent to TelemetryApp
[2025-08-13 08:26:44.573] [MSG_SENT] Message 2703 sent to FlightLogicApp
[2025-08-13 08:26:45.564] [MSG_SENT] Message 2701 sent to HKApp
[2025-08-13 08:26:45.574] [MSG_SENT] Message 2702 sent to TelemetryApp
[2025-08-13 08:26:45.575] [MSG_SENT] Message 2703 sent to FlightLogicApp
[2025-08-13 08:26:46.566] [MSG_SENT] Message 2701 sent to HKApp
[2025-08-13 08:26:46.576] [MSG_SENT] Message 2702 sent to TelemetryApp
[2025-08-13 08:26:46.577] [MSG_SENT] Message 2703 sent to FlightLogicApp
[2025-08-13 08:26:47.567] [MSG_SENT] Message 2701 sent to HKApp
[2025-08-13 08:26:47.580] [MSG_SENT] Message 2702 sent to TelemetryApp
[2025-08-13 08:26:47.581] [MSG_SENT] Message 2703 sent to FlightLogicApp
[2025-08-13 08:26:48.569] [MSG_SENT] Message 2701 sent to HKApp
[2025-08-13 08:26:48.584] [MSG_SENT] Message 2702 sent to TelemetryApp
[2025-08-13 08:26:48.585] [MSG_SENT] Message 2703 sent to FlightLogicApp
[2025-08-13 08:26:49.570] [MSG_SENT] Message 2701 sent to HKApp
[2025-08-13 08:26:49.587] [MSG_SENT] Message 2702 sent to TelemetryApp
[2025-08-13 08:26:49.587] [MSG_SENT] Message 2703 sent to FlightLogicApp
[2025-08-13 08:26:50.571] [MSG_SENT] Message 2701 sent to HKApp
[2025-08-13 08:26:50.589] [MSG_SENT] Message 2702 sent to TelemetryApp
[2025-08-13 08:26:50.590] [MSG_SENT] Message 2703 sent to FlightLogicApp
[2025-08-13 08:26:51.573] [MSG_SENT] Message 2701 sent to HKApp
[2025-08-13 08:26:51.591] [MSG_SENT] Message 2702 sent to TelemetryApp
[2025-08-13 08:26:51.592] [MSG_SENT] Message 2703 sent to FlightLogicApp
[2025-08-13 08:26:52.574] [MSG_SENT] Message 2701 sent to HKApp
[2025-08-13 08:26:52.594] [MSG_SENT] Message 2702 sent to TelemetryApp
[2025-08-13 08:26:52.595] [MSG_SENT] Message 2703 sent to FlightLogicApp
[2025-08-13 08:26:53.576] [MSG_SENT] Message 2701 sent to HKApp
[2025-08-13 08:26:53.597] [MSG_SENT] Message 2702 sent to TelemetryApp
[2025-08-13 08:26:53.599] [MSG_SENT] Message 2703 sent to FlightLogicApp
[2025-08-13 08:26:54.578] [MSG_SENT] Message 2701 sent to HKApp
[2025-08-13 08:26:54.601] [MSG_SENT] Message 2702 sent to TelemetryApp
[2025-08-13 08:26:54.602] [MSG_SENT] Message 2703 sent to FlightLogicApp
[2025-08-13 08:26:55.579] [MSG_SENT] Message 2701 sent to HKApp
[2025-08-13 08:26:55.603] [MSG_SENT] Message 2702 sent to TelemetryApp
[2025-08-13 08:26:55.605] [MSG_SENT] Message 2703 sent to FlightLogicApp
[2025-08-13 08:26:56.580] [MSG_SENT] Message 2701 sent to HKApp
[2025-08-13 08:26:56.606] [MSG_SENT] Message 2702 sent to TelemetryApp
[2025-08-13 08:26:56.607] [MSG_SENT] Message 2703 sent to FlightLogicApp
[2025-08-13 08:26:57.582] [MSG_SENT] Message 2701 sent to HKApp
[2025-08-13 08:26:57.608] [MSG_SENT] Message 2702 sent to TelemetryApp
[2025-08-13 08:26:57.609] [MSG_SENT] Message 2703 sent to FlightLogicApp
[2025-08-13 08:26:58.583] [MSG_SENT] Message 2701 sent to HKApp
[2025-08-13 08:26:58.611] [MSG_SENT] Message 2702 sent to TelemetryApp
[2025-08-13 08:26:58.612] [MSG_SENT] Message 2703 sent to FlightLogicApp
[2025-08-13 08:26:59.585] [MSG_SENT] Message 2701 sent to HKApp
[2025-08-13 08:26:59.614] [MSG_SENT] Message 2702 sent to TelemetryApp
[2025-08-13 08:26:59.615] [MSG_SENT] Message 2703 sent to FlightLogicApp
[2025-08-13 08:27:00.586] [MSG_SENT] Message 2701 sent to HKApp
[2025-08-13 08:27:00.617] [MSG_SENT] Message 2702 sent to TelemetryApp
[2025-08-13 08:27:00.618] [MSG_SENT] Message 2703 sent to FlightLogicApp
[2025-08-13 08:27:01.587] [MSG_SENT] Message 2701 sent to HKApp
[2025-08-13 08:27:01.619] [MSG_SENT] Message 2702 sent to TelemetryApp
[2025-08-13 08:27:01.620] [MSG_SENT] Message 2703 sent to FlightLogicApp
[2025-08-13 08:27:02.589] [MSG_SENT] Message 2701 sent to HKApp
[2025-08-13 08:27:02.621] [MSG_SENT] Message 2702 sent to TelemetryApp
[2025-08-13 08:27:02.622] [MSG_SENT] Message 2703 sent to FlightLogicApp
[2025-08-13 08:27:03.590] [MSG_SENT] Message 2701 sent to HKApp
[2025-08-13 08:27:03.623] [MSG_SENT] Message 2702 sent to TelemetryApp
[2025-08-13 08:27:03.624] [MSG_SENT] Message 2703 sent to FlightLogicApp
[2025-08-13 08:27:04.591] [MSG_SENT] Message 2701 sent to HKApp
[2025-08-13 08:27:04.626] [MSG_SENT] Message 2702 sent to TelemetryApp
[2025-08-13 08:27:04.628] [MSG_SENT] Message 2703 sent to FlightLogicApp
[2025-08-13 08:27:05.592] [MSG_SENT] Message 2701 sent to HKApp
[2025-08-13 08:27:05.630] [MSG_SENT] Message 2702 sent to TelemetryApp
[2025-08-13 08:27:05.631] [MSG_SENT] Message 2703 sent to FlightLogicApp
[2025-08-13 08:27:06.593] [MSG_SENT] Message 2701 sent to HKApp
[2025-08-13 08:27:06.632] [MSG_SENT] Message 2702 sent to TelemetryApp
[2025-08-13 08:27:06.633] [MSG_SENT] Message 2703 sent to FlightLogicApp
[2025-08-13 08:27:07.594] [MSG_SENT] Message 2701 sent to HKApp
[2025-08-13 08:27:07.634] [MSG_SENT] Message 2702 sent to TelemetryApp
[2025-08-13 08:27:07.636] [MSG_SENT] Message 2703 sent to FlightLogicApp
[2025-08-13 08:27:08.596] [MSG_SENT] Message 2701 sent to HKApp
[2025-08-13 08:27:08.637] [MSG_SENT] Message 2702 sent to TelemetryApp
[2025-08-13 08:27:08.638] [MSG_SENT] Message 2703 sent to FlightLogicApp
[2025-08-13 08:27:09.597] [MSG_SENT] Message 2701 sent to HKApp
[2025-08-13 08:27:09.640] [MSG_SENT] Message 2702 sent to TelemetryApp
[2025-08-13 08:27:09.641] [MSG_SENT] Message 2703 sent to FlightLogicApp
[2025-08-13 08:27:10.600] [MSG_SENT] Message 2701 sent to HKApp
[2025-08-13 08:27:10.642] [MSG_SENT] Message 2702 sent to TelemetryApp
[2025-08-13 08:27:10.644] [MSG_SENT] Message 2703 sent to FlightLogicApp
[2025-08-13 08:27:11.602] [MSG_SENT] Message 2701 sent to HKApp
[2025-08-13 08:27:11.645] [MSG_SENT] Message 2702 sent to TelemetryApp
[2025-08-13 08:27:11.646] [MSG_SENT] Message 2703 sent to FlightLogicApp
[2025-08-13 08:27:12.611] [MSG_SENT] Message 2701 sent to HKApp
[2025-08-13 08:27:12.648] [MSG_SENT] Message 2702 sent to TelemetryApp
[2025-08-13 08:27:12.648] [MSG_SENT] Message 2703 sent to FlightLogicApp
[2025-08-13 08:27:13.613] [MSG_SENT] Message 2701 sent to HKApp
[2025-08-13 08:27:13.650] [MSG_SENT] Message 2702 sent to TelemetryApp
[2025-08-13 08:27:13.651] [MSG_SENT] Message 2703 sent to FlightLogicApp
[2025-08-13 08:27:14.614] [MSG_SENT] Message 2701 sent to HKApp
[2025-08-13 08:27:14.652] [MSG_SENT] Message 2702 sent to TelemetryApp
[2025-08-13 08:27:14.653] [MSG_SENT] Message 2703 sent to FlightLogicApp
[2025-08-13 08:27:15.616] [MSG_SENT] Message 2701 sent to HKApp
[2025-08-13 08:27:15.655] [MSG_SENT] Message 2702 sent to TelemetryApp
[2025-08-13 08:27:15.656] [MSG_SENT] Message 2703 sent to FlightLogicApp
[2025-08-13 08:27:16.617] [MSG_SENT] Message 2701 sent to HKApp
[2025-08-13 08:27:16.657] [MSG_SENT] Message 2702 sent to TelemetryApp
[2025-08-13 08:27:16.658] [MSG_SENT] Message 2703 sent to FlightLogicApp
[2025-08-13 08:27:17.619] [MSG_SENT] Message 2701 sent to HKApp
[2025-08-13 08:27:17.660] [MSG_SENT] Message 2702 sent to TelemetryApp
[2025-08-13 08:27:17.661] [MSG_SENT] Message 2703 sent to FlightLogicApp
[2025-08-13 08:27:18.620] [MSG_SENT] Message 2701 sent to HKApp
[2025-08-13 08:27:18.663] [MSG_SENT] Message 2702 sent to TelemetryApp
[2025-08-13 08:27:18.664] [MSG_SENT] Message 2703 sent to FlightLogicApp
[2025-08-13 08:27:19.622] [MSG_SENT] Message 2701 sent to HKApp
[2025-08-13 08:27:19.665] [MSG_SENT] Message 2702 sent to TelemetryApp
[2025-08-13 08:27:19.667] [MSG_SENT] Message 2703 sent to FlightLogicApp
[2025-08-13 08:27:20.623] [MSG_SENT] Message 2701 sent to HKApp
[2025-08-13 08:27:20.668] [MSG_SENT] Message 2702 sent to TelemetryApp
[2025-08-13 08:27:20.669] [MSG_SENT] Message 2703 sent to FlightLogicApp
[2025-08-13 08:27:21.624] [MSG_SENT] Message 2701 sent to HKApp
[2025-08-13 08:27:21.671] [MSG_SENT] Message 2702 sent to TelemetryApp
[2025-08-13 08:27:21.673] [MSG_SENT] Message 2703 sent to FlightLogicApp
[2025-08-13 08:27:22.635] [MSG_SENT] Message 2701 sent to HKApp
[2025-08-13 08:27:22.674] [MSG_SENT] Message 2702 sent to TelemetryApp
[2025-08-13 08:27:22.675] [MSG_SENT] Message 2703 sent to FlightLogicApp
[2025-08-13 08:27:23.637] [MSG_SENT] Message 2701 sent to HKApp
[2025-08-13 08:27:23.676] [MSG_SENT] Message 2702 sent to TelemetryApp
[2025-08-13 08:27:23.678] [MSG_SENT] Message 2703 sent to FlightLogicApp
[2025-08-13 08:27:24.639] [MSG_SENT] Message 2701 sent to HKApp
[2025-08-13 08:27:24.679] [MSG_SENT] Message 2702 sent to TelemetryApp
[2025-08-13 08:27:24.681] [MSG_SENT] Message 2703 sent to FlightLogicApp
[2025-08-13 08:27:25.640] [MSG_SENT] Message 2701 sent to HKApp
[2025-08-13 08:27:25.682] [MSG_SENT] Message 2702 sent to TelemetryApp
[2025-08-13 08:27:25.683] [MSG_SENT] Message 2703 sent to FlightLogicApp
[2025-08-13 08:27:26.642] [MSG_SENT] Message 2701 sent to HKApp
[2025-08-13 08:27:26.685] [MSG_SENT] Message 2702 sent to TelemetryApp
[2025-08-13 08:27:26.686] [MSG_SENT] Message 2703 sent to FlightLogicApp
[2025-08-13 08:27:27.644] [MSG_SENT] Message 2701 sent to HKApp
[2025-08-13 08:27:27.688] [MSG_SENT] Message 2702 sent to TelemetryApp
[2025-08-13 08:27:27.688] [MSG_SENT] Message 2703 sent to FlightLogicApp
[2025-08-13 08:27:28.645] [MSG_SENT] Message 2701 sent to HKApp
[2025-08-13 08:27:28.690] [MSG_SENT] Message 2702 sent to TelemetryApp
[2025-08-13 08:27:28.691] [MSG_SENT] Message 2703 sent to FlightLogicApp
[2025-08-13 08:27:29.646] [MSG_SENT] Message 2701 sent to HKApp
[2025-08-13 08:27:29.692] [MSG_SENT] Message 2702 sent to TelemetryApp
[2025-08-13 08:27:29.694] [MSG_SENT] Message 2703 sent to FlightLogicApp
[2025-08-13 08:27:30.647] [MSG_SENT] Message 2701 sent to HKApp
[2025-08-13 08:27:30.695] [MSG_SENT] Message 2702 sent to TelemetryApp
[2025-08-13 08:27:30.697] [MSG_SENT] Message 2703 sent to FlightLogicApp
[2025-08-13 08:27:31.648] [MSG_SENT] Message 2701 sent to HKApp
[2025-08-13 08:27:31.698] [MSG_SENT] Message 2702 sent to TelemetryApp
[2025-08-13 08:27:31.699] [MSG_SENT] Message 2703 sent to FlightLogicApp
[2025-08-13 08:27:32.650] [MSG_SENT] Message 2701 sent to HKApp
[2025-08-13 08:27:32.701] [MSG_SENT] Message 2702 sent to TelemetryApp
[2025-08-13 08:27:32.702] [MSG_SENT] Message 2703 sent to FlightLogicApp
[2025-08-13 08:27:33.652] [MSG_SENT] Message 2701 sent to HKApp
[2025-08-13 08:27:33.704] [MSG_SENT] Message 2702 sent to TelemetryApp
[2025-08-13 08:27:33.705] [MSG_SENT] Message 2703 sent to FlightLogicApp
[2025-08-13 08:27:34.653] [MSG_SENT] Message 2701 sent to HKApp
[2025-08-13 08:27:34.706] [MSG_SENT] Message 2702 sent to TelemetryApp
[2025-08-13 08:27:34.708] [MSG_SENT] Message 2703 sent to FlightLogicApp
[2025-08-13 08:27:35.654] [MSG_SENT] Message 2701 sent to HKApp
[2025-08-13 08:27:35.709] [MSG_SENT] Message 2702 sent to TelemetryApp
[2025-08-13 08:27:35.710] [MSG_SENT] Message 2703 sent to FlightLogicApp
[2025-08-13 08:27:36.656] [MSG_SENT] Message 2701 sent to HKApp
[2025-08-13 08:27:36.710] [MSG_SENT] Message 2702 sent to TelemetryApp
[2025-08-13 08:27:36.959] [MSG_SENT] Message 2703 sent to FlightLogicApp
[2025-08-13 08:27:37.657] [MSG_SENT] Message 2701 sent to HKApp
[2025-08-13 08:27:37.961] [MSG_SENT] Message 2702 sent to TelemetryApp
[2025-08-13 08:27:37.964] [MSG_SENT] Message 2703 sent to FlightLogicApp
[2025-08-13 08:27:38.659] [MSG_SENT] Message 2701 sent to HKApp
[2025-08-13 08:27:38.965] [MSG_SENT] Message 2702 sent to TelemetryApp
[2025-08-13 08:27:38.966] [MSG_SENT] Message 2703 sent to FlightLogicApp
[2025-08-13 08:27:39.660] [MSG_SENT] Message 2701 sent to HKApp
[2025-08-13 08:27:39.968] [MSG_SENT] Message 2702 sent to TelemetryApp
[2025-08-13 08:27:39.968] [MSG_SENT] Message 2703 sent to FlightLogicApp
[2025-08-13 08:27:40.661] [MSG_SENT] Message 2701 sent to HKApp
[2025-08-13 08:27:40.970] [MSG_SENT] Message 2702 sent to TelemetryApp
[2025-08-13 08:27:40.971] [MSG_SENT] Message 2703 sent to FlightLogicApp
[2025-08-13 08:27:41.662] [MSG_SENT] Message 2701 sent to HKApp
[2025-08-13 08:27:41.972] [MSG_SENT] Message 2702 sent to TelemetryApp
[2025-08-13 08:27:41.974] [MSG_SENT] Message 2703 sent to FlightLogicApp
[2025-08-13 08:27:42.664] [MSG_SENT] Message 2701 sent to HKApp
[2025-08-13 08:27:42.975] [MSG_SENT] Message 2702 sent to TelemetryApp
[2025-08-13 08:27:42.977] [MSG_SENT] Message 2703 sent to FlightLogicApp
[2025-08-13 08:27:43.666] [MSG_SENT] Message 2701 sent to HKApp
[2025-08-13 08:27:43.978] [MSG_SENT] Message 2702 sent to TelemetryApp
[2025-08-13 08:27:43.979] [MSG_SENT] Message 2703 sent to FlightLogicApp
[2025-08-13 08:27:44.667] [MSG_SENT] Message 2701 sent to HKApp
[2025-08-13 08:27:44.981] [MSG_SENT] Message 2702 sent to TelemetryApp
[2025-08-13 08:27:44.982] [MSG_SENT] Message 2703 sent to FlightLogicApp
[2025-08-13 08:27:45.669] [MSG_SENT] Message 2701 sent to HKApp
[2025-08-13 08:27:45.984] [MSG_SENT] Message 2702 sent to TelemetryApp
[2025-08-13 08:27:45.985] [MSG_SENT] Message 2703 sent to FlightLogicApp
[2025-08-13 08:27:46.670] [MSG_SENT] Message 2701 sent to HKApp
[2025-08-13 08:27:46.986] [MSG_SENT] Message 2702 sent to TelemetryApp
[2025-08-13 08:27:46.988] [MSG_SENT] Message 2703 sent to FlightLogicApp
[2025-08-13 08:27:47.671] [MSG_SENT] Message 2701 sent to HKApp
[2025-08-13 08:27:47.989] [MSG_SENT] Message 2702 sent to TelemetryApp
[2025-08-13 08:27:47.990] [MSG_SENT] Message 2703 sent to FlightLogicApp
[2025-08-13 08:27:48.672] [MSG_SENT] Message 2701 sent to HKApp
[2025-08-13 08:27:48.991] [MSG_SENT] Message 2702 sent to TelemetryApp
[2025-08-13 08:27:48.992] [MSG_SENT] Message 2703 sent to FlightLogicApp
[2025-08-13 08:27:49.675] [MSG_SENT] Message 2701 sent to HKApp
[2025-08-13 08:27:49.994] [MSG_SENT] Message 2702 sent to TelemetryApp
[2025-08-13 08:27:49.995] [MSG_SENT] Message 2703 sent to FlightLogicApp
[2025-08-13 08:27:50.676] [MSG_SENT] Message 2701 sent to HKApp
[2025-08-13 08:27:50.996] [MSG_SENT] Message 2702 sent to TelemetryApp
[2025-08-13 08:27:50.997] [MSG_SENT] Message 2703 sent to FlightLogicApp
[2025-08-13 08:27:51.677] [MSG_SENT] Message 2701 sent to HKApp
[2025-08-13 08:27:51.999] [MSG_SENT] Message 2702 sent to TelemetryApp
[2025-08-13 08:27:52.000] [MSG_SENT] Message 2703 sent to FlightLogicApp
[2025-08-13 08:27:52.678] [MSG_SENT] Message 2701 sent to HKApp
[2025-08-13 08:27:53.002] [MSG_SENT] Message 2702 sent to TelemetryApp
[2025-08-13 08:27:53.003] [MSG_SENT] Message 2703 sent to FlightLogicApp
[2025-08-13 08:27:53.680] [MSG_SENT] Message 2701 sent to HKApp
[2025-08-13 08:27:54.005] [MSG_SENT] Message 2702 sent to TelemetryApp
[2025-08-13 08:27:54.006] [MSG_SENT] Message 2703 sent to FlightLogicApp
[2025-08-13 08:27:54.681] [MSG_SENT] Message 2701 sent to HKApp
[2025-08-13 08:27:55.007] [MSG_SENT] Message 2702 sent to TelemetryApp
[2025-08-13 08:27:55.008] [MSG_SENT] Message 2703 sent to FlightLogicApp
[2025-08-13 08:27:55.682] [MSG_SENT] Message 2701 sent to HKApp
[2025-08-13 08:27:56.009] [MSG_SENT] Message 2702 sent to TelemetryApp
[2025-08-13 08:27:56.010] [MSG_SENT] Message 2703 sent to FlightLogicApp
[2025-08-13 08:27:56.683] [MSG_SENT] Message 2701 sent to HKApp
[2025-08-13 08:27:57.012] [MSG_SENT] Message 2702 sent to TelemetryApp
[2025-08-13 08:27:57.012] [MSG_SENT] Message 2703 sent to FlightLogicApp
[2025-08-13 08:27:57.700] [MSG_SENT] Message 2701 sent to HKApp
[2025-08-13 08:27:58.014] [MSG_SENT] Message 2702 sent to TelemetryApp
[2025-08-13 08:27:58.015] [MSG_SENT] Message 2703 sent to FlightLogicApp
[2025-08-13 08:27:58.701] [MSG_SENT] Message 2701 sent to HKApp
[2025-08-13 08:27:59.016] [MSG_SENT] Message 2702 sent to TelemetryApp
[2025-08-13 08:27:59.017] [MSG_SENT] Message 2703 sent to FlightLogicApp
[2025-08-13 08:27:59.702] [MSG_SENT] Message 2701 sent to HKApp
[2025-08-13 08:28:00.018] [MSG_SENT] Message 2702 sent to TelemetryApp
[2025-08-13 08:28:00.019] [MSG_SENT] Message 2703 sent to FlightLogicApp
[2025-08-13 08:28:00.704] [MSG_SENT] Message 2701 sent to HKApp
[2025-08-13 08:28:01.021] [MSG_SENT] Message 2702 sent to TelemetryApp
[2025-08-13 08:28:01.022] [MSG_SENT] Message 2703 sent to FlightLogicApp
[2025-08-13 08:28:01.704] [MSG_SENT] Message 2701 sent to HKApp
[2025-08-13 08:28:02.023] [MSG_SENT] Message 2702 sent to TelemetryApp
[2025-08-13 08:28:02.024] [MSG_SENT] Message 2703 sent to FlightLogicApp
[2025-08-13 08:28:02.723] [MSG_SENT] Message 2701 sent to HKApp
[2025-08-13 08:28:03.025] [MSG_SENT] Message 2702 sent to TelemetryApp
[2025-08-13 08:28:03.026] [MSG_SENT] Message 2703 sent to FlightLogicApp
[2025-08-13 08:28:03.724] [MSG_SENT] Message 2701 sent to HKApp
[2025-08-13 08:28:04.027] [MSG_SENT] Message 2702 sent to TelemetryApp
[2025-08-13 08:28:04.028] [MSG_SENT] Message 2703 sent to FlightLogicApp
[2025-08-13 08:28:04.725] [MSG_SENT] Message 2701 sent to HKApp
[2025-08-13 08:28:05.029] [MSG_SENT] Message 2702 sent to TelemetryApp
[2025-08-13 08:28:05.030] [MSG_SENT] Message 2703 sent to FlightLogicApp
[2025-08-13 08:28:05.726] [MSG_SENT] Message 2701 sent to HKApp
[2025-08-13 08:28:06.031] [MSG_SENT] Message 2702 sent to TelemetryApp
[2025-08-13 08:28:06.031] [MSG_SENT] Message 2703 sent to FlightLogicApp
[2025-08-13 08:28:06.728] [MSG_SENT] Message 2701 sent to HKApp
[2025-08-13 08:28:07.032] [MSG_SENT] Message 2702 sent to TelemetryApp
[2025-08-13 08:28:07.034] [MSG_SENT] Message 2703 sent to FlightLogicApp
[2025-08-13 08:28:07.729] [MSG_SENT] Message 2701 sent to HKApp
[2025-08-13 08:28:08.035] [MSG_SENT] Message 2702 sent to TelemetryApp
[2025-08-13 08:28:08.037] [MSG_SENT] Message 2703 sent to FlightLogicApp
[2025-08-13 08:28:08.731] [MSG_SENT] Message 2701 sent to HKApp
[2025-08-13 08:28:09.039] [MSG_SENT] Message 2702 sent to TelemetryApp
[2025-08-13 08:28:09.040] [MSG_SENT] Message 2703 sent to FlightLogicApp
[2025-08-13 08:28:09.732] [MSG_SENT] Message 2701 sent to HKApp
[2025-08-13 08:28:10.042] [MSG_SENT] Message 2702 sent to TelemetryApp
[2025-08-13 08:28:10.042] [MSG_SENT] Message 2703 sent to FlightLogicApp
[2025-08-13 08:28:10.733] [MSG_SENT] Message 2701 sent to HKApp
[2025-08-13 08:28:11.043] [MSG_SENT] Message 2702 sent to TelemetryApp
[2025-08-13 08:28:11.045] [MSG_SENT] Message 2703 sent to FlightLogicApp
[2025-08-13 08:28:11.734] [MSG_SENT] Message 2701 sent to HKApp
[2025-08-13 08:28:12.047] [MSG_SENT] Message 2702 sent to TelemetryApp
[2025-08-13 08:28:12.047] [MSG_SENT] Message 2703 sent to FlightLogicApp
[2025-08-13 08:28:12.736] [MSG_SENT] Message 2701 sent to HKApp
[2025-08-13 08:28:13.049] [MSG_SENT] Message 2702 sent to TelemetryApp
[2025-08-13 08:28:13.050] [MSG_SENT] Message 2703 sent to FlightLogicApp
[2025-08-13 08:28:13.737] [MSG_SENT] Message 2701 sent to HKApp
[2025-08-13 08:28:14.051] [MSG_SENT] Message 2702 sent to TelemetryApp
[2025-08-13 08:28:14.053] [MSG_SENT] Message 2703 sent to FlightLogicApp
[2025-08-13 08:28:14.739] [MSG_SENT] Message 2701 sent to HKApp
[2025-08-13 08:28:15.054] [MSG_SENT] Message 2702 sent to TelemetryApp
[2025-08-13 08:28:15.055] [MSG_SENT] Message 2703 sent to FlightLogicApp
[2025-08-13 08:28:15.741] [MSG_SENT] Message 2701 sent to HKApp
[2025-08-13 08:28:16.057] [MSG_SENT] Message 2702 sent to TelemetryApp
[2025-08-13 08:28:16.058] [MSG_SENT] Message 2703 sent to FlightLogicApp
[2025-08-13 08:28:16.743] [MSG_SENT] Message 2701 sent to HKApp
[2025-08-13 08:28:17.059] [MSG_SENT] Message 2702 sent to TelemetryApp
[2025-08-13 08:28:17.060] [MSG_SENT] Message 2703 sent to FlightLogicApp
[2025-08-13 08:28:17.744] [MSG_SENT] Message 2701 sent to HKApp
[2025-08-13 08:28:18.061] [MSG_SENT] Message 2702 sent to TelemetryApp
[2025-08-13 08:28:18.062] [MSG_SENT] Message 2703 sent to FlightLogicApp
[2025-08-13 08:28:18.745] [MSG_SENT] Message 2701 sent to HKApp
[2025-08-13 08:28:19.063] [MSG_SENT] Message 2702 sent to TelemetryApp
[2025-08-13 08:28:19.064] [MSG_SENT] Message 2703 sent to FlightLogicApp
[2025-08-13 08:28:19.746] [MSG_SENT] Message 2701 sent to HKApp
[2025-08-13 08:28:20.065] [MSG_SENT] Message 2702 sent to TelemetryApp
[2025-08-13 08:28:20.066] [MSG_SENT] Message 2703 sent to FlightLogicApp
[2025-08-13 08:28:20.747] [MSG_SENT] Message 2701 sent to HKApp
[2025-08-13 08:28:21.068] [MSG_SENT] Message 2702 sent to TelemetryApp
[2025-08-13 08:28:21.069] [MSG_SENT] Message 2703 sent to FlightLogicApp
[2025-08-13 08:28:21.749] [MSG_SENT] Message 2701 sent to HKApp
[2025-08-13 08:28:22.071] [MSG_SENT] Message 2702 sent to TelemetryApp
[2025-08-13 08:28:22.072] [MSG_SENT] Message 2703 sent to FlightLogicApp
[2025-08-13 08:28:22.750] [MSG_SENT] Message 2701 sent to HKApp
[2025-08-13 08:28:23.076] [MSG_SENT] Message 2702 sent to TelemetryApp
[2025-08-13 08:28:23.077] [MSG_SENT] Message 2703 sent to FlightLogicApp
[2025-08-13 08:28:23.752] [MSG_SENT] Message 2701 sent to HKApp
[2025-08-13 08:28:24.083] [MSG_SENT] Message 2702 sent to TelemetryApp
[2025-08-13 08:28:24.084] [MSG_SENT] Message 2703 sent to FlightLogicApp
[2025-08-13 08:28:24.753] [MSG_SENT] Message 2701 sent to HKApp
[2025-08-13 08:28:25.085] [MSG_SENT] Message 2702 sent to TelemetryApp
[2025-08-13 08:28:25.086] [MSG_SENT] Message 2703 sent to FlightLogicApp
[2025-08-13 08:28:25.755] [MSG_SENT] Message 2701 sent to HKApp
[2025-08-13 08:28:26.087] [MSG_SENT] Message 2702 sent to TelemetryApp
[2025-08-13 08:28:26.088] [MSG_SENT] Message 2703 sent to FlightLogicApp
[2025-08-13 08:28:26.756] [MSG_SENT] Message 2701 sent to HKApp
[2025-08-13 08:28:27.090] [MSG_SENT] Message 2702 sent to TelemetryApp
[2025-08-13 08:28:27.091] [MSG_SENT] Message 2703 sent to FlightLogicApp
[2025-08-13 08:28:27.757] [MSG_SENT] Message 2701 sent to HKApp
[2025-08-13 08:28:28.093] [MSG_SENT] Message 2702 sent to TelemetryApp
[2025-08-13 08:28:28.094] [MSG_SENT] Message 2703 sent to FlightLogicApp
[2025-08-13 08:28:28.758] [MSG_SENT] Message 2701 sent to HKApp
[2025-08-13 08:28:29.095] [MSG_SENT] Message 2702 sent to TelemetryApp
[2025-08-13 08:28:29.098] [MSG_SENT] Message 2703 sent to FlightLogicApp
[2025-08-13 08:28:29.762] [MSG_SENT] Message 2701 sent to HKApp
[2025-08-13 08:28:30.100] [MSG_SENT] Message 2702 sent to TelemetryApp
[2025-08-13 08:28:30.101] [MSG_SENT] Message 2703 sent to FlightLogicApp
[2025-08-13 08:28:30.764] [MSG_SENT] Message 2701 sent to HKApp
[2025-08-13 08:28:31.102] [MSG_SENT] Message 2702 sent to TelemetryApp
[2025-08-13 08:28:31.103] [MSG_SENT] Message 2703 sent to FlightLogicApp
[2025-08-13 08:28:31.765] [MSG_SENT] Message 2701 sent to HKApp
[2025-08-13 08:28:32.104] [MSG_SENT] Message 2702 sent to TelemetryApp
[2025-08-13 08:28:32.105] [MSG_SENT] Message 2703 sent to FlightLogicApp
[2025-08-13 08:28:32.767] [MSG_SENT] Message 2701 sent to HKApp
[2025-08-13 08:28:33.106] [MSG_SENT] Message 2702 sent to TelemetryApp
[2025-08-13 08:28:33.107] [MSG_SENT] Message 2703 sent to FlightLogicApp
[2025-08-13 08:28:33.769] [MSG_SENT] Message 2701 sent to HKApp
[2025-08-13 08:28:34.109] [MSG_SENT] Message 2702 sent to TelemetryApp
[2025-08-13 08:28:34.111] [MSG_SENT] Message 2703 sent to FlightLogicApp
[2025-08-13 08:28:34.771] [MSG_SENT] Message 2701 sent to HKApp
[2025-08-13 08:28:35.112] [MSG_SENT] Message 2702 sent to TelemetryApp
[2025-08-13 08:28:35.113] [MSG_SENT] Message 2703 sent to FlightLogicApp
[2025-08-13 08:28:35.773] [MSG_SENT] Message 2701 sent to HKApp
[2025-08-13 08:28:36.115] [MSG_SENT] Message 2702 sent to TelemetryApp
[2025-08-13 08:28:36.116] [MSG_SENT] Message 2703 sent to FlightLogicApp
[2025-08-13 08:28:36.775] [MSG_SENT] Message 2701 sent to HKApp
[2025-08-13 08:28:37.119] [MSG_SENT] Message 2702 sent to TelemetryApp
[2025-08-13 08:28:37.121] [MSG_SENT] Message 2703 sent to FlightLogicApp
[2025-08-13 08:28:37.776] [MSG_SENT] Message 2701 sent to HKApp
[2025-08-13 08:28:38.123] [MSG_SENT] Message 2702 sent to TelemetryApp
[2025-08-13 08:28:38.123] [MSG_SENT] Message 2703 sent to FlightLogicApp
[2025-08-13 08:28:38.777] [MSG_SENT] Message 2701 sent to HKApp
[2025-08-13 08:28:39.126] [MSG_SENT] Message 2702 sent to TelemetryApp
[2025-08-13 08:28:39.127] [MSG_SENT] Message 2703 sent to FlightLogicApp
[2025-08-13 08:28:39.779] [MSG_SENT] Message 2701 sent to HKApp
[2025-08-13 08:28:40.128] [MSG_SENT] Message 2702 sent to TelemetryApp
[2025-08-13 08:28:40.129] [MSG_SENT] Message 2703 sent to FlightLogicApp
[2025-08-13 08:28:40.780] [MSG_SENT] Message 2701 sent to HKApp
[2025-08-13 08:28:41.131] [MSG_SENT] Message 2702 sent to TelemetryApp
[2025-08-13 08:28:41.132] [MSG_SENT] Message 2703 sent to FlightLogicApp
[2025-08-13 08:28:41.781] [MSG_SENT] Message 2701 sent to HKApp
[2025-08-13 08:28:42.133] [MSG_SENT] Message 2702 sent to TelemetryApp
[2025-08-13 08:28:42.134] [MSG_SENT] Message 2703 sent to FlightLogicApp
[2025-08-13 08:28:42.783] [MSG_SENT] Message 2701 sent to HKApp
[2025-08-13 08:28:43.136] [MSG_SENT] Message 2702 sent to TelemetryApp
[2025-08-13 08:28:43.138] [MSG_SENT] Message 2703 sent to FlightLogicApp
[2025-08-13 08:28:43.785] [MSG_SENT] Message 2701 sent to HKApp
[2025-08-13 08:28:44.139] [MSG_SENT] Message 2702 sent to TelemetryApp
[2025-08-13 08:28:44.140] [MSG_SENT] Message 2703 sent to FlightLogicApp
[2025-08-13 08:28:44.787] [MSG_SENT] Message 2701 sent to HKApp
[2025-08-13 08:28:45.142] [MSG_SENT] Message 2702 sent to TelemetryApp
[2025-08-13 08:28:45.143] [MSG_SENT] Message 2703 sent to FlightLogicApp
[2025-08-13 08:28:45.788] [MSG_SENT] Message 2701 sent to HKApp
[2025-08-13 08:28:46.144] [MSG_SENT] Message 2702 sent to TelemetryApp
[2025-08-13 08:28:46.145] [MSG_SENT] Message 2703 sent to FlightLogicApp
[2025-08-13 08:28:46.789] [MSG_SENT] Message 2701 sent to HKApp
[2025-08-13 08:28:47.146] [MSG_SENT] Message 2702 sent to TelemetryApp
[2025-08-13 08:28:47.158] [MSG_SENT] Message 2703 sent to FlightLogicApp
[2025-08-13 08:28:47.790] [MSG_SENT] Message 2701 sent to HKApp
[2025-08-13 08:28:48.159] [MSG_SENT] Message 2702 sent to TelemetryApp
[2025-08-13 08:28:48.161] [MSG_SENT] Message 2703 sent to FlightLogicApp
[2025-08-13 08:28:48.792] [MSG_SENT] Message 2701 sent to HKApp
[2025-08-13 08:28:49.162] [MSG_SENT] Message 2702 sent to TelemetryApp
[2025-08-13 08:28:49.163] [MSG_SENT] Message 2703 sent to FlightLogicApp
[2025-08-13 08:28:49.793] [MSG_SENT] Message 2701 sent to HKApp
[2025-08-13 08:28:50.165] [MSG_SENT] Message 2702 sent to TelemetryApp
[2025-08-13 08:28:50.166] [MSG_SENT] Message 2703 sent to FlightLogicApp
[2025-08-13 08:28:50.794] [MSG_SENT] Message 2701 sent to HKApp
[2025-08-13 08:28:51.168] [MSG_SENT] Message 2702 sent to TelemetryApp
[2025-08-13 08:28:51.169] [MSG_SENT] Message 2703 sent to FlightLogicApp
[2025-08-13 08:28:51.795] [MSG_SENT] Message 2701 sent to HKApp
[2025-08-13 08:28:52.170] [MSG_SENT] Message 2702 sent to TelemetryApp
[2025-08-13 08:28:52.172] [MSG_SENT] Message 2703 sent to FlightLogicApp
[2025-08-13 08:28:52.796] [MSG_SENT] Message 2701 sent to HKApp
[2025-08-13 08:28:53.173] [MSG_SENT] Message 2702 sent to TelemetryApp
[2025-08-13 08:28:53.174] [MSG_SENT] Message 2703 sent to FlightLogicApp
[2025-08-13 08:28:53.798] [MSG_SENT] Message 2701 sent to HKApp
[2025-08-13 08:28:54.176] [MSG_SENT] Message 2702 sent to TelemetryApp
[2025-08-13 08:28:54.177] [MSG_SENT] Message 2703 sent to FlightLogicApp
[2025-08-13 08:28:54.799] [MSG_SENT] Message 2701 sent to HKApp
[2025-08-13 08:28:55.179] [MSG_SENT] Message 2702 sent to TelemetryApp
[2025-08-13 08:28:55.181] [MSG_SENT] Message 2703 sent to FlightLogicApp
[2025-08-13 08:28:55.802] [MSG_SENT] Message 2701 sent to HKApp
[2025-08-13 08:28:56.183] [MSG_SENT] Message 2702 sent to TelemetryApp
[2025-08-13 08:28:56.185] [MSG_SENT] Message 2703 sent to FlightLogicApp
[2025-08-13 08:28:56.804] [MSG_SENT] Message 2701 sent to HKApp
[2025-08-13 08:28:57.186] [MSG_SENT] Message 2702 sent to TelemetryApp
[2025-08-13 08:28:57.187] [MSG_SENT] Message 2703 sent to FlightLogicApp
[2025-08-13 08:28:57.805] [MSG_SENT] Message 2701 sent to HKApp
[2025-08-13 08:28:58.188] [MSG_SENT] Message 2702 sent to TelemetryApp
[2025-08-13 08:28:58.189] [MSG_SENT] Message 2703 sent to FlightLogicApp
[2025-08-13 08:28:58.806] [MSG_SENT] Message 2701 sent to HKApp
[2025-08-13 08:28:59.190] [MSG_SENT] Message 2702 sent to TelemetryApp
[2025-08-13 08:28:59.192] [MSG_SENT] Message 2703 sent to FlightLogicApp
[2025-08-13 08:28:59.807] [MSG_SENT] Message 2701 sent to HKApp
[2025-08-13 08:29:00.193] [MSG_SENT] Message 2702 sent to TelemetryApp
[2025-08-13 08:29:00.194] [MSG_SENT] Message 2703 sent to FlightLogicApp
[2025-08-13 08:29:00.809] [MSG_SENT] Message 2701 sent to HKApp
[2025-08-13 08:29:01.196] [MSG_SENT] Message 2702 sent to TelemetryApp
[2025-08-13 08:29:01.197] [MSG_SENT] Message 2703 sent to FlightLogicApp
[2025-08-13 08:29:01.810] [MSG_SENT] Message 2701 sent to HKApp
[2025-08-13 08:29:02.199] [MSG_SENT] Message 2702 sent to TelemetryApp
[2025-08-13 08:29:02.200] [MSG_SENT] Message 2703 sent to FlightLogicApp
[2025-08-13 08:29:02.812] [MSG_SENT] Message 2701 sent to HKApp
[2025-08-13 08:29:03.201] [MSG_SENT] Message 2702 sent to TelemetryApp
[2025-08-13 08:29:03.202] [MSG_SENT] Message 2703 sent to FlightLogicApp
[2025-08-13 08:29:03.813] [MSG_SENT] Message 2701 sent to HKApp
[2025-08-13 08:29:04.204] [MSG_SENT] Message 2702 sent to TelemetryApp
[2025-08-13 08:29:04.204] [MSG_SENT] Message 2703 sent to FlightLogicApp
[2025-08-13 08:29:04.814] [MSG_SENT] Message 2701 sent to HKApp
[2025-08-13 08:29:05.206] [MSG_SENT] Message 2702 sent to TelemetryApp
[2025-08-13 08:29:05.207] [MSG_SENT] Message 2703 sent to FlightLogicApp
[2025-08-13 08:29:05.816] [MSG_SENT] Message 2701 sent to HKApp
[2025-08-13 08:29:06.208] [MSG_SENT] Message 2702 sent to TelemetryApp
[2025-08-13 08:29:06.209] [MSG_SENT] Message 2703 sent to FlightLogicApp
[2025-08-13 08:29:06.817] [MSG_SENT] Message 2701 sent to HKApp
[2025-08-13 08:29:07.211] [MSG_SENT] Message 2702 sent to TelemetryApp
[2025-08-13 08:29:07.212] [MSG_SENT] Message 2703 sent to FlightLogicApp
[2025-08-13 08:29:07.818] [MSG_SENT] Message 2701 sent to HKApp
[2025-08-13 08:29:08.214] [MSG_SENT] Message 2702 sent to TelemetryApp
[2025-08-13 08:29:08.215] [MSG_SENT] Message 2703 sent to FlightLogicApp
[2025-08-13 08:29:08.819] [MSG_SENT] Message 2701 sent to HKApp
[2025-08-13 08:29:09.216] [MSG_SENT] Message 2702 sent to TelemetryApp
[2025-08-13 08:29:09.216] [MSG_SENT] Message 2703 sent to FlightLogicApp
[2025-08-13 08:29:09.821] [MSG_SENT] Message 2701 sent to HKApp
[2025-08-13 08:29:10.217] [MSG_SENT] Message 2702 sent to TelemetryApp
[2025-08-13 08:29:10.218] [MSG_SENT] Message 2703 sent to FlightLogicApp
[2025-08-13 08:29:10.822] [MSG_SENT] Message 2701 sent to HKApp
[2025-08-13 08:29:11.220] [MSG_SENT] Message 2702 sent to TelemetryApp
[2025-08-13 08:29:11.221] [MSG_SENT] Message 2703 sent to FlightLogicApp
[2025-08-13 08:29:11.824] [MSG_SENT] Message 2701 sent to HKApp
[2025-08-13 08:29:12.222] [MSG_SENT] Message 2702 sent to TelemetryApp
[2025-08-13 08:29:12.224] [MSG_SENT] Message 2703 sent to FlightLogicApp
[2025-08-13 08:29:12.825] [MSG_SENT] Message 2701 sent to HKApp
[2025-08-13 08:29:13.225] [MSG_SENT] Message 2702 sent to TelemetryApp
[2025-08-13 08:29:13.226] [MSG_SENT] Message 2703 sent to FlightLogicApp
[2025-08-13 08:29:13.826] [MSG_SENT] Message 2701 sent to HKApp
[2025-08-13 08:29:14.228] [MSG_SENT] Message 2702 sent to TelemetryApp
[2025-08-13 08:29:14.228] [MSG_SENT] Message 2703 sent to FlightLogicApp
[2025-08-13 08:29:14.827] [MSG_SENT] Message 2701 sent to HKApp
[2025-08-13 08:29:15.230] [MSG_SENT] Message 2702 sent to TelemetryApp
[2025-08-13 08:29:15.231] [MSG_SENT] Message 2703 sent to FlightLogicApp
[2025-08-13 08:29:15.828] [MSG_SENT] Message 2701 sent to HKApp
[2025-08-13 08:29:16.232] [MSG_SENT] Message 2702 sent to TelemetryApp
[2025-08-13 08:29:16.233] [MSG_SENT] Message 2703 sent to FlightLogicApp
[2025-08-13 08:29:16.829] [MSG_SENT] Message 2701 sent to HKApp
[2025-08-13 08:29:17.234] [MSG_SENT] Message 2702 sent to TelemetryApp
[2025-08-13 08:29:17.235] [MSG_SENT] Message 2703 sent to FlightLogicApp
[2025-08-13 08:29:17.831] [MSG_SENT] Message 2701 sent to HKApp
[2025-08-13 08:29:18.236] [MSG_SENT] Message 2702 sent to TelemetryApp
[2025-08-13 08:29:18.238] [MSG_SENT] Message 2703 sent to FlightLogicApp
[2025-08-13 08:29:18.832] [MSG_SENT] Message 2701 sent to HKApp
[2025-08-13 08:29:19.239] [MSG_SENT] Message 2702 sent to TelemetryApp
[2025-08-13 08:29:19.241] [MSG_SENT] Message 2703 sent to FlightLogicApp
[2025-08-13 08:29:19.833] [MSG_SENT] Message 2701 sent to HKApp
[2025-08-13 08:29:20.242] [MSG_SENT] Message 2702 sent to TelemetryApp
[2025-08-13 08:29:20.243] [MSG_SENT] Message 2703 sent to FlightLogicApp
[2025-08-13 08:29:20.834] [MSG_SENT] Message 2701 sent to HKApp
[2025-08-13 08:29:21.244] [MSG_SENT] Message 2702 sent to TelemetryApp
[2025-08-13 08:29:21.246] [MSG_SENT] Message 2703 sent to FlightLogicApp
[2025-08-13 08:29:21.835] [MSG_SENT] Message 2701 sent to HKApp
[2025-08-13 08:29:22.247] [MSG_SENT] Message 2702 sent to TelemetryApp
[2025-08-13 08:29:22.248] [MSG_SENT] Message 2703 sent to FlightLogicApp
[2025-08-13 08:29:22.837] [MSG_SENT] Message 2701 sent to HKApp
[2025-08-13 08:29:23.249] [MSG_SENT] Message 2702 sent to TelemetryApp
[2025-08-13 08:29:23.250] [MSG_SENT] Message 2703 sent to FlightLogicApp
[2025-08-13 08:29:23.839] [MSG_SENT] Message 2701 sent to HKApp
[2025-08-13 08:29:24.251] [MSG_SENT] Message 2702 sent to TelemetryApp
[2025-08-13 08:29:24.252] [MSG_SENT] Message 2703 sent to FlightLogicApp
[2025-08-13 08:29:24.840] [MSG_SENT] Message 2701 sent to HKApp
[2025-08-13 08:29:25.254] [MSG_SENT] Message 2702 sent to TelemetryApp
[2025-08-13 08:29:25.255] [MSG_SENT] Message 2703 sent to FlightLogicApp
[2025-08-13 08:29:25.842] [MSG_SENT] Message 2701 sent to HKApp
[2025-08-13 08:29:26.257] [MSG_SENT] Message 2702 sent to TelemetryApp
[2025-08-13 08:29:26.258] [MSG_SENT] Message 2703 sent to FlightLogicApp
[2025-08-13 08:29:26.844] [MSG_SENT] Message 2701 sent to HKApp
[2025-08-13 08:29:27.261] [MSG_SENT] Message 2702 sent to TelemetryApp
[2025-08-13 08:29:27.262] [MSG_SENT] Message 2703 sent to FlightLogicApp
[2025-08-13 08:29:27.845] [MSG_SENT] Message 2701 sent to HKApp
[2025-08-13 08:29:28.263] [MSG_SENT] Message 2702 sent to TelemetryApp
[2025-08-13 08:29:28.265] [MSG_SENT] Message 2703 sent to FlightLogicApp
[2025-08-13 08:29:28.846] [MSG_SENT] Message 2701 sent to HKApp
[2025-08-13 08:29:29.266] [MSG_SENT] Message 2702 sent to TelemetryApp
[2025-08-13 08:29:29.267] [MSG_SENT] Message 2703 sent to FlightLogicApp
[2025-08-13 08:29:29.847] [MSG_SENT] Message 2701 sent to HKApp
[2025-08-13 08:29:30.268] [MSG_SENT] Message 2702 sent to TelemetryApp
[2025-08-13 08:29:30.270] [MSG_SENT] Message 2703 sent to FlightLogicApp
[2025-08-13 08:29:30.849] [MSG_SENT] Message 2701 sent to HKApp
[2025-08-13 08:29:31.271] [MSG_SENT] Message 2702 sent to TelemetryApp
[2025-08-13 08:29:31.272] [MSG_SENT] Message 2703 sent to FlightLogicApp
[2025-08-13 08:29:31.851] [MSG_SENT] Message 2701 sent to HKApp
[2025-08-13 08:29:32.275] [MSG_SENT] Message 2702 sent to TelemetryApp
[2025-08-13 08:29:32.275] [MSG_SENT] Message 2703 sent to FlightLogicApp
[2025-08-13 08:29:32.852] [MSG_SENT] Message 2701 sent to HKApp
[2025-08-13 08:29:33.276] [MSG_SENT] Message 2702 sent to TelemetryApp
[2025-08-13 08:29:33.278] [MSG_SENT] Message 2703 sent to FlightLogicApp
[2025-08-13 08:29:33.853] [MSG_SENT] Message 2701 sent to HKApp
[2025-08-13 08:29:34.279] [MSG_SENT] Message 2702 sent to TelemetryApp
[2025-08-13 08:29:34.280] [MSG_SENT] Message 2703 sent to FlightLogicApp
[2025-08-13 08:29:34.855] [MSG_SENT] Message 2701 sent to HKApp
[2025-08-13 08:29:35.282] [MSG_SENT] Message 2702 sent to TelemetryApp
[2025-08-13 08:29:35.283] [MSG_SENT] Message 2703 sent to FlightLogicApp
[2025-08-13 08:29:35.856] [MSG_SENT] Message 2701 sent to HKApp
[2025-08-13 08:29:36.284] [MSG_SENT] Message 2702 sent to TelemetryApp
[2025-08-13 08:29:36.285] [MSG_SENT] Message 2703 sent to FlightLogicApp
[2025-08-13 08:29:36.858] [MSG_SENT] Message 2701 sent to HKApp
[2025-08-13 08:29:37.287] [MSG_SENT] Message 2702 sent to TelemetryApp
[2025-08-13 08:29:37.288] [MSG_SENT] Message 2703 sent to FlightLogicApp
[2025-08-13 08:29:37.859] [MSG_SENT] Message 2701 sent to HKApp
[2025-08-13 08:29:38.290] [MSG_SENT] Message 2702 sent to TelemetryApp
[2025-08-13 08:29:38.290] [MSG_SENT] Message 2703 sent to FlightLogicApp
[2025-08-13 08:29:38.860] [MSG_SENT] Message 2701 sent to HKApp
[2025-08-13 08:29:39.292] [MSG_SENT] Message 2702 sent to TelemetryApp
[2025-08-13 08:29:39.293] [MSG_SENT] Message 2703 sent to FlightLogicApp
[2025-08-13 08:29:39.861] [MSG_SENT] Message 2701 sent to HKApp
[2025-08-13 08:29:40.294] [MSG_SENT] Message 2702 sent to TelemetryApp
[2025-08-13 08:29:40.295] [MSG_SENT] Message 2703 sent to FlightLogicApp
[2025-08-13 08:29:40.863] [MSG_SENT] Message 2701 sent to HKApp
[2025-08-13 08:29:41.297] [MSG_SENT] Message 2702 sent to TelemetryApp
[2025-08-13 08:29:41.299] [MSG_SENT] Message 2703 sent to FlightLogicApp
[2025-08-13 08:29:41.864] [MSG_SENT] Message 2701 sent to HKApp
[2025-08-13 08:29:42.300] [MSG_SENT] Message 2702 sent to TelemetryApp
[2025-08-13 08:29:42.301] [MSG_SENT] Message 2703 sent to FlightLogicApp
[2025-08-13 08:29:42.865] [MSG_SENT] Message 2701 sent to HKApp
[2025-08-13 08:29:43.302] [MSG_SENT] Message 2702 sent to TelemetryApp
[2025-08-13 08:29:43.305] [MSG_SENT] Message 2703 sent to FlightLogicApp
[2025-08-13 08:29:43.868] [MSG_SENT] Message 2701 sent to HKApp
[2025-08-13 08:29:44.306] [MSG_SENT] Message 2702 sent to TelemetryApp
[2025-08-13 08:29:44.307] [MSG_SENT] Message 2703 sent to FlightLogicApp
[2025-08-13 08:29:44.869] [MSG_SENT] Message 2701 sent to HKApp
[2025-08-13 08:29:45.308] [MSG_SENT] Message 2702 sent to TelemetryApp
[2025-08-13 08:29:45.309] [MSG_SENT] Message 2703 sent to FlightLogicApp
[2025-08-13 08:29:45.871] [MSG_SENT] Message 2701 sent to HKApp
[2025-08-13 08:29:46.311] [MSG_SENT] Message 2702 sent to TelemetryApp
[2025-08-13 08:29:46.312] [MSG_SENT] Message 2703 sent to FlightLogicApp
[2025-08-13 08:29:46.872] [MSG_SENT] Message 2701 sent to HKApp
[2025-08-13 08:29:47.313] [MSG_SENT] Message 2702 sent to TelemetryApp
[2025-08-13 08:29:47.314] [MSG_SENT] Message 2703 sent to FlightLogicApp
[2025-08-13 08:29:47.873] [MSG_SENT] Message 2701 sent to HKApp
[2025-08-13 08:29:48.315] [MSG_SENT] Message 2702 sent to TelemetryApp
[2025-08-13 08:29:48.317] [MSG_SENT] Message 2703 sent to FlightLogicApp
[2025-08-13 08:29:48.874] [MSG_SENT] Message 2701 sent to HKApp
[2025-08-13 08:29:49.318] [MSG_SENT] Message 2702 sent to TelemetryApp
[2025-08-13 08:29:49.319] [MSG_SENT] Message 2703 sent to FlightLogicApp
[2025-08-13 08:29:49.876] [MSG_SENT] Message 2701 sent to HKApp
[2025-08-13 08:29:50.320] [MSG_SENT] Message 2702 sent to TelemetryApp
[2025-08-13 08:29:50.321] [MSG_SENT] Message 2703 sent to FlightLogicApp
[2025-08-13 08:29:50.877] [MSG_SENT] Message 2701 sent to HKApp
[2025-08-13 08:29:51.323] [MSG_SENT] Message 2702 sent to TelemetryApp
[2025-08-13 08:29:51.324] [MSG_SENT] Message 2703 sent to FlightLogicApp
[2025-08-13 08:29:51.879] [MSG_SENT] Message 2701 sent to HKApp
[2025-08-13 08:29:52.325] [MSG_SENT] Message 2702 sent to TelemetryApp
[2025-08-13 08:29:52.325] [MSG_SENT] Message 2703 sent to FlightLogicApp
[2025-08-13 08:29:52.880] [MSG_SENT] Message 2701 sent to HKApp
[2025-08-13 08:29:53.326] [MSG_SENT] Message 2702 sent to TelemetryApp
[2025-08-13 08:29:53.327] [MSG_SENT] Message 2703 sent to FlightLogicApp
[2025-08-13 08:29:53.881] [MSG_SENT] Message 2701 sent to HKApp
[2025-08-13 08:29:54.328] [MSG_SENT] Message 2702 sent to TelemetryApp
[2025-08-13 08:29:54.329] [MSG_SENT] Message 2703 sent to FlightLogicApp
[2025-08-13 08:29:54.883] [MSG_SENT] Message 2701 sent to HKApp
[2025-08-13 08:29:55.332] [MSG_SENT] Message 2702 sent to TelemetryApp
[2025-08-13 08:29:55.334] [MSG_SENT] Message 2703 sent to FlightLogicApp
[2025-08-13 08:29:55.884] [MSG_SENT] Message 2701 sent to HKApp
[2025-08-13 08:29:56.335] [MSG_SENT] Message 2702 sent to TelemetryApp
[2025-08-13 08:29:56.337] [MSG_SENT] Message 2703 sent to FlightLogicApp
[2025-08-13 08:29:56.886] [MSG_SENT] Message 2701 sent to HKApp
[2025-08-13 08:29:57.339] [MSG_SENT] Message 2702 sent to TelemetryApp
[2025-08-13 08:29:57.339] [MSG_SENT] Message 2703 sent to FlightLogicApp
[2025-08-13 08:29:57.887] [MSG_SENT] Message 2701 sent to HKApp
[2025-08-13 08:29:58.341] [MSG_SENT] Message 2702 sent to TelemetryApp
[2025-08-13 08:29:58.342] [MSG_SENT] Message 2703 sent to FlightLogicApp
[2025-08-13 08:29:58.888] [MSG_SENT] Message 2701 sent to HKApp
[2025-08-13 08:29:59.343] [MSG_SENT] Message 2702 sent to TelemetryApp
[2025-08-13 08:29:59.344] [MSG_SENT] Message 2703 sent to FlightLogicApp
[2025-08-13 08:29:59.889] [MSG_SENT] Message 2701 sent to HKApp
[2025-08-13 08:30:00.345] [MSG_SENT] Message 2702 sent to TelemetryApp
[2025-08-13 08:30:00.347] [MSG_SENT] Message 2703 sent to FlightLogicApp
[2025-08-13 08:30:00.891] [MSG_SENT] Message 2701 sent to HKApp
[2025-08-13 08:30:01.348] [MSG_SENT] Message 2702 sent to TelemetryApp
[2025-08-13 08:30:01.350] [MSG_SENT] Message 2703 sent to FlightLogicApp
[2025-08-13 08:30:01.893] [MSG_SENT] Message 2701 sent to HKApp
[2025-08-13 08:30:02.352] [MSG_SENT] Message 2702 sent to TelemetryApp
[2025-08-13 08:30:02.353] [MSG_SENT] Message 2703 sent to FlightLogicApp
[2025-08-13 08:30:02.894] [MSG_SENT] Message 2701 sent to HKApp
[2025-08-13 08:30:03.355] [MSG_SENT] Message 2702 sent to TelemetryApp
[2025-08-13 08:30:03.356] [MSG_SENT] Message 2703 sent to FlightLogicApp
[2025-08-13 08:30:03.895] [MSG_SENT] Message 2701 sent to HKApp
[2025-08-13 08:30:04.357] [MSG_SENT] Message 2702 sent to TelemetryApp
[2025-08-13 08:30:04.359] [MSG_SENT] Message 2703 sent to FlightLogicApp
[2025-08-13 08:30:04.896] [MSG_SENT] Message 2701 sent to HKApp
[2025-08-13 08:30:05.361] [MSG_SENT] Message 2702 sent to TelemetryApp
[2025-08-13 08:30:05.362] [MSG_SENT] Message 2703 sent to FlightLogicApp
[2025-08-13 08:30:05.897] [MSG_SENT] Message 2701 sent to HKApp
[2025-08-13 08:30:06.364] [MSG_SENT] Message 2702 sent to TelemetryApp
[2025-08-13 08:30:06.365] [MSG_SENT] Message 2703 sent to FlightLogicApp
[2025-08-13 08:30:06.899] [MSG_SENT] Message 2701 sent to HKApp
[2025-08-13 08:30:07.366] [MSG_SENT] Message 2702 sent to TelemetryApp
[2025-08-13 08:30:07.367] [MSG_SENT] Message 2703 sent to FlightLogicApp
[2025-08-13 08:30:07.900] [MSG_SENT] Message 2701 sent to HKApp
[2025-08-13 08:30:08.369] [MSG_SENT] Message 2702 sent to TelemetryApp
[2025-08-13 08:30:08.370] [MSG_SENT] Message 2703 sent to FlightLogicApp
[2025-08-13 08:30:08.902] [MSG_SENT] Message 2701 sent to HKApp
[2025-08-13 08:30:09.372] [MSG_SENT] Message 2702 sent to TelemetryApp
[2025-08-13 08:30:09.373] [MSG_SENT] Message 2703 sent to FlightLogicApp
[2025-08-13 08:30:09.904] [MSG_SENT] Message 2701 sent to HKApp
[2025-08-13 08:30:10.374] [MSG_SENT] Message 2702 sent to TelemetryApp
[2025-08-13 08:30:10.375] [MSG_SENT] Message 2703 sent to FlightLogicApp
[2025-08-13 08:30:10.906] [MSG_SENT] Message 2701 sent to HKApp
[2025-08-13 08:30:11.376] [MSG_SENT] Message 2702 sent to TelemetryApp
[2025-08-13 08:30:11.377] [MSG_SENT] Message 2703 sent to FlightLogicApp
[2025-08-13 08:30:11.907] [MSG_SENT] Message 2701 sent to HKApp
[2025-08-13 08:30:12.378] [MSG_SENT] Message 2702 sent to TelemetryApp
[2025-08-13 08:30:12.379] [MSG_SENT] Message 2703 sent to FlightLogicApp
[2025-08-13 08:30:12.908] [MSG_SENT] Message 2701 sent to HKApp
[2025-08-13 08:30:13.381] [MSG_SENT] Message 2702 sent to TelemetryApp
[2025-08-13 08:30:13.382] [MSG_SENT] Message 2703 sent to FlightLogicApp
[2025-08-13 08:30:13.910] [MSG_SENT] Message 2701 sent to HKApp
[2025-08-13 08:30:14.383] [MSG_SENT] Message 2702 sent to TelemetryApp
[2025-08-13 08:30:14.384] [MSG_SENT] Message 2703 sent to FlightLogicApp
[2025-08-13 08:30:14.911] [MSG_SENT] Message 2701 sent to HKApp
[2025-08-13 08:30:15.386] [MSG_SENT] Message 2702 sent to TelemetryApp
[2025-08-13 08:30:15.388] [MSG_SENT] Message 2703 sent to FlightLogicApp
[2025-08-13 08:30:15.913] [MSG_SENT] Message 2701 sent to HKApp
[2025-08-13 08:30:16.389] [MSG_SENT] Message 2702 sent to TelemetryApp
[2025-08-13 08:30:16.390] [MSG_SENT] Message 2703 sent to FlightLogicApp
[2025-08-13 08:30:16.914] [MSG_SENT] Message 2701 sent to HKApp
[2025-08-13 08:30:17.392] [MSG_SENT] Message 2702 sent to TelemetryApp
[2025-08-13 08:30:17.393] [MSG_SENT] Message 2703 sent to FlightLogicApp
[2025-08-13 08:30:17.915] [MSG_SENT] Message 2701 sent to HKApp
[2025-08-13 08:30:18.395] [MSG_SENT] Message 2702 sent to TelemetryApp
[2025-08-13 08:30:18.396] [MSG_SENT] Message 2703 sent to FlightLogicApp
[2025-08-13 08:30:18.916] [MSG_SENT] Message 2701 sent to HKApp
[2025-08-13 08:30:19.398] [MSG_SENT] Message 2702 sent to TelemetryApp
[2025-08-13 08:30:19.399] [MSG_SENT] Message 2703 sent to FlightLogicApp
[2025-08-13 08:30:19.918] [MSG_SENT] Message 2701 sent to HKApp
[2025-08-13 08:30:20.400] [MSG_SENT] Message 2702 sent to TelemetryApp
[2025-08-13 08:30:20.402] [MSG_SENT] Message 2703 sent to FlightLogicApp
[2025-08-13 08:30:20.919] [MSG_SENT] Message 2701 sent to HKApp
[2025-08-13 08:30:21.403] [MSG_SENT] Message 2702 sent to TelemetryApp
[2025-08-13 08:30:21.404] [MSG_SENT] Message 2703 sent to FlightLogicApp
[2025-08-13 08:30:21.921] [MSG_SENT] Message 2701 sent to HKApp
[2025-08-13 08:30:22.405] [MSG_SENT] Message 2702 sent to TelemetryApp
[2025-08-13 08:30:22.406] [MSG_SENT] Message 2703 sent to FlightLogicApp
[2025-08-13 08:30:22.922] [MSG_SENT] Message 2701 sent to HKApp
[2025-08-13 08:30:23.408] [MSG_SENT] Message 2702 sent to TelemetryApp
[2025-08-13 08:30:23.409] [MSG_SENT] Message 2703 sent to FlightLogicApp
[2025-08-13 08:30:23.924] [MSG_SENT] Message 2701 sent to HKApp
[2025-08-13 08:30:24.410] [MSG_SENT] Message 2702 sent to TelemetryApp
[2025-08-13 08:30:24.411] [MSG_SENT] Message 2703 sent to FlightLogicApp
[2025-08-13 08:30:24.925] [MSG_SENT] Message 2701 sent to HKApp
[2025-08-13 08:30:25.413] [MSG_SENT] Message 2702 sent to TelemetryApp
[2025-08-13 08:30:25.414] [MSG_SENT] Message 2703 sent to FlightLogicApp
[2025-08-13 08:30:25.927] [MSG_SENT] Message 2701 sent to HKApp
[2025-08-13 08:30:26.415] [MSG_SENT] Message 2702 sent to TelemetryApp
[2025-08-13 08:30:26.416] [MSG_SENT] Message 2703 sent to FlightLogicApp
[2025-08-13 08:30:26.928] [MSG_SENT] Message 2701 sent to HKApp
[2025-08-13 08:30:27.417] [MSG_SENT] Message 2702 sent to TelemetryApp
[2025-08-13 08:30:27.418] [MSG_SENT] Message 2703 sent to FlightLogicApp
[2025-08-13 08:30:27.929] [MSG_SENT] Message 2701 sent to HKApp
[2025-08-13 08:30:28.419] [MSG_SENT] Message 2702 sent to TelemetryApp
[2025-08-13 08:30:28.420] [MSG_SENT] Message 2703 sent to FlightLogicApp
[2025-08-13 08:30:28.931] [MSG_SENT] Message 2701 sent to HKApp
[2025-08-13 08:30:29.421] [MSG_SENT] Message 2702 sent to TelemetryApp
[2025-08-13 08:30:29.422] [MSG_SENT] Message 2703 sent to FlightLogicApp
[2025-08-13 08:30:29.932] [MSG_SENT] Message 2701 sent to HKApp
[2025-08-13 08:30:30.423] [MSG_SENT] Message 2702 sent to TelemetryApp
[2025-08-13 08:30:30.425] [MSG_SENT] Message 2703 sent to FlightLogicApp
[2025-08-13 08:30:30.933] [MSG_SENT] Message 2701 sent to HKApp
[2025-08-13 08:30:31.426] [MSG_SENT] Message 2702 sent to TelemetryApp
[2025-08-13 08:30:31.427] [MSG_SENT] Message 2703 sent to FlightLogicApp
[2025-08-13 08:30:31.935] [MSG_SENT] Message 2701 sent to HKApp
[2025-08-13 08:30:32.428] [MSG_SENT] Message 2702 sent to TelemetryApp
[2025-08-13 08:30:32.429] [MSG_SENT] Message 2703 sent to FlightLogicApp
[2025-08-13 08:30:32.936] [MSG_SENT] Message 2701 sent to HKApp
[2025-08-13 08:30:33.430] [MSG_SENT] Message 2702 sent to TelemetryApp
[2025-08-13 08:30:33.431] [MSG_SENT] Message 2703 sent to FlightLogicApp
[2025-08-13 08:30:33.937] [MSG_SENT] Message 2701 sent to HKApp
[2025-08-13 08:30:34.433] [MSG_SENT] Message 2702 sent to TelemetryApp
[2025-08-13 08:30:34.434] [MSG_SENT] Message 2703 sent to FlightLogicApp
[2025-08-13 08:30:34.938] [MSG_SENT] Message 2701 sent to HKApp
[2025-08-13 08:30:35.435] [MSG_SENT] Message 2702 sent to TelemetryApp
[2025-08-13 08:30:35.436] [MSG_SENT] Message 2703 sent to FlightLogicApp
[2025-08-13 08:30:35.940] [MSG_SENT] Message 2701 sent to HKApp
[2025-08-13 08:30:36.437] [MSG_SENT] Message 2702 sent to TelemetryApp
[2025-08-13 08:30:36.438] [MSG_SENT] Message 2703 sent to FlightLogicApp
[2025-08-13 08:30:36.941] [MSG_SENT] Message 2701 sent to HKApp
[2025-08-13 08:30:37.440] [MSG_SENT] Message 2702 sent to TelemetryApp
[2025-08-13 08:30:37.441] [MSG_SENT] Message 2703 sent to FlightLogicApp
[2025-08-13 08:30:37.943] [MSG_SENT] Message 2701 sent to HKApp
[2025-08-13 08:30:38.442] [MSG_SENT] Message 2702 sent to TelemetryApp
[2025-08-13 08:30:38.444] [MSG_SENT] Message 2703 sent to FlightLogicApp
[2025-08-13 08:30:38.944] [MSG_SENT] Message 2701 sent to HKApp
[2025-08-13 08:30:39.445] [MSG_SENT] Message 2702 sent to TelemetryApp
[2025-08-13 08:30:39.445] [MSG_SENT] Message 2703 sent to FlightLogicApp
[2025-08-13 08:30:39.945] [MSG_SENT] Message 2701 sent to HKApp
[2025-08-13 08:30:40.447] [MSG_SENT] Message 2702 sent to TelemetryApp
[2025-08-13 08:30:40.448] [MSG_SENT] Message 2703 sent to FlightLogicApp
[2025-08-13 08:30:40.946] [MSG_SENT] Message 2701 sent to HKApp
[2025-08-13 08:30:41.449] [MSG_SENT] Message 2702 sent to TelemetryApp
[2025-08-13 08:30:41.450] [MSG_SENT] Message 2703 sent to FlightLogicApp
[2025-08-13 08:30:41.947] [MSG_SENT] Message 2701 sent to HKApp
[2025-08-13 08:30:42.452] [MSG_SENT] Message 2702 sent to TelemetryApp
[2025-08-13 08:30:42.454] [MSG_SENT] Message 2703 sent to FlightLogicApp
[2025-08-13 08:30:42.948] [MSG_SENT] Message 2701 sent to HKApp
[2025-08-13 08:30:43.455] [MSG_SENT] Message 2702 sent to TelemetryApp
[2025-08-13 08:30:43.456] [MSG_SENT] Message 2703 sent to FlightLogicApp
[2025-08-13 08:30:43.949] [MSG_SENT] Message 2701 sent to HKApp
[2025-08-13 08:30:44.457] [MSG_SENT] Message 2702 sent to TelemetryApp
[2025-08-13 08:30:44.458] [MSG_SENT] Message 2703 sent to FlightLogicApp
[2025-08-13 08:30:44.951] [MSG_SENT] Message 2701 sent to HKApp
[2025-08-13 08:30:45.460] [MSG_SENT] Message 2702 sent to TelemetryApp
[2025-08-13 08:30:45.460] [MSG_SENT] Message 2703 sent to FlightLogicApp
[2025-08-13 08:30:45.952] [MSG_SENT] Message 2701 sent to HKApp
[2025-08-13 08:30:46.461] [MSG_SENT] Message 2702 sent to TelemetryApp
[2025-08-13 08:30:46.463] [MSG_SENT] Message 2703 sent to FlightLogicApp
[2025-08-13 08:30:46.953] [MSG_SENT] Message 2701 sent to HKApp
[2025-08-13 08:30:47.464] [MSG_SENT] Message 2702 sent to TelemetryApp
[2025-08-13 08:30:47.465] [MSG_SENT] Message 2703 sent to FlightLogicApp
[2025-08-13 08:30:47.955] [MSG_SENT] Message 2701 sent to HKApp
[2025-08-13 08:30:48.466] [MSG_SENT] Message 2702 sent to TelemetryApp
[2025-08-13 08:30:48.467] [MSG_SENT] Message 2703 sent to FlightLogicApp
[2025-08-13 08:30:48.956] [MSG_SENT] Message 2701 sent to HKApp
[2025-08-13 08:30:49.468] [MSG_SENT] Message 2702 sent to TelemetryApp
[2025-08-13 08:30:49.469] [MSG_SENT] Message 2703 sent to FlightLogicApp
[2025-08-13 08:30:49.957] [MSG_SENT] Message 2701 sent to HKApp
[2025-08-13 08:30:50.470] [MSG_SENT] Message 2702 sent to TelemetryApp
[2025-08-13 08:30:50.471] [MSG_SENT] Message 2703 sent to FlightLogicApp
[2025-08-13 08:30:50.958] [MSG_SENT] Message 2701 sent to HKApp
[2025-08-13 08:30:51.473] [MSG_SENT] Message 2702 sent to TelemetryApp
[2025-08-13 08:30:51.473] [MSG_SENT] Message 2703 sent to FlightLogicApp
[2025-08-13 08:30:51.960] [MSG_SENT] Message 2701 sent to HKApp
[2025-08-13 08:30:52.479] [MSG_SENT] Message 2702 sent to TelemetryApp
[2025-08-13 08:30:52.480] [MSG_SENT] Message 2703 sent to FlightLogicApp
[2025-08-13 08:30:52.961] [MSG_SENT] Message 2701 sent to HKApp
[2025-08-13 08:30:53.481] [MSG_SENT] Message 2702 sent to TelemetryApp
[2025-08-13 08:30:53.483] [MSG_SENT] Message 2703 sent to FlightLogicApp
[2025-08-13 08:30:53.963] [MSG_SENT] Message 2701 sent to HKApp
[2025-08-13 08:30:54.484] [MSG_SENT] Message 2702 sent to TelemetryApp
[2025-08-13 08:30:54.485] [MSG_SENT] Message 2703 sent to FlightLogicApp
[2025-08-13 08:30:54.964] [MSG_SENT] Message 2701 sent to HKApp
[2025-08-13 08:30:55.486] [MSG_SENT] Message 2702 sent to TelemetryApp
[2025-08-13 08:30:55.487] [MSG_SENT] Message 2703 sent to FlightLogicApp
[2025-08-13 08:30:55.965] [MSG_SENT] Message 2701 sent to HKApp
[2025-08-13 08:30:56.488] [MSG_SENT] Message 2702 sent to TelemetryApp
[2025-08-13 08:30:56.489] [MSG_SENT] Message 2703 sent to FlightLogicApp
[2025-08-13 08:30:56.966] [MSG_SENT] Message 2701 sent to HKApp
[2025-08-13 08:30:57.491] [MSG_SENT] Message 2702 sent to TelemetryApp
[2025-08-13 08:30:57.492] [MSG_SENT] Message 2703 sent to FlightLogicApp
[2025-08-13 08:30:57.968] [MSG_SENT] Message 2701 sent to HKApp
[2025-08-13 08:30:58.493] [MSG_SENT] Message 2702 sent to TelemetryApp
[2025-08-13 08:30:58.494] [MSG_SENT] Message 2703 sent to FlightLogicApp
[2025-08-13 08:30:58.969] [MSG_SENT] Message 2701 sent to HKApp
[2025-08-13 08:30:59.495] [MSG_SENT] Message 2702 sent to TelemetryApp
[2025-08-13 08:30:59.496] [MSG_SENT] Message 2703 sent to FlightLogicApp
[2025-08-13 08:30:59.970] [MSG_SENT] Message 2701 sent to HKApp
[2025-08-13 08:31:00.497] [MSG_SENT] Message 2702 sent to TelemetryApp
[2025-08-13 08:31:00.498] [MSG_SENT] Message 2703 sent to FlightLogicApp
[2025-08-13 08:31:00.972] [MSG_SENT] Message 2701 sent to HKApp
[2025-08-13 08:31:01.500] [MSG_SENT] Message 2702 sent to TelemetryApp
[2025-08-13 08:31:01.500] [MSG_SENT] Message 2703 sent to FlightLogicApp
[2025-08-13 08:31:01.973] [MSG_SENT] Message 2701 sent to HKApp
[2025-08-13 08:31:02.502] [MSG_SENT] Message 2702 sent to TelemetryApp
[2025-08-13 08:31:02.502] [MSG_SENT] Message 2703 sent to FlightLogicApp
[2025-08-13 08:31:02.975] [MSG_SENT] Message 2701 sent to HKApp
[2025-08-13 08:31:03.504] [MSG_SENT] Message 2702 sent to TelemetryApp
[2025-08-13 08:31:03.505] [MSG_SENT] Message 2703 sent to FlightLogicApp
[2025-08-13 08:31:03.976] [MSG_SENT] Message 2701 sent to HKApp
[2025-08-13 08:31:04.507] [MSG_SENT] Message 2702 sent to TelemetryApp
[2025-08-13 08:31:04.507] [MSG_SENT] Message 2703 sent to FlightLogicApp
[2025-08-13 08:31:04.977] [MSG_SENT] Message 2701 sent to HKApp
[2025-08-13 08:31:05.509] [MSG_SENT] Message 2702 sent to TelemetryApp
[2025-08-13 08:31:05.509] [MSG_SENT] Message 2703 sent to FlightLogicApp
[2025-08-13 08:31:05.978] [MSG_SENT] Message 2701 sent to HKApp
[2025-08-13 08:31:06.511] [MSG_SENT] Message 2702 sent to TelemetryApp
[2025-08-13 08:31:06.512] [MSG_SENT] Message 2703 sent to FlightLogicApp
[2025-08-13 08:31:06.980] [MSG_SENT] Message 2701 sent to HKApp
[2025-08-13 08:31:07.513] [MSG_SENT] Message 2702 sent to TelemetryApp
[2025-08-13 08:31:07.514] [MSG_SENT] Message 2703 sent to FlightLogicApp
[2025-08-13 08:31:07.981] [MSG_SENT] Message 2701 sent to HKApp
[2025-08-13 08:31:08.515] [MSG_SENT] Message 2702 sent to TelemetryApp
[2025-08-13 08:31:08.516] [MSG_SENT] Message 2703 sent to FlightLogicApp
[2025-08-13 08:31:08.982] [MSG_SENT] Message 2701 sent to HKApp
[2025-08-13 08:31:09.517] [MSG_SENT] Message 2702 sent to TelemetryApp
[2025-08-13 08:31:09.519] [MSG_SENT] Message 2703 sent to FlightLogicApp
[2025-08-13 08:31:09.984] [MSG_SENT] Message 2701 sent to HKApp
[2025-08-13 08:31:10.520] [MSG_SENT] Message 2702 sent to TelemetryApp
[2025-08-13 08:31:10.521] [MSG_SENT] Message 2703 sent to FlightLogicApp
[2025-08-13 08:31:10.985] [MSG_SENT] Message 2701 sent to HKApp
[2025-08-13 08:31:11.522] [MSG_SENT] Message 2702 sent to TelemetryApp
[2025-08-13 08:31:11.523] [MSG_SENT] Message 2703 sent to FlightLogicApp
[2025-08-13 08:31:11.986] [MSG_SENT] Message 2701 sent to HKApp
[2025-08-13 08:31:12.525] [MSG_SENT] Message 2702 sent to TelemetryApp
[2025-08-13 08:31:12.526] [MSG_SENT] Message 2703 sent to FlightLogicApp
[2025-08-13 08:31:12.988] [MSG_SENT] Message 2701 sent to HKApp
[2025-08-13 08:31:13.527] [MSG_SENT] Message 2702 sent to TelemetryApp
[2025-08-13 08:31:13.528] [MSG_SENT] Message 2703 sent to FlightLogicApp
[2025-08-13 08:31:13.989] [MSG_SENT] Message 2701 sent to HKApp
[2025-08-13 08:31:14.530] [MSG_SENT] Message 2702 sent to TelemetryApp
[2025-08-13 08:31:14.531] [MSG_SENT] Message 2703 sent to FlightLogicApp
[2025-08-13 08:31:14.991] [MSG_SENT] Message 2701 sent to HKApp
[2025-08-13 08:31:15.534] [MSG_SENT] Message 2702 sent to TelemetryApp
[2025-08-13 08:31:15.535] [MSG_SENT] Message 2703 sent to FlightLogicApp
[2025-08-13 08:31:15.992] [MSG_SENT] Message 2701 sent to HKApp
[2025-08-13 08:31:16.536] [MSG_SENT] Message 2702 sent to TelemetryApp
[2025-08-13 08:31:16.537] [MSG_SENT] Message 2703 sent to FlightLogicApp
[2025-08-13 08:31:16.993] [MSG_SENT] Message 2701 sent to HKApp
[2025-08-13 08:31:17.539] [MSG_SENT] Message 2702 sent to TelemetryApp
[2025-08-13 08:31:17.540] [MSG_SENT] Message 2703 sent to FlightLogicApp
[2025-08-13 08:31:17.994] [MSG_SENT] Message 2701 sent to HKApp
[2025-08-13 08:31:18.541] [MSG_SENT] Message 2702 sent to TelemetryApp
[2025-08-13 08:31:18.542] [MSG_SENT] Message 2703 sent to FlightLogicApp
[2025-08-13 08:31:18.996] [MSG_SENT] Message 2701 sent to HKApp
[2025-08-13 08:31:19.543] [MSG_SENT] Message 2702 sent to TelemetryApp
[2025-08-13 08:31:19.544] [MSG_SENT] Message 2703 sent to FlightLogicApp
[2025-08-13 08:31:19.997] [MSG_SENT] Message 2701 sent to HKApp
[2025-08-13 08:31:20.545] [MSG_SENT] Message 2702 sent to TelemetryApp
[2025-08-13 08:31:20.546] [MSG_SENT] Message 2703 sent to FlightLogicApp
[2025-08-13 08:31:20.999] [MSG_SENT] Message 2701 sent to HKApp
[2025-08-13 08:31:21.548] [MSG_SENT] Message 2702 sent to TelemetryApp
[2025-08-13 08:31:21.549] [MSG_SENT] Message 2703 sent to FlightLogicApp
[2025-08-13 08:31:22.000] [MSG_SENT] Message 2701 sent to HKApp
[2025-08-13 08:31:22.551] [MSG_SENT] Message 2702 sent to TelemetryApp
[2025-08-13 08:31:22.552] [MSG_SENT] Message 2703 sent to FlightLogicApp
[2025-08-13 08:31:23.001] [MSG_SENT] Message 2701 sent to HKApp
[2025-08-13 08:31:23.553] [MSG_SENT] Message 2702 sent to TelemetryApp
[2025-08-13 08:31:23.555] [MSG_SENT] Message 2703 sent to FlightLogicApp
[2025-08-13 08:31:24.003] [MSG_SENT] Message 2701 sent to HKApp
[2025-08-13 08:31:24.556] [MSG_SENT] Message 2702 sent to TelemetryApp
[2025-08-13 08:31:24.558] [MSG_SENT] Message 2703 sent to FlightLogicApp
[2025-08-13 08:31:25.004] [MSG_SENT] Message 2701 sent to HKApp
[2025-08-13 08:31:25.560] [MSG_SENT] Message 2702 sent to TelemetryApp
[2025-08-13 08:31:25.561] [MSG_SENT] Message 2703 sent to FlightLogicApp
[2025-08-13 08:31:26.005] [MSG_SENT] Message 2701 sent to HKApp
[2025-08-13 08:31:26.563] [MSG_SENT] Message 2702 sent to TelemetryApp
[2025-08-13 08:31:26.563] [MSG_SENT] Message 2703 sent to FlightLogicApp
[2025-08-13 08:31:27.006] [MSG_SENT] Message 2701 sent to HKApp
[2025-08-13 08:31:27.565] [MSG_SENT] Message 2702 sent to TelemetryApp
[2025-08-13 08:31:27.566] [MSG_SENT] Message 2703 sent to FlightLogicApp
[2025-08-13 08:31:28.007] [MSG_SENT] Message 2701 sent to HKApp
[2025-08-13 08:31:28.568] [MSG_SENT] Message 2702 sent to TelemetryApp
[2025-08-13 08:31:28.569] [MSG_SENT] Message 2703 sent to FlightLogicApp
[2025-08-13 08:31:29.009] [MSG_SENT] Message 2701 sent to HKApp
[2025-08-13 08:31:29.571] [MSG_SENT] Message 2702 sent to TelemetryApp
[2025-08-13 08:31:29.573] [MSG_SENT] Message 2703 sent to FlightLogicApp
[2025-08-13 08:31:30.010] [MSG_SENT] Message 2701 sent to HKApp
[2025-08-13 08:31:30.576] [MSG_SENT] Message 2702 sent to TelemetryApp
[2025-08-13 08:31:30.577] [MSG_SENT] Message 2703 sent to FlightLogicApp
[2025-08-13 08:31:31.011] [MSG_SENT] Message 2701 sent to HKApp
[2025-08-13 08:31:31.578] [MSG_SENT] Message 2702 sent to TelemetryApp
[2025-08-13 08:31:31.579] [MSG_SENT] Message 2703 sent to FlightLogicApp
[2025-08-13 08:31:32.013] [MSG_SENT] Message 2701 sent to HKApp
[2025-08-13 08:31:32.580] [MSG_SENT] Message 2702 sent to TelemetryApp
[2025-08-13 08:31:32.844] [MSG_SENT] Message 2703 sent to FlightLogicApp
[2025-08-13 08:31:33.014] [MSG_SENT] Message 2701 sent to HKApp
[2025-08-13 08:31:33.847] [MSG_SENT] Message 2702 sent to TelemetryApp
[2025-08-13 08:31:33.849] [MSG_SENT] Message 2703 sent to FlightLogicApp
[2025-08-13 08:31:34.015] [MSG_SENT] Message 2701 sent to HKApp
[2025-08-13 08:31:34.850] [MSG_SENT] Message 2702 sent to TelemetryApp
[2025-08-13 08:31:34.851] [MSG_SENT] Message 2703 sent to FlightLogicApp
[2025-08-13 08:31:35.017] [MSG_SENT] Message 2701 sent to HKApp
[2025-08-13 08:31:35.854] [MSG_SENT] Message 2702 sent to TelemetryApp
[2025-08-13 08:31:35.855] [MSG_SENT] Message 2703 sent to FlightLogicApp
[2025-08-13 08:31:36.018] [MSG_SENT] Message 2701 sent to HKApp
[2025-08-13 08:31:36.857] [MSG_SENT] Message 2702 sent to TelemetryApp
[2025-08-13 08:31:36.859] [MSG_SENT] Message 2703 sent to FlightLogicApp
[2025-08-13 08:31:37.019] [MSG_SENT] Message 2701 sent to HKApp
[2025-08-13 08:31:37.860] [MSG_SENT] Message 2702 sent to TelemetryApp
[2025-08-13 08:31:37.862] [MSG_SENT] Message 2703 sent to FlightLogicApp
[2025-08-13 08:31:38.021] [MSG_SENT] Message 2701 sent to HKApp
[2025-08-13 08:31:38.863] [MSG_SENT] Message 2702 sent to TelemetryApp
[2025-08-13 08:31:38.864] [MSG_SENT] Message 2703 sent to FlightLogicApp
[2025-08-13 08:31:39.022] [MSG_SENT] Message 2701 sent to HKApp
[2025-08-13 08:31:39.865] [MSG_SENT] Message 2702 sent to TelemetryApp
[2025-08-13 08:31:39.867] [MSG_SENT] Message 2703 sent to FlightLogicApp
[2025-08-13 08:31:40.023] [MSG_SENT] Message 2701 sent to HKApp
[2025-08-13 08:31:40.869] [MSG_SENT] Message 2702 sent to TelemetryApp
[2025-08-13 08:31:40.872] [MSG_SENT] Message 2703 sent to FlightLogicApp
[2025-08-13 08:31:41.025] [MSG_SENT] Message 2701 sent to HKApp
[2025-08-13 08:31:41.874] [MSG_SENT] Message 2702 sent to TelemetryApp
[2025-08-13 08:31:41.875] [MSG_SENT] Message 2703 sent to FlightLogicApp
[2025-08-13 08:31:42.027] [MSG_SENT] Message 2701 sent to HKApp
[2025-08-13 08:31:42.878] [MSG_SENT] Message 2702 sent to TelemetryApp
[2025-08-13 08:31:42.879] [MSG_SENT] Message 2703 sent to FlightLogicApp
[2025-08-13 08:31:43.028] [MSG_SENT] Message 2701 sent to HKApp
[2025-08-13 08:31:43.880] [MSG_SENT] Message 2702 sent to TelemetryApp
[2025-08-13 08:31:43.881] [MSG_SENT] Message 2703 sent to FlightLogicApp
[2025-08-13 08:31:44.029] [MSG_SENT] Message 2701 sent to HKApp
[2025-08-13 08:31:44.883] [MSG_SENT] Message 2702 sent to TelemetryApp
[2025-08-13 08:31:44.884] [MSG_SENT] Message 2703 sent to FlightLogicApp
[2025-08-13 08:31:45.030] [MSG_SENT] Message 2701 sent to HKApp
[2025-08-13 08:31:45.886] [MSG_SENT] Message 2702 sent to TelemetryApp
[2025-08-13 08:31:45.887] [MSG_SENT] Message 2703 sent to FlightLogicApp
[2025-08-13 08:31:46.032] [MSG_SENT] Message 2701 sent to HKApp
[2025-08-13 08:31:46.888] [MSG_SENT] Message 2702 sent to TelemetryApp
[2025-08-13 08:31:46.889] [MSG_SENT] Message 2703 sent to FlightLogicApp
[2025-08-13 08:31:47.034] [MSG_SENT] Message 2701 sent to HKApp
[2025-08-13 08:31:47.891] [MSG_SENT] Message 2702 sent to TelemetryApp
[2025-08-13 08:31:47.892] [MSG_SENT] Message 2703 sent to FlightLogicApp
[2025-08-13 08:31:48.036] [MSG_SENT] Message 2701 sent to HKApp
[2025-08-13 08:31:48.894] [MSG_SENT] Message 2702 sent to TelemetryApp
[2025-08-13 08:31:48.895] [MSG_SENT] Message 2703 sent to FlightLogicApp
[2025-08-13 08:31:49.038] [MSG_SENT] Message 2701 sent to HKApp
[2025-08-13 08:31:49.896] [MSG_SENT] Message 2702 sent to TelemetryApp
[2025-08-13 08:31:49.897] [MSG_SENT] Message 2703 sent to FlightLogicApp
[2025-08-13 08:31:50.039] [MSG_SENT] Message 2701 sent to HKApp
[2025-08-13 08:31:50.899] [MSG_SENT] Message 2702 sent to TelemetryApp
[2025-08-13 08:31:50.900] [MSG_SENT] Message 2703 sent to FlightLogicApp
[2025-08-13 08:31:51.040] [MSG_SENT] Message 2701 sent to HKApp
[2025-08-13 08:31:51.901] [MSG_SENT] Message 2702 sent to TelemetryApp
[2025-08-13 08:31:51.902] [MSG_SENT] Message 2703 sent to FlightLogicApp
[2025-08-13 08:31:52.041] [MSG_SENT] Message 2701 sent to HKApp
[2025-08-13 08:31:52.904] [MSG_SENT] Message 2702 sent to TelemetryApp
[2025-08-13 08:31:52.905] [MSG_SENT] Message 2703 sent to FlightLogicApp
[2025-08-13 08:31:53.043] [MSG_SENT] Message 2701 sent to HKApp
[2025-08-13 08:31:53.907] [MSG_SENT] Message 2702 sent to TelemetryApp
[2025-08-13 08:31:53.907] [MSG_SENT] Message 2703 sent to FlightLogicApp
[2025-08-13 08:31:54.044] [MSG_SENT] Message 2701 sent to HKApp
[2025-08-13 08:31:54.910] [MSG_SENT] Message 2702 sent to TelemetryApp
[2025-08-13 08:31:54.911] [MSG_SENT] Message 2703 sent to FlightLogicApp
[2025-08-13 08:31:55.046] [MSG_SENT] Message 2701 sent to HKApp
[2025-08-13 08:31:55.912] [MSG_SENT] Message 2702 sent to TelemetryApp
[2025-08-13 08:31:55.914] [MSG_SENT] Message 2703 sent to FlightLogicApp
[2025-08-13 08:31:56.048] [MSG_SENT] Message 2701 sent to HKApp
[2025-08-13 08:31:56.916] [MSG_SENT] Message 2702 sent to TelemetryApp
[2025-08-13 08:31:56.917] [MSG_SENT] Message 2703 sent to FlightLogicApp
[2025-08-13 08:31:57.051] [MSG_SENT] Message 2701 sent to HKApp
[2025-08-13 08:31:57.918] [MSG_SENT] Message 2702 sent to TelemetryApp
[2025-08-13 08:31:57.919] [MSG_SENT] Message 2703 sent to FlightLogicApp
[2025-08-13 08:31:58.053] [MSG_SENT] Message 2701 sent to HKApp
[2025-08-13 08:31:58.921] [MSG_SENT] Message 2702 sent to TelemetryApp
[2025-08-13 08:31:58.922] [MSG_SENT] Message 2703 sent to FlightLogicApp
[2025-08-13 08:31:59.054] [MSG_SENT] Message 2701 sent to HKApp
[2025-08-13 08:31:59.924] [MSG_SENT] Message 2702 sent to TelemetryApp
[2025-08-13 08:31:59.925] [MSG_SENT] Message 2703 sent to FlightLogicApp
[2025-08-13 08:32:00.055] [MSG_SENT] Message 2701 sent to HKApp
[2025-08-13 08:32:00.926] [MSG_SENT] Message 2702 sent to TelemetryApp
[2025-08-13 08:32:00.927] [MSG_SENT] Message 2703 sent to FlightLogicApp
[2025-08-13 08:32:01.056] [MSG_SENT] Message 2701 sent to HKApp
[2025-08-13 08:32:01.929] [MSG_SENT] Message 2702 sent to TelemetryApp
[2025-08-13 08:32:01.931] [MSG_SENT] Message 2703 sent to FlightLogicApp
[2025-08-13 08:32:02.058] [MSG_SENT] Message 2701 sent to HKApp
[2025-08-13 08:32:02.933] [MSG_SENT] Message 2702 sent to TelemetryApp
[2025-08-13 08:32:02.935] [MSG_SENT] Message 2703 sent to FlightLogicApp
[2025-08-13 08:32:03.059] [MSG_SENT] Message 2701 sent to HKApp
[2025-08-13 08:32:03.936] [MSG_SENT] Message 2702 sent to TelemetryApp
[2025-08-13 08:32:03.937] [MSG_SENT] Message 2703 sent to FlightLogicApp
[2025-08-13 08:32:04.061] [MSG_SENT] Message 2701 sent to HKApp
[2025-08-13 08:32:04.938] [MSG_SENT] Message 2702 sent to TelemetryApp
[2025-08-13 08:32:04.939] [MSG_SENT] Message 2703 sent to FlightLogicApp
[2025-08-13 08:32:05.062] [MSG_SENT] Message 2701 sent to HKApp
[2025-08-13 08:32:05.940] [MSG_SENT] Message 2702 sent to TelemetryApp
[2025-08-13 08:32:05.942] [MSG_SENT] Message 2703 sent to FlightLogicApp
[2025-08-13 08:32:06.064] [MSG_SENT] Message 2701 sent to HKApp
[2025-08-13 08:32:06.944] [MSG_SENT] Message 2702 sent to TelemetryApp
[2025-08-13 08:32:06.945] [MSG_SENT] Message 2703 sent to FlightLogicApp
[2025-08-13 08:32:07.066] [MSG_SENT] Message 2701 sent to HKApp
[2025-08-13 08:32:07.947] [MSG_SENT] Message 2702 sent to TelemetryApp
[2025-08-13 08:32:07.948] [MSG_SENT] Message 2703 sent to FlightLogicApp
[2025-08-13 08:32:08.067] [MSG_SENT] Message 2701 sent to HKApp
[2025-08-13 08:32:08.949] [MSG_SENT] Message 2702 sent to TelemetryApp
[2025-08-13 08:32:08.950] [MSG_SENT] Message 2703 sent to FlightLogicApp
[2025-08-13 08:32:09.070] [MSG_SENT] Message 2701 sent to HKApp
[2025-08-13 08:32:09.953] [MSG_SENT] Message 2702 sent to TelemetryApp
[2025-08-13 08:32:09.954] [MSG_SENT] Message 2703 sent to FlightLogicApp
[2025-08-13 08:32:10.071] [MSG_SENT] Message 2701 sent to HKApp
[2025-08-13 08:32:10.956] [MSG_SENT] Message 2702 sent to TelemetryApp
[2025-08-13 08:32:10.957] [MSG_SENT] Message 2703 sent to FlightLogicApp
[2025-08-13 08:32:11.073] [MSG_SENT] Message 2701 sent to HKApp
[2025-08-13 08:32:11.958] [MSG_SENT] Message 2702 sent to TelemetryApp
[2025-08-13 08:32:11.959] [MSG_SENT] Message 2703 sent to FlightLogicApp
[2025-08-13 08:32:12.074] [MSG_SENT] Message 2701 sent to HKApp
[2025-08-13 08:32:12.961] [MSG_SENT] Message 2702 sent to TelemetryApp
[2025-08-13 08:32:12.962] [MSG_SENT] Message 2703 sent to FlightLogicApp
[2025-08-13 08:32:13.075] [MSG_SENT] Message 2701 sent to HKApp
[2025-08-13 08:32:13.963] [MSG_SENT] Message 2702 sent to TelemetryApp
[2025-08-13 08:32:13.964] [MSG_SENT] Message 2703 sent to FlightLogicApp
[2025-08-13 08:32:14.077] [MSG_SENT] Message 2701 sent to HKApp
[2025-08-13 08:32:14.966] [MSG_SENT] Message 2702 sent to TelemetryApp
[2025-08-13 08:32:14.966] [MSG_SENT] Message 2703 sent to FlightLogicApp
[2025-08-13 08:32:15.078] [MSG_SENT] Message 2701 sent to HKApp
[2025-08-13 08:32:15.968] [MSG_SENT] Message 2702 sent to TelemetryApp
[2025-08-13 08:32:15.969] [MSG_SENT] Message 2703 sent to FlightLogicApp
[2025-08-13 08:32:16.080] [MSG_SENT] Message 2701 sent to HKApp
[2025-08-13 08:32:16.971] [MSG_SENT] Message 2702 sent to TelemetryApp
[2025-08-13 08:32:16.971] [MSG_SENT] Message 2703 sent to FlightLogicApp
[2025-08-13 08:32:17.081] [MSG_SENT] Message 2701 sent to HKApp
[2025-08-13 08:32:17.974] [MSG_SENT] Message 2702 sent to TelemetryApp
[2025-08-13 08:32:17.975] [MSG_SENT] Message 2703 sent to FlightLogicApp
[2025-08-13 08:32:18.082] [MSG_SENT] Message 2701 sent to HKApp
[2025-08-13 08:32:18.976] [MSG_SENT] Message 2702 sent to TelemetryApp
[2025-08-13 08:32:18.977] [MSG_SENT] Message 2703 sent to FlightLogicApp
[2025-08-13 08:32:19.083] [MSG_SENT] Message 2701 sent to HKApp
[2025-08-13 08:32:19.978] [MSG_SENT] Message 2702 sent to TelemetryApp
[2025-08-13 08:32:19.979] [MSG_SENT] Message 2703 sent to FlightLogicApp
[2025-08-13 08:32:20.084] [MSG_SENT] Message 2701 sent to HKApp
[2025-08-13 08:32:20.981] [MSG_SENT] Message 2702 sent to TelemetryApp
[2025-08-13 08:32:20.982] [MSG_SENT] Message 2703 sent to FlightLogicApp
[2025-08-13 08:32:21.085] [MSG_SENT] Message 2701 sent to HKApp
[2025-08-13 08:32:21.985] [MSG_SENT] Message 2702 sent to TelemetryApp
[2025-08-13 08:32:21.986] [MSG_SENT] Message 2703 sent to FlightLogicApp
[2025-08-13 08:32:22.087] [MSG_SENT] Message 2701 sent to HKApp
[2025-08-13 08:32:22.987] [MSG_SENT] Message 2702 sent to TelemetryApp
[2025-08-13 08:32:22.988] [MSG_SENT] Message 2703 sent to FlightLogicApp
[2025-08-13 08:32:23.089] [MSG_SENT] Message 2701 sent to HKApp
[2025-08-13 08:32:23.990] [MSG_SENT] Message 2702 sent to TelemetryApp
[2025-08-13 08:32:23.991] [MSG_SENT] Message 2703 sent to FlightLogicApp
[2025-08-13 08:32:24.091] [MSG_SENT] Message 2701 sent to HKApp
[2025-08-13 08:32:24.992] [MSG_SENT] Message 2702 sent to TelemetryApp
[2025-08-13 08:32:24.992] [MSG_SENT] Message 2703 sent to FlightLogicApp
[2025-08-13 08:32:25.092] [MSG_SENT] Message 2701 sent to HKApp
[2025-08-13 08:32:25.994] [MSG_SENT] Message 2702 sent to TelemetryApp
[2025-08-13 08:32:25.995] [MSG_SENT] Message 2703 sent to FlightLogicApp
[2025-08-13 08:32:26.094] [MSG_SENT] Message 2701 sent to HKApp
[2025-08-13 08:32:26.996] [MSG_SENT] Message 2702 sent to TelemetryApp
[2025-08-13 08:32:26.997] [MSG_SENT] Message 2703 sent to FlightLogicApp
[2025-08-13 08:32:27.095] [MSG_SENT] Message 2701 sent to HKApp
[2025-08-13 08:32:27.999] [MSG_SENT] Message 2702 sent to TelemetryApp
[2025-08-13 08:32:28.000] [MSG_SENT] Message 2703 sent to FlightLogicApp
[2025-08-13 08:32:28.097] [MSG_SENT] Message 2701 sent to HKApp
[2025-08-13 08:32:29.001] [MSG_SENT] Message 2702 sent to TelemetryApp
[2025-08-13 08:32:29.003] [MSG_SENT] Message 2703 sent to FlightLogicApp
[2025-08-13 08:32:29.099] [MSG_SENT] Message 2701 sent to HKApp
[2025-08-13 08:32:30.004] [MSG_SENT] Message 2702 sent to TelemetryApp
[2025-08-13 08:32:30.005] [MSG_SENT] Message 2703 sent to FlightLogicApp
[2025-08-13 08:32:30.100] [MSG_SENT] Message 2701 sent to HKApp
[2025-08-13 08:32:31.007] [MSG_SENT] Message 2702 sent to TelemetryApp
[2025-08-13 08:32:31.007] [MSG_SENT] Message 2703 sent to FlightLogicApp
[2025-08-13 08:32:31.102] [MSG_SENT] Message 2701 sent to HKApp
[2025-08-13 08:32:32.009] [MSG_SENT] Message 2702 sent to TelemetryApp
[2025-08-13 08:32:32.010] [MSG_SENT] Message 2703 sent to FlightLogicApp
[2025-08-13 08:32:32.103] [MSG_SENT] Message 2701 sent to HKApp
[2025-08-13 08:32:33.012] [MSG_SENT] Message 2702 sent to TelemetryApp
[2025-08-13 08:32:33.013] [MSG_SENT] Message 2703 sent to FlightLogicApp
[2025-08-13 08:32:33.104] [MSG_SENT] Message 2701 sent to HKApp
[2025-08-13 08:32:34.015] [MSG_SENT] Message 2702 sent to TelemetryApp
[2025-08-13 08:32:34.016] [MSG_SENT] Message 2703 sent to FlightLogicApp
[2025-08-13 08:32:34.106] [MSG_SENT] Message 2701 sent to HKApp
[2025-08-13 08:32:35.018] [MSG_SENT] Message 2702 sent to TelemetryApp
[2025-08-13 08:32:35.019] [MSG_SENT] Message 2703 sent to FlightLogicApp
[2025-08-13 08:32:35.107] [MSG_SENT] Message 2701 sent to HKApp
[2025-08-13 08:32:36.022] [MSG_SENT] Message 2702 sent to TelemetryApp
[2025-08-13 08:32:36.023] [MSG_SENT] Message 2703 sent to FlightLogicApp
[2025-08-13 08:32:36.108] [MSG_SENT] Message 2701 sent to HKApp
[2025-08-13 08:32:37.025] [MSG_SENT] Message 2702 sent to TelemetryApp
[2025-08-13 08:32:37.026] [MSG_SENT] Message 2703 sent to FlightLogicApp
[2025-08-13 08:32:37.109] [MSG_SENT] Message 2701 sent to HKApp
[2025-08-13 08:32:38.027] [MSG_SENT] Message 2702 sent to TelemetryApp
[2025-08-13 08:32:38.029] [MSG_SENT] Message 2703 sent to FlightLogicApp
[2025-08-13 08:32:38.110] [MSG_SENT] Message 2701 sent to HKApp
[2025-08-13 08:32:39.031] [MSG_SENT] Message 2702 sent to TelemetryApp
[2025-08-13 08:32:39.032] [MSG_SENT] Message 2703 sent to FlightLogicApp
[2025-08-13 08:32:39.113] [MSG_SENT] Message 2701 sent to HKApp
[2025-08-13 08:32:40.034] [MSG_SENT] Message 2702 sent to TelemetryApp
[2025-08-13 08:32:40.035] [MSG_SENT] Message 2703 sent to FlightLogicApp
[2025-08-13 08:32:40.114] [MSG_SENT] Message 2701 sent to HKApp
[2025-08-13 08:32:41.037] [MSG_SENT] Message 2702 sent to TelemetryApp
[2025-08-13 08:32:41.038] [MSG_SENT] Message 2703 sent to FlightLogicApp
[2025-08-13 08:32:41.117] [MSG_SENT] Message 2701 sent to HKApp
[2025-08-13 08:32:42.040] [MSG_SENT] Message 2702 sent to TelemetryApp
[2025-08-13 08:32:42.040] [MSG_SENT] Message 2703 sent to FlightLogicApp
[2025-08-13 08:32:42.119] [MSG_SENT] Message 2701 sent to HKApp
[2025-08-13 08:32:43.041] [MSG_SENT] Message 2702 sent to TelemetryApp
[2025-08-13 08:32:43.042] [MSG_SENT] Message 2703 sent to FlightLogicApp
[2025-08-13 08:32:43.120] [MSG_SENT] Message 2701 sent to HKApp
[2025-08-13 08:32:44.043] [MSG_SENT] Message 2702 sent to TelemetryApp
[2025-08-13 08:32:44.044] [MSG_SENT] Message 2703 sent to FlightLogicApp
[2025-08-13 08:32:44.121] [MSG_SENT] Message 2701 sent to HKApp
[2025-08-13 08:32:45.045] [MSG_SENT] Message 2702 sent to TelemetryApp
[2025-08-13 08:32:45.046] [MSG_SENT] Message 2703 sent to FlightLogicApp
[2025-08-13 08:32:45.122] [MSG_SENT] Message 2701 sent to HKApp
[2025-08-13 08:32:46.047] [MSG_SENT] Message 2702 sent to TelemetryApp
[2025-08-13 08:32:46.048] [MSG_SENT] Message 2703 sent to FlightLogicApp
[2025-08-13 08:32:46.124] [MSG_SENT] Message 2701 sent to HKApp
[2025-08-13 08:32:47.049] [MSG_SENT] Message 2702 sent to TelemetryApp
[2025-08-13 08:32:47.051] [MSG_SENT] Message 2703 sent to FlightLogicApp
[2025-08-13 08:32:47.126] [MSG_SENT] Message 2701 sent to HKApp
[2025-08-13 08:32:48.053] [MSG_SENT] Message 2702 sent to TelemetryApp
[2025-08-13 08:32:48.054] [MSG_SENT] Message 2703 sent to FlightLogicApp
[2025-08-13 08:32:48.128] [MSG_SENT] Message 2701 sent to HKApp
[2025-08-13 08:32:49.056] [MSG_SENT] Message 2702 sent to TelemetryApp
[2025-08-13 08:32:49.057] [MSG_SENT] Message 2703 sent to FlightLogicApp
[2025-08-13 08:32:49.130] [MSG_SENT] Message 2701 sent to HKApp
[2025-08-13 08:32:50.058] [MSG_SENT] Message 2702 sent to TelemetryApp
[2025-08-13 08:32:50.059] [MSG_SENT] Message 2703 sent to FlightLogicApp
[2025-08-13 08:32:50.132] [MSG_SENT] Message 2701 sent to HKApp
[2025-08-13 08:32:51.060] [MSG_SENT] Message 2702 sent to TelemetryApp
[2025-08-13 08:32:51.061] [MSG_SENT] Message 2703 sent to FlightLogicApp
[2025-08-13 08:32:51.133] [MSG_SENT] Message 2701 sent to HKApp
[2025-08-13 08:32:52.063] [MSG_SENT] Message 2702 sent to TelemetryApp
[2025-08-13 08:32:52.063] [MSG_SENT] Message 2703 sent to FlightLogicApp
[2025-08-13 08:32:52.134] [MSG_SENT] Message 2701 sent to HKApp
[2025-08-13 08:32:53.065] [MSG_SENT] Message 2702 sent to TelemetryApp
[2025-08-13 08:32:53.065] [MSG_SENT] Message 2703 sent to FlightLogicApp
[2025-08-13 08:32:53.135] [MSG_SENT] Message 2701 sent to HKApp
[2025-08-13 08:32:54.067] [MSG_SENT] Message 2702 sent to TelemetryApp
[2025-08-13 08:32:54.069] [MSG_SENT] Message 2703 sent to FlightLogicApp
[2025-08-13 08:32:54.137] [MSG_SENT] Message 2701 sent to HKApp
[2025-08-13 08:32:55.070] [MSG_SENT] Message 2702 sent to TelemetryApp
[2025-08-13 08:32:55.072] [MSG_SENT] Message 2703 sent to FlightLogicApp
[2025-08-13 08:32:55.138] [MSG_SENT] Message 2701 sent to HKApp
[2025-08-13 08:32:56.073] [MSG_SENT] Message 2702 sent to TelemetryApp
[2025-08-13 08:32:56.074] [MSG_SENT] Message 2703 sent to FlightLogicApp
[2025-08-13 08:32:56.140] [MSG_SENT] Message 2701 sent to HKApp
[2025-08-13 08:32:57.075] [MSG_SENT] Message 2702 sent to TelemetryApp
[2025-08-13 08:32:57.076] [MSG_SENT] Message 2703 sent to FlightLogicApp
[2025-08-13 08:32:57.141] [MSG_SENT] Message 2701 sent to HKApp
[2025-08-13 08:32:58.078] [MSG_SENT] Message 2702 sent to TelemetryApp
[2025-08-13 08:32:58.095] [MSG_SENT] Message 2703 sent to FlightLogicApp
[2025-08-13 08:32:58.142] [MSG_SENT] Message 2701 sent to HKApp
[2025-08-13 08:32:59.096] [MSG_SENT] Message 2702 sent to TelemetryApp
[2025-08-13 08:32:59.097] [MSG_SENT] Message 2703 sent to FlightLogicApp
[2025-08-13 08:32:59.144] [MSG_SENT] Message 2701 sent to HKApp
[2025-08-13 08:33:00.099] [MSG_SENT] Message 2702 sent to TelemetryApp
[2025-08-13 08:33:00.100] [MSG_SENT] Message 2703 sent to FlightLogicApp
[2025-08-13 08:33:00.145] [MSG_SENT] Message 2701 sent to HKApp
[2025-08-13 08:33:01.102] [MSG_SENT] Message 2702 sent to TelemetryApp
[2025-08-13 08:33:01.103] [MSG_SENT] Message 2703 sent to FlightLogicApp
[2025-08-13 08:33:01.146] [MSG_SENT] Message 2701 sent to HKApp
[2025-08-13 08:33:02.105] [MSG_SENT] Message 2702 sent to TelemetryApp
[2025-08-13 08:33:02.106] [MSG_SENT] Message 2703 sent to FlightLogicApp
[2025-08-13 08:33:02.148] [MSG_SENT] Message 2701 sent to HKApp
[2025-08-13 08:33:03.107] [MSG_SENT] Message 2702 sent to TelemetryApp
[2025-08-13 08:33:03.108] [MSG_SENT] Message 2703 sent to FlightLogicApp
[2025-08-13 08:33:03.150] [MSG_SENT] Message 2701 sent to HKApp
[2025-08-13 08:33:04.109] [MSG_SENT] Message 2702 sent to TelemetryApp
[2025-08-13 08:33:04.110] [MSG_SENT] Message 2703 sent to FlightLogicApp
[2025-08-13 08:33:04.151] [MSG_SENT] Message 2701 sent to HKApp
[2025-08-13 08:33:05.112] [MSG_SENT] Message 2702 sent to TelemetryApp
[2025-08-13 08:33:05.112] [MSG_SENT] Message 2703 sent to FlightLogicApp
[2025-08-13 08:33:05.153] [MSG_SENT] Message 2701 sent to HKApp
[2025-08-13 08:33:06.115] [MSG_SENT] Message 2702 sent to TelemetryApp
[2025-08-13 08:33:06.115] [MSG_SENT] Message 2703 sent to FlightLogicApp
[2025-08-13 08:33:06.154] [MSG_SENT] Message 2701 sent to HKApp
[2025-08-13 08:33:07.117] [MSG_SENT] Message 2702 sent to TelemetryApp
[2025-08-13 08:33:07.117] [MSG_SENT] Message 2703 sent to FlightLogicApp
[2025-08-13 08:33:07.155] [MSG_SENT] Message 2701 sent to HKApp
[2025-08-13 08:33:08.119] [MSG_SENT] Message 2702 sent to TelemetryApp
[2025-08-13 08:33:08.120] [MSG_SENT] Message 2703 sent to FlightLogicApp
[2025-08-13 08:33:08.157] [MSG_SENT] Message 2701 sent to HKApp
[2025-08-13 08:33:09.122] [MSG_SENT] Message 2702 sent to TelemetryApp
[2025-08-13 08:33:09.159] [MSG_SENT] Message 2701 sent to HKApp
[2025-08-13 08:33:09.167] [MSG_SENT] Message 2703 sent to FlightLogicApp
[2025-08-13 08:33:10.167] [MSG_SENT] Message 2701 sent to HKApp
[2025-08-13 08:33:10.168] [MSG_SENT] Message 2702 sent to TelemetryApp
[2025-08-13 08:33:10.169] [MSG_SENT] Message 2703 sent to FlightLogicApp
[2025-08-13 08:33:11.169] [MSG_SENT] Message 2701 sent to HKApp
[2025-08-13 08:33:11.171] [MSG_SENT] Message 2702 sent to TelemetryApp
[2025-08-13 08:33:11.173] [MSG_SENT] Message 2703 sent to FlightLogicApp
[2025-08-13 08:33:12.170] [MSG_SENT] Message 2701 sent to HKApp
[2025-08-13 08:33:12.175] [MSG_SENT] Message 2702 sent to TelemetryApp
[2025-08-13 08:33:12.177] [MSG_SENT] Message 2703 sent to FlightLogicApp
[2025-08-13 08:33:13.171] [MSG_SENT] Message 2701 sent to HKApp
[2025-08-13 08:33:13.179] [MSG_SENT] Message 2702 sent to TelemetryApp
[2025-08-13 08:33:13.180] [MSG_SENT] Message 2703 sent to FlightLogicApp
[2025-08-13 08:33:14.173] [MSG_SENT] Message 2701 sent to HKApp
[2025-08-13 08:33:14.181] [MSG_SENT] Message 2702 sent to TelemetryApp
[2025-08-13 08:33:14.182] [MSG_SENT] Message 2703 sent to FlightLogicApp
[2025-08-13 08:33:15.174] [MSG_SENT] Message 2701 sent to HKApp
[2025-08-13 08:33:15.183] [MSG_SENT] Message 2702 sent to TelemetryApp
[2025-08-13 08:33:15.184] [MSG_SENT] Message 2703 sent to FlightLogicApp
[2025-08-13 08:33:16.176] [MSG_SENT] Message 2701 sent to HKApp
[2025-08-13 08:33:16.186] [MSG_SENT] Message 2702 sent to TelemetryApp
[2025-08-13 08:33:16.188] [MSG_SENT] Message 2703 sent to FlightLogicApp
[2025-08-13 08:33:17.178] [MSG_SENT] Message 2701 sent to HKApp
[2025-08-13 08:33:17.190] [MSG_SENT] Message 2702 sent to TelemetryApp
[2025-08-13 08:33:17.192] [MSG_SENT] Message 2703 sent to FlightLogicApp
[2025-08-13 08:33:18.179] [MSG_SENT] Message 2701 sent to HKApp
[2025-08-13 08:33:18.193] [MSG_SENT] Message 2702 sent to TelemetryApp
[2025-08-13 08:33:18.194] [MSG_SENT] Message 2703 sent to FlightLogicApp
[2025-08-13 08:33:19.180] [MSG_SENT] Message 2701 sent to HKApp
[2025-08-13 08:33:19.195] [MSG_SENT] Message 2702 sent to TelemetryApp
[2025-08-13 08:33:19.197] [MSG_SENT] Message 2703 sent to FlightLogicApp
[2025-08-13 08:33:20.181] [MSG_SENT] Message 2701 sent to HKApp
[2025-08-13 08:33:20.199] [MSG_SENT] Message 2702 sent to TelemetryApp
[2025-08-13 08:33:20.200] [MSG_SENT] Message 2703 sent to FlightLogicApp
[2025-08-13 08:33:21.183] [MSG_SENT] Message 2701 sent to HKApp
[2025-08-13 08:33:21.201] [MSG_SENT] Message 2702 sent to TelemetryApp
[2025-08-13 08:33:21.202] [MSG_SENT] Message 2703 sent to FlightLogicApp
[2025-08-13 08:33:22.185] [MSG_SENT] Message 2701 sent to HKApp
[2025-08-13 08:33:22.204] [MSG_SENT] Message 2702 sent to TelemetryApp
[2025-08-13 08:33:22.206] [MSG_SENT] Message 2703 sent to FlightLogicApp
[2025-08-13 08:33:23.186] [MSG_SENT] Message 2701 sent to HKApp
[2025-08-13 08:33:23.207] [MSG_SENT] Message 2702 sent to TelemetryApp
[2025-08-13 08:33:23.208] [MSG_SENT] Message 2703 sent to FlightLogicApp
[2025-08-13 08:33:24.187] [MSG_SENT] Message 2701 sent to HKApp
[2025-08-13 08:33:24.210] [MSG_SENT] Message 2702 sent to TelemetryApp
[2025-08-13 08:33:24.212] [MSG_SENT] Message 2703 sent to FlightLogicApp
[2025-08-13 08:33:25.189] [MSG_SENT] Message 2701 sent to HKApp
[2025-08-13 08:33:25.214] [MSG_SENT] Message 2702 sent to TelemetryApp
[2025-08-13 08:33:25.215] [MSG_SENT] Message 2703 sent to FlightLogicApp
[2025-08-13 08:33:26.190] [MSG_SENT] Message 2701 sent to HKApp
[2025-08-13 08:33:26.216] [MSG_SENT] Message 2702 sent to TelemetryApp
[2025-08-13 08:33:26.217] [MSG_SENT] Message 2703 sent to FlightLogicApp
[2025-08-13 08:33:27.191] [MSG_SENT] Message 2701 sent to HKApp
[2025-08-13 08:33:27.219] [MSG_SENT] Message 2702 sent to TelemetryApp
[2025-08-13 08:33:27.220] [MSG_SENT] Message 2703 sent to FlightLogicApp
[2025-08-13 08:33:28.193] [MSG_SENT] Message 2701 sent to HKApp
[2025-08-13 08:33:28.222] [MSG_SENT] Message 2702 sent to TelemetryApp
[2025-08-13 08:33:28.223] [MSG_SENT] Message 2703 sent to FlightLogicApp
[2025-08-13 08:33:29.195] [MSG_SENT] Message 2701 sent to HKApp
[2025-08-13 08:33:29.225] [MSG_SENT] Message 2702 sent to TelemetryApp
[2025-08-13 08:33:29.226] [MSG_SENT] Message 2703 sent to FlightLogicApp
[2025-08-13 08:33:30.196] [MSG_SENT] Message 2701 sent to HKApp
[2025-08-13 08:33:30.227] [MSG_SENT] Message 2702 sent to TelemetryApp
[2025-08-13 08:33:30.228] [MSG_SENT] Message 2703 sent to FlightLogicApp
[2025-08-13 08:33:31.197] [MSG_SENT] Message 2701 sent to HKApp
[2025-08-13 08:33:31.229] [MSG_SENT] Message 2702 sent to TelemetryApp
[2025-08-13 08:33:31.231] [MSG_SENT] Message 2703 sent to FlightLogicApp
[2025-08-13 08:33:32.199] [MSG_SENT] Message 2701 sent to HKApp
[2025-08-13 08:33:32.232] [MSG_SENT] Message 2702 sent to TelemetryApp
[2025-08-13 08:33:32.233] [MSG_SENT] Message 2703 sent to FlightLogicApp
[2025-08-13 08:33:33.200] [MSG_SENT] Message 2701 sent to HKApp
[2025-08-13 08:33:33.234] [MSG_SENT] Message 2702 sent to TelemetryApp
[2025-08-13 08:33:33.236] [MSG_SENT] Message 2703 sent to FlightLogicApp
[2025-08-13 08:33:34.201] [MSG_SENT] Message 2701 sent to HKApp
[2025-08-13 08:33:34.237] [MSG_SENT] Message 2702 sent to TelemetryApp
[2025-08-13 08:33:34.238] [MSG_SENT] Message 2703 sent to FlightLogicApp
[2025-08-13 08:33:35.203] [MSG_SENT] Message 2701 sent to HKApp
[2025-08-13 08:33:35.240] [MSG_SENT] Message 2702 sent to TelemetryApp
[2025-08-13 08:33:35.241] [MSG_SENT] Message 2703 sent to FlightLogicApp
[2025-08-13 08:33:36.205] [MSG_SENT] Message 2701 sent to HKApp
[2025-08-13 08:33:36.244] [MSG_SENT] Message 2702 sent to TelemetryApp
[2025-08-13 08:33:36.244] [MSG_SENT] Message 2703 sent to FlightLogicApp
[2025-08-13 08:33:37.206] [MSG_SENT] Message 2701 sent to HKApp
[2025-08-13 08:33:37.245] [MSG_SENT] Message 2702 sent to TelemetryApp
[2025-08-13 08:33:37.247] [MSG_SENT] Message 2703 sent to FlightLogicApp
[2025-08-13 08:33:38.208] [MSG_SENT] Message 2701 sent to HKApp
[2025-08-13 08:33:38.249] [MSG_SENT] Message 2702 sent to TelemetryApp
[2025-08-13 08:33:38.250] [MSG_SENT] Message 2703 sent to FlightLogicApp
[2025-08-13 08:33:39.209] [MSG_SENT] Message 2701 sent to HKApp
[2025-08-13 08:33:39.251] [MSG_SENT] Message 2702 sent to TelemetryApp
[2025-08-13 08:33:39.253] [MSG_SENT] Message 2703 sent to FlightLogicApp
[2025-08-13 08:33:40.211] [MSG_SENT] Message 2701 sent to HKApp
[2025-08-13 08:33:40.255] [MSG_SENT] Message 2702 sent to TelemetryApp
[2025-08-13 08:33:40.255] [MSG_SENT] Message 2703 sent to FlightLogicApp
[2025-08-13 08:33:41.213] [MSG_SENT] Message 2701 sent to HKApp
[2025-08-13 08:33:41.258] [MSG_SENT] Message 2702 sent to TelemetryApp
[2025-08-13 08:33:41.259] [MSG_SENT] Message 2703 sent to FlightLogicApp
[2025-08-13 08:33:42.214] [MSG_SENT] Message 2701 sent to HKApp
[2025-08-13 08:33:42.261] [MSG_SENT] Message 2702 sent to TelemetryApp
[2025-08-13 08:33:42.263] [MSG_SENT] Message 2703 sent to FlightLogicApp
[2025-08-13 08:33:43.216] [MSG_SENT] Message 2701 sent to HKApp
[2025-08-13 08:33:43.267] [MSG_SENT] Message 2702 sent to TelemetryApp
[2025-08-13 08:33:43.268] [MSG_SENT] Message 2703 sent to FlightLogicApp
[2025-08-13 08:33:44.218] [MSG_SENT] Message 2701 sent to HKApp
[2025-08-13 08:33:44.269] [MSG_SENT] Message 2702 sent to TelemetryApp
[2025-08-13 08:33:44.270] [MSG_SENT] Message 2703 sent to FlightLogicApp
[2025-08-13 08:33:45.220] [MSG_SENT] Message 2701 sent to HKApp
[2025-08-13 08:33:45.272] [MSG_SENT] Message 2702 sent to TelemetryApp
[2025-08-13 08:33:45.273] [MSG_SENT] Message 2703 sent to FlightLogicApp
[2025-08-13 08:33:46.221] [MSG_SENT] Message 2701 sent to HKApp
[2025-08-13 08:33:46.275] [MSG_SENT] Message 2702 sent to TelemetryApp
[2025-08-13 08:33:46.276] [MSG_SENT] Message 2703 sent to FlightLogicApp
[2025-08-13 08:33:47.222] [MSG_SENT] Message 2701 sent to HKApp
[2025-08-13 08:33:47.277] [MSG_SENT] Message 2702 sent to TelemetryApp
[2025-08-13 08:33:47.278] [MSG_SENT] Message 2703 sent to FlightLogicApp
[2025-08-13 08:33:48.223] [MSG_SENT] Message 2701 sent to HKApp
[2025-08-13 08:33:48.280] [MSG_SENT] Message 2702 sent to TelemetryApp
[2025-08-13 08:33:48.282] [MSG_SENT] Message 2703 sent to FlightLogicApp
[2025-08-13 08:33:49.225] [MSG_SENT] Message 2701 sent to HKApp
[2025-08-13 08:33:49.283] [MSG_SENT] Message 2702 sent to TelemetryApp
[2025-08-13 08:33:49.285] [MSG_SENT] Message 2703 sent to FlightLogicApp
[2025-08-13 08:33:50.226] [MSG_SENT] Message 2701 sent to HKApp
[2025-08-13 08:33:50.286] [MSG_SENT] Message 2702 sent to TelemetryApp
[2025-08-13 08:33:50.287] [MSG_SENT] Message 2703 sent to FlightLogicApp
[2025-08-13 08:33:51.228] [MSG_SENT] Message 2701 sent to HKApp
[2025-08-13 08:33:51.289] [MSG_SENT] Message 2702 sent to TelemetryApp
[2025-08-13 08:33:51.289] [MSG_SENT] Message 2703 sent to FlightLogicApp
[2025-08-13 08:33:52.230] [MSG_SENT] Message 2701 sent to HKApp
[2025-08-13 08:33:52.291] [MSG_SENT] Message 2702 sent to TelemetryApp
[2025-08-13 08:33:52.292] [MSG_SENT] Message 2703 sent to FlightLogicApp
[2025-08-13 08:33:53.231] [MSG_SENT] Message 2701 sent to HKApp
[2025-08-13 08:33:53.293] [MSG_SENT] Message 2702 sent to TelemetryApp
[2025-08-13 08:33:53.294] [MSG_SENT] Message 2703 sent to FlightLogicApp
[2025-08-13 08:33:54.232] [MSG_SENT] Message 2701 sent to HKApp
[2025-08-13 08:33:54.296] [MSG_SENT] Message 2702 sent to TelemetryApp
[2025-08-13 08:33:54.297] [MSG_SENT] Message 2703 sent to FlightLogicApp
[2025-08-13 08:33:55.234] [MSG_SENT] Message 2701 sent to HKApp
[2025-08-13 08:33:55.300] [MSG_SENT] Message 2702 sent to TelemetryApp
[2025-08-13 08:33:55.302] [MSG_SENT] Message 2703 sent to FlightLogicApp
[2025-08-13 08:33:56.236] [MSG_SENT] Message 2701 sent to HKApp
[2025-08-13 08:33:56.303] [MSG_SENT] Message 2702 sent to TelemetryApp
[2025-08-13 08:33:56.304] [MSG_SENT] Message 2703 sent to FlightLogicApp
[2025-08-13 08:33:57.237] [MSG_SENT] Message 2701 sent to HKApp
[2025-08-13 08:33:57.305] [MSG_SENT] Message 2702 sent to TelemetryApp
[2025-08-13 08:33:57.306] [MSG_SENT] Message 2703 sent to FlightLogicApp
[2025-08-13 08:33:58.239] [MSG_SENT] Message 2701 sent to HKApp
[2025-08-13 08:33:58.308] [MSG_SENT] Message 2702 sent to TelemetryApp
[2025-08-13 08:33:58.310] [MSG_SENT] Message 2703 sent to FlightLogicApp
[2025-08-13 08:33:59.240] [MSG_SENT] Message 2701 sent to HKApp
[2025-08-13 08:33:59.311] [MSG_SENT] Message 2702 sent to TelemetryApp
[2025-08-13 08:33:59.312] [MSG_SENT] Message 2703 sent to FlightLogicApp
[2025-08-13 08:34:00.241] [MSG_SENT] Message 2701 sent to HKApp
[2025-08-13 08:34:00.313] [MSG_SENT] Message 2702 sent to TelemetryApp
[2025-08-13 08:34:00.314] [MSG_SENT] Message 2703 sent to FlightLogicApp
[2025-08-13 08:34:01.243] [MSG_SENT] Message 2701 sent to HKApp
[2025-08-13 08:34:01.316] [MSG_SENT] Message 2702 sent to TelemetryApp
[2025-08-13 08:34:01.317] [MSG_SENT] Message 2703 sent to FlightLogicApp
[2025-08-13 08:34:02.244] [MSG_SENT] Message 2701 sent to HKApp
[2025-08-13 08:34:02.318] [MSG_SENT] Message 2702 sent to TelemetryApp
[2025-08-13 08:34:02.319] [MSG_SENT] Message 2703 sent to FlightLogicApp
[2025-08-13 08:34:03.245] [MSG_SENT] Message 2701 sent to HKApp
[2025-08-13 08:34:03.321] [MSG_SENT] Message 2702 sent to TelemetryApp
[2025-08-13 08:34:03.322] [MSG_SENT] Message 2703 sent to FlightLogicApp
[2025-08-13 08:34:04.247] [MSG_SENT] Message 2701 sent to HKApp
[2025-08-13 08:34:04.326] [MSG_SENT] Message 2702 sent to TelemetryApp
[2025-08-13 08:34:04.327] [MSG_SENT] Message 2703 sent to FlightLogicApp
[2025-08-13 08:34:05.249] [MSG_SENT] Message 2701 sent to HKApp
[2025-08-13 08:34:05.328] [MSG_SENT] Message 2702 sent to TelemetryApp
[2025-08-13 08:34:05.329] [MSG_SENT] Message 2703 sent to FlightLogicApp
[2025-08-13 08:34:06.251] [MSG_SENT] Message 2701 sent to HKApp
[2025-08-13 08:34:06.330] [MSG_SENT] Message 2702 sent to TelemetryApp
[2025-08-13 08:34:06.331] [MSG_SENT] Message 2703 sent to FlightLogicApp
[2025-08-13 08:34:07.252] [MSG_SENT] Message 2701 sent to HKApp
[2025-08-13 08:34:07.334] [MSG_SENT] Message 2702 sent to TelemetryApp
[2025-08-13 08:34:07.335] [MSG_SENT] Message 2703 sent to FlightLogicApp
[2025-08-13 08:34:08.255] [MSG_SENT] Message 2701 sent to HKApp
[2025-08-13 08:34:08.337] [MSG_SENT] Message 2702 sent to TelemetryApp
[2025-08-13 08:34:08.338] [MSG_SENT] Message 2703 sent to FlightLogicApp
[2025-08-13 08:34:09.256] [MSG_SENT] Message 2701 sent to HKApp
[2025-08-13 08:34:09.340] [MSG_SENT] Message 2702 sent to TelemetryApp
[2025-08-13 08:34:09.341] [MSG_SENT] Message 2703 sent to FlightLogicApp
[2025-08-13 08:34:10.257] [MSG_SENT] Message 2701 sent to HKApp
[2025-08-13 08:34:10.342] [MSG_SENT] Message 2702 sent to TelemetryApp
[2025-08-13 08:34:10.343] [MSG_SENT] Message 2703 sent to FlightLogicApp
[2025-08-13 08:34:11.259] [MSG_SENT] Message 2701 sent to HKApp
[2025-08-13 08:34:11.345] [MSG_SENT] Message 2702 sent to TelemetryApp
[2025-08-13 08:34:11.346] [MSG_SENT] Message 2703 sent to FlightLogicApp
[2025-08-13 08:34:12.260] [MSG_SENT] Message 2701 sent to HKApp
[2025-08-13 08:34:12.347] [MSG_SENT] Message 2702 sent to TelemetryApp
[2025-08-13 08:34:12.349] [MSG_SENT] Message 2703 sent to FlightLogicApp
[2025-08-13 08:34:13.262] [MSG_SENT] Message 2701 sent to HKApp
[2025-08-13 08:34:13.350] [MSG_SENT] Message 2702 sent to TelemetryApp
[2025-08-13 08:34:13.351] [MSG_SENT] Message 2703 sent to FlightLogicApp
[2025-08-13 08:34:14.263] [MSG_SENT] Message 2701 sent to HKApp
[2025-08-13 08:34:14.352] [MSG_SENT] Message 2702 sent to TelemetryApp
[2025-08-13 08:34:14.354] [MSG_SENT] Message 2703 sent to FlightLogicApp
[2025-08-13 08:34:15.265] [MSG_SENT] Message 2701 sent to HKApp
[2025-08-13 08:34:15.356] [MSG_SENT] Message 2702 sent to TelemetryApp
[2025-08-13 08:34:15.357] [MSG_SENT] Message 2703 sent to FlightLogicApp
[2025-08-13 08:34:16.266] [MSG_SENT] Message 2701 sent to HKApp
[2025-08-13 08:34:16.358] [MSG_SENT] Message 2702 sent to TelemetryApp
[2025-08-13 08:34:16.359] [MSG_SENT] Message 2703 sent to FlightLogicApp
[2025-08-13 08:34:17.267] [MSG_SENT] Message 2701 sent to HKApp
[2025-08-13 08:34:17.361] [MSG_SENT] Message 2702 sent to TelemetryApp
[2025-08-13 08:34:17.362] [MSG_SENT] Message 2703 sent to FlightLogicApp
[2025-08-13 08:34:18.270] [MSG_SENT] Message 2701 sent to HKApp
[2025-08-13 08:34:18.363] [MSG_SENT] Message 2702 sent to TelemetryApp
[2025-08-13 08:34:18.365] [MSG_SENT] Message 2703 sent to FlightLogicApp
[2025-08-13 08:34:19.273] [MSG_SENT] Message 2701 sent to HKApp
[2025-08-13 08:34:19.366] [MSG_SENT] Message 2702 sent to TelemetryApp
[2025-08-13 08:34:19.367] [MSG_SENT] Message 2703 sent to FlightLogicApp
[2025-08-13 08:34:20.274] [MSG_SENT] Message 2701 sent to HKApp
[2025-08-13 08:34:20.369] [MSG_SENT] Message 2702 sent to TelemetryApp
[2025-08-13 08:34:20.370] [MSG_SENT] Message 2703 sent to FlightLogicApp
[2025-08-13 08:34:21.276] [MSG_SENT] Message 2701 sent to HKApp
[2025-08-13 08:34:21.371] [MSG_SENT] Message 2702 sent to TelemetryApp
[2025-08-13 08:34:21.372] [MSG_SENT] Message 2703 sent to FlightLogicApp
[2025-08-13 08:34:22.277] [MSG_SENT] Message 2701 sent to HKApp
[2025-08-13 08:34:22.374] [MSG_SENT] Message 2702 sent to TelemetryApp
[2025-08-13 08:34:22.375] [MSG_SENT] Message 2703 sent to FlightLogicApp
[2025-08-13 08:34:23.278] [MSG_SENT] Message 2701 sent to HKApp
[2025-08-13 08:34:23.376] [MSG_SENT] Message 2702 sent to TelemetryApp
[2025-08-13 08:34:23.377] [MSG_SENT] Message 2703 sent to FlightLogicApp
[2025-08-13 08:34:24.280] [MSG_SENT] Message 2701 sent to HKApp
[2025-08-13 08:34:24.379] [MSG_SENT] Message 2702 sent to TelemetryApp
[2025-08-13 08:34:24.380] [MSG_SENT] Message 2703 sent to FlightLogicApp
[2025-08-13 08:34:25.281] [MSG_SENT] Message 2701 sent to HKApp
[2025-08-13 08:34:25.382] [MSG_SENT] Message 2702 sent to TelemetryApp
[2025-08-13 08:34:25.383] [MSG_SENT] Message 2703 sent to FlightLogicApp
[2025-08-13 08:34:26.283] [MSG_SENT] Message 2701 sent to HKApp
[2025-08-13 08:34:26.384] [MSG_SENT] Message 2702 sent to TelemetryApp
[2025-08-13 08:34:26.385] [MSG_SENT] Message 2703 sent to FlightLogicApp
[2025-08-13 08:34:27.285] [MSG_SENT] Message 2701 sent to HKApp
[2025-08-13 08:34:27.387] [MSG_SENT] Message 2702 sent to TelemetryApp
[2025-08-13 08:34:27.388] [MSG_SENT] Message 2703 sent to FlightLogicApp
[2025-08-13 08:34:28.286] [MSG_SENT] Message 2701 sent to HKApp
[2025-08-13 08:34:28.389] [MSG_SENT] Message 2702 sent to TelemetryApp
[2025-08-13 08:34:28.389] [MSG_SENT] Message 2703 sent to FlightLogicApp
[2025-08-13 08:34:29.287] [MSG_SENT] Message 2701 sent to HKApp
[2025-08-13 08:34:29.390] [MSG_SENT] Message 2702 sent to TelemetryApp
[2025-08-13 08:34:29.391] [MSG_SENT] Message 2703 sent to FlightLogicApp
[2025-08-13 08:34:30.289] [MSG_SENT] Message 2701 sent to HKApp
[2025-08-13 08:34:30.392] [MSG_SENT] Message 2702 sent to TelemetryApp
[2025-08-13 08:34:30.393] [MSG_SENT] Message 2703 sent to FlightLogicApp
[2025-08-13 08:34:31.291] [MSG_SENT] Message 2701 sent to HKApp
[2025-08-13 08:34:31.394] [MSG_SENT] Message 2702 sent to TelemetryApp
[2025-08-13 08:34:31.396] [MSG_SENT] Message 2703 sent to FlightLogicApp
[2025-08-13 08:34:32.293] [MSG_SENT] Message 2701 sent to HKApp
[2025-08-13 08:34:32.399] [MSG_SENT] Message 2702 sent to TelemetryApp
[2025-08-13 08:34:32.401] [MSG_SENT] Message 2703 sent to FlightLogicApp
[2025-08-13 08:34:33.294] [MSG_SENT] Message 2701 sent to HKApp
[2025-08-13 08:34:33.402] [MSG_SENT] Message 2702 sent to TelemetryApp
[2025-08-13 08:34:33.403] [MSG_SENT] Message 2703 sent to FlightLogicApp
[2025-08-13 08:34:34.295] [MSG_SENT] Message 2701 sent to HKApp
[2025-08-13 08:34:34.404] [MSG_SENT] Message 2702 sent to TelemetryApp
[2025-08-13 08:34:34.405] [MSG_SENT] Message 2703 sent to FlightLogicApp
[2025-08-13 08:34:35.297] [MSG_SENT] Message 2701 sent to HKApp
[2025-08-13 08:34:35.406] [MSG_SENT] Message 2702 sent to TelemetryApp
[2025-08-13 08:34:35.407] [MSG_SENT] Message 2703 sent to FlightLogicApp
[2025-08-13 08:34:36.298] [MSG_SENT] Message 2701 sent to HKApp
[2025-08-13 08:34:36.409] [MSG_SENT] Message 2702 sent to TelemetryApp
[2025-08-13 08:34:36.409] [MSG_SENT] Message 2703 sent to FlightLogicApp
[2025-08-13 08:34:37.299] [MSG_SENT] Message 2701 sent to HKApp
[2025-08-13 08:34:37.411] [MSG_SENT] Message 2702 sent to TelemetryApp
[2025-08-13 08:34:37.412] [MSG_SENT] Message 2703 sent to FlightLogicApp
[2025-08-13 08:34:38.301] [MSG_SENT] Message 2701 sent to HKApp
[2025-08-13 08:34:38.414] [MSG_SENT] Message 2702 sent to TelemetryApp
[2025-08-13 08:34:38.415] [MSG_SENT] Message 2703 sent to FlightLogicApp
[2025-08-13 08:34:39.302] [MSG_SENT] Message 2701 sent to HKApp
[2025-08-13 08:34:39.417] [MSG_SENT] Message 2702 sent to TelemetryApp
[2025-08-13 08:34:39.418] [MSG_SENT] Message 2703 sent to FlightLogicApp
[2025-08-13 08:34:40.304] [MSG_SENT] Message 2701 sent to HKApp
[2025-08-13 08:34:40.420] [MSG_SENT] Message 2702 sent to TelemetryApp
[2025-08-13 08:34:40.421] [MSG_SENT] Message 2703 sent to FlightLogicApp
[2025-08-13 08:34:41.305] [MSG_SENT] Message 2701 sent to HKApp
[2025-08-13 08:34:41.422] [MSG_SENT] Message 2702 sent to TelemetryApp
[2025-08-13 08:34:41.423] [MSG_SENT] Message 2703 sent to FlightLogicApp
[2025-08-13 08:34:42.306] [MSG_SENT] Message 2701 sent to HKApp
[2025-08-13 08:34:42.425] [MSG_SENT] Message 2702 sent to TelemetryApp
[2025-08-13 08:34:42.426] [MSG_SENT] Message 2703 sent to FlightLogicApp
[2025-08-13 08:34:43.307] [MSG_SENT] Message 2701 sent to HKApp
[2025-08-13 08:34:43.428] [MSG_SENT] Message 2702 sent to TelemetryApp
[2025-08-13 08:34:43.428] [MSG_SENT] Message 2703 sent to FlightLogicApp
[2025-08-13 08:34:44.309] [MSG_SENT] Message 2701 sent to HKApp
[2025-08-13 08:34:44.430] [MSG_SENT] Message 2702 sent to TelemetryApp
[2025-08-13 08:34:44.431] [MSG_SENT] Message 2703 sent to FlightLogicApp
[2025-08-13 08:34:45.311] [MSG_SENT] Message 2701 sent to HKApp
[2025-08-13 08:34:45.433] [MSG_SENT] Message 2702 sent to TelemetryApp
[2025-08-13 08:34:45.433] [MSG_SENT] Message 2703 sent to FlightLogicApp
[2025-08-13 08:34:46.312] [MSG_SENT] Message 2701 sent to HKApp
[2025-08-13 08:34:46.435] [MSG_SENT] Message 2702 sent to TelemetryApp
[2025-08-13 08:34:46.436] [MSG_SENT] Message 2703 sent to FlightLogicApp
[2025-08-13 08:34:47.314] [MSG_SENT] Message 2701 sent to HKApp
[2025-08-13 08:34:47.438] [MSG_SENT] Message 2702 sent to TelemetryApp
[2025-08-13 08:34:47.439] [MSG_SENT] Message 2703 sent to FlightLogicApp
[2025-08-13 08:34:48.315] [MSG_SENT] Message 2701 sent to HKApp
[2025-08-13 08:34:48.440] [MSG_SENT] Message 2702 sent to TelemetryApp
[2025-08-13 08:34:48.441] [MSG_SENT] Message 2703 sent to FlightLogicApp
[2025-08-13 08:34:49.316] [MSG_SENT] Message 2701 sent to HKApp
[2025-08-13 08:34:49.442] [MSG_SENT] Message 2702 sent to TelemetryApp
[2025-08-13 08:34:49.443] [MSG_SENT] Message 2703 sent to FlightLogicApp
[2025-08-13 08:34:50.318] [MSG_SENT] Message 2701 sent to HKApp
[2025-08-13 08:34:50.444] [MSG_SENT] Message 2702 sent to TelemetryApp
[2025-08-13 08:34:50.445] [MSG_SENT] Message 2703 sent to FlightLogicApp
[2025-08-13 08:34:51.319] [MSG_SENT] Message 2701 sent to HKApp
[2025-08-13 08:34:51.447] [MSG_SENT] Message 2702 sent to TelemetryApp
[2025-08-13 08:34:51.447] [MSG_SENT] Message 2703 sent to FlightLogicApp
[2025-08-13 08:34:52.321] [MSG_SENT] Message 2701 sent to HKApp
[2025-08-13 08:34:52.449] [MSG_SENT] Message 2702 sent to TelemetryApp
[2025-08-13 08:34:52.451] [MSG_SENT] Message 2703 sent to FlightLogicApp
[2025-08-13 08:34:53.322] [MSG_SENT] Message 2701 sent to HKApp
[2025-08-13 08:34:53.453] [MSG_SENT] Message 2702 sent to TelemetryApp
[2025-08-13 08:34:53.454] [MSG_SENT] Message 2703 sent to FlightLogicApp
[2025-08-13 08:34:54.324] [MSG_SENT] Message 2701 sent to HKApp
[2025-08-13 08:34:54.456] [MSG_SENT] Message 2702 sent to TelemetryApp
[2025-08-13 08:34:54.456] [MSG_SENT] Message 2703 sent to FlightLogicApp
[2025-08-13 08:34:55.325] [MSG_SENT] Message 2701 sent to HKApp
[2025-08-13 08:34:55.458] [MSG_SENT] Message 2702 sent to TelemetryApp
[2025-08-13 08:34:55.460] [MSG_SENT] Message 2703 sent to FlightLogicApp
[2025-08-13 08:34:56.326] [MSG_SENT] Message 2701 sent to HKApp
[2025-08-13 08:34:56.461] [MSG_SENT] Message 2702 sent to TelemetryApp
[2025-08-13 08:34:56.462] [MSG_SENT] Message 2703 sent to FlightLogicApp
[2025-08-13 08:34:57.327] [MSG_SENT] Message 2701 sent to HKApp
[2025-08-13 08:34:57.463] [MSG_SENT] Message 2702 sent to TelemetryApp
[2025-08-13 08:34:57.465] [MSG_SENT] Message 2703 sent to FlightLogicApp
[2025-08-13 08:34:58.328] [MSG_SENT] Message 2701 sent to HKApp
[2025-08-13 08:34:58.467] [MSG_SENT] Message 2702 sent to TelemetryApp
[2025-08-13 08:34:58.468] [MSG_SENT] Message 2703 sent to FlightLogicApp
[2025-08-13 08:34:59.330] [MSG_SENT] Message 2701 sent to HKApp
[2025-08-13 08:34:59.470] [MSG_SENT] Message 2702 sent to TelemetryApp
[2025-08-13 08:34:59.473] [MSG_SENT] Message 2703 sent to FlightLogicApp
[2025-08-13 08:35:00.332] [MSG_SENT] Message 2701 sent to HKApp
[2025-08-13 08:35:00.474] [MSG_SENT] Message 2702 sent to TelemetryApp
[2025-08-13 08:35:00.475] [MSG_SENT] Message 2703 sent to FlightLogicApp
[2025-08-13 08:35:01.333] [MSG_SENT] Message 2701 sent to HKApp
[2025-08-13 08:35:01.478] [MSG_SENT] Message 2702 sent to TelemetryApp
[2025-08-13 08:35:01.479] [MSG_SENT] Message 2703 sent to FlightLogicApp
[2025-08-13 08:35:02.334] [MSG_SENT] Message 2701 sent to HKApp
[2025-08-13 08:35:02.480] [MSG_SENT] Message 2702 sent to TelemetryApp
[2025-08-13 08:35:02.481] [MSG_SENT] Message 2703 sent to FlightLogicApp
[2025-08-13 08:35:03.336] [MSG_SENT] Message 2701 sent to HKApp
[2025-08-13 08:35:03.483] [MSG_SENT] Message 2702 sent to TelemetryApp
[2025-08-13 08:35:03.484] [MSG_SENT] Message 2703 sent to FlightLogicApp
[2025-08-13 08:35:04.337] [MSG_SENT] Message 2701 sent to HKApp
[2025-08-13 08:35:04.486] [MSG_SENT] Message 2702 sent to TelemetryApp
[2025-08-13 08:35:04.487] [MSG_SENT] Message 2703 sent to FlightLogicApp
[2025-08-13 08:35:05.338] [MSG_SENT] Message 2701 sent to HKApp
[2025-08-13 08:35:05.488] [MSG_SENT] Message 2702 sent to TelemetryApp
[2025-08-13 08:35:05.489] [MSG_SENT] Message 2703 sent to FlightLogicApp
[2025-08-13 08:35:06.340] [MSG_SENT] Message 2701 sent to HKApp
[2025-08-13 08:35:06.490] [MSG_SENT] Message 2702 sent to TelemetryApp
[2025-08-13 08:35:06.491] [MSG_SENT] Message 2703 sent to FlightLogicApp
[2025-08-13 08:35:07.342] [MSG_SENT] Message 2701 sent to HKApp
[2025-08-13 08:35:07.493] [MSG_SENT] Message 2702 sent to TelemetryApp
[2025-08-13 08:35:07.495] [MSG_SENT] Message 2703 sent to FlightLogicApp
[2025-08-13 08:35:08.345] [MSG_SENT] Message 2701 sent to HKApp
[2025-08-13 08:35:08.496] [MSG_SENT] Message 2702 sent to TelemetryApp
[2025-08-13 08:35:08.497] [MSG_SENT] Message 2703 sent to FlightLogicApp
[2025-08-13 08:35:09.346] [MSG_SENT] Message 2701 sent to HKApp
[2025-08-13 08:35:09.499] [MSG_SENT] Message 2702 sent to TelemetryApp
[2025-08-13 08:35:09.500] [MSG_SENT] Message 2703 sent to FlightLogicApp
[2025-08-13 08:35:10.348] [MSG_SENT] Message 2701 sent to HKApp
[2025-08-13 08:35:10.501] [MSG_SENT] Message 2702 sent to TelemetryApp
[2025-08-13 08:35:10.502] [MSG_SENT] Message 2703 sent to FlightLogicApp
[2025-08-13 08:35:11.349] [MSG_SENT] Message 2701 sent to HKApp
[2025-08-13 08:35:11.504] [MSG_SENT] Message 2702 sent to TelemetryApp
[2025-08-13 08:35:11.505] [MSG_SENT] Message 2703 sent to FlightLogicApp
[2025-08-13 08:35:12.351] [MSG_SENT] Message 2701 sent to HKApp
[2025-08-13 08:35:12.506] [MSG_SENT] Message 2702 sent to TelemetryApp
[2025-08-13 08:35:12.507] [MSG_SENT] Message 2703 sent to FlightLogicApp
[2025-08-13 08:35:13.352] [MSG_SENT] Message 2701 sent to HKApp
[2025-08-13 08:35:13.508] [MSG_SENT] Message 2702 sent to TelemetryApp
[2025-08-13 08:35:13.510] [MSG_SENT] Message 2703 sent to FlightLogicApp
[2025-08-13 08:35:14.354] [MSG_SENT] Message 2701 sent to HKApp
[2025-08-13 08:35:14.511] [MSG_SENT] Message 2702 sent to TelemetryApp
[2025-08-13 08:35:14.513] [MSG_SENT] Message 2703 sent to FlightLogicApp
[2025-08-13 08:35:15.355] [MSG_SENT] Message 2701 sent to HKApp
[2025-08-13 08:35:15.515] [MSG_SENT] Message 2702 sent to TelemetryApp
[2025-08-13 08:35:15.518] [MSG_SENT] Message 2703 sent to FlightLogicApp
[2025-08-13 08:35:16.357] [MSG_SENT] Message 2701 sent to HKApp
[2025-08-13 08:35:16.519] [MSG_SENT] Message 2702 sent to TelemetryApp
[2025-08-13 08:35:16.520] [MSG_SENT] Message 2703 sent to FlightLogicApp
[2025-08-13 08:35:17.358] [MSG_SENT] Message 2701 sent to HKApp
[2025-08-13 08:35:17.522] [MSG_SENT] Message 2702 sent to TelemetryApp
[2025-08-13 08:35:17.523] [MSG_SENT] Message 2703 sent to FlightLogicApp
[2025-08-13 08:35:18.360] [MSG_SENT] Message 2701 sent to HKApp
[2025-08-13 08:35:18.524] [MSG_SENT] Message 2702 sent to TelemetryApp
[2025-08-13 08:35:18.525] [MSG_SENT] Message 2703 sent to FlightLogicApp
[2025-08-13 08:35:19.362] [MSG_SENT] Message 2701 sent to HKApp
[2025-08-13 08:35:19.527] [MSG_SENT] Message 2702 sent to TelemetryApp
[2025-08-13 08:35:19.528] [MSG_SENT] Message 2703 sent to FlightLogicApp
[2025-08-13 08:35:20.363] [MSG_SENT] Message 2701 sent to HKApp
[2025-08-13 08:35:20.529] [MSG_SENT] Message 2702 sent to TelemetryApp
[2025-08-13 08:35:20.531] [MSG_SENT] Message 2703 sent to FlightLogicApp
[2025-08-13 08:35:21.364] [MSG_SENT] Message 2701 sent to HKApp
[2025-08-13 08:35:21.532] [MSG_SENT] Message 2702 sent to TelemetryApp
[2025-08-13 08:35:21.534] [MSG_SENT] Message 2703 sent to FlightLogicApp
[2025-08-13 08:35:22.366] [MSG_SENT] Message 2701 sent to HKApp
[2025-08-13 08:35:22.535] [MSG_SENT] Message 2702 sent to TelemetryApp
[2025-08-13 08:35:22.536] [MSG_SENT] Message 2703 sent to FlightLogicApp
[2025-08-13 08:35:23.367] [MSG_SENT] Message 2701 sent to HKApp
[2025-08-13 08:35:23.537] [MSG_SENT] Message 2702 sent to TelemetryApp
[2025-08-13 08:35:23.538] [MSG_SENT] Message 2703 sent to FlightLogicApp
[2025-08-13 08:35:24.369] [MSG_SENT] Message 2701 sent to HKApp
[2025-08-13 08:35:24.539] [MSG_SENT] Message 2702 sent to TelemetryApp
[2025-08-13 08:35:24.540] [MSG_SENT] Message 2703 sent to FlightLogicApp
[2025-08-13 08:35:25.370] [MSG_SENT] Message 2701 sent to HKApp
[2025-08-13 08:35:25.542] [MSG_SENT] Message 2702 sent to TelemetryApp
[2025-08-13 08:35:25.543] [MSG_SENT] Message 2703 sent to FlightLogicApp
[2025-08-13 08:35:26.372] [MSG_SENT] Message 2701 sent to HKApp
[2025-08-13 08:35:26.545] [MSG_SENT] Message 2702 sent to TelemetryApp
[2025-08-13 08:35:26.546] [MSG_SENT] Message 2703 sent to FlightLogicApp
[2025-08-13 08:35:27.373] [MSG_SENT] Message 2701 sent to HKApp
[2025-08-13 08:35:27.547] [MSG_SENT] Message 2702 sent to TelemetryApp
[2025-08-13 08:35:27.549] [MSG_SENT] Message 2703 sent to FlightLogicApp
[2025-08-13 08:35:28.374] [MSG_SENT] Message 2701 sent to HKApp
[2025-08-13 08:35:28.551] [MSG_SENT] Message 2702 sent to TelemetryApp
[2025-08-13 08:35:28.552] [MSG_SENT] Message 2703 sent to FlightLogicApp
[2025-08-13 08:35:29.376] [MSG_SENT] Message 2701 sent to HKApp
[2025-08-13 08:35:29.554] [MSG_SENT] Message 2702 sent to TelemetryApp
[2025-08-13 08:35:29.555] [MSG_SENT] Message 2703 sent to FlightLogicApp
[2025-08-13 08:35:30.377] [MSG_SENT] Message 2701 sent to HKApp
[2025-08-13 08:35:30.556] [MSG_SENT] Message 2702 sent to TelemetryApp
[2025-08-13 08:35:30.558] [MSG_SENT] Message 2703 sent to FlightLogicApp
[2025-08-13 08:35:31.380] [MSG_SENT] Message 2701 sent to HKApp
[2025-08-13 08:35:31.560] [MSG_SENT] Message 2702 sent to TelemetryApp
[2025-08-13 08:35:31.561] [MSG_SENT] Message 2703 sent to FlightLogicApp
[2025-08-13 08:35:32.381] [MSG_SENT] Message 2701 sent to HKApp
[2025-08-13 08:35:32.563] [MSG_SENT] Message 2702 sent to TelemetryApp
[2025-08-13 08:35:32.564] [MSG_SENT] Message 2703 sent to FlightLogicApp
[2025-08-13 08:35:33.382] [MSG_SENT] Message 2701 sent to HKApp
[2025-08-13 08:35:33.565] [MSG_SENT] Message 2702 sent to TelemetryApp
[2025-08-13 08:35:33.566] [MSG_SENT] Message 2703 sent to FlightLogicApp
[2025-08-13 08:35:34.384] [MSG_SENT] Message 2701 sent to HKApp
[2025-08-13 08:35:34.568] [MSG_SENT] Message 2702 sent to TelemetryApp
[2025-08-13 08:35:34.570] [MSG_SENT] Message 2703 sent to FlightLogicApp
[2025-08-13 08:35:35.385] [MSG_SENT] Message 2701 sent to HKApp
[2025-08-13 08:35:35.571] [MSG_SENT] Message 2702 sent to TelemetryApp
[2025-08-13 08:35:35.571] [MSG_SENT] Message 2703 sent to FlightLogicApp
[2025-08-13 08:35:36.386] [MSG_SENT] Message 2701 sent to HKApp
[2025-08-13 08:35:36.573] [MSG_SENT] Message 2702 sent to TelemetryApp
[2025-08-13 08:35:36.573] [MSG_SENT] Message 2703 sent to FlightLogicApp
[2025-08-13 08:35:37.387] [MSG_SENT] Message 2701 sent to HKApp
[2025-08-13 08:35:37.574] [MSG_SENT] Message 2702 sent to TelemetryApp
[2025-08-13 08:35:37.576] [MSG_SENT] Message 2703 sent to FlightLogicApp
[2025-08-13 08:35:38.389] [MSG_SENT] Message 2701 sent to HKApp
[2025-08-13 08:35:38.577] [MSG_SENT] Message 2702 sent to TelemetryApp
[2025-08-13 08:35:38.578] [MSG_SENT] Message 2703 sent to FlightLogicApp
[2025-08-13 08:35:39.390] [MSG_SENT] Message 2701 sent to HKApp
[2025-08-13 08:35:39.579] [MSG_SENT] Message 2702 sent to TelemetryApp
[2025-08-13 08:35:39.580] [MSG_SENT] Message 2703 sent to FlightLogicApp
[2025-08-13 08:35:40.391] [MSG_SENT] Message 2701 sent to HKApp
[2025-08-13 08:35:40.583] [MSG_SENT] Message 2702 sent to TelemetryApp
[2025-08-13 08:35:40.585] [MSG_SENT] Message 2703 sent to FlightLogicApp
[2025-08-13 08:35:41.393] [MSG_SENT] Message 2701 sent to HKApp
[2025-08-13 08:35:41.587] [MSG_SENT] Message 2702 sent to TelemetryApp
[2025-08-13 08:35:41.588] [MSG_SENT] Message 2703 sent to FlightLogicApp
[2025-08-13 08:35:42.395] [MSG_SENT] Message 2701 sent to HKApp
[2025-08-13 08:35:42.589] [MSG_SENT] Message 2702 sent to TelemetryApp
[2025-08-13 08:35:42.591] [MSG_SENT] Message 2703 sent to FlightLogicApp
[2025-08-13 08:35:43.396] [MSG_SENT] Message 2701 sent to HKApp
[2025-08-13 08:35:43.592] [MSG_SENT] Message 2702 sent to TelemetryApp
[2025-08-13 08:35:43.593] [MSG_SENT] Message 2703 sent to FlightLogicApp
[2025-08-13 08:35:44.405] [MSG_SENT] Message 2701 sent to HKApp
[2025-08-13 08:35:44.595] [MSG_SENT] Message 2702 sent to TelemetryApp
[2025-08-13 08:35:44.596] [MSG_SENT] Message 2703 sent to FlightLogicApp
[2025-08-13 08:35:45.406] [MSG_SENT] Message 2701 sent to HKApp
[2025-08-13 08:35:45.597] [MSG_SENT] Message 2702 sent to TelemetryApp
[2025-08-13 08:35:45.598] [MSG_SENT] Message 2703 sent to FlightLogicApp
[2025-08-13 08:35:46.408] [MSG_SENT] Message 2701 sent to HKApp
[2025-08-13 08:35:46.599] [MSG_SENT] Message 2702 sent to TelemetryApp
[2025-08-13 08:35:46.600] [MSG_SENT] Message 2703 sent to FlightLogicApp
[2025-08-13 08:35:47.409] [MSG_SENT] Message 2701 sent to HKApp
[2025-08-13 08:35:47.602] [MSG_SENT] Message 2702 sent to TelemetryApp
[2025-08-13 08:35:47.603] [MSG_SENT] Message 2703 sent to FlightLogicApp
[2025-08-13 08:35:48.411] [MSG_SENT] Message 2701 sent to HKApp
[2025-08-13 08:35:48.604] [MSG_SENT] Message 2702 sent to TelemetryApp
[2025-08-13 08:35:48.605] [MSG_SENT] Message 2703 sent to FlightLogicApp
[2025-08-13 08:35:49.412] [MSG_SENT] Message 2701 sent to HKApp
[2025-08-13 08:35:49.606] [MSG_SENT] Message 2702 sent to TelemetryApp
[2025-08-13 08:35:49.607] [MSG_SENT] Message 2703 sent to FlightLogicApp
[2025-08-13 08:35:50.413] [MSG_SENT] Message 2701 sent to HKApp
[2025-08-13 08:35:50.608] [MSG_SENT] Message 2702 sent to TelemetryApp
[2025-08-13 08:35:50.609] [MSG_SENT] Message 2703 sent to FlightLogicApp
[2025-08-13 08:35:51.414] [MSG_SENT] Message 2701 sent to HKApp
[2025-08-13 08:35:51.611] [MSG_SENT] Message 2702 sent to TelemetryApp
[2025-08-13 08:35:51.612] [MSG_SENT] Message 2703 sent to FlightLogicApp
[2025-08-13 08:35:52.415] [MSG_SENT] Message 2701 sent to HKApp
[2025-08-13 08:35:52.613] [MSG_SENT] Message 2702 sent to TelemetryApp
[2025-08-13 08:35:52.614] [MSG_SENT] Message 2703 sent to FlightLogicApp
[2025-08-13 08:35:53.416] [MSG_SENT] Message 2701 sent to HKApp
[2025-08-13 08:35:53.615] [MSG_SENT] Message 2702 sent to TelemetryApp
[2025-08-13 08:35:53.616] [MSG_SENT] Message 2703 sent to FlightLogicApp
[2025-08-13 08:35:54.418] [MSG_SENT] Message 2701 sent to HKApp
[2025-08-13 08:35:54.617] [MSG_SENT] Message 2702 sent to TelemetryApp
[2025-08-13 08:35:54.618] [MSG_SENT] Message 2703 sent to FlightLogicApp
[2025-08-13 08:35:55.419] [MSG_SENT] Message 2701 sent to HKApp
[2025-08-13 08:35:55.619] [MSG_SENT] Message 2702 sent to TelemetryApp
[2025-08-13 08:35:55.619] [MSG_SENT] Message 2703 sent to FlightLogicApp
[2025-08-13 08:35:56.421] [MSG_SENT] Message 2701 sent to HKApp
[2025-08-13 08:35:56.622] [MSG_SENT] Message 2702 sent to TelemetryApp
[2025-08-13 08:35:56.623] [MSG_SENT] Message 2703 sent to FlightLogicApp
[2025-08-13 08:35:57.422] [MSG_SENT] Message 2701 sent to HKApp
[2025-08-13 08:35:57.625] [MSG_SENT] Message 2702 sent to TelemetryApp
[2025-08-13 08:35:57.626] [MSG_SENT] Message 2703 sent to FlightLogicApp
[2025-08-13 08:35:58.423] [MSG_SENT] Message 2701 sent to HKApp
[2025-08-13 08:35:58.627] [MSG_SENT] Message 2702 sent to TelemetryApp
[2025-08-13 08:35:58.629] [MSG_SENT] Message 2703 sent to FlightLogicApp
[2025-08-13 08:35:59.424] [MSG_SENT] Message 2701 sent to HKApp
[2025-08-13 08:35:59.630] [MSG_SENT] Message 2702 sent to TelemetryApp
[2025-08-13 08:35:59.631] [MSG_SENT] Message 2703 sent to FlightLogicApp
[2025-08-13 08:36:00.425] [MSG_SENT] Message 2701 sent to HKApp
[2025-08-13 08:36:00.632] [MSG_SENT] Message 2702 sent to TelemetryApp
[2025-08-13 08:36:00.633] [MSG_SENT] Message 2703 sent to FlightLogicApp
[2025-08-13 08:36:01.427] [MSG_SENT] Message 2701 sent to HKApp
[2025-08-13 08:36:01.634] [MSG_SENT] Message 2702 sent to TelemetryApp
[2025-08-13 08:36:01.636] [MSG_SENT] Message 2703 sent to FlightLogicApp
[2025-08-13 08:36:02.428] [MSG_SENT] Message 2701 sent to HKApp
[2025-08-13 08:36:02.637] [MSG_SENT] Message 2702 sent to TelemetryApp
[2025-08-13 08:36:02.638] [MSG_SENT] Message 2703 sent to FlightLogicApp
[2025-08-13 08:36:03.430] [MSG_SENT] Message 2701 sent to HKApp
[2025-08-13 08:36:03.639] [MSG_SENT] Message 2702 sent to TelemetryApp
[2025-08-13 08:36:03.640] [MSG_SENT] Message 2703 sent to FlightLogicApp
[2025-08-13 08:36:04.432] [MSG_SENT] Message 2701 sent to HKApp
[2025-08-13 08:36:04.642] [MSG_SENT] Message 2702 sent to TelemetryApp
[2025-08-13 08:36:04.643] [MSG_SENT] Message 2703 sent to FlightLogicApp
[2025-08-13 08:36:05.433] [MSG_SENT] Message 2701 sent to HKApp
[2025-08-13 08:36:05.645] [MSG_SENT] Message 2702 sent to TelemetryApp
[2025-08-13 08:36:05.646] [MSG_SENT] Message 2703 sent to FlightLogicApp
[2025-08-13 08:36:06.434] [MSG_SENT] Message 2701 sent to HKApp
[2025-08-13 08:36:06.647] [MSG_SENT] Message 2702 sent to TelemetryApp
[2025-08-13 08:36:06.648] [MSG_SENT] Message 2703 sent to FlightLogicApp
[2025-08-13 08:36:07.435] [MSG_SENT] Message 2701 sent to HKApp
[2025-08-13 08:36:07.650] [MSG_SENT] Message 2702 sent to TelemetryApp
[2025-08-13 08:36:07.651] [MSG_SENT] Message 2703 sent to FlightLogicApp
[2025-08-13 08:36:08.437] [MSG_SENT] Message 2701 sent to HKApp
[2025-08-13 08:36:08.653] [MSG_SENT] Message 2702 sent to TelemetryApp
[2025-08-13 08:36:11.411] [MSG_SENT] Message 2703 sent to FlightLogicApp
[2025-08-13 08:36:09.438] [MSG_SENT] Message 2701 sent to HKApp
[2025-08-13 08:36:12.412] [MSG_SENT] Message 2702 sent to TelemetryApp
[2025-08-13 08:36:12.414] [MSG_SENT] Message 2703 sent to FlightLogicApp
[2025-08-13 08:36:12.416] [MSG_SENT] Message 2701 sent to HKApp
[2025-08-13 08:36:13.417] [MSG_SENT] Message 2701 sent to HKApp
[2025-08-13 08:36:13.418] [MSG_SENT] Message 2702 sent to TelemetryApp
[2025-08-13 08:36:13.419] [MSG_SENT] Message 2703 sent to FlightLogicApp
[2025-08-13 08:36:14.420] [MSG_SENT] Message 2701 sent to HKApp
[2025-08-13 08:36:14.422] [MSG_SENT] Message 2702 sent to TelemetryApp
[2025-08-13 08:36:16.827] [MSG_SENT] Message 2703 sent to FlightLogicApp
[2025-08-13 08:36:17.826] [MSG_SENT] Message 2701 sent to HKApp
[2025-08-13 08:36:17.828] [MSG_SENT] Message 2702 sent to TelemetryApp
[2025-08-13 08:36:17.831] [MSG_SENT] Message 2703 sent to FlightLogicApp
[2025-08-13 08:36:18.830] [MSG_SENT] Message 2701 sent to HKApp
[2025-08-13 08:36:18.833] [MSG_SENT] Message 2702 sent to TelemetryApp
[2025-08-13 08:36:18.835] [MSG_SENT] Message 2703 sent to FlightLogicApp
[2025-08-13 08:36:19.832] [MSG_SENT] Message 2701 sent to HKApp
[2025-08-13 08:36:19.836] [MSG_SENT] Message 2702 sent to TelemetryApp
[2025-08-13 08:36:20.306] [MSG_SENT] Message 2703 sent to FlightLogicApp
[2025-08-13 08:36:21.306] [MSG_SENT] Message 2701 sent to HKApp
[2025-08-13 08:36:21.308] [MSG_SENT] Message 2702 sent to TelemetryApp
[2025-08-13 08:36:21.311] [MSG_SENT] Message 2703 sent to FlightLogicApp
[2025-08-13 08:36:22.309] [MSG_SENT] Message 2701 sent to HKApp
[2025-08-13 08:36:22.313] [MSG_SENT] Message 2702 sent to TelemetryApp
[2025-08-13 08:36:22.314] [MSG_SENT] Message 2703 sent to FlightLogicApp
[2025-08-13 08:36:23.311] [MSG_SENT] Message 2701 sent to HKApp
[2025-08-13 08:36:23.317] [MSG_SENT] Message 2702 sent to TelemetryApp
[2025-08-13 08:36:23.318] [MSG_SENT] Message 2703 sent to FlightLogicApp
[2025-08-13 08:36:24.312] [MSG_SENT] Message 2701 sent to HKApp
[2025-08-13 08:36:24.319] [MSG_SENT] Message 2702 sent to TelemetryApp
[2025-08-13 08:36:24.320] [MSG_SENT] Message 2703 sent to FlightLogicApp
[2025-08-13 08:36:25.313] [MSG_SENT] Message 2701 sent to HKApp
[2025-08-13 08:36:25.323] [MSG_SENT] Message 2702 sent to TelemetryApp
[2025-08-13 08:36:25.325] [MSG_SENT] Message 2703 sent to FlightLogicApp
[2025-08-13 08:36:26.314] [MSG_SENT] Message 2701 sent to HKApp
[2025-08-13 08:36:26.327] [MSG_SENT] Message 2702 sent to TelemetryApp
[2025-08-13 08:36:26.328] [MSG_SENT] Message 2703 sent to FlightLogicApp
[2025-08-13 08:36:27.316] [MSG_SENT] Message 2701 sent to HKApp
[2025-08-13 08:36:27.330] [MSG_SENT] Message 2702 sent to TelemetryApp
[2025-08-13 08:36:27.330] [MSG_SENT] Message 2703 sent to FlightLogicApp
[2025-08-13 08:36:28.317] [MSG_SENT] Message 2701 sent to HKApp
[2025-08-13 08:36:28.332] [MSG_SENT] Message 2702 sent to TelemetryApp
[2025-08-13 08:36:28.333] [MSG_SENT] Message 2703 sent to FlightLogicApp
[2025-08-13 08:36:29.318] [MSG_SENT] Message 2701 sent to HKApp
[2025-08-13 08:36:29.335] [MSG_SENT] Message 2702 sent to TelemetryApp
[2025-08-13 08:36:29.336] [MSG_SENT] Message 2703 sent to FlightLogicApp
[2025-08-13 08:36:30.320] [MSG_SENT] Message 2701 sent to HKApp
[2025-08-13 08:36:30.338] [MSG_SENT] Message 2702 sent to TelemetryApp
[2025-08-13 08:36:30.339] [MSG_SENT] Message 2703 sent to FlightLogicApp
[2025-08-13 08:36:31.321] [MSG_SENT] Message 2701 sent to HKApp
[2025-08-13 08:36:31.340] [MSG_SENT] Message 2702 sent to TelemetryApp
[2025-08-13 08:36:31.342] [MSG_SENT] Message 2703 sent to FlightLogicApp
[2025-08-13 08:36:32.323] [MSG_SENT] Message 2701 sent to HKApp
[2025-08-13 08:36:32.343] [MSG_SENT] Message 2702 sent to TelemetryApp
[2025-08-13 08:36:32.343] [MSG_SENT] Message 2703 sent to FlightLogicApp
[2025-08-13 08:36:33.324] [MSG_SENT] Message 2701 sent to HKApp
[2025-08-13 08:36:33.344] [MSG_SENT] Message 2702 sent to TelemetryApp
[2025-08-13 08:36:33.345] [MSG_SENT] Message 2703 sent to FlightLogicApp
[2025-08-13 08:36:34.325] [MSG_SENT] Message 2701 sent to HKApp
[2025-08-13 08:36:34.346] [MSG_SENT] Message 2702 sent to TelemetryApp
[2025-08-13 08:36:34.347] [MSG_SENT] Message 2703 sent to FlightLogicApp
[2025-08-13 08:36:35.327] [MSG_SENT] Message 2701 sent to HKApp
[2025-08-13 08:36:35.348] [MSG_SENT] Message 2702 sent to TelemetryApp
[2025-08-13 08:36:35.350] [MSG_SENT] Message 2703 sent to FlightLogicApp
[2025-08-13 08:36:36.329] [MSG_SENT] Message 2701 sent to HKApp
[2025-08-13 08:36:36.351] [MSG_SENT] Message 2702 sent to TelemetryApp
[2025-08-13 08:36:36.352] [MSG_SENT] Message 2703 sent to FlightLogicApp
[2025-08-13 08:36:37.330] [MSG_SENT] Message 2701 sent to HKApp
[2025-08-13 08:36:37.354] [MSG_SENT] Message 2702 sent to TelemetryApp
[2025-08-13 08:36:37.354] [MSG_SENT] Message 2703 sent to FlightLogicApp
[2025-08-13 08:36:38.332] [MSG_SENT] Message 2701 sent to HKApp
[2025-08-13 08:36:38.356] [MSG_SENT] Message 2702 sent to TelemetryApp
[2025-08-13 08:36:38.358] [MSG_SENT] Message 2703 sent to FlightLogicApp
[2025-08-13 08:36:39.333] [MSG_SENT] Message 2701 sent to HKApp
[2025-08-13 08:36:39.360] [MSG_SENT] Message 2702 sent to TelemetryApp
[2025-08-13 08:36:39.361] [MSG_SENT] Message 2703 sent to FlightLogicApp
[2025-08-13 08:36:40.335] [MSG_SENT] Message 2701 sent to HKApp
[2025-08-13 08:36:40.363] [MSG_SENT] Message 2702 sent to TelemetryApp
[2025-08-13 08:36:40.364] [MSG_SENT] Message 2703 sent to FlightLogicApp
[2025-08-13 08:36:41.336] [MSG_SENT] Message 2701 sent to HKApp
[2025-08-13 08:36:41.365] [MSG_SENT] Message 2702 sent to TelemetryApp
[2025-08-13 08:36:41.367] [MSG_SENT] Message 2703 sent to FlightLogicApp
[2025-08-13 08:36:42.339] [MSG_SENT] Message 2701 sent to HKApp
[2025-08-13 08:36:42.368] [MSG_SENT] Message 2702 sent to TelemetryApp
[2025-08-13 08:36:42.369] [MSG_SENT] Message 2703 sent to FlightLogicApp
[2025-08-13 08:36:43.340] [MSG_SENT] Message 2701 sent to HKApp
[2025-08-13 08:36:43.371] [MSG_SENT] Message 2702 sent to TelemetryApp
[2025-08-13 08:36:43.372] [MSG_SENT] Message 2703 sent to FlightLogicApp
[2025-08-13 08:36:44.341] [MSG_SENT] Message 2701 sent to HKApp
[2025-08-13 08:36:44.375] [MSG_SENT] Message 2702 sent to TelemetryApp
[2025-08-13 08:36:44.375] [MSG_SENT] Message 2703 sent to FlightLogicApp
[2025-08-13 08:36:45.342] [MSG_SENT] Message 2701 sent to HKApp
[2025-08-13 08:36:45.376] [MSG_SENT] Message 2702 sent to TelemetryApp
[2025-08-13 08:36:45.378] [MSG_SENT] Message 2703 sent to FlightLogicApp
[2025-08-13 08:36:46.345] [MSG_SENT] Message 2701 sent to HKApp
[2025-08-13 08:36:46.379] [MSG_SENT] Message 2702 sent to TelemetryApp
[2025-08-13 08:36:46.380] [MSG_SENT] Message 2703 sent to FlightLogicApp
[2025-08-13 08:36:47.346] [MSG_SENT] Message 2701 sent to HKApp
[2025-08-13 08:36:47.382] [MSG_SENT] Message 2702 sent to TelemetryApp
[2025-08-13 08:36:47.383] [MSG_SENT] Message 2703 sent to FlightLogicApp
[2025-08-13 08:36:48.348] [MSG_SENT] Message 2701 sent to HKApp
[2025-08-13 08:36:48.385] [MSG_SENT] Message 2702 sent to TelemetryApp
[2025-08-13 08:36:48.385] [MSG_SENT] Message 2703 sent to FlightLogicApp
[2025-08-13 08:36:49.349] [MSG_SENT] Message 2701 sent to HKApp
[2025-08-13 08:36:49.387] [MSG_SENT] Message 2702 sent to TelemetryApp
[2025-08-13 08:36:49.396] [MSG_SENT] Message 2703 sent to FlightLogicApp
[2025-08-13 08:36:50.350] [MSG_SENT] Message 2701 sent to HKApp
[2025-08-13 08:36:50.399] [MSG_SENT] Message 2702 sent to TelemetryApp
[2025-08-13 08:36:50.399] [MSG_SENT] Message 2703 sent to FlightLogicApp
[2025-08-13 08:36:51.351] [MSG_SENT] Message 2701 sent to HKApp
[2025-08-13 08:36:51.401] [MSG_SENT] Message 2702 sent to TelemetryApp
[2025-08-13 08:36:51.402] [MSG_SENT] Message 2703 sent to FlightLogicApp
[2025-08-13 08:36:52.353] [MSG_SENT] Message 2701 sent to HKApp
[2025-08-13 08:36:52.403] [MSG_SENT] Message 2702 sent to TelemetryApp
[2025-08-13 08:36:52.404] [MSG_SENT] Message 2703 sent to FlightLogicApp
[2025-08-13 08:36:53.354] [MSG_SENT] Message 2701 sent to HKApp
[2025-08-13 08:36:53.406] [MSG_SENT] Message 2702 sent to TelemetryApp
[2025-08-13 08:36:53.407] [MSG_SENT] Message 2703 sent to FlightLogicApp
[2025-08-13 08:36:54.355] [MSG_SENT] Message 2701 sent to HKApp
[2025-08-13 08:36:54.408] [MSG_SENT] Message 2702 sent to TelemetryApp
[2025-08-13 08:36:54.463] [MSG_SENT] Message 2703 sent to FlightLogicApp
[2025-08-13 08:36:55.357] [MSG_SENT] Message 2701 sent to HKApp
[2025-08-13 08:36:55.464] [MSG_SENT] Message 2702 sent to TelemetryApp
[2025-08-13 08:36:55.465] [MSG_SENT] Message 2703 sent to FlightLogicApp
[2025-08-13 08:36:56.358] [MSG_SENT] Message 2701 sent to HKApp
[2025-08-13 08:36:56.466] [MSG_SENT] Message 2702 sent to TelemetryApp
[2025-08-13 08:36:56.466] [MSG_SENT] Message 2703 sent to FlightLogicApp
[2025-08-13 08:36:57.359] [MSG_SENT] Message 2701 sent to HKApp
[2025-08-13 08:36:57.468] [MSG_SENT] Message 2702 sent to TelemetryApp
[2025-08-13 08:36:57.469] [MSG_SENT] Message 2703 sent to FlightLogicApp
[2025-08-13 08:36:58.361] [MSG_SENT] Message 2701 sent to HKApp
[2025-08-13 08:36:58.470] [MSG_SENT] Message 2702 sent to TelemetryApp
[2025-08-13 08:36:58.472] [MSG_SENT] Message 2703 sent to FlightLogicApp
[2025-08-13 08:36:59.362] [MSG_SENT] Message 2701 sent to HKApp
[2025-08-13 08:36:59.474] [MSG_SENT] Message 2702 sent to TelemetryApp
[2025-08-13 08:36:59.475] [MSG_SENT] Message 2703 sent to FlightLogicApp
[2025-08-13 08:37:00.363] [MSG_SENT] Message 2701 sent to HKApp
[2025-08-13 08:37:00.477] [MSG_SENT] Message 2702 sent to TelemetryApp
[2025-08-13 08:37:00.478] [MSG_SENT] Message 2703 sent to FlightLogicApp
[2025-08-13 08:37:01.364] [MSG_SENT] Message 2701 sent to HKApp
[2025-08-13 08:37:01.479] [MSG_SENT] Message 2702 sent to TelemetryApp
[2025-08-13 08:37:01.480] [MSG_SENT] Message 2703 sent to FlightLogicApp
[2025-08-13 08:37:02.366] [MSG_SENT] Message 2701 sent to HKApp
[2025-08-13 08:37:02.482] [MSG_SENT] Message 2702 sent to TelemetryApp
[2025-08-13 08:37:02.483] [MSG_SENT] Message 2703 sent to FlightLogicApp
[2025-08-13 08:37:03.367] [MSG_SENT] Message 2701 sent to HKApp
[2025-08-13 08:37:03.484] [MSG_SENT] Message 2702 sent to TelemetryApp
[2025-08-13 08:37:03.485] [MSG_SENT] Message 2703 sent to FlightLogicApp
[2025-08-13 08:37:04.369] [MSG_SENT] Message 2701 sent to HKApp
[2025-08-13 08:37:04.486] [MSG_SENT] Message 2702 sent to TelemetryApp
[2025-08-13 08:37:04.487] [MSG_SENT] Message 2703 sent to FlightLogicApp
[2025-08-13 08:37:05.371] [MSG_SENT] Message 2701 sent to HKApp
[2025-08-13 08:37:05.489] [MSG_SENT] Message 2702 sent to TelemetryApp
[2025-08-13 08:37:05.491] [MSG_SENT] Message 2703 sent to FlightLogicApp
[2025-08-13 08:37:06.372] [MSG_SENT] Message 2701 sent to HKApp
[2025-08-13 08:37:06.493] [MSG_SENT] Message 2702 sent to TelemetryApp
[2025-08-13 08:37:06.493] [MSG_SENT] Message 2703 sent to FlightLogicApp
[2025-08-13 08:37:07.374] [MSG_SENT] Message 2701 sent to HKApp
[2025-08-13 08:37:07.495] [MSG_SENT] Message 2702 sent to TelemetryApp
[2025-08-13 08:37:07.496] [MSG_SENT] Message 2703 sent to FlightLogicApp
[2025-08-13 08:37:08.375] [MSG_SENT] Message 2701 sent to HKApp
[2025-08-13 08:37:08.498] [MSG_SENT] Message 2702 sent to TelemetryApp
[2025-08-13 08:37:08.499] [MSG_SENT] Message 2703 sent to FlightLogicApp
[2025-08-13 08:37:09.378] [MSG_SENT] Message 2701 sent to HKApp
[2025-08-13 08:37:09.501] [MSG_SENT] Message 2702 sent to TelemetryApp
[2025-08-13 08:37:09.502] [MSG_SENT] Message 2703 sent to FlightLogicApp
[2025-08-13 08:37:10.379] [MSG_SENT] Message 2701 sent to HKApp
[2025-08-13 08:37:10.504] [MSG_SENT] Message 2702 sent to TelemetryApp
[2025-08-13 08:37:10.504] [MSG_SENT] Message 2703 sent to FlightLogicApp
[2025-08-13 08:37:11.381] [MSG_SENT] Message 2701 sent to HKApp
[2025-08-13 08:37:11.506] [MSG_SENT] Message 2702 sent to TelemetryApp
[2025-08-13 08:37:11.507] [MSG_SENT] Message 2703 sent to FlightLogicApp
[2025-08-13 08:37:12.382] [MSG_SENT] Message 2701 sent to HKApp
[2025-08-13 08:37:12.508] [MSG_SENT] Message 2702 sent to TelemetryApp
[2025-08-13 08:37:12.509] [MSG_SENT] Message 2703 sent to FlightLogicApp
[2025-08-13 08:37:13.383] [MSG_SENT] Message 2701 sent to HKApp
[2025-08-13 08:37:13.511] [MSG_SENT] Message 2702 sent to TelemetryApp
[2025-08-13 08:37:13.512] [MSG_SENT] Message 2703 sent to FlightLogicApp
[2025-08-13 08:37:14.384] [MSG_SENT] Message 2701 sent to HKApp
[2025-08-13 08:37:14.514] [MSG_SENT] Message 2702 sent to TelemetryApp
[2025-08-13 08:37:14.515] [MSG_SENT] Message 2703 sent to FlightLogicApp
[2025-08-13 08:37:15.385] [MSG_SENT] Message 2701 sent to HKApp
[2025-08-13 08:37:15.516] [MSG_SENT] Message 2702 sent to TelemetryApp
[2025-08-13 08:37:15.517] [MSG_SENT] Message 2703 sent to FlightLogicApp
[2025-08-13 08:37:16.387] [MSG_SENT] Message 2701 sent to HKApp
[2025-08-13 08:37:16.519] [MSG_SENT] Message 2702 sent to TelemetryApp
[2025-08-13 08:37:16.521] [MSG_SENT] Message 2703 sent to FlightLogicApp
[2025-08-13 08:37:17.388] [MSG_SENT] Message 2701 sent to HKApp
[2025-08-13 08:37:17.523] [MSG_SENT] Message 2702 sent to TelemetryApp
[2025-08-13 08:37:17.524] [MSG_SENT] Message 2703 sent to FlightLogicApp
[2025-08-13 08:37:18.390] [MSG_SENT] Message 2701 sent to HKApp
[2025-08-13 08:37:18.527] [MSG_SENT] Message 2702 sent to TelemetryApp
[2025-08-13 08:37:18.528] [MSG_SENT] Message 2703 sent to FlightLogicApp
[2025-08-13 08:37:19.392] [MSG_SENT] Message 2701 sent to HKApp
[2025-08-13 08:37:19.530] [MSG_SENT] Message 2702 sent to TelemetryApp
[2025-08-13 08:37:19.532] [MSG_SENT] Message 2703 sent to FlightLogicApp
[2025-08-13 08:37:20.393] [MSG_SENT] Message 2701 sent to HKApp
[2025-08-13 08:37:20.533] [MSG_SENT] Message 2702 sent to TelemetryApp
[2025-08-13 08:37:20.535] [MSG_SENT] Message 2703 sent to FlightLogicApp
[2025-08-13 08:37:21.394] [MSG_SENT] Message 2701 sent to HKApp
[2025-08-13 08:37:21.537] [MSG_SENT] Message 2702 sent to TelemetryApp
[2025-08-13 08:37:21.538] [MSG_SENT] Message 2703 sent to FlightLogicApp
[2025-08-13 08:37:22.396] [MSG_SENT] Message 2701 sent to HKApp
[2025-08-13 08:37:22.539] [MSG_SENT] Message 2702 sent to TelemetryApp
[2025-08-13 08:37:22.540] [MSG_SENT] Message 2703 sent to FlightLogicApp
[2025-08-13 08:37:23.397] [MSG_SENT] Message 2701 sent to HKApp
[2025-08-13 08:37:23.542] [MSG_SENT] Message 2702 sent to TelemetryApp
[2025-08-13 08:37:23.543] [MSG_SENT] Message 2703 sent to FlightLogicApp
[2025-08-13 08:37:24.399] [MSG_SENT] Message 2701 sent to HKApp
[2025-08-13 08:37:24.544] [MSG_SENT] Message 2702 sent to TelemetryApp
[2025-08-13 08:37:24.546] [MSG_SENT] Message 2703 sent to FlightLogicApp
[2025-08-13 08:37:25.400] [MSG_SENT] Message 2701 sent to HKApp
[2025-08-13 08:37:25.549] [MSG_SENT] Message 2702 sent to TelemetryApp
[2025-08-13 08:37:25.549] [MSG_SENT] Message 2703 sent to FlightLogicApp
[2025-08-13 08:37:26.401] [MSG_SENT] Message 2701 sent to HKApp
[2025-08-13 08:37:26.552] [MSG_SENT] Message 2702 sent to TelemetryApp
[2025-08-13 08:37:26.552] [MSG_SENT] Message 2703 sent to FlightLogicApp
[2025-08-13 08:37:27.402] [MSG_SENT] Message 2701 sent to HKApp
[2025-08-13 08:37:27.554] [MSG_SENT] Message 2702 sent to TelemetryApp
[2025-08-13 08:37:27.555] [MSG_SENT] Message 2703 sent to FlightLogicApp
[2025-08-13 08:37:28.404] [MSG_SENT] Message 2701 sent to HKApp
[2025-08-13 08:37:28.556] [MSG_SENT] Message 2702 sent to TelemetryApp
[2025-08-13 08:37:28.557] [MSG_SENT] Message 2703 sent to FlightLogicApp
[2025-08-13 08:37:29.405] [MSG_SENT] Message 2701 sent to HKApp
[2025-08-13 08:37:29.558] [MSG_SENT] Message 2702 sent to TelemetryApp
[2025-08-13 08:37:29.559] [MSG_SENT] Message 2703 sent to FlightLogicApp
[2025-08-13 08:37:30.407] [MSG_SENT] Message 2701 sent to HKApp
[2025-08-13 08:37:30.561] [MSG_SENT] Message 2702 sent to TelemetryApp
[2025-08-13 08:37:30.564] [MSG_SENT] Message 2703 sent to FlightLogicApp
[2025-08-13 08:37:31.409] [MSG_SENT] Message 2701 sent to HKApp
[2025-08-13 08:37:31.565] [MSG_SENT] Message 2702 sent to TelemetryApp
[2025-08-13 08:37:31.568] [MSG_SENT] Message 2703 sent to FlightLogicApp
[2025-08-13 08:37:32.411] [MSG_SENT] Message 2701 sent to HKApp
[2025-08-13 08:37:32.569] [MSG_SENT] Message 2702 sent to TelemetryApp
[2025-08-13 08:37:32.570] [MSG_SENT] Message 2703 sent to FlightLogicApp
[2025-08-13 08:37:33.412] [MSG_SENT] Message 2701 sent to HKApp
[2025-08-13 08:37:33.572] [MSG_SENT] Message 2702 sent to TelemetryApp
[2025-08-13 08:37:33.572] [MSG_SENT] Message 2703 sent to FlightLogicApp
[2025-08-13 08:37:34.413] [MSG_SENT] Message 2701 sent to HKApp
[2025-08-13 08:37:34.574] [MSG_SENT] Message 2702 sent to TelemetryApp
[2025-08-13 08:37:34.575] [MSG_SENT] Message 2703 sent to FlightLogicApp
[2025-08-13 08:37:35.415] [MSG_SENT] Message 2701 sent to HKApp
[2025-08-13 08:37:35.576] [MSG_SENT] Message 2702 sent to TelemetryApp
[2025-08-13 08:37:35.577] [MSG_SENT] Message 2703 sent to FlightLogicApp
[2025-08-13 08:37:36.416] [MSG_SENT] Message 2701 sent to HKApp
[2025-08-13 08:37:36.579] [MSG_SENT] Message 2702 sent to TelemetryApp
[2025-08-13 08:37:36.580] [MSG_SENT] Message 2703 sent to FlightLogicApp
[2025-08-13 08:37:37.418] [MSG_SENT] Message 2701 sent to HKApp
[2025-08-13 08:37:37.581] [MSG_SENT] Message 2702 sent to TelemetryApp
[2025-08-13 08:37:37.583] [MSG_SENT] Message 2703 sent to FlightLogicApp
[2025-08-13 08:37:38.419] [MSG_SENT] Message 2701 sent to HKApp
[2025-08-13 08:37:38.584] [MSG_SENT] Message 2702 sent to TelemetryApp
[2025-08-13 08:37:38.586] [MSG_SENT] Message 2703 sent to FlightLogicApp
[2025-08-13 08:37:39.420] [MSG_SENT] Message 2701 sent to HKApp
[2025-08-13 08:37:39.587] [MSG_SENT] Message 2702 sent to TelemetryApp
[2025-08-13 08:37:39.588] [MSG_SENT] Message 2703 sent to FlightLogicApp
[2025-08-13 08:37:40.421] [MSG_SENT] Message 2701 sent to HKApp
[2025-08-13 08:37:40.589] [MSG_SENT] Message 2702 sent to TelemetryApp
[2025-08-13 08:37:40.590] [MSG_SENT] Message 2703 sent to FlightLogicApp
[2025-08-13 08:37:41.423] [MSG_SENT] Message 2701 sent to HKApp
[2025-08-13 08:37:41.592] [MSG_SENT] Message 2702 sent to TelemetryApp
[2025-08-13 08:37:41.593] [MSG_SENT] Message 2703 sent to FlightLogicApp
[2025-08-13 08:37:42.425] [MSG_SENT] Message 2701 sent to HKApp
[2025-08-13 08:37:42.594] [MSG_SENT] Message 2702 sent to TelemetryApp
[2025-08-13 08:37:42.595] [MSG_SENT] Message 2703 sent to FlightLogicApp
[2025-08-13 08:37:43.427] [MSG_SENT] Message 2701 sent to HKApp
[2025-08-13 08:37:43.597] [MSG_SENT] Message 2702 sent to TelemetryApp
[2025-08-13 08:37:43.598] [MSG_SENT] Message 2703 sent to FlightLogicApp
[2025-08-13 08:37:44.428] [MSG_SENT] Message 2701 sent to HKApp
[2025-08-13 08:37:44.599] [MSG_SENT] Message 2702 sent to TelemetryApp
[2025-08-13 08:37:46.353] [MSG_SENT] Message 2703 sent to FlightLogicApp
[2025-08-13 08:37:45.430] [MSG_SENT] Message 2701 sent to HKApp
[2025-08-13 08:37:47.355] [MSG_SENT] Message 2702 sent to TelemetryApp
[2025-08-13 08:37:47.355] [MSG_SENT] Message 2701 sent to HKApp
[2025-08-13 08:37:47.356] [MSG_SENT] Message 2703 sent to FlightLogicApp
[2025-08-13 08:37:48.359] [MSG_SENT] Message 2701 sent to HKApp
[2025-08-13 08:37:48.361] [MSG_SENT] Message 2702 sent to TelemetryApp
[2025-08-13 08:37:48.361] [MSG_SENT] Message 2703 sent to FlightLogicApp
[2025-08-13 08:37:49.361] [MSG_SENT] Message 2701 sent to HKApp
[2025-08-13 08:37:49.364] [MSG_SENT] Message 2702 sent to TelemetryApp
[2025-08-13 08:37:49.366] [MSG_SENT] Message 2703 sent to FlightLogicApp
[2025-08-13 08:37:50.363] [MSG_SENT] Message 2701 sent to HKApp
[2025-08-13 08:37:50.367] [MSG_SENT] Message 2702 sent to TelemetryApp
[2025-08-13 08:37:50.369] [MSG_SENT] Message 2703 sent to FlightLogicApp
[2025-08-13 08:37:51.364] [MSG_SENT] Message 2701 sent to HKApp
[2025-08-13 08:37:51.371] [MSG_SENT] Message 2702 sent to TelemetryApp
[2025-08-13 08:37:51.372] [MSG_SENT] Message 2703 sent to FlightLogicApp
[2025-08-13 08:37:52.365] [MSG_SENT] Message 2701 sent to HKApp
[2025-08-13 08:37:52.373] [MSG_SENT] Message 2702 sent to TelemetryApp
[2025-08-13 08:37:52.374] [MSG_SENT] Message 2703 sent to FlightLogicApp
[2025-08-13 08:37:53.367] [MSG_SENT] Message 2701 sent to HKApp
[2025-08-13 08:37:53.375] [MSG_SENT] Message 2702 sent to TelemetryApp
[2025-08-13 08:37:53.375] [MSG_SENT] Message 2703 sent to FlightLogicApp
[2025-08-13 08:37:54.368] [MSG_SENT] Message 2701 sent to HKApp
[2025-08-13 08:37:54.377] [MSG_SENT] Message 2702 sent to TelemetryApp
[2025-08-13 08:37:54.378] [MSG_SENT] Message 2703 sent to FlightLogicApp
[2025-08-13 08:37:55.369] [MSG_SENT] Message 2701 sent to HKApp
[2025-08-13 08:37:55.380] [MSG_SENT] Message 2702 sent to TelemetryApp
[2025-08-13 08:37:55.381] [MSG_SENT] Message 2703 sent to FlightLogicApp
[2025-08-13 08:37:56.371] [MSG_SENT] Message 2701 sent to HKApp
[2025-08-13 08:37:56.382] [MSG_SENT] Message 2702 sent to TelemetryApp
[2025-08-13 08:37:56.384] [MSG_SENT] Message 2703 sent to FlightLogicApp
[2025-08-13 08:37:57.372] [MSG_SENT] Message 2701 sent to HKApp
[2025-08-13 08:37:57.385] [MSG_SENT] Message 2702 sent to TelemetryApp
[2025-08-13 08:37:57.386] [MSG_SENT] Message 2703 sent to FlightLogicApp
[2025-08-13 08:37:58.374] [MSG_SENT] Message 2701 sent to HKApp
[2025-08-13 08:37:58.387] [MSG_SENT] Message 2702 sent to TelemetryApp
[2025-08-13 08:37:58.388] [MSG_SENT] Message 2703 sent to FlightLogicApp
[2025-08-13 08:37:59.375] [MSG_SENT] Message 2701 sent to HKApp
[2025-08-13 08:37:59.391] [MSG_SENT] Message 2702 sent to TelemetryApp
[2025-08-13 08:37:59.391] [MSG_SENT] Message 2703 sent to FlightLogicApp
[2025-08-13 08:38:00.376] [MSG_SENT] Message 2701 sent to HKApp
[2025-08-13 08:38:00.392] [MSG_SENT] Message 2702 sent to TelemetryApp
[2025-08-13 08:38:00.394] [MSG_SENT] Message 2703 sent to FlightLogicApp
[2025-08-13 08:38:01.378] [MSG_SENT] Message 2701 sent to HKApp
[2025-08-13 08:38:01.395] [MSG_SENT] Message 2702 sent to TelemetryApp
[2025-08-13 08:38:01.396] [MSG_SENT] Message 2703 sent to FlightLogicApp
[2025-08-13 08:38:02.379] [MSG_SENT] Message 2701 sent to HKApp
[2025-08-13 08:38:02.397] [MSG_SENT] Message 2702 sent to TelemetryApp
[2025-08-13 08:38:02.398] [MSG_SENT] Message 2703 sent to FlightLogicApp
[2025-08-13 08:38:03.380] [MSG_SENT] Message 2701 sent to HKApp
[2025-08-13 08:38:03.400] [MSG_SENT] Message 2702 sent to TelemetryApp
[2025-08-13 08:38:03.401] [MSG_SENT] Message 2703 sent to FlightLogicApp
[2025-08-13 08:38:04.382] [MSG_SENT] Message 2701 sent to HKApp
[2025-08-13 08:38:04.402] [MSG_SENT] Message 2702 sent to TelemetryApp
[2025-08-13 08:38:04.403] [MSG_SENT] Message 2703 sent to FlightLogicApp
[2025-08-13 08:38:05.384] [MSG_SENT] Message 2701 sent to HKApp
[2025-08-13 08:38:05.404] [MSG_SENT] Message 2702 sent to TelemetryApp
[2025-08-13 08:38:05.406] [MSG_SENT] Message 2703 sent to FlightLogicApp
[2025-08-13 08:38:06.386] [MSG_SENT] Message 2701 sent to HKApp
[2025-08-13 08:38:06.408] [MSG_SENT] Message 2702 sent to TelemetryApp
[2025-08-13 08:38:06.410] [MSG_SENT] Message 2703 sent to FlightLogicApp
[2025-08-13 08:38:07.388] [MSG_SENT] Message 2701 sent to HKApp
[2025-08-13 08:38:07.413] [MSG_SENT] Message 2702 sent to TelemetryApp
[2025-08-13 08:38:07.414] [MSG_SENT] Message 2703 sent to FlightLogicApp
[2025-08-13 08:38:08.389] [MSG_SENT] Message 2701 sent to HKApp
[2025-08-13 08:38:08.416] [MSG_SENT] Message 2702 sent to TelemetryApp
[2025-08-13 08:38:08.417] [MSG_SENT] Message 2703 sent to FlightLogicApp
[2025-08-13 08:38:09.390] [MSG_SENT] Message 2701 sent to HKApp
[2025-08-13 08:38:09.418] [MSG_SENT] Message 2702 sent to TelemetryApp
[2025-08-13 08:38:09.419] [MSG_SENT] Message 2703 sent to FlightLogicApp
[2025-08-13 08:38:10.392] [MSG_SENT] Message 2701 sent to HKApp
[2025-08-13 08:38:10.420] [MSG_SENT] Message 2702 sent to TelemetryApp
[2025-08-13 08:38:10.422] [MSG_SENT] Message 2703 sent to FlightLogicApp
[2025-08-13 08:38:11.393] [MSG_SENT] Message 2701 sent to HKApp
[2025-08-13 08:38:11.423] [MSG_SENT] Message 2702 sent to TelemetryApp
[2025-08-13 08:38:11.424] [MSG_SENT] Message 2703 sent to FlightLogicApp
[2025-08-13 08:38:12.394] [MSG_SENT] Message 2701 sent to HKApp
[2025-08-13 08:38:12.426] [MSG_SENT] Message 2702 sent to TelemetryApp
[2025-08-13 08:38:12.426] [MSG_SENT] Message 2703 sent to FlightLogicApp
[2025-08-13 08:38:13.396] [MSG_SENT] Message 2701 sent to HKApp
[2025-08-13 08:38:13.429] [MSG_SENT] Message 2702 sent to TelemetryApp
[2025-08-13 08:38:13.430] [MSG_SENT] Message 2703 sent to FlightLogicApp
[2025-08-13 08:38:14.398] [MSG_SENT] Message 2701 sent to HKApp
[2025-08-13 08:38:14.432] [MSG_SENT] Message 2702 sent to TelemetryApp
[2025-08-13 08:38:14.434] [MSG_SENT] Message 2703 sent to FlightLogicApp
[2025-08-13 08:38:15.399] [MSG_SENT] Message 2701 sent to HKApp
[2025-08-13 08:38:15.436] [MSG_SENT] Message 2702 sent to TelemetryApp
[2025-08-13 08:38:15.438] [MSG_SENT] Message 2703 sent to FlightLogicApp
[2025-08-13 08:38:16.400] [MSG_SENT] Message 2701 sent to HKApp
[2025-08-13 08:38:16.440] [MSG_SENT] Message 2702 sent to TelemetryApp
[2025-08-13 08:38:16.441] [MSG_SENT] Message 2703 sent to FlightLogicApp
[2025-08-13 08:38:17.402] [MSG_SENT] Message 2701 sent to HKApp
[2025-08-13 08:38:17.443] [MSG_SENT] Message 2702 sent to TelemetryApp
[2025-08-13 08:38:17.443] [MSG_SENT] Message 2703 sent to FlightLogicApp
[2025-08-13 08:38:18.403] [MSG_SENT] Message 2701 sent to HKApp
[2025-08-13 08:38:18.445] [MSG_SENT] Message 2702 sent to TelemetryApp
[2025-08-13 08:38:18.446] [MSG_SENT] Message 2703 sent to FlightLogicApp
[2025-08-13 08:38:19.404] [MSG_SENT] Message 2701 sent to HKApp
[2025-08-13 08:38:19.448] [MSG_SENT] Message 2702 sent to TelemetryApp
[2025-08-13 08:38:19.449] [MSG_SENT] Message 2703 sent to FlightLogicApp
[2025-08-13 08:38:20.405] [MSG_SENT] Message 2701 sent to HKApp
[2025-08-13 08:38:20.451] [MSG_SENT] Message 2702 sent to TelemetryApp
[2025-08-13 08:38:20.452] [MSG_SENT] Message 2703 sent to FlightLogicApp
[2025-08-13 08:38:21.407] [MSG_SENT] Message 2701 sent to HKApp
[2025-08-13 08:38:21.454] [MSG_SENT] Message 2702 sent to TelemetryApp
[2025-08-13 08:38:21.455] [MSG_SENT] Message 2703 sent to FlightLogicApp
[2025-08-13 08:38:22.410] [MSG_SENT] Message 2701 sent to HKApp
[2025-08-13 08:38:22.456] [MSG_SENT] Message 2702 sent to TelemetryApp
[2025-08-13 08:38:22.457] [MSG_SENT] Message 2703 sent to FlightLogicApp
[2025-08-13 08:38:23.411] [MSG_SENT] Message 2701 sent to HKApp
[2025-08-13 08:38:23.459] [MSG_SENT] Message 2702 sent to TelemetryApp
[2025-08-13 08:38:23.460] [MSG_SENT] Message 2703 sent to FlightLogicApp
[2025-08-13 08:38:24.412] [MSG_SENT] Message 2701 sent to HKApp
[2025-08-13 08:38:24.461] [MSG_SENT] Message 2702 sent to TelemetryApp
[2025-08-13 08:38:24.462] [MSG_SENT] Message 2703 sent to FlightLogicApp
[2025-08-13 08:38:25.413] [MSG_SENT] Message 2701 sent to HKApp
[2025-08-13 08:38:25.463] [MSG_SENT] Message 2702 sent to TelemetryApp
[2025-08-13 08:38:25.465] [MSG_SENT] Message 2703 sent to FlightLogicApp
[2025-08-13 08:38:26.415] [MSG_SENT] Message 2701 sent to HKApp
[2025-08-13 08:38:26.466] [MSG_SENT] Message 2702 sent to TelemetryApp
[2025-08-13 08:38:26.467] [MSG_SENT] Message 2703 sent to FlightLogicApp
[2025-08-13 08:38:27.417] [MSG_SENT] Message 2701 sent to HKApp
[2025-08-13 08:38:27.469] [MSG_SENT] Message 2702 sent to TelemetryApp
[2025-08-13 08:38:27.470] [MSG_SENT] Message 2703 sent to FlightLogicApp
[2025-08-13 08:38:28.419] [MSG_SENT] Message 2701 sent to HKApp
[2025-08-13 08:38:28.473] [MSG_SENT] Message 2702 sent to TelemetryApp
[2025-08-13 08:38:28.474] [MSG_SENT] Message 2703 sent to FlightLogicApp
[2025-08-13 08:38:29.420] [MSG_SENT] Message 2701 sent to HKApp
[2025-08-13 08:38:29.475] [MSG_SENT] Message 2702 sent to TelemetryApp
[2025-08-13 08:38:29.476] [MSG_SENT] Message 2703 sent to FlightLogicApp
[2025-08-13 08:38:30.421] [MSG_SENT] Message 2701 sent to HKApp
[2025-08-13 08:38:30.478] [MSG_SENT] Message 2702 sent to TelemetryApp
[2025-08-13 08:38:30.479] [MSG_SENT] Message 2703 sent to FlightLogicApp
[2025-08-13 08:38:31.422] [MSG_SENT] Message 2701 sent to HKApp
[2025-08-13 08:38:31.480] [MSG_SENT] Message 2702 sent to TelemetryApp
[2025-08-13 08:38:31.481] [MSG_SENT] Message 2703 sent to FlightLogicApp
[2025-08-13 08:38:32.423] [MSG_SENT] Message 2701 sent to HKApp
[2025-08-13 08:38:32.482] [MSG_SENT] Message 2702 sent to TelemetryApp
[2025-08-13 08:38:32.483] [MSG_SENT] Message 2703 sent to FlightLogicApp
[2025-08-13 08:38:33.424] [MSG_SENT] Message 2701 sent to HKApp
[2025-08-13 08:38:33.485] [MSG_SENT] Message 2702 sent to TelemetryApp
[2025-08-13 08:38:33.489] [MSG_SENT] Message 2703 sent to FlightLogicApp
[2025-08-13 08:38:34.426] [MSG_SENT] Message 2701 sent to HKApp
[2025-08-13 08:38:34.491] [MSG_SENT] Message 2702 sent to TelemetryApp
[2025-08-13 08:38:34.492] [MSG_SENT] Message 2703 sent to FlightLogicApp
[2025-08-13 08:38:35.428] [MSG_SENT] Message 2701 sent to HKApp
[2025-08-13 08:38:35.494] [MSG_SENT] Message 2702 sent to TelemetryApp
[2025-08-13 08:38:35.495] [MSG_SENT] Message 2703 sent to FlightLogicApp
[2025-08-13 08:38:36.429] [MSG_SENT] Message 2701 sent to HKApp
[2025-08-13 08:38:36.497] [MSG_SENT] Message 2702 sent to TelemetryApp
[2025-08-13 08:38:36.498] [MSG_SENT] Message 2703 sent to FlightLogicApp
[2025-08-13 08:38:37.431] [MSG_SENT] Message 2701 sent to HKApp
[2025-08-13 08:38:37.500] [MSG_SENT] Message 2702 sent to TelemetryApp
[2025-08-13 08:38:37.501] [MSG_SENT] Message 2703 sent to FlightLogicApp
[2025-08-13 08:38:38.432] [MSG_SENT] Message 2701 sent to HKApp
[2025-08-13 08:38:38.502] [MSG_SENT] Message 2702 sent to TelemetryApp
[2025-08-13 08:38:38.503] [MSG_SENT] Message 2703 sent to FlightLogicApp
[2025-08-13 08:38:39.433] [MSG_SENT] Message 2701 sent to HKApp
[2025-08-13 08:38:39.505] [MSG_SENT] Message 2702 sent to TelemetryApp
[2025-08-13 08:38:39.505] [MSG_SENT] Message 2703 sent to FlightLogicApp
[2025-08-13 08:38:40.435] [MSG_SENT] Message 2701 sent to HKApp
[2025-08-13 08:38:40.507] [MSG_SENT] Message 2702 sent to TelemetryApp
[2025-08-13 08:38:40.508] [MSG_SENT] Message 2703 sent to FlightLogicApp
[2025-08-13 08:38:41.437] [MSG_SENT] Message 2701 sent to HKApp
[2025-08-13 08:38:41.510] [MSG_SENT] Message 2702 sent to TelemetryApp
[2025-08-13 08:38:41.512] [MSG_SENT] Message 2703 sent to FlightLogicApp
[2025-08-13 08:38:42.438] [MSG_SENT] Message 2701 sent to HKApp
[2025-08-13 08:38:42.514] [MSG_SENT] Message 2702 sent to TelemetryApp
[2025-08-13 08:38:42.515] [MSG_SENT] Message 2703 sent to FlightLogicApp
[2025-08-13 08:38:43.440] [MSG_SENT] Message 2701 sent to HKApp
[2025-08-13 08:38:43.516] [MSG_SENT] Message 2702 sent to TelemetryApp
[2025-08-13 08:38:43.517] [MSG_SENT] Message 2703 sent to FlightLogicApp
[2025-08-13 08:38:44.441] [MSG_SENT] Message 2701 sent to HKApp
[2025-08-13 08:38:44.518] [MSG_SENT] Message 2702 sent to TelemetryApp
[2025-08-13 08:38:44.520] [MSG_SENT] Message 2703 sent to FlightLogicApp
[2025-08-13 08:38:45.442] [MSG_SENT] Message 2701 sent to HKApp
[2025-08-13 08:38:45.521] [MSG_SENT] Message 2702 sent to TelemetryApp
[2025-08-13 08:38:45.522] [MSG_SENT] Message 2703 sent to FlightLogicApp
[2025-08-13 08:38:46.443] [MSG_SENT] Message 2701 sent to HKApp
[2025-08-13 08:38:46.523] [MSG_SENT] Message 2702 sent to TelemetryApp
[2025-08-13 08:38:46.524] [MSG_SENT] Message 2703 sent to FlightLogicApp
[2025-08-13 08:38:47.444] [MSG_SENT] Message 2701 sent to HKApp
[2025-08-13 08:38:47.526] [MSG_SENT] Message 2702 sent to TelemetryApp
[2025-08-13 08:38:47.526] [MSG_SENT] Message 2703 sent to FlightLogicApp
[2025-08-13 08:38:48.446] [MSG_SENT] Message 2701 sent to HKApp
[2025-08-13 08:38:48.528] [MSG_SENT] Message 2702 sent to TelemetryApp
[2025-08-13 08:38:48.528] [MSG_SENT] Message 2703 sent to FlightLogicApp
[2025-08-13 08:38:49.447] [MSG_SENT] Message 2701 sent to HKApp
[2025-08-13 08:38:49.530] [MSG_SENT] Message 2702 sent to TelemetryApp
[2025-08-13 08:38:49.531] [MSG_SENT] Message 2703 sent to FlightLogicApp
[2025-08-13 08:38:50.448] [MSG_SENT] Message 2701 sent to HKApp
[2025-08-13 08:38:50.533] [MSG_SENT] Message 2702 sent to TelemetryApp
[2025-08-13 08:38:50.534] [MSG_SENT] Message 2703 sent to FlightLogicApp
[2025-08-13 08:38:51.449] [MSG_SENT] Message 2701 sent to HKApp
[2025-08-13 08:38:51.536] [MSG_SENT] Message 2702 sent to TelemetryApp
[2025-08-13 08:38:51.536] [MSG_SENT] Message 2703 sent to FlightLogicApp
[2025-08-13 08:38:52.450] [MSG_SENT] Message 2701 sent to HKApp
[2025-08-13 08:38:52.538] [MSG_SENT] Message 2702 sent to TelemetryApp
[2025-08-13 08:38:52.539] [MSG_SENT] Message 2703 sent to FlightLogicApp
[2025-08-13 08:38:53.452] [MSG_SENT] Message 2701 sent to HKApp
[2025-08-13 08:38:53.540] [MSG_SENT] Message 2702 sent to TelemetryApp
[2025-08-13 08:38:53.541] [MSG_SENT] Message 2703 sent to FlightLogicApp
[2025-08-13 08:38:54.453] [MSG_SENT] Message 2701 sent to HKApp
[2025-08-13 08:38:54.543] [MSG_SENT] Message 2702 sent to TelemetryApp
[2025-08-13 08:38:54.543] [MSG_SENT] Message 2703 sent to FlightLogicApp
[2025-08-13 08:38:55.454] [MSG_SENT] Message 2701 sent to HKApp
[2025-08-13 08:38:55.545] [MSG_SENT] Message 2702 sent to TelemetryApp
[2025-08-13 08:38:55.546] [MSG_SENT] Message 2703 sent to FlightLogicApp
[2025-08-13 08:38:56.456] [MSG_SENT] Message 2701 sent to HKApp
[2025-08-13 08:38:56.548] [MSG_SENT] Message 2702 sent to TelemetryApp
[2025-08-13 08:38:56.549] [MSG_SENT] Message 2703 sent to FlightLogicApp
[2025-08-13 08:38:57.457] [MSG_SENT] Message 2701 sent to HKApp
[2025-08-13 08:38:57.551] [MSG_SENT] Message 2702 sent to TelemetryApp
[2025-08-13 08:38:57.552] [MSG_SENT] Message 2703 sent to FlightLogicApp
[2025-08-13 08:38:58.458] [MSG_SENT] Message 2701 sent to HKApp
[2025-08-13 08:38:58.553] [MSG_SENT] Message 2702 sent to TelemetryApp
[2025-08-13 08:38:58.555] [MSG_SENT] Message 2703 sent to FlightLogicApp
[2025-08-13 08:38:59.459] [MSG_SENT] Message 2701 sent to HKApp
[2025-08-13 08:38:59.556] [MSG_SENT] Message 2702 sent to TelemetryApp
[2025-08-13 08:38:59.557] [MSG_SENT] Message 2703 sent to FlightLogicApp
[2025-08-13 08:39:00.461] [MSG_SENT] Message 2701 sent to HKApp
[2025-08-13 08:39:00.558] [MSG_SENT] Message 2702 sent to TelemetryApp
[2025-08-13 08:39:00.559] [MSG_SENT] Message 2703 sent to FlightLogicApp
[2025-08-13 08:39:01.462] [MSG_SENT] Message 2701 sent to HKApp
[2025-08-13 08:39:01.560] [MSG_SENT] Message 2702 sent to TelemetryApp
[2025-08-13 08:39:01.561] [MSG_SENT] Message 2703 sent to FlightLogicApp
[2025-08-13 08:39:02.463] [MSG_SENT] Message 2701 sent to HKApp
[2025-08-13 08:39:02.563] [MSG_SENT] Message 2702 sent to TelemetryApp
[2025-08-13 08:39:02.563] [MSG_SENT] Message 2703 sent to FlightLogicApp
[2025-08-13 08:39:03.465] [MSG_SENT] Message 2701 sent to HKApp
[2025-08-13 08:39:03.565] [MSG_SENT] Message 2702 sent to TelemetryApp
[2025-08-13 08:39:03.566] [MSG_SENT] Message 2703 sent to FlightLogicApp
[2025-08-13 08:39:04.466] [MSG_SENT] Message 2701 sent to HKApp
[2025-08-13 08:39:04.568] [MSG_SENT] Message 2702 sent to TelemetryApp
[2025-08-13 08:39:04.571] [MSG_SENT] Message 2703 sent to FlightLogicApp
[2025-08-13 08:39:05.468] [MSG_SENT] Message 2701 sent to HKApp
[2025-08-13 08:39:05.573] [MSG_SENT] Message 2702 sent to TelemetryApp
[2025-08-13 08:39:05.573] [MSG_SENT] Message 2703 sent to FlightLogicApp
[2025-08-13 08:39:06.484] [MSG_SENT] Message 2701 sent to HKApp
[2025-08-13 08:39:06.574] [MSG_SENT] Message 2702 sent to TelemetryApp
[2025-08-13 08:39:06.576] [MSG_SENT] Message 2703 sent to FlightLogicApp
[2025-08-13 08:39:07.486] [MSG_SENT] Message 2701 sent to HKApp
[2025-08-13 08:39:07.577] [MSG_SENT] Message 2702 sent to TelemetryApp
[2025-08-13 08:39:07.578] [MSG_SENT] Message 2703 sent to FlightLogicApp
[2025-08-13 08:39:08.487] [MSG_SENT] Message 2701 sent to HKApp
[2025-08-13 08:39:08.579] [MSG_SENT] Message 2702 sent to TelemetryApp
[2025-08-13 08:39:08.580] [MSG_SENT] Message 2703 sent to FlightLogicApp
[2025-08-13 08:39:09.488] [MSG_SENT] Message 2701 sent to HKApp
[2025-08-13 08:39:09.581] [MSG_SENT] Message 2702 sent to TelemetryApp
[2025-08-13 08:39:09.582] [MSG_SENT] Message 2703 sent to FlightLogicApp
[2025-08-13 08:39:10.490] [MSG_SENT] Message 2701 sent to HKApp
[2025-08-13 08:39:10.584] [MSG_SENT] Message 2702 sent to TelemetryApp
[2025-08-13 08:39:10.586] [MSG_SENT] Message 2703 sent to FlightLogicApp
[2025-08-13 08:39:11.491] [MSG_SENT] Message 2701 sent to HKApp
[2025-08-13 08:39:11.588] [MSG_SENT] Message 2702 sent to TelemetryApp
[2025-08-13 08:39:11.589] [MSG_SENT] Message 2703 sent to FlightLogicApp
[2025-08-13 08:39:12.493] [MSG_SENT] Message 2701 sent to HKApp
[2025-08-13 08:39:12.591] [MSG_SENT] Message 2702 sent to TelemetryApp
[2025-08-13 08:39:12.592] [MSG_SENT] Message 2703 sent to FlightLogicApp
[2025-08-13 08:39:13.494] [MSG_SENT] Message 2701 sent to HKApp
[2025-08-13 08:39:13.593] [MSG_SENT] Message 2702 sent to TelemetryApp
[2025-08-13 08:39:13.593] [MSG_SENT] Message 2703 sent to FlightLogicApp
[2025-08-13 08:39:14.495] [MSG_SENT] Message 2701 sent to HKApp
[2025-08-13 08:39:14.595] [MSG_SENT] Message 2702 sent to TelemetryApp
[2025-08-13 08:39:14.596] [MSG_SENT] Message 2703 sent to FlightLogicApp
[2025-08-13 08:39:15.496] [MSG_SENT] Message 2701 sent to HKApp
[2025-08-13 08:39:15.597] [MSG_SENT] Message 2702 sent to TelemetryApp
[2025-08-13 08:39:15.598] [MSG_SENT] Message 2703 sent to FlightLogicApp
[2025-08-13 08:39:16.497] [MSG_SENT] Message 2701 sent to HKApp
[2025-08-13 08:39:16.599] [MSG_SENT] Message 2702 sent to TelemetryApp
[2025-08-13 08:39:16.601] [MSG_SENT] Message 2703 sent to FlightLogicApp
[2025-08-13 08:39:17.498] [MSG_SENT] Message 2701 sent to HKApp
[2025-08-13 08:39:17.602] [MSG_SENT] Message 2702 sent to TelemetryApp
[2025-08-13 08:39:17.604] [MSG_SENT] Message 2703 sent to FlightLogicApp
[2025-08-13 08:39:18.500] [MSG_SENT] Message 2701 sent to HKApp
[2025-08-13 08:39:18.606] [MSG_SENT] Message 2702 sent to TelemetryApp
[2025-08-13 08:39:18.607] [MSG_SENT] Message 2703 sent to FlightLogicApp
[2025-08-13 08:39:19.502] [MSG_SENT] Message 2701 sent to HKApp
[2025-08-13 08:39:19.609] [MSG_SENT] Message 2702 sent to TelemetryApp
[2025-08-13 08:39:19.610] [MSG_SENT] Message 2703 sent to FlightLogicApp
[2025-08-13 08:39:20.503] [MSG_SENT] Message 2701 sent to HKApp
[2025-08-13 08:39:20.611] [MSG_SENT] Message 2702 sent to TelemetryApp
[2025-08-13 08:39:20.612] [MSG_SENT] Message 2703 sent to FlightLogicApp
[2025-08-13 08:39:21.505] [MSG_SENT] Message 2701 sent to HKApp
[2025-08-13 08:39:21.613] [MSG_SENT] Message 2702 sent to TelemetryApp
[2025-08-13 08:39:21.614] [MSG_SENT] Message 2703 sent to FlightLogicApp
[2025-08-13 08:39:22.506] [MSG_SENT] Message 2701 sent to HKApp
[2025-08-13 08:39:22.615] [MSG_SENT] Message 2702 sent to TelemetryApp
[2025-08-13 08:39:22.616] [MSG_SENT] Message 2703 sent to FlightLogicApp
[2025-08-13 08:39:23.507] [MSG_SENT] Message 2701 sent to HKApp
[2025-08-13 08:39:23.617] [MSG_SENT] Message 2702 sent to TelemetryApp
[2025-08-13 08:39:23.618] [MSG_SENT] Message 2703 sent to FlightLogicApp
[2025-08-13 08:39:24.509] [MSG_SENT] Message 2701 sent to HKApp
[2025-08-13 08:39:24.620] [MSG_SENT] Message 2702 sent to TelemetryApp
[2025-08-13 08:39:24.621] [MSG_SENT] Message 2703 sent to FlightLogicApp
[2025-08-13 08:39:25.511] [MSG_SENT] Message 2701 sent to HKApp
[2025-08-13 08:39:25.623] [MSG_SENT] Message 2702 sent to TelemetryApp
[2025-08-13 08:39:25.624] [MSG_SENT] Message 2703 sent to FlightLogicApp
[2025-08-13 08:39:26.512] [MSG_SENT] Message 2701 sent to HKApp
[2025-08-13 08:39:26.626] [MSG_SENT] Message 2702 sent to TelemetryApp
[2025-08-13 08:39:26.628] [MSG_SENT] Message 2703 sent to FlightLogicApp
[2025-08-13 08:39:27.513] [MSG_SENT] Message 2701 sent to HKApp
[2025-08-13 08:39:27.629] [MSG_SENT] Message 2702 sent to TelemetryApp
[2025-08-13 08:39:27.630] [MSG_SENT] Message 2703 sent to FlightLogicApp
[2025-08-13 08:39:28.514] [MSG_SENT] Message 2701 sent to HKApp
[2025-08-13 08:39:28.632] [MSG_SENT] Message 2702 sent to TelemetryApp
[2025-08-13 08:39:28.634] [MSG_SENT] Message 2703 sent to FlightLogicApp
[2025-08-13 08:39:29.515] [MSG_SENT] Message 2701 sent to HKApp
[2025-08-13 08:39:29.636] [MSG_SENT] Message 2702 sent to TelemetryApp
[2025-08-13 08:39:29.636] [MSG_SENT] Message 2703 sent to FlightLogicApp
[2025-08-13 08:39:30.517] [MSG_SENT] Message 2701 sent to HKApp
[2025-08-13 08:39:30.638] [MSG_SENT] Message 2702 sent to TelemetryApp
[2025-08-13 08:39:30.639] [MSG_SENT] Message 2703 sent to FlightLogicApp
[2025-08-13 08:39:31.518] [MSG_SENT] Message 2701 sent to HKApp
[2025-08-13 08:39:31.641] [MSG_SENT] Message 2702 sent to TelemetryApp
[2025-08-13 08:39:31.642] [MSG_SENT] Message 2703 sent to FlightLogicApp
[2025-08-13 08:39:32.520] [MSG_SENT] Message 2701 sent to HKApp
[2025-08-13 08:39:32.644] [MSG_SENT] Message 2702 sent to TelemetryApp
[2025-08-13 08:39:32.645] [MSG_SENT] Message 2703 sent to FlightLogicApp
[2025-08-13 08:39:33.522] [MSG_SENT] Message 2701 sent to HKApp
[2025-08-13 08:39:33.647] [MSG_SENT] Message 2702 sent to TelemetryApp
[2025-08-13 08:39:33.648] [MSG_SENT] Message 2703 sent to FlightLogicApp
[2025-08-13 08:39:34.523] [MSG_SENT] Message 2701 sent to HKApp
[2025-08-13 08:39:34.649] [MSG_SENT] Message 2702 sent to TelemetryApp
[2025-08-13 08:39:34.650] [MSG_SENT] Message 2703 sent to FlightLogicApp
[2025-08-13 08:39:35.524] [MSG_SENT] Message 2701 sent to HKApp
[2025-08-13 08:39:35.651] [MSG_SENT] Message 2702 sent to TelemetryApp
[2025-08-13 08:39:35.652] [MSG_SENT] Message 2703 sent to FlightLogicApp
[2025-08-13 08:39:36.526] [MSG_SENT] Message 2701 sent to HKApp
[2025-08-13 08:39:36.654] [MSG_SENT] Message 2702 sent to TelemetryApp
[2025-08-13 08:39:36.655] [MSG_SENT] Message 2703 sent to FlightLogicApp
[2025-08-13 08:39:37.529] [MSG_SENT] Message 2701 sent to HKApp
[2025-08-13 08:39:37.657] [MSG_SENT] Message 2702 sent to TelemetryApp
[2025-08-13 08:39:37.658] [MSG_SENT] Message 2703 sent to FlightLogicApp
[2025-08-13 08:39:38.531] [MSG_SENT] Message 2701 sent to HKApp
[2025-08-13 08:39:38.660] [MSG_SENT] Message 2702 sent to TelemetryApp
[2025-08-13 08:39:38.661] [MSG_SENT] Message 2703 sent to FlightLogicApp
[2025-08-13 08:39:39.533] [MSG_SENT] Message 2701 sent to HKApp
[2025-08-13 08:39:39.662] [MSG_SENT] Message 2702 sent to TelemetryApp
[2025-08-13 08:39:39.663] [MSG_SENT] Message 2703 sent to FlightLogicApp
[2025-08-13 08:39:40.535] [MSG_SENT] Message 2701 sent to HKApp
[2025-08-13 08:39:40.665] [MSG_SENT] Message 2702 sent to TelemetryApp
[2025-08-13 08:39:40.666] [MSG_SENT] Message 2703 sent to FlightLogicApp
[2025-08-13 08:39:41.537] [MSG_SENT] Message 2701 sent to HKApp
[2025-08-13 08:39:41.667] [MSG_SENT] Message 2702 sent to TelemetryApp
[2025-08-13 08:39:41.669] [MSG_SENT] Message 2703 sent to FlightLogicApp
[2025-08-13 08:39:42.538] [MSG_SENT] Message 2701 sent to HKApp
[2025-08-13 08:39:42.670] [MSG_SENT] Message 2702 sent to TelemetryApp
[2025-08-13 08:39:42.671] [MSG_SENT] Message 2703 sent to FlightLogicApp
[2025-08-13 08:39:43.540] [MSG_SENT] Message 2701 sent to HKApp
[2025-08-13 08:39:43.673] [MSG_SENT] Message 2702 sent to TelemetryApp
[2025-08-13 08:39:43.674] [MSG_SENT] Message 2703 sent to FlightLogicApp
[2025-08-13 08:39:44.541] [MSG_SENT] Message 2701 sent to HKApp
[2025-08-13 08:39:44.675] [MSG_SENT] Message 2702 sent to TelemetryApp
[2025-08-13 08:39:44.676] [MSG_SENT] Message 2703 sent to FlightLogicApp
[2025-08-13 08:39:45.542] [MSG_SENT] Message 2701 sent to HKApp
[2025-08-13 08:39:45.678] [MSG_SENT] Message 2702 sent to TelemetryApp
[2025-08-13 08:39:45.678] [MSG_SENT] Message 2703 sent to FlightLogicApp
[2025-08-13 08:39:46.543] [MSG_SENT] Message 2701 sent to HKApp
[2025-08-13 08:39:46.681] [MSG_SENT] Message 2702 sent to TelemetryApp
[2025-08-13 08:39:46.682] [MSG_SENT] Message 2703 sent to FlightLogicApp
[2025-08-13 08:39:47.544] [MSG_SENT] Message 2701 sent to HKApp
[2025-08-13 08:39:47.684] [MSG_SENT] Message 2702 sent to TelemetryApp
[2025-08-13 08:39:47.685] [MSG_SENT] Message 2703 sent to FlightLogicApp
[2025-08-13 08:39:48.546] [MSG_SENT] Message 2701 sent to HKApp
[2025-08-13 08:39:48.686] [MSG_SENT] Message 2702 sent to TelemetryApp
[2025-08-13 08:39:48.687] [MSG_SENT] Message 2703 sent to FlightLogicApp
[2025-08-13 08:39:49.547] [MSG_SENT] Message 2701 sent to HKApp
[2025-08-13 08:39:49.689] [MSG_SENT] Message 2702 sent to TelemetryApp
[2025-08-13 08:39:49.690] [MSG_SENT] Message 2703 sent to FlightLogicApp
[2025-08-13 08:39:50.549] [MSG_SENT] Message 2701 sent to HKApp
[2025-08-13 08:39:50.692] [MSG_SENT] Message 2702 sent to TelemetryApp
[2025-08-13 08:39:50.693] [MSG_SENT] Message 2703 sent to FlightLogicApp
[2025-08-13 08:39:51.550] [MSG_SENT] Message 2701 sent to HKApp
[2025-08-13 08:39:51.695] [MSG_SENT] Message 2702 sent to TelemetryApp
[2025-08-13 08:39:51.696] [MSG_SENT] Message 2703 sent to FlightLogicApp
[2025-08-13 08:39:52.551] [MSG_SENT] Message 2701 sent to HKApp
[2025-08-13 08:39:52.697] [MSG_SENT] Message 2702 sent to TelemetryApp
[2025-08-13 08:39:52.698] [MSG_SENT] Message 2703 sent to FlightLogicApp
[2025-08-13 08:39:53.553] [MSG_SENT] Message 2701 sent to HKApp
[2025-08-13 08:39:53.699] [MSG_SENT] Message 2702 sent to TelemetryApp
[2025-08-13 08:39:53.700] [MSG_SENT] Message 2703 sent to FlightLogicApp
[2025-08-13 08:39:54.554] [MSG_SENT] Message 2701 sent to HKApp
[2025-08-13 08:39:54.701] [MSG_SENT] Message 2702 sent to TelemetryApp
[2025-08-13 08:39:54.702] [MSG_SENT] Message 2703 sent to FlightLogicApp
[2025-08-13 08:39:55.556] [MSG_SENT] Message 2701 sent to HKApp
[2025-08-13 08:39:55.703] [MSG_SENT] Message 2702 sent to TelemetryApp
[2025-08-13 08:39:55.705] [MSG_SENT] Message 2703 sent to FlightLogicApp
[2025-08-13 08:39:56.557] [MSG_SENT] Message 2701 sent to HKApp
[2025-08-13 08:39:56.706] [MSG_SENT] Message 2702 sent to TelemetryApp
[2025-08-13 08:39:56.707] [MSG_SENT] Message 2703 sent to FlightLogicApp
[2025-08-13 08:39:57.560] [MSG_SENT] Message 2701 sent to HKApp
[2025-08-13 08:39:57.709] [MSG_SENT] Message 2702 sent to TelemetryApp
[2025-08-13 08:39:57.709] [MSG_SENT] Message 2703 sent to FlightLogicApp
[2025-08-13 08:39:58.561] [MSG_SENT] Message 2701 sent to HKApp
[2025-08-13 08:39:58.711] [MSG_SENT] Message 2702 sent to TelemetryApp
[2025-08-13 08:39:58.712] [MSG_SENT] Message 2703 sent to FlightLogicApp
[2025-08-13 08:39:59.562] [MSG_SENT] Message 2701 sent to HKApp
[2025-08-13 08:39:59.714] [MSG_SENT] Message 2702 sent to TelemetryApp
[2025-08-13 08:39:59.715] [MSG_SENT] Message 2703 sent to FlightLogicApp
[2025-08-13 08:40:00.563] [MSG_SENT] Message 2701 sent to HKApp
[2025-08-13 08:40:00.716] [MSG_SENT] Message 2702 sent to TelemetryApp
[2025-08-13 08:40:00.718] [MSG_SENT] Message 2703 sent to FlightLogicApp
[2025-08-13 08:40:01.565] [MSG_SENT] Message 2701 sent to HKApp
[2025-08-13 08:40:01.719] [MSG_SENT] Message 2702 sent to TelemetryApp
[2025-08-13 08:40:01.720] [MSG_SENT] Message 2703 sent to FlightLogicApp
[2025-08-13 08:40:02.566] [MSG_SENT] Message 2701 sent to HKApp
[2025-08-13 08:40:02.721] [MSG_SENT] Message 2702 sent to TelemetryApp
[2025-08-13 08:40:02.722] [MSG_SENT] Message 2703 sent to FlightLogicApp
[2025-08-13 08:40:03.568] [MSG_SENT] Message 2701 sent to HKApp
[2025-08-13 08:40:03.725] [MSG_SENT] Message 2702 sent to TelemetryApp
[2025-08-13 08:40:03.725] [MSG_SENT] Message 2703 sent to FlightLogicApp
[2025-08-13 08:40:04.570] [MSG_SENT] Message 2701 sent to HKApp
[2025-08-13 08:40:04.727] [MSG_SENT] Message 2702 sent to TelemetryApp
[2025-08-13 08:40:04.728] [MSG_SENT] Message 2703 sent to FlightLogicApp
[2025-08-13 08:40:05.571] [MSG_SENT] Message 2701 sent to HKApp
[2025-08-13 08:40:05.729] [MSG_SENT] Message 2702 sent to TelemetryApp
[2025-08-13 08:40:05.730] [MSG_SENT] Message 2703 sent to FlightLogicApp
[2025-08-13 08:40:06.573] [MSG_SENT] Message 2701 sent to HKApp
[2025-08-13 08:40:06.731] [MSG_SENT] Message 2702 sent to TelemetryApp
[2025-08-13 08:40:06.732] [MSG_SENT] Message 2703 sent to FlightLogicApp
[2025-08-13 08:40:07.574] [MSG_SENT] Message 2701 sent to HKApp
[2025-08-13 08:40:07.734] [MSG_SENT] Message 2702 sent to TelemetryApp
[2025-08-13 08:40:07.735] [MSG_SENT] Message 2703 sent to FlightLogicApp
[2025-08-13 08:40:08.576] [MSG_SENT] Message 2701 sent to HKApp
[2025-08-13 08:40:08.736] [MSG_SENT] Message 2702 sent to TelemetryApp
[2025-08-13 08:40:08.737] [MSG_SENT] Message 2703 sent to FlightLogicApp
[2025-08-13 08:40:09.578] [MSG_SENT] Message 2701 sent to HKApp
[2025-08-13 08:40:09.739] [MSG_SENT] Message 2702 sent to TelemetryApp
[2025-08-13 08:40:09.740] [MSG_SENT] Message 2703 sent to FlightLogicApp
[2025-08-13 08:40:10.580] [MSG_SENT] Message 2701 sent to HKApp
[2025-08-13 08:40:10.741] [MSG_SENT] Message 2702 sent to TelemetryApp
[2025-08-13 08:40:10.742] [MSG_SENT] Message 2703 sent to FlightLogicApp
[2025-08-13 08:40:11.582] [MSG_SENT] Message 2701 sent to HKApp
[2025-08-13 08:40:11.743] [MSG_SENT] Message 2702 sent to TelemetryApp
[2025-08-13 08:40:11.744] [MSG_SENT] Message 2703 sent to FlightLogicApp
[2025-08-13 08:40:12.583] [MSG_SENT] Message 2701 sent to HKApp
[2025-08-13 08:40:12.745] [MSG_SENT] Message 2702 sent to TelemetryApp
[2025-08-13 08:40:12.746] [MSG_SENT] Message 2703 sent to FlightLogicApp
[2025-08-13 08:40:13.585] [MSG_SENT] Message 2701 sent to HKApp
[2025-08-13 08:40:13.747] [MSG_SENT] Message 2702 sent to TelemetryApp
[2025-08-13 08:40:13.748] [MSG_SENT] Message 2703 sent to FlightLogicApp
[2025-08-13 08:40:14.586] [MSG_SENT] Message 2701 sent to HKApp
[2025-08-13 08:40:14.751] [MSG_SENT] Message 2702 sent to TelemetryApp
[2025-08-13 08:40:14.751] [MSG_SENT] Message 2703 sent to FlightLogicApp
[2025-08-13 08:40:15.589] [MSG_SENT] Message 2701 sent to HKApp
[2025-08-13 08:40:15.753] [MSG_SENT] Message 2702 sent to TelemetryApp
[2025-08-13 08:40:15.754] [MSG_SENT] Message 2703 sent to FlightLogicApp
[2025-08-13 08:40:16.592] [MSG_SENT] Message 2701 sent to HKApp
[2025-08-13 08:40:16.757] [MSG_SENT] Message 2702 sent to TelemetryApp
[2025-08-13 08:40:16.759] [MSG_SENT] Message 2703 sent to FlightLogicApp
[2025-08-13 08:40:17.593] [MSG_SENT] Message 2701 sent to HKApp
[2025-08-13 08:40:17.760] [MSG_SENT] Message 2702 sent to TelemetryApp
[2025-08-13 08:40:17.760] [MSG_SENT] Message 2703 sent to FlightLogicApp
[2025-08-13 08:40:18.594] [MSG_SENT] Message 2701 sent to HKApp
[2025-08-13 08:40:18.762] [MSG_SENT] Message 2702 sent to TelemetryApp
[2025-08-13 08:40:18.763] [MSG_SENT] Message 2703 sent to FlightLogicApp
[2025-08-13 08:40:19.595] [MSG_SENT] Message 2701 sent to HKApp
[2025-08-13 08:40:19.764] [MSG_SENT] Message 2702 sent to TelemetryApp
[2025-08-13 08:40:19.765] [MSG_SENT] Message 2703 sent to FlightLogicApp
[2025-08-13 08:40:20.597] [MSG_SENT] Message 2701 sent to HKApp
[2025-08-13 08:40:20.766] [MSG_SENT] Message 2702 sent to TelemetryApp
[2025-08-13 08:40:20.767] [MSG_SENT] Message 2703 sent to FlightLogicApp
[2025-08-13 08:40:21.599] [MSG_SENT] Message 2701 sent to HKApp
[2025-08-13 08:40:21.769] [MSG_SENT] Message 2702 sent to TelemetryApp
[2025-08-13 08:40:21.771] [MSG_SENT] Message 2703 sent to FlightLogicApp
[2025-08-13 08:40:22.601] [MSG_SENT] Message 2701 sent to HKApp
[2025-08-13 08:40:22.773] [MSG_SENT] Message 2702 sent to TelemetryApp
[2025-08-13 08:40:22.774] [MSG_SENT] Message 2703 sent to FlightLogicApp
[2025-08-13 08:40:23.602] [MSG_SENT] Message 2701 sent to HKApp
[2025-08-13 08:40:23.776] [MSG_SENT] Message 2702 sent to TelemetryApp
[2025-08-13 08:40:23.777] [MSG_SENT] Message 2703 sent to FlightLogicApp
[2025-08-13 08:40:24.603] [MSG_SENT] Message 2701 sent to HKApp
[2025-08-13 08:40:24.778] [MSG_SENT] Message 2702 sent to TelemetryApp
[2025-08-13 08:40:24.780] [MSG_SENT] Message 2703 sent to FlightLogicApp
[2025-08-13 08:40:25.605] [MSG_SENT] Message 2701 sent to HKApp
[2025-08-13 08:40:25.781] [MSG_SENT] Message 2702 sent to TelemetryApp
[2025-08-13 08:40:25.783] [MSG_SENT] Message 2703 sent to FlightLogicApp
[2025-08-13 08:40:26.606] [MSG_SENT] Message 2701 sent to HKApp
[2025-08-13 08:40:26.784] [MSG_SENT] Message 2702 sent to TelemetryApp
[2025-08-13 08:40:26.784] [MSG_SENT] Message 2703 sent to FlightLogicApp
[2025-08-13 08:40:27.608] [MSG_SENT] Message 2701 sent to HKApp
[2025-08-13 08:40:27.787] [MSG_SENT] Message 2702 sent to TelemetryApp
[2025-08-13 08:40:27.788] [MSG_SENT] Message 2703 sent to FlightLogicApp
[2025-08-13 08:40:28.610] [MSG_SENT] Message 2701 sent to HKApp
[2025-08-13 08:40:28.789] [MSG_SENT] Message 2702 sent to TelemetryApp
[2025-08-13 08:40:28.791] [MSG_SENT] Message 2703 sent to FlightLogicApp
[2025-08-13 08:40:29.611] [MSG_SENT] Message 2701 sent to HKApp
[2025-08-13 08:40:29.793] [MSG_SENT] Message 2702 sent to TelemetryApp
[2025-08-13 08:40:29.794] [MSG_SENT] Message 2703 sent to FlightLogicApp
[2025-08-13 08:40:30.612] [MSG_SENT] Message 2701 sent to HKApp
[2025-08-13 08:40:30.797] [MSG_SENT] Message 2702 sent to TelemetryApp
[2025-08-13 08:40:30.798] [MSG_SENT] Message 2703 sent to FlightLogicApp
[2025-08-13 08:40:31.613] [MSG_SENT] Message 2701 sent to HKApp
[2025-08-13 08:40:31.800] [MSG_SENT] Message 2702 sent to TelemetryApp
[2025-08-13 08:40:31.801] [MSG_SENT] Message 2703 sent to FlightLogicApp
[2025-08-13 08:40:32.615] [MSG_SENT] Message 2701 sent to HKApp
[2025-08-13 08:40:32.802] [MSG_SENT] Message 2702 sent to TelemetryApp
[2025-08-13 08:40:32.803] [MSG_SENT] Message 2703 sent to FlightLogicApp
[2025-08-13 08:40:33.616] [MSG_SENT] Message 2701 sent to HKApp
[2025-08-13 08:40:33.805] [MSG_SENT] Message 2702 sent to TelemetryApp
[2025-08-13 08:40:33.806] [MSG_SENT] Message 2703 sent to FlightLogicApp
[2025-08-13 08:40:34.617] [MSG_SENT] Message 2701 sent to HKApp
[2025-08-13 08:40:34.808] [MSG_SENT] Message 2702 sent to TelemetryApp
[2025-08-13 08:40:34.808] [MSG_SENT] Message 2703 sent to FlightLogicApp
[2025-08-13 08:40:35.619] [MSG_SENT] Message 2701 sent to HKApp
[2025-08-13 08:40:35.810] [MSG_SENT] Message 2702 sent to TelemetryApp
[2025-08-13 08:40:35.811] [MSG_SENT] Message 2703 sent to FlightLogicApp
[2025-08-13 08:40:36.621] [MSG_SENT] Message 2701 sent to HKApp
[2025-08-13 08:40:36.813] [MSG_SENT] Message 2702 sent to TelemetryApp
[2025-08-13 08:40:36.814] [MSG_SENT] Message 2703 sent to FlightLogicApp
[2025-08-13 08:40:37.623] [MSG_SENT] Message 2701 sent to HKApp
[2025-08-13 08:40:37.816] [MSG_SENT] Message 2702 sent to TelemetryApp
[2025-08-13 08:40:37.816] [MSG_SENT] Message 2703 sent to FlightLogicApp
[2025-08-13 08:40:38.624] [MSG_SENT] Message 2701 sent to HKApp
[2025-08-13 08:40:38.818] [MSG_SENT] Message 2702 sent to TelemetryApp
[2025-08-13 08:40:38.819] [MSG_SENT] Message 2703 sent to FlightLogicApp
[2025-08-13 08:40:39.626] [MSG_SENT] Message 2701 sent to HKApp
[2025-08-13 08:40:39.820] [MSG_SENT] Message 2702 sent to TelemetryApp
[2025-08-13 08:40:39.821] [MSG_SENT] Message 2703 sent to FlightLogicApp
[2025-08-13 08:40:40.627] [MSG_SENT] Message 2701 sent to HKApp
[2025-08-13 08:40:40.822] [MSG_SENT] Message 2702 sent to TelemetryApp
[2025-08-13 08:40:40.823] [MSG_SENT] Message 2703 sent to FlightLogicApp
[2025-08-13 08:40:41.628] [MSG_SENT] Message 2701 sent to HKApp
[2025-08-13 08:40:41.824] [MSG_SENT] Message 2702 sent to TelemetryApp
[2025-08-13 08:40:41.825] [MSG_SENT] Message 2703 sent to FlightLogicApp
[2025-08-13 08:40:42.629] [MSG_SENT] Message 2701 sent to HKApp
[2025-08-13 08:40:42.827] [MSG_SENT] Message 2702 sent to TelemetryApp
[2025-08-13 08:40:42.828] [MSG_SENT] Message 2703 sent to FlightLogicApp
[2025-08-13 08:40:43.631] [MSG_SENT] Message 2701 sent to HKApp
[2025-08-13 08:40:43.831] [MSG_SENT] Message 2702 sent to TelemetryApp
[2025-08-13 08:40:43.832] [MSG_SENT] Message 2703 sent to FlightLogicApp
[2025-08-13 08:40:44.632] [MSG_SENT] Message 2701 sent to HKApp
[2025-08-13 08:40:44.834] [MSG_SENT] Message 2702 sent to TelemetryApp
[2025-08-13 08:40:44.835] [MSG_SENT] Message 2703 sent to FlightLogicApp
[2025-08-13 08:40:45.634] [MSG_SENT] Message 2701 sent to HKApp
[2025-08-13 08:40:45.836] [MSG_SENT] Message 2702 sent to TelemetryApp
[2025-08-13 08:40:45.837] [MSG_SENT] Message 2703 sent to FlightLogicApp
[2025-08-13 08:40:46.635] [MSG_SENT] Message 2701 sent to HKApp
[2025-08-13 08:40:46.838] [MSG_SENT] Message 2702 sent to TelemetryApp
[2025-08-13 08:40:46.839] [MSG_SENT] Message 2703 sent to FlightLogicApp
[2025-08-13 08:40:47.636] [MSG_SENT] Message 2701 sent to HKApp
[2025-08-13 08:40:47.840] [MSG_SENT] Message 2702 sent to TelemetryApp
[2025-08-13 08:40:47.842] [MSG_SENT] Message 2703 sent to FlightLogicApp
[2025-08-13 08:40:48.637] [MSG_SENT] Message 2701 sent to HKApp
[2025-08-13 08:40:48.843] [MSG_SENT] Message 2702 sent to TelemetryApp
[2025-08-13 08:40:48.844] [MSG_SENT] Message 2703 sent to FlightLogicApp
[2025-08-13 08:40:49.639] [MSG_SENT] Message 2701 sent to HKApp
[2025-08-13 08:40:49.845] [MSG_SENT] Message 2702 sent to TelemetryApp
[2025-08-13 08:40:49.846] [MSG_SENT] Message 2703 sent to FlightLogicApp
[2025-08-13 08:40:50.640] [MSG_SENT] Message 2701 sent to HKApp
[2025-08-13 08:40:50.848] [MSG_SENT] Message 2702 sent to TelemetryApp
[2025-08-13 08:40:50.849] [MSG_SENT] Message 2703 sent to FlightLogicApp
[2025-08-13 08:40:51.642] [MSG_SENT] Message 2701 sent to HKApp
[2025-08-13 08:40:51.851] [MSG_SENT] Message 2702 sent to TelemetryApp
[2025-08-13 08:40:51.851] [MSG_SENT] Message 2703 sent to FlightLogicApp
[2025-08-13 08:40:52.643] [MSG_SENT] Message 2701 sent to HKApp
[2025-08-13 08:40:52.854] [MSG_SENT] Message 2702 sent to TelemetryApp
[2025-08-13 08:40:52.856] [MSG_SENT] Message 2703 sent to FlightLogicApp
[2025-08-13 08:40:53.644] [MSG_SENT] Message 2701 sent to HKApp
[2025-08-13 08:40:53.857] [MSG_SENT] Message 2702 sent to TelemetryApp
[2025-08-13 08:40:53.858] [MSG_SENT] Message 2703 sent to FlightLogicApp
[2025-08-13 08:40:54.645] [MSG_SENT] Message 2701 sent to HKApp
[2025-08-13 08:40:54.859] [MSG_SENT] Message 2702 sent to TelemetryApp
[2025-08-13 08:40:54.860] [MSG_SENT] Message 2703 sent to FlightLogicApp
[2025-08-13 08:40:55.646] [MSG_SENT] Message 2701 sent to HKApp
[2025-08-13 08:40:55.861] [MSG_SENT] Message 2702 sent to TelemetryApp
[2025-08-13 08:40:55.863] [MSG_SENT] Message 2703 sent to FlightLogicApp
[2025-08-13 08:40:56.648] [MSG_SENT] Message 2701 sent to HKApp
[2025-08-13 08:40:56.864] [MSG_SENT] Message 2702 sent to TelemetryApp
[2025-08-13 08:40:56.865] [MSG_SENT] Message 2703 sent to FlightLogicApp
[2025-08-13 08:40:57.649] [MSG_SENT] Message 2701 sent to HKApp
[2025-08-13 08:40:57.867] [MSG_SENT] Message 2702 sent to TelemetryApp
[2025-08-13 08:40:57.867] [MSG_SENT] Message 2703 sent to FlightLogicApp
[2025-08-13 08:40:58.650] [MSG_SENT] Message 2701 sent to HKApp
[2025-08-13 08:40:58.869] [MSG_SENT] Message 2702 sent to TelemetryApp
[2025-08-13 08:40:58.870] [MSG_SENT] Message 2703 sent to FlightLogicApp
[2025-08-13 08:40:59.652] [MSG_SENT] Message 2701 sent to HKApp
[2025-08-13 08:40:59.871] [MSG_SENT] Message 2702 sent to TelemetryApp
[2025-08-13 08:40:59.872] [MSG_SENT] Message 2703 sent to FlightLogicApp
[2025-08-13 08:41:00.653] [MSG_SENT] Message 2701 sent to HKApp
[2025-08-13 08:41:00.873] [MSG_SENT] Message 2702 sent to TelemetryApp
[2025-08-13 08:41:00.874] [MSG_SENT] Message 2703 sent to FlightLogicApp
[2025-08-13 08:41:01.654] [MSG_SENT] Message 2701 sent to HKApp
[2025-08-13 08:41:01.875] [MSG_SENT] Message 2702 sent to TelemetryApp
[2025-08-13 08:41:01.876] [MSG_SENT] Message 2703 sent to FlightLogicApp
[2025-08-13 08:41:02.655] [MSG_SENT] Message 2701 sent to HKApp
[2025-08-13 08:41:02.878] [MSG_SENT] Message 2702 sent to TelemetryApp
[2025-08-13 08:41:02.879] [MSG_SENT] Message 2703 sent to FlightLogicApp
[2025-08-13 08:41:03.657] [MSG_SENT] Message 2701 sent to HKApp
[2025-08-13 08:41:03.880] [MSG_SENT] Message 2702 sent to TelemetryApp
[2025-08-13 08:41:03.881] [MSG_SENT] Message 2703 sent to FlightLogicApp
[2025-08-13 08:41:04.658] [MSG_SENT] Message 2701 sent to HKApp
[2025-08-13 08:41:04.883] [MSG_SENT] Message 2702 sent to TelemetryApp
[2025-08-13 08:41:04.883] [MSG_SENT] Message 2703 sent to FlightLogicApp
[2025-08-13 08:41:05.659] [MSG_SENT] Message 2701 sent to HKApp
[2025-08-13 08:41:05.886] [MSG_SENT] Message 2702 sent to TelemetryApp
[2025-08-13 08:41:05.887] [MSG_SENT] Message 2703 sent to FlightLogicApp
[2025-08-13 08:41:06.660] [MSG_SENT] Message 2701 sent to HKApp
[2025-08-13 08:41:06.889] [MSG_SENT] Message 2702 sent to TelemetryApp
[2025-08-13 08:41:06.889] [MSG_SENT] Message 2703 sent to FlightLogicApp
[2025-08-13 08:41:07.662] [MSG_SENT] Message 2701 sent to HKApp
[2025-08-13 08:41:07.891] [MSG_SENT] Message 2702 sent to TelemetryApp
[2025-08-13 08:41:07.892] [MSG_SENT] Message 2703 sent to FlightLogicApp
[2025-08-13 08:41:08.664] [MSG_SENT] Message 2701 sent to HKApp
[2025-08-13 08:41:08.894] [MSG_SENT] Message 2702 sent to TelemetryApp
[2025-08-13 08:41:08.895] [MSG_SENT] Message 2703 sent to FlightLogicApp
[2025-08-13 08:41:09.665] [MSG_SENT] Message 2701 sent to HKApp
[2025-08-13 08:41:09.896] [MSG_SENT] Message 2702 sent to TelemetryApp
[2025-08-13 08:41:09.897] [MSG_SENT] Message 2703 sent to FlightLogicApp
[2025-08-13 08:41:10.667] [MSG_SENT] Message 2701 sent to HKApp
[2025-08-13 08:41:10.898] [MSG_SENT] Message 2702 sent to TelemetryApp
[2025-08-13 08:41:10.899] [MSG_SENT] Message 2703 sent to FlightLogicApp
[2025-08-13 08:41:11.668] [MSG_SENT] Message 2701 sent to HKApp
[2025-08-13 08:41:11.900] [MSG_SENT] Message 2702 sent to TelemetryApp
[2025-08-13 08:41:11.901] [MSG_SENT] Message 2703 sent to FlightLogicApp
[2025-08-13 08:41:12.669] [MSG_SENT] Message 2701 sent to HKApp
[2025-08-13 08:41:12.903] [MSG_SENT] Message 2702 sent to TelemetryApp
[2025-08-13 08:41:12.904] [MSG_SENT] Message 2703 sent to FlightLogicApp
[2025-08-13 08:41:13.671] [MSG_SENT] Message 2701 sent to HKApp
[2025-08-13 08:41:13.906] [MSG_SENT] Message 2702 sent to TelemetryApp
[2025-08-13 08:41:13.907] [MSG_SENT] Message 2703 sent to FlightLogicApp
[2025-08-13 08:41:14.672] [MSG_SENT] Message 2701 sent to HKApp
[2025-08-13 08:41:14.909] [MSG_SENT] Message 2702 sent to TelemetryApp
[2025-08-13 08:41:14.910] [MSG_SENT] Message 2703 sent to FlightLogicApp
[2025-08-13 08:41:15.673] [MSG_SENT] Message 2701 sent to HKApp
[2025-08-13 08:41:15.911] [MSG_SENT] Message 2702 sent to TelemetryApp
[2025-08-13 08:41:15.913] [MSG_SENT] Message 2703 sent to FlightLogicApp
[2025-08-13 08:41:16.674] [MSG_SENT] Message 2701 sent to HKApp
[2025-08-13 08:41:16.915] [MSG_SENT] Message 2702 sent to TelemetryApp
[2025-08-13 08:41:16.916] [MSG_SENT] Message 2703 sent to FlightLogicApp
[2025-08-13 08:41:17.676] [MSG_SENT] Message 2701 sent to HKApp
[2025-08-13 08:41:17.917] [MSG_SENT] Message 2702 sent to TelemetryApp
[2025-08-13 08:41:17.918] [MSG_SENT] Message 2703 sent to FlightLogicApp
[2025-08-13 08:41:18.678] [MSG_SENT] Message 2701 sent to HKApp
[2025-08-13 08:41:18.920] [MSG_SENT] Message 2702 sent to TelemetryApp
[2025-08-13 08:41:18.921] [MSG_SENT] Message 2703 sent to FlightLogicApp
[2025-08-13 08:41:19.679] [MSG_SENT] Message 2701 sent to HKApp
[2025-08-13 08:41:19.922] [MSG_SENT] Message 2702 sent to TelemetryApp
[2025-08-13 08:41:19.923] [MSG_SENT] Message 2703 sent to FlightLogicApp
[2025-08-13 08:41:20.681] [MSG_SENT] Message 2701 sent to HKApp
[2025-08-13 08:41:20.924] [MSG_SENT] Message 2702 sent to TelemetryApp
[2025-08-13 08:41:20.925] [MSG_SENT] Message 2703 sent to FlightLogicApp
[2025-08-13 08:41:21.682] [MSG_SENT] Message 2701 sent to HKApp
[2025-08-13 08:41:21.926] [MSG_SENT] Message 2702 sent to TelemetryApp
[2025-08-13 08:41:21.927] [MSG_SENT] Message 2703 sent to FlightLogicApp
[2025-08-13 08:41:22.683] [MSG_SENT] Message 2701 sent to HKApp
[2025-08-13 08:41:22.928] [MSG_SENT] Message 2702 sent to TelemetryApp
[2025-08-13 08:41:22.930] [MSG_SENT] Message 2703 sent to FlightLogicApp
[2025-08-13 08:41:23.685] [MSG_SENT] Message 2701 sent to HKApp
[2025-08-13 08:41:23.931] [MSG_SENT] Message 2702 sent to TelemetryApp
[2025-08-13 08:41:23.933] [MSG_SENT] Message 2703 sent to FlightLogicApp
[2025-08-13 08:41:24.686] [MSG_SENT] Message 2701 sent to HKApp
[2025-08-13 08:41:24.935] [MSG_SENT] Message 2702 sent to TelemetryApp
[2025-08-13 08:41:24.936] [MSG_SENT] Message 2703 sent to FlightLogicApp
[2025-08-13 08:41:25.687] [MSG_SENT] Message 2701 sent to HKApp
[2025-08-13 08:41:25.937] [MSG_SENT] Message 2702 sent to TelemetryApp
[2025-08-13 08:41:25.938] [MSG_SENT] Message 2703 sent to FlightLogicApp
[2025-08-13 08:41:26.689] [MSG_SENT] Message 2701 sent to HKApp
[2025-08-13 08:41:26.940] [MSG_SENT] Message 2702 sent to TelemetryApp
[2025-08-13 08:41:26.941] [MSG_SENT] Message 2703 sent to FlightLogicApp
[2025-08-13 08:41:27.690] [MSG_SENT] Message 2701 sent to HKApp
[2025-08-13 08:41:27.943] [MSG_SENT] Message 2702 sent to TelemetryApp
[2025-08-13 08:41:27.944] [MSG_SENT] Message 2703 sent to FlightLogicApp
[2025-08-13 08:41:28.691] [MSG_SENT] Message 2701 sent to HKApp
[2025-08-13 08:41:28.945] [MSG_SENT] Message 2702 sent to TelemetryApp
[2025-08-13 08:41:28.946] [MSG_SENT] Message 2703 sent to FlightLogicApp
[2025-08-13 08:41:29.693] [MSG_SENT] Message 2701 sent to HKApp
[2025-08-13 08:41:29.948] [MSG_SENT] Message 2702 sent to TelemetryApp
[2025-08-13 08:41:29.949] [MSG_SENT] Message 2703 sent to FlightLogicApp
[2025-08-13 08:41:30.694] [MSG_SENT] Message 2701 sent to HKApp
[2025-08-13 08:41:30.951] [MSG_SENT] Message 2702 sent to TelemetryApp
[2025-08-13 08:41:30.952] [MSG_SENT] Message 2703 sent to FlightLogicApp
[2025-08-13 08:41:31.696] [MSG_SENT] Message 2701 sent to HKApp
[2025-08-13 08:41:31.954] [MSG_SENT] Message 2702 sent to TelemetryApp
[2025-08-13 08:41:31.955] [MSG_SENT] Message 2703 sent to FlightLogicApp
[2025-08-13 08:41:32.697] [MSG_SENT] Message 2701 sent to HKApp
[2025-08-13 08:41:32.956] [MSG_SENT] Message 2702 sent to TelemetryApp
[2025-08-13 08:41:32.957] [MSG_SENT] Message 2703 sent to FlightLogicApp
[2025-08-13 08:41:33.699] [MSG_SENT] Message 2701 sent to HKApp
[2025-08-13 08:41:33.958] [MSG_SENT] Message 2702 sent to TelemetryApp
[2025-08-13 08:41:33.959] [MSG_SENT] Message 2703 sent to FlightLogicApp
[2025-08-13 08:41:34.700] [MSG_SENT] Message 2701 sent to HKApp
[2025-08-13 08:41:34.960] [MSG_SENT] Message 2702 sent to TelemetryApp
[2025-08-13 08:41:34.961] [MSG_SENT] Message 2703 sent to FlightLogicApp
[2025-08-13 08:41:35.701] [MSG_SENT] Message 2701 sent to HKApp
[2025-08-13 08:41:35.963] [MSG_SENT] Message 2702 sent to TelemetryApp
[2025-08-13 08:41:35.963] [MSG_SENT] Message 2703 sent to FlightLogicApp
[2025-08-13 08:41:36.703] [MSG_SENT] Message 2701 sent to HKApp
[2025-08-13 08:41:36.965] [MSG_SENT] Message 2702 sent to TelemetryApp
[2025-08-13 08:41:36.966] [MSG_SENT] Message 2703 sent to FlightLogicApp
[2025-08-13 08:41:37.704] [MSG_SENT] Message 2701 sent to HKApp
[2025-08-13 08:41:37.968] [MSG_SENT] Message 2702 sent to TelemetryApp
[2025-08-13 08:41:37.969] [MSG_SENT] Message 2703 sent to FlightLogicApp
[2025-08-13 08:41:38.706] [MSG_SENT] Message 2701 sent to HKApp
[2025-08-13 08:41:38.971] [MSG_SENT] Message 2702 sent to TelemetryApp
[2025-08-13 08:41:38.972] [MSG_SENT] Message 2703 sent to FlightLogicApp
[2025-08-13 08:41:39.708] [MSG_SENT] Message 2701 sent to HKApp
[2025-08-13 08:41:39.973] [MSG_SENT] Message 2702 sent to TelemetryApp
[2025-08-13 08:41:39.974] [MSG_SENT] Message 2703 sent to FlightLogicApp
[2025-08-13 08:41:40.709] [MSG_SENT] Message 2701 sent to HKApp
[2025-08-13 08:41:40.975] [MSG_SENT] Message 2702 sent to TelemetryApp
[2025-08-13 08:41:40.976] [MSG_SENT] Message 2703 sent to FlightLogicApp
[2025-08-13 08:41:41.711] [MSG_SENT] Message 2701 sent to HKApp
[2025-08-13 08:41:41.978] [MSG_SENT] Message 2702 sent to TelemetryApp
[2025-08-13 08:41:41.978] [MSG_SENT] Message 2703 sent to FlightLogicApp
[2025-08-13 08:41:42.712] [MSG_SENT] Message 2701 sent to HKApp
[2025-08-13 08:41:42.980] [MSG_SENT] Message 2702 sent to TelemetryApp
[2025-08-13 08:41:42.981] [MSG_SENT] Message 2703 sent to FlightLogicApp
[2025-08-13 08:41:43.713] [MSG_SENT] Message 2701 sent to HKApp
[2025-08-13 08:41:43.982] [MSG_SENT] Message 2702 sent to TelemetryApp
[2025-08-13 08:41:43.983] [MSG_SENT] Message 2703 sent to FlightLogicApp
[2025-08-13 08:41:44.714] [MSG_SENT] Message 2701 sent to HKApp
[2025-08-13 08:41:44.985] [MSG_SENT] Message 2702 sent to TelemetryApp
[2025-08-13 08:41:44.986] [MSG_SENT] Message 2703 sent to FlightLogicApp
[2025-08-13 08:41:45.716] [MSG_SENT] Message 2701 sent to HKApp
[2025-08-13 08:41:45.988] [MSG_SENT] Message 2702 sent to TelemetryApp
[2025-08-13 08:41:45.989] [MSG_SENT] Message 2703 sent to FlightLogicApp
[2025-08-13 08:41:46.717] [MSG_SENT] Message 2701 sent to HKApp
[2025-08-13 08:41:46.990] [MSG_SENT] Message 2702 sent to TelemetryApp
[2025-08-13 08:41:46.991] [MSG_SENT] Message 2703 sent to FlightLogicApp
[2025-08-13 08:41:47.719] [MSG_SENT] Message 2701 sent to HKApp
[2025-08-13 08:41:47.993] [MSG_SENT] Message 2702 sent to TelemetryApp
[2025-08-13 08:41:47.994] [MSG_SENT] Message 2703 sent to FlightLogicApp
[2025-08-13 08:41:48.720] [MSG_SENT] Message 2701 sent to HKApp
[2025-08-13 08:41:48.995] [MSG_SENT] Message 2702 sent to TelemetryApp
[2025-08-13 08:41:48.996] [MSG_SENT] Message 2703 sent to FlightLogicApp
[2025-08-13 08:41:49.721] [MSG_SENT] Message 2701 sent to HKApp
[2025-08-13 08:41:49.998] [MSG_SENT] Message 2702 sent to TelemetryApp
[2025-08-13 08:41:50.000] [MSG_SENT] Message 2703 sent to FlightLogicApp
[2025-08-13 08:41:50.722] [MSG_SENT] Message 2701 sent to HKApp
[2025-08-13 08:41:51.002] [MSG_SENT] Message 2702 sent to TelemetryApp
[2025-08-13 08:41:51.003] [MSG_SENT] Message 2703 sent to FlightLogicApp
[2025-08-13 08:41:51.724] [MSG_SENT] Message 2701 sent to HKApp
[2025-08-13 08:41:52.004] [MSG_SENT] Message 2702 sent to TelemetryApp
[2025-08-13 08:41:52.005] [MSG_SENT] Message 2703 sent to FlightLogicApp
[2025-08-13 08:41:52.725] [MSG_SENT] Message 2701 sent to HKApp
[2025-08-13 08:41:53.007] [MSG_SENT] Message 2702 sent to TelemetryApp
[2025-08-13 08:41:53.008] [MSG_SENT] Message 2703 sent to FlightLogicApp
[2025-08-13 08:41:53.726] [MSG_SENT] Message 2701 sent to HKApp
[2025-08-13 08:41:54.009] [MSG_SENT] Message 2702 sent to TelemetryApp
[2025-08-13 08:41:54.010] [MSG_SENT] Message 2703 sent to FlightLogicApp
[2025-08-13 08:41:54.727] [MSG_SENT] Message 2701 sent to HKApp
[2025-08-13 08:41:55.012] [MSG_SENT] Message 2702 sent to TelemetryApp
[2025-08-13 08:41:55.012] [MSG_SENT] Message 2703 sent to FlightLogicApp
[2025-08-13 08:41:55.729] [MSG_SENT] Message 2701 sent to HKApp
[2025-08-13 08:41:56.014] [MSG_SENT] Message 2702 sent to TelemetryApp
[2025-08-13 08:41:56.015] [MSG_SENT] Message 2703 sent to FlightLogicApp
[2025-08-13 08:41:56.730] [MSG_SENT] Message 2701 sent to HKApp
[2025-08-13 08:41:57.016] [MSG_SENT] Message 2702 sent to TelemetryApp
[2025-08-13 08:41:57.017] [MSG_SENT] Message 2703 sent to FlightLogicApp
[2025-08-13 08:41:57.731] [MSG_SENT] Message 2701 sent to HKApp
[2025-08-13 08:41:58.018] [MSG_SENT] Message 2702 sent to TelemetryApp
[2025-08-13 08:41:58.019] [MSG_SENT] Message 2703 sent to FlightLogicApp
[2025-08-13 08:41:58.733] [MSG_SENT] Message 2701 sent to HKApp
[2025-08-13 08:41:59.021] [MSG_SENT] Message 2702 sent to TelemetryApp
[2025-08-13 08:41:59.021] [MSG_SENT] Message 2703 sent to FlightLogicApp
[2025-08-13 08:41:59.734] [MSG_SENT] Message 2701 sent to HKApp
[2025-08-13 08:42:00.023] [MSG_SENT] Message 2702 sent to TelemetryApp
[2025-08-13 08:42:00.024] [MSG_SENT] Message 2703 sent to FlightLogicApp
[2025-08-13 08:42:00.735] [MSG_SENT] Message 2701 sent to HKApp
[2025-08-13 08:42:01.026] [MSG_SENT] Message 2702 sent to TelemetryApp
[2025-08-13 08:42:01.027] [MSG_SENT] Message 2703 sent to FlightLogicApp
[2025-08-13 08:42:01.737] [MSG_SENT] Message 2701 sent to HKApp
[2025-08-13 08:42:02.029] [MSG_SENT] Message 2702 sent to TelemetryApp
[2025-08-13 08:42:02.030] [MSG_SENT] Message 2703 sent to FlightLogicApp
[2025-08-13 08:42:02.738] [MSG_SENT] Message 2701 sent to HKApp
[2025-08-13 08:42:03.032] [MSG_SENT] Message 2702 sent to TelemetryApp
[2025-08-13 08:42:03.033] [MSG_SENT] Message 2703 sent to FlightLogicApp
[2025-08-13 08:42:03.741] [MSG_SENT] Message 2701 sent to HKApp
[2025-08-13 08:42:04.034] [MSG_SENT] Message 2702 sent to TelemetryApp
[2025-08-13 08:42:04.035] [MSG_SENT] Message 2703 sent to FlightLogicApp
[2025-08-13 08:42:04.742] [MSG_SENT] Message 2701 sent to HKApp
[2025-08-13 08:42:05.037] [MSG_SENT] Message 2702 sent to TelemetryApp
[2025-08-13 08:42:05.037] [MSG_SENT] Message 2703 sent to FlightLogicApp
[2025-08-13 08:42:05.743] [MSG_SENT] Message 2701 sent to HKApp
[2025-08-13 08:42:06.039] [MSG_SENT] Message 2702 sent to TelemetryApp
[2025-08-13 08:42:06.040] [MSG_SENT] Message 2703 sent to FlightLogicApp
[2025-08-13 08:42:06.746] [MSG_SENT] Message 2701 sent to HKApp
[2025-08-13 08:42:07.041] [MSG_SENT] Message 2702 sent to TelemetryApp
[2025-08-13 08:42:07.042] [MSG_SENT] Message 2703 sent to FlightLogicApp
[2025-08-13 08:42:07.747] [MSG_SENT] Message 2701 sent to HKApp
[2025-08-13 08:42:08.043] [MSG_SENT] Message 2702 sent to TelemetryApp
[2025-08-13 08:42:08.045] [MSG_SENT] Message 2703 sent to FlightLogicApp
[2025-08-13 08:42:08.749] [MSG_SENT] Message 2701 sent to HKApp
[2025-08-13 08:42:09.047] [MSG_SENT] Message 2702 sent to TelemetryApp
[2025-08-13 08:42:09.048] [MSG_SENT] Message 2703 sent to FlightLogicApp
[2025-08-13 08:42:09.750] [MSG_SENT] Message 2701 sent to HKApp
[2025-08-13 08:42:10.049] [MSG_SENT] Message 2702 sent to TelemetryApp
[2025-08-13 08:42:10.050] [MSG_SENT] Message 2703 sent to FlightLogicApp
[2025-08-13 08:42:10.752] [MSG_SENT] Message 2701 sent to HKApp
[2025-08-13 08:42:11.052] [MSG_SENT] Message 2702 sent to TelemetryApp
[2025-08-13 08:42:11.053] [MSG_SENT] Message 2703 sent to FlightLogicApp
[2025-08-13 08:42:11.753] [MSG_SENT] Message 2701 sent to HKApp
[2025-08-13 08:42:12.055] [MSG_SENT] Message 2702 sent to TelemetryApp
[2025-08-13 08:42:12.056] [MSG_SENT] Message 2703 sent to FlightLogicApp
[2025-08-13 08:42:12.754] [MSG_SENT] Message 2701 sent to HKApp
[2025-08-13 08:42:13.057] [MSG_SENT] Message 2702 sent to TelemetryApp
[2025-08-13 08:42:13.058] [MSG_SENT] Message 2703 sent to FlightLogicApp
[2025-08-13 08:42:13.755] [MSG_SENT] Message 2701 sent to HKApp
[2025-08-13 08:42:14.059] [MSG_SENT] Message 2702 sent to TelemetryApp
[2025-08-13 08:42:14.060] [MSG_SENT] Message 2703 sent to FlightLogicApp
[2025-08-13 08:42:14.757] [MSG_SENT] Message 2701 sent to HKApp
[2025-08-13 08:42:15.062] [MSG_SENT] Message 2702 sent to TelemetryApp
[2025-08-13 08:42:15.063] [MSG_SENT] Message 2703 sent to FlightLogicApp
[2025-08-13 08:42:15.759] [MSG_SENT] Message 2701 sent to HKApp
[2025-08-13 08:42:16.064] [MSG_SENT] Message 2702 sent to TelemetryApp
[2025-08-13 08:42:16.065] [MSG_SENT] Message 2703 sent to FlightLogicApp
[2025-08-13 08:42:16.760] [MSG_SENT] Message 2701 sent to HKApp
[2025-08-13 08:42:17.068] [MSG_SENT] Message 2702 sent to TelemetryApp
[2025-08-13 08:42:17.071] [MSG_SENT] Message 2703 sent to FlightLogicApp
[2025-08-13 08:42:17.761] [MSG_SENT] Message 2701 sent to HKApp
[2025-08-13 08:42:18.072] [MSG_SENT] Message 2702 sent to TelemetryApp
[2025-08-13 08:42:18.073] [MSG_SENT] Message 2703 sent to FlightLogicApp
[2025-08-13 08:42:18.763] [MSG_SENT] Message 2701 sent to HKApp
[2025-08-13 08:42:19.075] [MSG_SENT] Message 2702 sent to TelemetryApp
[2025-08-13 08:42:19.076] [MSG_SENT] Message 2703 sent to FlightLogicApp
[2025-08-13 08:42:19.763] [MSG_SENT] Message 2701 sent to HKApp
[2025-08-13 08:42:20.078] [MSG_SENT] Message 2702 sent to TelemetryApp
[2025-08-13 08:42:20.079] [MSG_SENT] Message 2703 sent to FlightLogicApp
[2025-08-13 08:42:20.765] [MSG_SENT] Message 2701 sent to HKApp
[2025-08-13 08:42:21.081] [MSG_SENT] Message 2702 sent to TelemetryApp
[2025-08-13 08:42:21.082] [MSG_SENT] Message 2703 sent to FlightLogicApp
[2025-08-13 08:42:21.766] [MSG_SENT] Message 2701 sent to HKApp
[2025-08-13 08:42:22.083] [MSG_SENT] Message 2702 sent to TelemetryApp
[2025-08-13 08:42:22.084] [MSG_SENT] Message 2703 sent to FlightLogicApp
[2025-08-13 08:42:22.768] [MSG_SENT] Message 2701 sent to HKApp
[2025-08-13 08:42:23.085] [MSG_SENT] Message 2702 sent to TelemetryApp
[2025-08-13 08:42:23.087] [MSG_SENT] Message 2703 sent to FlightLogicApp
[2025-08-13 08:42:23.769] [MSG_SENT] Message 2701 sent to HKApp
[2025-08-13 08:42:24.088] [MSG_SENT] Message 2702 sent to TelemetryApp
[2025-08-13 08:42:24.090] [MSG_SENT] Message 2703 sent to FlightLogicApp
[2025-08-13 08:42:24.770] [MSG_SENT] Message 2701 sent to HKApp
[2025-08-13 08:42:25.092] [MSG_SENT] Message 2702 sent to TelemetryApp
[2025-08-13 08:42:25.093] [MSG_SENT] Message 2703 sent to FlightLogicApp
[2025-08-13 08:42:25.771] [MSG_SENT] Message 2701 sent to HKApp
[2025-08-13 08:42:26.095] [MSG_SENT] Message 2702 sent to TelemetryApp
[2025-08-13 08:42:26.096] [MSG_SENT] Message 2703 sent to FlightLogicApp
[2025-08-13 08:42:26.774] [MSG_SENT] Message 2701 sent to HKApp
[2025-08-13 08:42:27.097] [MSG_SENT] Message 2702 sent to TelemetryApp
[2025-08-13 08:42:27.099] [MSG_SENT] Message 2703 sent to FlightLogicApp
[2025-08-13 08:42:27.776] [MSG_SENT] Message 2701 sent to HKApp
[2025-08-13 08:42:28.101] [MSG_SENT] Message 2702 sent to TelemetryApp
[2025-08-13 08:42:28.102] [MSG_SENT] Message 2703 sent to FlightLogicApp
[2025-08-13 08:42:28.778] [MSG_SENT] Message 2701 sent to HKApp
[2025-08-13 08:42:29.103] [MSG_SENT] Message 2702 sent to TelemetryApp
[2025-08-13 08:42:29.105] [MSG_SENT] Message 2703 sent to FlightLogicApp
[2025-08-13 08:42:29.779] [MSG_SENT] Message 2701 sent to HKApp
[2025-08-13 08:42:30.106] [MSG_SENT] Message 2702 sent to TelemetryApp
[2025-08-13 08:42:30.107] [MSG_SENT] Message 2703 sent to FlightLogicApp
[2025-08-13 08:42:30.780] [MSG_SENT] Message 2701 sent to HKApp
[2025-08-13 08:42:31.109] [MSG_SENT] Message 2702 sent to TelemetryApp
[2025-08-13 08:42:31.111] [MSG_SENT] Message 2703 sent to FlightLogicApp
[2025-08-13 08:42:31.781] [MSG_SENT] Message 2701 sent to HKApp
[2025-08-13 08:42:32.113] [MSG_SENT] Message 2702 sent to TelemetryApp
[2025-08-13 08:42:32.115] [MSG_SENT] Message 2703 sent to FlightLogicApp
[2025-08-13 08:42:32.782] [MSG_SENT] Message 2701 sent to HKApp
[2025-08-13 08:42:33.116] [MSG_SENT] Message 2702 sent to TelemetryApp
[2025-08-13 08:42:33.118] [MSG_SENT] Message 2703 sent to FlightLogicApp
[2025-08-13 08:42:33.784] [MSG_SENT] Message 2701 sent to HKApp
[2025-08-13 08:42:34.119] [MSG_SENT] Message 2702 sent to TelemetryApp
[2025-08-13 08:42:34.121] [MSG_SENT] Message 2703 sent to FlightLogicApp
[2025-08-13 08:42:34.785] [MSG_SENT] Message 2701 sent to HKApp
[2025-08-13 08:42:35.122] [MSG_SENT] Message 2702 sent to TelemetryApp
[2025-08-13 08:42:35.124] [MSG_SENT] Message 2703 sent to FlightLogicApp
[2025-08-13 08:42:35.787] [MSG_SENT] Message 2701 sent to HKApp
[2025-08-13 08:42:36.125] [MSG_SENT] Message 2702 sent to TelemetryApp
[2025-08-13 08:42:36.126] [MSG_SENT] Message 2703 sent to FlightLogicApp
[2025-08-13 08:42:36.788] [MSG_SENT] Message 2701 sent to HKApp
[2025-08-13 08:42:37.127] [MSG_SENT] Message 2702 sent to TelemetryApp
[2025-08-13 08:42:37.128] [MSG_SENT] Message 2703 sent to FlightLogicApp
[2025-08-13 08:42:37.790] [MSG_SENT] Message 2701 sent to HKApp
[2025-08-13 08:42:38.130] [MSG_SENT] Message 2702 sent to TelemetryApp
[2025-08-13 08:42:38.131] [MSG_SENT] Message 2703 sent to FlightLogicApp
[2025-08-13 08:42:38.793] [MSG_SENT] Message 2701 sent to HKApp
[2025-08-13 08:42:39.132] [MSG_SENT] Message 2702 sent to TelemetryApp
[2025-08-13 08:42:39.133] [MSG_SENT] Message 2703 sent to FlightLogicApp
[2025-08-13 08:42:39.795] [MSG_SENT] Message 2701 sent to HKApp
[2025-08-13 08:42:40.134] [MSG_SENT] Message 2702 sent to TelemetryApp
[2025-08-13 08:42:40.135] [MSG_SENT] Message 2703 sent to FlightLogicApp
[2025-08-13 08:42:40.796] [MSG_SENT] Message 2701 sent to HKApp
[2025-08-13 08:42:41.136] [MSG_SENT] Message 2702 sent to TelemetryApp
[2025-08-13 08:42:41.137] [MSG_SENT] Message 2703 sent to FlightLogicApp
[2025-08-13 08:42:41.797] [MSG_SENT] Message 2701 sent to HKApp
[2025-08-13 08:42:42.138] [MSG_SENT] Message 2702 sent to TelemetryApp
[2025-08-13 08:42:42.139] [MSG_SENT] Message 2703 sent to FlightLogicApp
[2025-08-13 08:42:42.799] [MSG_SENT] Message 2701 sent to HKApp
[2025-08-13 08:42:43.141] [MSG_SENT] Message 2702 sent to TelemetryApp
[2025-08-13 08:42:43.142] [MSG_SENT] Message 2703 sent to FlightLogicApp
[2025-08-13 08:42:43.800] [MSG_SENT] Message 2701 sent to HKApp
[2025-08-13 08:42:44.144] [MSG_SENT] Message 2702 sent to TelemetryApp
[2025-08-13 08:42:44.145] [MSG_SENT] Message 2703 sent to FlightLogicApp
[2025-08-13 08:42:44.802] [MSG_SENT] Message 2701 sent to HKApp
[2025-08-13 08:42:45.147] [MSG_SENT] Message 2702 sent to TelemetryApp
[2025-08-13 08:42:45.148] [MSG_SENT] Message 2703 sent to FlightLogicApp
[2025-08-13 08:42:45.803] [MSG_SENT] Message 2701 sent to HKApp
[2025-08-13 08:42:46.150] [MSG_SENT] Message 2702 sent to TelemetryApp
[2025-08-13 08:42:46.151] [MSG_SENT] Message 2703 sent to FlightLogicApp
[2025-08-13 08:42:46.804] [MSG_SENT] Message 2701 sent to HKApp
[2025-08-13 08:42:47.152] [MSG_SENT] Message 2702 sent to TelemetryApp
[2025-08-13 08:42:47.152] [MSG_SENT] Message 2703 sent to FlightLogicApp
[2025-08-13 08:42:47.807] [MSG_SENT] Message 2701 sent to HKApp
[2025-08-13 08:42:48.154] [MSG_SENT] Message 2702 sent to TelemetryApp
[2025-08-13 08:42:48.154] [MSG_SENT] Message 2703 sent to FlightLogicApp
[2025-08-13 08:42:48.808] [MSG_SENT] Message 2701 sent to HKApp
[2025-08-13 08:42:49.157] [MSG_SENT] Message 2702 sent to TelemetryApp
[2025-08-13 08:42:49.158] [MSG_SENT] Message 2703 sent to FlightLogicApp
[2025-08-13 08:42:49.809] [MSG_SENT] Message 2701 sent to HKApp
[2025-08-13 08:42:50.159] [MSG_SENT] Message 2702 sent to TelemetryApp
[2025-08-13 08:42:50.160] [MSG_SENT] Message 2703 sent to FlightLogicApp
[2025-08-13 08:42:50.810] [MSG_SENT] Message 2701 sent to HKApp
[2025-08-13 08:42:51.162] [MSG_SENT] Message 2702 sent to TelemetryApp
[2025-08-13 08:42:51.163] [MSG_SENT] Message 2703 sent to FlightLogicApp
[2025-08-13 08:42:51.812] [MSG_SENT] Message 2701 sent to HKApp
[2025-08-13 08:42:52.164] [MSG_SENT] Message 2702 sent to TelemetryApp
[2025-08-13 08:42:52.166] [MSG_SENT] Message 2703 sent to FlightLogicApp
[2025-08-13 08:42:52.814] [MSG_SENT] Message 2701 sent to HKApp
[2025-08-13 08:42:53.167] [MSG_SENT] Message 2702 sent to TelemetryApp
[2025-08-13 08:42:53.169] [MSG_SENT] Message 2703 sent to FlightLogicApp
[2025-08-13 08:42:53.815] [MSG_SENT] Message 2701 sent to HKApp
[2025-08-13 08:42:54.170] [MSG_SENT] Message 2702 sent to TelemetryApp
[2025-08-13 08:42:54.171] [MSG_SENT] Message 2703 sent to FlightLogicApp
[2025-08-13 08:42:54.816] [MSG_SENT] Message 2701 sent to HKApp
[2025-08-13 08:42:55.172] [MSG_SENT] Message 2702 sent to TelemetryApp
[2025-08-13 08:42:55.173] [MSG_SENT] Message 2703 sent to FlightLogicApp
[2025-08-13 08:42:55.818] [MSG_SENT] Message 2701 sent to HKApp
[2025-08-13 08:42:56.175] [MSG_SENT] Message 2702 sent to TelemetryApp
[2025-08-13 08:42:56.176] [MSG_SENT] Message 2703 sent to FlightLogicApp
[2025-08-13 08:42:56.819] [MSG_SENT] Message 2701 sent to HKApp
[2025-08-13 08:42:57.177] [MSG_SENT] Message 2702 sent to TelemetryApp
[2025-08-13 08:42:57.179] [MSG_SENT] Message 2703 sent to FlightLogicApp
[2025-08-13 08:42:57.820] [MSG_SENT] Message 2701 sent to HKApp
[2025-08-13 08:42:58.181] [MSG_SENT] Message 2702 sent to TelemetryApp
[2025-08-13 08:42:58.182] [MSG_SENT] Message 2703 sent to FlightLogicApp
[2025-08-13 08:42:58.821] [MSG_SENT] Message 2701 sent to HKApp
[2025-08-13 08:42:59.184] [MSG_SENT] Message 2702 sent to TelemetryApp
[2025-08-13 08:42:59.185] [MSG_SENT] Message 2703 sent to FlightLogicApp
[2025-08-13 08:42:59.824] [MSG_SENT] Message 2701 sent to HKApp
[2025-08-13 08:43:00.187] [MSG_SENT] Message 2702 sent to TelemetryApp
[2025-08-13 08:43:00.189] [MSG_SENT] Message 2703 sent to FlightLogicApp
[2025-08-13 08:43:00.826] [MSG_SENT] Message 2701 sent to HKApp
[2025-08-13 08:43:01.190] [MSG_SENT] Message 2702 sent to TelemetryApp
[2025-08-13 08:43:01.191] [MSG_SENT] Message 2703 sent to FlightLogicApp
[2025-08-13 08:43:01.827] [MSG_SENT] Message 2701 sent to HKApp
[2025-08-13 08:43:02.194] [MSG_SENT] Message 2702 sent to TelemetryApp
[2025-08-13 08:43:02.196] [MSG_SENT] Message 2703 sent to FlightLogicApp
[2025-08-13 08:43:02.828] [MSG_SENT] Message 2701 sent to HKApp
[2025-08-13 08:43:03.198] [MSG_SENT] Message 2702 sent to TelemetryApp
[2025-08-13 08:43:03.199] [MSG_SENT] Message 2703 sent to FlightLogicApp
[2025-08-13 08:43:03.829] [MSG_SENT] Message 2701 sent to HKApp
[2025-08-13 08:43:04.200] [MSG_SENT] Message 2702 sent to TelemetryApp
[2025-08-13 08:43:04.202] [MSG_SENT] Message 2703 sent to FlightLogicApp
[2025-08-13 08:43:04.830] [MSG_SENT] Message 2701 sent to HKApp
[2025-08-13 08:43:05.204] [MSG_SENT] Message 2702 sent to TelemetryApp
[2025-08-13 08:43:05.205] [MSG_SENT] Message 2703 sent to FlightLogicApp
[2025-08-13 08:43:05.832] [MSG_SENT] Message 2701 sent to HKApp
[2025-08-13 08:43:06.206] [MSG_SENT] Message 2702 sent to TelemetryApp
[2025-08-13 08:43:06.207] [MSG_SENT] Message 2703 sent to FlightLogicApp
[2025-08-13 08:43:06.833] [MSG_SENT] Message 2701 sent to HKApp
[2025-08-13 08:43:07.208] [MSG_SENT] Message 2702 sent to TelemetryApp
[2025-08-13 08:43:07.209] [MSG_SENT] Message 2703 sent to FlightLogicApp
[2025-08-13 08:43:07.834] [MSG_SENT] Message 2701 sent to HKApp
[2025-08-13 08:43:08.211] [MSG_SENT] Message 2702 sent to TelemetryApp
[2025-08-13 08:43:08.211] [MSG_SENT] Message 2703 sent to FlightLogicApp
[2025-08-13 08:43:08.835] [MSG_SENT] Message 2701 sent to HKApp
[2025-08-13 08:43:09.213] [MSG_SENT] Message 2702 sent to TelemetryApp
[2025-08-13 08:43:09.214] [MSG_SENT] Message 2703 sent to FlightLogicApp
[2025-08-13 08:43:09.837] [MSG_SENT] Message 2701 sent to HKApp
[2025-08-13 08:43:10.215] [MSG_SENT] Message 2702 sent to TelemetryApp
[2025-08-13 08:43:10.217] [MSG_SENT] Message 2703 sent to FlightLogicApp
[2025-08-13 08:43:10.838] [MSG_SENT] Message 2701 sent to HKApp
[2025-08-13 08:43:11.218] [MSG_SENT] Message 2702 sent to TelemetryApp
[2025-08-13 08:43:11.219] [MSG_SENT] Message 2703 sent to FlightLogicApp
[2025-08-13 08:43:11.840] [MSG_SENT] Message 2701 sent to HKApp
[2025-08-13 08:43:12.220] [MSG_SENT] Message 2702 sent to TelemetryApp
[2025-08-13 08:43:12.220] [MSG_SENT] Message 2703 sent to FlightLogicApp
[2025-08-13 08:43:12.841] [MSG_SENT] Message 2701 sent to HKApp
[2025-08-13 08:43:13.222] [MSG_SENT] Message 2702 sent to TelemetryApp
[2025-08-13 08:43:13.223] [MSG_SENT] Message 2703 sent to FlightLogicApp
[2025-08-13 08:43:13.842] [MSG_SENT] Message 2701 sent to HKApp
[2025-08-13 08:43:14.224] [MSG_SENT] Message 2702 sent to TelemetryApp
[2025-08-13 08:43:14.225] [MSG_SENT] Message 2703 sent to FlightLogicApp
[2025-08-13 08:43:14.843] [MSG_SENT] Message 2701 sent to HKApp
[2025-08-13 08:43:15.227] [MSG_SENT] Message 2702 sent to TelemetryApp
[2025-08-13 08:43:15.228] [MSG_SENT] Message 2703 sent to FlightLogicApp
[2025-08-13 08:43:15.845] [MSG_SENT] Message 2701 sent to HKApp
[2025-08-13 08:43:16.231] [MSG_SENT] Message 2702 sent to TelemetryApp
[2025-08-13 08:43:16.232] [MSG_SENT] Message 2703 sent to FlightLogicApp
[2025-08-13 08:43:16.847] [MSG_SENT] Message 2701 sent to HKApp
[2025-08-13 08:43:17.233] [MSG_SENT] Message 2702 sent to TelemetryApp
[2025-08-13 08:43:17.234] [MSG_SENT] Message 2703 sent to FlightLogicApp
[2025-08-13 08:43:17.848] [MSG_SENT] Message 2701 sent to HKApp
[2025-08-13 08:43:18.235] [MSG_SENT] Message 2702 sent to TelemetryApp
[2025-08-13 08:43:18.236] [MSG_SENT] Message 2703 sent to FlightLogicApp
[2025-08-13 08:43:18.849] [MSG_SENT] Message 2701 sent to HKApp
[2025-08-13 08:43:19.238] [MSG_SENT] Message 2702 sent to TelemetryApp
[2025-08-13 08:43:19.239] [MSG_SENT] Message 2703 sent to FlightLogicApp
[2025-08-13 08:43:19.850] [MSG_SENT] Message 2701 sent to HKApp
[2025-08-13 08:43:20.240] [MSG_SENT] Message 2702 sent to TelemetryApp
[2025-08-13 08:43:20.241] [MSG_SENT] Message 2703 sent to FlightLogicApp
[2025-08-13 08:43:20.852] [MSG_SENT] Message 2701 sent to HKApp
[2025-08-13 08:43:21.242] [MSG_SENT] Message 2702 sent to TelemetryApp
[2025-08-13 08:43:21.243] [MSG_SENT] Message 2703 sent to FlightLogicApp
[2025-08-13 08:43:21.853] [MSG_SENT] Message 2701 sent to HKApp
[2025-08-13 08:43:22.244] [MSG_SENT] Message 2702 sent to TelemetryApp
[2025-08-13 08:43:22.245] [MSG_SENT] Message 2703 sent to FlightLogicApp
[2025-08-13 08:43:22.855] [MSG_SENT] Message 2701 sent to HKApp
[2025-08-13 08:43:23.246] [MSG_SENT] Message 2702 sent to TelemetryApp
[2025-08-13 08:43:23.247] [MSG_SENT] Message 2703 sent to FlightLogicApp
[2025-08-13 08:43:23.856] [MSG_SENT] Message 2701 sent to HKApp
[2025-08-13 08:43:24.249] [MSG_SENT] Message 2702 sent to TelemetryApp
[2025-08-13 08:43:24.250] [MSG_SENT] Message 2703 sent to FlightLogicApp
[2025-08-13 08:43:24.858] [MSG_SENT] Message 2701 sent to HKApp
[2025-08-13 08:43:25.251] [MSG_SENT] Message 2702 sent to TelemetryApp
[2025-08-13 08:43:25.252] [MSG_SENT] Message 2703 sent to FlightLogicApp
[2025-08-13 08:43:25.859] [MSG_SENT] Message 2701 sent to HKApp
[2025-08-13 08:43:26.254] [MSG_SENT] Message 2702 sent to TelemetryApp
[2025-08-13 08:43:26.256] [MSG_SENT] Message 2703 sent to FlightLogicApp
[2025-08-13 08:43:26.861] [MSG_SENT] Message 2701 sent to HKApp
[2025-08-13 08:43:27.258] [MSG_SENT] Message 2702 sent to TelemetryApp
[2025-08-13 08:43:27.259] [MSG_SENT] Message 2703 sent to FlightLogicApp
[2025-08-13 08:43:27.862] [MSG_SENT] Message 2701 sent to HKApp
[2025-08-13 08:43:28.260] [MSG_SENT] Message 2702 sent to TelemetryApp
[2025-08-13 08:43:28.262] [MSG_SENT] Message 2703 sent to FlightLogicApp
[2025-08-13 08:43:28.864] [MSG_SENT] Message 2701 sent to HKApp
[2025-08-13 08:43:29.263] [MSG_SENT] Message 2702 sent to TelemetryApp
[2025-08-13 08:43:29.264] [MSG_SENT] Message 2703 sent to FlightLogicApp
[2025-08-13 08:43:29.865] [MSG_SENT] Message 2701 sent to HKApp
[2025-08-13 08:43:30.265] [MSG_SENT] Message 2702 sent to TelemetryApp
[2025-08-13 08:43:30.266] [MSG_SENT] Message 2703 sent to FlightLogicApp
[2025-08-13 08:43:30.866] [MSG_SENT] Message 2701 sent to HKApp
[2025-08-13 08:43:31.268] [MSG_SENT] Message 2702 sent to TelemetryApp
[2025-08-13 08:43:31.268] [MSG_SENT] Message 2703 sent to FlightLogicApp
[2025-08-13 08:43:31.868] [MSG_SENT] Message 2701 sent to HKApp
[2025-08-13 08:43:32.270] [MSG_SENT] Message 2702 sent to TelemetryApp
[2025-08-13 08:43:32.270] [MSG_SENT] Message 2703 sent to FlightLogicApp
[2025-08-13 08:43:32.869] [MSG_SENT] Message 2701 sent to HKApp
[2025-08-13 08:43:33.272] [MSG_SENT] Message 2702 sent to TelemetryApp
[2025-08-13 08:43:33.273] [MSG_SENT] Message 2703 sent to FlightLogicApp
[2025-08-13 08:43:33.871] [MSG_SENT] Message 2701 sent to HKApp
[2025-08-13 08:43:34.276] [MSG_SENT] Message 2702 sent to TelemetryApp
[2025-08-13 08:43:34.277] [MSG_SENT] Message 2703 sent to FlightLogicApp
[2025-08-13 08:43:34.873] [MSG_SENT] Message 2701 sent to HKApp
[2025-08-13 08:43:35.279] [MSG_SENT] Message 2702 sent to TelemetryApp
[2025-08-13 08:43:35.280] [MSG_SENT] Message 2703 sent to FlightLogicApp
[2025-08-13 08:43:35.874] [MSG_SENT] Message 2701 sent to HKApp
[2025-08-13 08:43:36.281] [MSG_SENT] Message 2702 sent to TelemetryApp
[2025-08-13 08:43:36.283] [MSG_SENT] Message 2703 sent to FlightLogicApp
[2025-08-13 08:43:36.876] [MSG_SENT] Message 2701 sent to HKApp
[2025-08-13 08:43:37.284] [MSG_SENT] Message 2702 sent to TelemetryApp
[2025-08-13 08:43:37.285] [MSG_SENT] Message 2703 sent to FlightLogicApp
[2025-08-13 08:43:37.877] [MSG_SENT] Message 2701 sent to HKApp
[2025-08-13 08:43:38.286] [MSG_SENT] Message 2702 sent to TelemetryApp
[2025-08-13 08:43:38.287] [MSG_SENT] Message 2703 sent to FlightLogicApp
[2025-08-13 08:43:38.878] [MSG_SENT] Message 2701 sent to HKApp
[2025-08-13 08:43:39.288] [MSG_SENT] Message 2702 sent to TelemetryApp
[2025-08-13 08:43:39.289] [MSG_SENT] Message 2703 sent to FlightLogicApp
[2025-08-13 08:43:39.880] [MSG_SENT] Message 2701 sent to HKApp
[2025-08-13 08:43:40.291] [MSG_SENT] Message 2702 sent to TelemetryApp
[2025-08-13 08:43:40.292] [MSG_SENT] Message 2703 sent to FlightLogicApp
[2025-08-13 08:43:40.882] [MSG_SENT] Message 2701 sent to HKApp
[2025-08-13 08:43:41.294] [MSG_SENT] Message 2702 sent to TelemetryApp
[2025-08-13 08:43:41.295] [MSG_SENT] Message 2703 sent to FlightLogicApp
[2025-08-13 08:43:41.883] [MSG_SENT] Message 2701 sent to HKApp
[2025-08-13 08:43:42.296] [MSG_SENT] Message 2702 sent to TelemetryApp
[2025-08-13 08:43:42.297] [MSG_SENT] Message 2703 sent to FlightLogicApp
[2025-08-13 08:43:42.884] [MSG_SENT] Message 2701 sent to HKApp
[2025-08-13 08:43:43.298] [MSG_SENT] Message 2702 sent to TelemetryApp
[2025-08-13 08:43:43.299] [MSG_SENT] Message 2703 sent to FlightLogicApp
[2025-08-13 08:43:43.885] [MSG_SENT] Message 2701 sent to HKApp
[2025-08-13 08:43:44.300] [MSG_SENT] Message 2702 sent to TelemetryApp
[2025-08-13 08:43:44.301] [MSG_SENT] Message 2703 sent to FlightLogicApp
[2025-08-13 08:43:44.887] [MSG_SENT] Message 2701 sent to HKApp
[2025-08-13 08:43:45.303] [MSG_SENT] Message 2702 sent to TelemetryApp
[2025-08-13 08:43:45.304] [MSG_SENT] Message 2703 sent to FlightLogicApp
[2025-08-13 08:43:45.888] [MSG_SENT] Message 2701 sent to HKApp
[2025-08-13 08:43:46.305] [MSG_SENT] Message 2702 sent to TelemetryApp
[2025-08-13 08:43:46.306] [MSG_SENT] Message 2703 sent to FlightLogicApp
[2025-08-13 08:43:46.890] [MSG_SENT] Message 2701 sent to HKApp
[2025-08-13 08:43:47.308] [MSG_SENT] Message 2702 sent to TelemetryApp
[2025-08-13 08:43:47.309] [MSG_SENT] Message 2703 sent to FlightLogicApp
[2025-08-13 08:43:47.892] [MSG_SENT] Message 2701 sent to HKApp
[2025-08-13 08:43:48.310] [MSG_SENT] Message 2702 sent to TelemetryApp
[2025-08-13 08:43:48.312] [MSG_SENT] Message 2703 sent to FlightLogicApp
[2025-08-13 08:43:48.894] [MSG_SENT] Message 2701 sent to HKApp
[2025-08-13 08:43:49.313] [MSG_SENT] Message 2702 sent to TelemetryApp
[2025-08-13 08:43:49.314] [MSG_SENT] Message 2703 sent to FlightLogicApp
[2025-08-13 08:43:49.895] [MSG_SENT] Message 2701 sent to HKApp
[2025-08-13 08:43:50.316] [MSG_SENT] Message 2702 sent to TelemetryApp
[2025-08-13 08:43:50.317] [MSG_SENT] Message 2703 sent to FlightLogicApp
[2025-08-13 08:43:50.896] [MSG_SENT] Message 2701 sent to HKApp
[2025-08-13 08:43:51.318] [MSG_SENT] Message 2702 sent to TelemetryApp
[2025-08-13 08:43:51.319] [MSG_SENT] Message 2703 sent to FlightLogicApp
[2025-08-13 08:43:51.898] [MSG_SENT] Message 2701 sent to HKApp
[2025-08-13 08:43:52.320] [MSG_SENT] Message 2702 sent to TelemetryApp
[2025-08-13 08:43:52.321] [MSG_SENT] Message 2703 sent to FlightLogicApp
[2025-08-13 08:43:52.899] [MSG_SENT] Message 2701 sent to HKApp
[2025-08-13 08:43:53.323] [MSG_SENT] Message 2702 sent to TelemetryApp
[2025-08-13 08:43:53.324] [MSG_SENT] Message 2703 sent to FlightLogicApp
[2025-08-13 08:43:53.900] [MSG_SENT] Message 2701 sent to HKApp
[2025-08-13 08:43:54.326] [MSG_SENT] Message 2702 sent to TelemetryApp
[2025-08-13 08:43:54.327] [MSG_SENT] Message 2703 sent to FlightLogicApp
[2025-08-13 08:43:54.901] [MSG_SENT] Message 2701 sent to HKApp
[2025-08-13 08:43:55.328] [MSG_SENT] Message 2702 sent to TelemetryApp
[2025-08-13 08:43:55.329] [MSG_SENT] Message 2703 sent to FlightLogicApp
[2025-08-13 08:43:55.903] [MSG_SENT] Message 2701 sent to HKApp
[2025-08-13 08:43:56.330] [MSG_SENT] Message 2702 sent to TelemetryApp
[2025-08-13 08:43:56.331] [MSG_SENT] Message 2703 sent to FlightLogicApp
[2025-08-13 08:43:56.904] [MSG_SENT] Message 2701 sent to HKApp
[2025-08-13 08:43:57.332] [MSG_SENT] Message 2702 sent to TelemetryApp
[2025-08-13 08:43:57.333] [MSG_SENT] Message 2703 sent to FlightLogicApp
[2025-08-13 08:43:57.905] [MSG_SENT] Message 2701 sent to HKApp
[2025-08-13 08:43:58.335] [MSG_SENT] Message 2702 sent to TelemetryApp
[2025-08-13 08:43:58.336] [MSG_SENT] Message 2703 sent to FlightLogicApp
[2025-08-13 08:43:58.907] [MSG_SENT] Message 2701 sent to HKApp
[2025-08-13 08:43:59.337] [MSG_SENT] Message 2702 sent to TelemetryApp
[2025-08-13 08:43:59.339] [MSG_SENT] Message 2703 sent to FlightLogicApp
[2025-08-13 08:43:59.908] [MSG_SENT] Message 2701 sent to HKApp
[2025-08-13 08:44:00.340] [MSG_SENT] Message 2702 sent to TelemetryApp
[2025-08-13 08:44:00.343] [MSG_SENT] Message 2703 sent to FlightLogicApp
[2025-08-13 08:44:00.910] [MSG_SENT] Message 2701 sent to HKApp
[2025-08-13 08:44:01.344] [MSG_SENT] Message 2702 sent to TelemetryApp
[2025-08-13 08:44:01.345] [MSG_SENT] Message 2703 sent to FlightLogicApp
[2025-08-13 08:44:01.911] [MSG_SENT] Message 2701 sent to HKApp
[2025-08-13 08:44:02.347] [MSG_SENT] Message 2702 sent to TelemetryApp
[2025-08-13 08:44:02.347] [MSG_SENT] Message 2703 sent to FlightLogicApp
[2025-08-13 08:44:02.912] [MSG_SENT] Message 2701 sent to HKApp
[2025-08-13 08:44:03.351] [MSG_SENT] Message 2702 sent to TelemetryApp
[2025-08-13 08:44:03.353] [MSG_SENT] Message 2703 sent to FlightLogicApp
[2025-08-13 08:44:03.914] [MSG_SENT] Message 2701 sent to HKApp
[2025-08-13 08:44:04.354] [MSG_SENT] Message 2702 sent to TelemetryApp
[2025-08-13 08:44:04.355] [MSG_SENT] Message 2703 sent to FlightLogicApp
[2025-08-13 08:44:04.915] [MSG_SENT] Message 2701 sent to HKApp
[2025-08-13 08:44:05.356] [MSG_SENT] Message 2702 sent to TelemetryApp
[2025-08-13 08:44:05.358] [MSG_SENT] Message 2703 sent to FlightLogicApp
[2025-08-13 08:44:05.916] [MSG_SENT] Message 2701 sent to HKApp
[2025-08-13 08:44:06.359] [MSG_SENT] Message 2702 sent to TelemetryApp
[2025-08-13 08:44:06.361] [MSG_SENT] Message 2703 sent to FlightLogicApp
[2025-08-13 08:44:06.917] [MSG_SENT] Message 2701 sent to HKApp
[2025-08-13 08:44:07.362] [MSG_SENT] Message 2702 sent to TelemetryApp
[2025-08-13 08:44:07.364] [MSG_SENT] Message 2703 sent to FlightLogicApp
[2025-08-13 08:44:07.919] [MSG_SENT] Message 2701 sent to HKApp
[2025-08-13 08:44:08.365] [MSG_SENT] Message 2702 sent to TelemetryApp
[2025-08-13 08:44:08.366] [MSG_SENT] Message 2703 sent to FlightLogicApp
[2025-08-13 08:44:08.920] [MSG_SENT] Message 2701 sent to HKApp
[2025-08-13 08:44:09.367] [MSG_SENT] Message 2702 sent to TelemetryApp
[2025-08-13 08:44:09.368] [MSG_SENT] Message 2703 sent to FlightLogicApp
[2025-08-13 08:44:09.922] [MSG_SENT] Message 2701 sent to HKApp
[2025-08-13 08:44:10.369] [MSG_SENT] Message 2702 sent to TelemetryApp
[2025-08-13 08:44:10.370] [MSG_SENT] Message 2703 sent to FlightLogicApp
[2025-08-13 08:44:10.923] [MSG_SENT] Message 2701 sent to HKApp
[2025-08-13 08:44:11.371] [MSG_SENT] Message 2702 sent to TelemetryApp
[2025-08-13 08:44:11.372] [MSG_SENT] Message 2703 sent to FlightLogicApp
[2025-08-13 08:44:11.924] [MSG_SENT] Message 2701 sent to HKApp
[2025-08-13 08:44:12.373] [MSG_SENT] Message 2702 sent to TelemetryApp
[2025-08-13 08:44:12.374] [MSG_SENT] Message 2703 sent to FlightLogicApp
[2025-08-13 08:44:12.926] [MSG_SENT] Message 2701 sent to HKApp
[2025-08-13 08:44:13.376] [MSG_SENT] Message 2702 sent to TelemetryApp
[2025-08-13 08:44:13.377] [MSG_SENT] Message 2703 sent to FlightLogicApp
[2025-08-13 08:44:13.928] [MSG_SENT] Message 2701 sent to HKApp
[2025-08-13 08:44:14.380] [MSG_SENT] Message 2702 sent to TelemetryApp
[2025-08-13 08:44:14.382] [MSG_SENT] Message 2703 sent to FlightLogicApp
[2025-08-13 08:44:14.929] [MSG_SENT] Message 2701 sent to HKApp
[2025-08-13 08:44:15.384] [MSG_SENT] Message 2702 sent to TelemetryApp
[2025-08-13 08:44:15.386] [MSG_SENT] Message 2703 sent to FlightLogicApp
[2025-08-13 08:44:15.931] [MSG_SENT] Message 2701 sent to HKApp
[2025-08-13 08:44:16.387] [MSG_SENT] Message 2702 sent to TelemetryApp
[2025-08-13 08:44:16.388] [MSG_SENT] Message 2703 sent to FlightLogicApp
[2025-08-13 08:44:16.932] [MSG_SENT] Message 2701 sent to HKApp
[2025-08-13 08:44:17.389] [MSG_SENT] Message 2702 sent to TelemetryApp
[2025-08-13 08:44:17.391] [MSG_SENT] Message 2703 sent to FlightLogicApp
[2025-08-13 08:44:17.933] [MSG_SENT] Message 2701 sent to HKApp
[2025-08-13 08:44:18.392] [MSG_SENT] Message 2702 sent to TelemetryApp
[2025-08-13 08:44:18.393] [MSG_SENT] Message 2703 sent to FlightLogicApp
[2025-08-13 08:44:18.934] [MSG_SENT] Message 2701 sent to HKApp
[2025-08-13 08:44:19.394] [MSG_SENT] Message 2702 sent to TelemetryApp
[2025-08-13 08:44:19.396] [MSG_SENT] Message 2703 sent to FlightLogicApp
[2025-08-13 08:44:19.936] [MSG_SENT] Message 2701 sent to HKApp
[2025-08-13 08:44:20.397] [MSG_SENT] Message 2702 sent to TelemetryApp
[2025-08-13 08:44:20.398] [MSG_SENT] Message 2703 sent to FlightLogicApp
[2025-08-13 08:44:20.938] [MSG_SENT] Message 2701 sent to HKApp
[2025-08-13 08:44:21.399] [MSG_SENT] Message 2702 sent to TelemetryApp
[2025-08-13 08:44:21.400] [MSG_SENT] Message 2703 sent to FlightLogicApp
[2025-08-13 08:44:21.939] [MSG_SENT] Message 2701 sent to HKApp
[2025-08-13 08:44:22.402] [MSG_SENT] Message 2702 sent to TelemetryApp
[2025-08-13 08:44:22.402] [MSG_SENT] Message 2703 sent to FlightLogicApp
[2025-08-13 08:44:22.940] [MSG_SENT] Message 2701 sent to HKApp
[2025-08-13 08:44:23.404] [MSG_SENT] Message 2702 sent to TelemetryApp
[2025-08-13 08:44:23.405] [MSG_SENT] Message 2703 sent to FlightLogicApp
[2025-08-13 08:44:23.941] [MSG_SENT] Message 2701 sent to HKApp
[2025-08-13 08:44:24.406] [MSG_SENT] Message 2702 sent to TelemetryApp
[2025-08-13 08:44:24.407] [MSG_SENT] Message 2703 sent to FlightLogicApp
[2025-08-13 08:44:24.943] [MSG_SENT] Message 2701 sent to HKApp
[2025-08-13 08:44:25.408] [MSG_SENT] Message 2702 sent to TelemetryApp
[2025-08-13 08:44:25.409] [MSG_SENT] Message 2703 sent to FlightLogicApp
[2025-08-13 08:44:25.944] [MSG_SENT] Message 2701 sent to HKApp
[2025-08-13 08:44:26.411] [MSG_SENT] Message 2702 sent to TelemetryApp
[2025-08-13 08:44:26.412] [MSG_SENT] Message 2703 sent to FlightLogicApp
[2025-08-13 08:44:26.945] [MSG_SENT] Message 2701 sent to HKApp
[2025-08-13 08:44:27.413] [MSG_SENT] Message 2702 sent to TelemetryApp
[2025-08-13 08:44:27.414] [MSG_SENT] Message 2703 sent to FlightLogicApp
[2025-08-13 08:44:27.947] [MSG_SENT] Message 2701 sent to HKApp
[2025-08-13 08:44:28.415] [MSG_SENT] Message 2702 sent to TelemetryApp
[2025-08-13 08:44:28.416] [MSG_SENT] Message 2703 sent to FlightLogicApp
[2025-08-13 08:44:28.948] [MSG_SENT] Message 2701 sent to HKApp
[2025-08-13 08:44:29.417] [MSG_SENT] Message 2702 sent to TelemetryApp
[2025-08-13 08:44:29.418] [MSG_SENT] Message 2703 sent to FlightLogicApp
[2025-08-13 08:44:29.949] [MSG_SENT] Message 2701 sent to HKApp
[2025-08-13 08:44:30.419] [MSG_SENT] Message 2702 sent to TelemetryApp
[2025-08-13 08:44:30.421] [MSG_SENT] Message 2703 sent to FlightLogicApp
[2025-08-13 08:44:30.951] [MSG_SENT] Message 2701 sent to HKApp
[2025-08-13 08:44:31.423] [MSG_SENT] Message 2702 sent to TelemetryApp
[2025-08-13 08:44:31.425] [MSG_SENT] Message 2703 sent to FlightLogicApp
[2025-08-13 08:44:31.952] [MSG_SENT] Message 2701 sent to HKApp
[2025-08-13 08:44:32.426] [MSG_SENT] Message 2702 sent to TelemetryApp
[2025-08-13 08:44:32.427] [MSG_SENT] Message 2703 sent to FlightLogicApp
[2025-08-13 08:44:32.953] [MSG_SENT] Message 2701 sent to HKApp
[2025-08-13 08:44:33.428] [MSG_SENT] Message 2702 sent to TelemetryApp
[2025-08-13 08:44:33.429] [MSG_SENT] Message 2703 sent to FlightLogicApp
[2025-08-13 08:44:33.954] [MSG_SENT] Message 2701 sent to HKApp
[2025-08-13 08:44:34.431] [MSG_SENT] Message 2702 sent to TelemetryApp
[2025-08-13 08:44:34.432] [MSG_SENT] Message 2703 sent to FlightLogicApp
[2025-08-13 08:44:34.955] [MSG_SENT] Message 2701 sent to HKApp
[2025-08-13 08:44:35.434] [MSG_SENT] Message 2702 sent to TelemetryApp
[2025-08-13 08:44:35.434] [MSG_SENT] Message 2703 sent to FlightLogicApp
[2025-08-13 08:44:35.957] [MSG_SENT] Message 2701 sent to HKApp
[2025-08-13 08:44:36.436] [MSG_SENT] Message 2702 sent to TelemetryApp
[2025-08-13 08:44:36.437] [MSG_SENT] Message 2703 sent to FlightLogicApp
[2025-08-13 08:44:36.958] [MSG_SENT] Message 2701 sent to HKApp
[2025-08-13 08:44:37.439] [MSG_SENT] Message 2702 sent to TelemetryApp
[2025-08-13 08:44:37.440] [MSG_SENT] Message 2703 sent to FlightLogicApp
[2025-08-13 08:44:37.960] [MSG_SENT] Message 2701 sent to HKApp
[2025-08-13 08:44:38.443] [MSG_SENT] Message 2702 sent to TelemetryApp
[2025-08-13 08:44:38.444] [MSG_SENT] Message 2703 sent to FlightLogicApp
[2025-08-13 08:44:38.961] [MSG_SENT] Message 2701 sent to HKApp
[2025-08-13 08:44:39.445] [MSG_SENT] Message 2702 sent to TelemetryApp
[2025-08-13 08:44:39.447] [MSG_SENT] Message 2703 sent to FlightLogicApp
[2025-08-13 08:44:39.963] [MSG_SENT] Message 2701 sent to HKApp
[2025-08-13 08:44:40.449] [MSG_SENT] Message 2702 sent to TelemetryApp
[2025-08-13 08:44:40.450] [MSG_SENT] Message 2703 sent to FlightLogicApp
[2025-08-13 08:44:40.964] [MSG_SENT] Message 2701 sent to HKApp
[2025-08-13 08:44:41.452] [MSG_SENT] Message 2702 sent to TelemetryApp
[2025-08-13 08:44:41.453] [MSG_SENT] Message 2703 sent to FlightLogicApp
[2025-08-13 08:44:41.965] [MSG_SENT] Message 2701 sent to HKApp
[2025-08-13 08:44:42.454] [MSG_SENT] Message 2702 sent to TelemetryApp
[2025-08-13 08:44:42.455] [MSG_SENT] Message 2703 sent to FlightLogicApp
[2025-08-13 08:44:42.967] [MSG_SENT] Message 2701 sent to HKApp
[2025-08-13 08:44:43.457] [MSG_SENT] Message 2702 sent to TelemetryApp
[2025-08-13 08:44:43.458] [MSG_SENT] Message 2703 sent to FlightLogicApp
[2025-08-13 08:44:43.968] [MSG_SENT] Message 2701 sent to HKApp
[2025-08-13 08:44:44.460] [MSG_SENT] Message 2702 sent to TelemetryApp
[2025-08-13 08:44:44.461] [MSG_SENT] Message 2703 sent to FlightLogicApp
[2025-08-13 08:44:44.970] [MSG_SENT] Message 2701 sent to HKApp
[2025-08-13 08:44:45.463] [MSG_SENT] Message 2702 sent to TelemetryApp
[2025-08-13 08:44:45.464] [MSG_SENT] Message 2703 sent to FlightLogicApp
[2025-08-13 08:44:45.973] [MSG_SENT] Message 2701 sent to HKApp
[2025-08-13 08:44:46.466] [MSG_SENT] Message 2702 sent to TelemetryApp
[2025-08-13 08:44:46.467] [MSG_SENT] Message 2703 sent to FlightLogicApp
[2025-08-13 08:44:46.974] [MSG_SENT] Message 2701 sent to HKApp
[2025-08-13 08:44:47.468] [MSG_SENT] Message 2702 sent to TelemetryApp
[2025-08-13 08:44:47.469] [MSG_SENT] Message 2703 sent to FlightLogicApp
[2025-08-13 08:44:47.975] [MSG_SENT] Message 2701 sent to HKApp
[2025-08-13 08:44:48.470] [MSG_SENT] Message 2702 sent to TelemetryApp
[2025-08-13 08:44:48.471] [MSG_SENT] Message 2703 sent to FlightLogicApp
[2025-08-13 08:44:48.976] [MSG_SENT] Message 2701 sent to HKApp
[2025-08-13 08:44:49.472] [MSG_SENT] Message 2702 sent to TelemetryApp
[2025-08-13 08:44:49.474] [MSG_SENT] Message 2703 sent to FlightLogicApp
[2025-08-13 08:44:49.978] [MSG_SENT] Message 2701 sent to HKApp
[2025-08-13 08:44:50.476] [MSG_SENT] Message 2702 sent to TelemetryApp
[2025-08-13 08:44:50.477] [MSG_SENT] Message 2703 sent to FlightLogicApp
[2025-08-13 08:44:50.979] [MSG_SENT] Message 2701 sent to HKApp
[2025-08-13 08:44:51.478] [MSG_SENT] Message 2702 sent to TelemetryApp
[2025-08-13 08:44:51.482] [MSG_SENT] Message 2703 sent to FlightLogicApp
[2025-08-13 08:44:51.980] [MSG_SENT] Message 2701 sent to HKApp
[2025-08-13 08:44:52.483] [MSG_SENT] Message 2702 sent to TelemetryApp
[2025-08-13 08:44:52.484] [MSG_SENT] Message 2703 sent to FlightLogicApp
[2025-08-13 08:44:52.982] [MSG_SENT] Message 2701 sent to HKApp
[2025-08-13 08:44:53.485] [MSG_SENT] Message 2702 sent to TelemetryApp
[2025-08-13 08:44:53.487] [MSG_SENT] Message 2703 sent to FlightLogicApp
[2025-08-13 08:44:53.983] [MSG_SENT] Message 2701 sent to HKApp
[2025-08-13 08:44:54.489] [MSG_SENT] Message 2702 sent to TelemetryApp
[2025-08-13 08:44:54.490] [MSG_SENT] Message 2703 sent to FlightLogicApp
[2025-08-13 08:44:54.985] [MSG_SENT] Message 2701 sent to HKApp
[2025-08-13 08:44:55.492] [MSG_SENT] Message 2702 sent to TelemetryApp
[2025-08-13 08:44:55.492] [MSG_SENT] Message 2703 sent to FlightLogicApp
[2025-08-13 08:44:55.986] [MSG_SENT] Message 2701 sent to HKApp
[2025-08-13 08:44:56.494] [MSG_SENT] Message 2702 sent to TelemetryApp
[2025-08-13 08:44:56.495] [MSG_SENT] Message 2703 sent to FlightLogicApp
[2025-08-13 08:44:56.987] [MSG_SENT] Message 2701 sent to HKApp
[2025-08-13 08:44:57.496] [MSG_SENT] Message 2702 sent to TelemetryApp
[2025-08-13 08:44:57.497] [MSG_SENT] Message 2703 sent to FlightLogicApp
[2025-08-13 08:44:57.988] [MSG_SENT] Message 2701 sent to HKApp
[2025-08-13 08:44:58.499] [MSG_SENT] Message 2702 sent to TelemetryApp
[2025-08-13 08:44:58.500] [MSG_SENT] Message 2703 sent to FlightLogicApp
[2025-08-13 08:44:58.990] [MSG_SENT] Message 2701 sent to HKApp
[2025-08-13 08:44:59.502] [MSG_SENT] Message 2702 sent to TelemetryApp
[2025-08-13 08:44:59.503] [MSG_SENT] Message 2703 sent to FlightLogicApp
[2025-08-13 08:44:59.992] [MSG_SENT] Message 2701 sent to HKApp
[2025-08-13 08:45:00.504] [MSG_SENT] Message 2702 sent to TelemetryApp
[2025-08-13 08:45:00.505] [MSG_SENT] Message 2703 sent to FlightLogicApp
[2025-08-13 08:45:00.993] [MSG_SENT] Message 2701 sent to HKApp
[2025-08-13 08:45:01.506] [MSG_SENT] Message 2702 sent to TelemetryApp
[2025-08-13 08:45:01.507] [MSG_SENT] Message 2703 sent to FlightLogicApp
[2025-08-13 08:45:01.994] [MSG_SENT] Message 2701 sent to HKApp
[2025-08-13 08:45:02.508] [MSG_SENT] Message 2702 sent to TelemetryApp
[2025-08-13 08:45:02.508] [MSG_SENT] Message 2703 sent to FlightLogicApp
[2025-08-13 08:45:02.996] [MSG_SENT] Message 2701 sent to HKApp
[2025-08-13 08:45:03.509] [MSG_SENT] Message 2702 sent to TelemetryApp
[2025-08-13 08:45:03.510] [MSG_SENT] Message 2703 sent to FlightLogicApp
[2025-08-13 08:45:03.997] [MSG_SENT] Message 2701 sent to HKApp
[2025-08-13 08:45:04.512] [MSG_SENT] Message 2702 sent to TelemetryApp
[2025-08-13 08:45:04.512] [MSG_SENT] Message 2703 sent to FlightLogicApp
[2025-08-13 08:45:04.999] [MSG_SENT] Message 2701 sent to HKApp
[2025-08-13 08:45:05.515] [MSG_SENT] Message 2702 sent to TelemetryApp
[2025-08-13 08:45:05.516] [MSG_SENT] Message 2703 sent to FlightLogicApp
[2025-08-13 08:45:06.000] [MSG_SENT] Message 2701 sent to HKApp
[2025-08-13 08:45:06.518] [MSG_SENT] Message 2702 sent to TelemetryApp
[2025-08-13 08:45:06.520] [MSG_SENT] Message 2703 sent to FlightLogicApp
[2025-08-13 08:45:07.002] [MSG_SENT] Message 2701 sent to HKApp
[2025-08-13 08:45:07.521] [MSG_SENT] Message 2702 sent to TelemetryApp
[2025-08-13 08:45:07.523] [MSG_SENT] Message 2703 sent to FlightLogicApp
[2025-08-13 08:45:08.004] [MSG_SENT] Message 2701 sent to HKApp
[2025-08-13 08:45:08.524] [MSG_SENT] Message 2702 sent to TelemetryApp
[2025-08-13 08:45:08.525] [MSG_SENT] Message 2703 sent to FlightLogicApp
[2025-08-13 08:45:09.005] [MSG_SENT] Message 2701 sent to HKApp
[2025-08-13 08:45:09.526] [MSG_SENT] Message 2702 sent to TelemetryApp
[2025-08-13 08:45:09.527] [MSG_SENT] Message 2703 sent to FlightLogicApp
[2025-08-13 08:45:10.006] [MSG_SENT] Message 2701 sent to HKApp
[2025-08-13 08:45:10.528] [MSG_SENT] Message 2702 sent to TelemetryApp
[2025-08-13 08:45:10.530] [MSG_SENT] Message 2703 sent to FlightLogicApp
[2025-08-13 08:45:11.008] [MSG_SENT] Message 2701 sent to HKApp
[2025-08-13 08:45:11.531] [MSG_SENT] Message 2702 sent to TelemetryApp
[2025-08-13 08:45:11.533] [MSG_SENT] Message 2703 sent to FlightLogicApp
[2025-08-13 08:45:12.009] [MSG_SENT] Message 2701 sent to HKApp
[2025-08-13 08:45:12.534] [MSG_SENT] Message 2702 sent to TelemetryApp
[2025-08-13 08:45:12.535] [MSG_SENT] Message 2703 sent to FlightLogicApp
[2025-08-13 08:45:13.010] [MSG_SENT] Message 2701 sent to HKApp
[2025-08-13 08:45:13.536] [MSG_SENT] Message 2702 sent to TelemetryApp
[2025-08-13 08:45:13.537] [MSG_SENT] Message 2703 sent to FlightLogicApp
[2025-08-13 08:45:14.011] [MSG_SENT] Message 2701 sent to HKApp
[2025-08-13 08:45:14.539] [MSG_SENT] Message 2702 sent to TelemetryApp
[2025-08-13 08:45:14.540] [MSG_SENT] Message 2703 sent to FlightLogicApp
[2025-08-13 08:45:15.013] [MSG_SENT] Message 2701 sent to HKApp
[2025-08-13 08:45:15.542] [MSG_SENT] Message 2702 sent to TelemetryApp
[2025-08-13 08:45:15.543] [MSG_SENT] Message 2703 sent to FlightLogicApp
[2025-08-13 08:45:16.014] [MSG_SENT] Message 2701 sent to HKApp
[2025-08-13 08:45:16.544] [MSG_SENT] Message 2702 sent to TelemetryApp
[2025-08-13 08:45:16.545] [MSG_SENT] Message 2703 sent to FlightLogicApp
[2025-08-13 08:45:17.016] [MSG_SENT] Message 2701 sent to HKApp
[2025-08-13 08:45:17.547] [MSG_SENT] Message 2702 sent to TelemetryApp
[2025-08-13 08:45:17.548] [MSG_SENT] Message 2703 sent to FlightLogicApp
[2025-08-13 08:45:18.017] [MSG_SENT] Message 2701 sent to HKApp
[2025-08-13 08:45:18.549] [MSG_SENT] Message 2702 sent to TelemetryApp
[2025-08-13 08:45:18.550] [MSG_SENT] Message 2703 sent to FlightLogicApp
[2025-08-13 08:45:19.019] [MSG_SENT] Message 2701 sent to HKApp
[2025-08-13 08:45:19.552] [MSG_SENT] Message 2702 sent to TelemetryApp
[2025-08-13 08:45:19.554] [MSG_SENT] Message 2703 sent to FlightLogicApp
[2025-08-13 08:45:20.020] [MSG_SENT] Message 2701 sent to HKApp
[2025-08-13 08:45:20.556] [MSG_SENT] Message 2702 sent to TelemetryApp
[2025-08-13 08:45:20.557] [MSG_SENT] Message 2703 sent to FlightLogicApp
[2025-08-13 08:45:21.021] [MSG_SENT] Message 2701 sent to HKApp
[2025-08-13 08:45:21.559] [MSG_SENT] Message 2702 sent to TelemetryApp
[2025-08-13 08:45:21.559] [MSG_SENT] Message 2703 sent to FlightLogicApp
[2025-08-13 08:45:22.022] [MSG_SENT] Message 2701 sent to HKApp
[2025-08-13 08:45:22.561] [MSG_SENT] Message 2702 sent to TelemetryApp
[2025-08-13 08:45:22.562] [MSG_SENT] Message 2703 sent to FlightLogicApp
[2025-08-13 08:45:23.024] [MSG_SENT] Message 2701 sent to HKApp
[2025-08-13 08:45:23.563] [MSG_SENT] Message 2702 sent to TelemetryApp
[2025-08-13 08:45:23.564] [MSG_SENT] Message 2703 sent to FlightLogicApp
[2025-08-13 08:45:24.025] [MSG_SENT] Message 2701 sent to HKApp
[2025-08-13 08:45:24.566] [MSG_SENT] Message 2702 sent to TelemetryApp
[2025-08-13 08:45:24.567] [MSG_SENT] Message 2703 sent to FlightLogicApp
[2025-08-13 08:45:25.027] [MSG_SENT] Message 2701 sent to HKApp
[2025-08-13 08:45:25.568] [MSG_SENT] Message 2702 sent to TelemetryApp
[2025-08-13 08:45:25.570] [MSG_SENT] Message 2703 sent to FlightLogicApp
[2025-08-13 08:45:26.028] [MSG_SENT] Message 2701 sent to HKApp
[2025-08-13 08:45:26.571] [MSG_SENT] Message 2702 sent to TelemetryApp
[2025-08-13 08:45:26.572] [MSG_SENT] Message 2703 sent to FlightLogicApp
[2025-08-13 08:45:27.092] [MSG_SENT] Message 2701 sent to HKApp
[2025-08-13 08:45:27.573] [MSG_SENT] Message 2702 sent to TelemetryApp
[2025-08-13 08:45:27.574] [MSG_SENT] Message 2703 sent to FlightLogicApp
[2025-08-13 08:45:28.093] [MSG_SENT] Message 2701 sent to HKApp
[2025-08-13 08:45:28.575] [MSG_SENT] Message 2702 sent to TelemetryApp
[2025-08-13 08:45:28.577] [MSG_SENT] Message 2703 sent to FlightLogicApp
[2025-08-13 08:45:29.095] [MSG_SENT] Message 2701 sent to HKApp
[2025-08-13 08:45:29.579] [MSG_SENT] Message 2702 sent to TelemetryApp
[2025-08-13 08:45:29.579] [MSG_SENT] Message 2703 sent to FlightLogicApp
[2025-08-13 08:45:30.096] [MSG_SENT] Message 2701 sent to HKApp
[2025-08-13 08:45:30.581] [MSG_SENT] Message 2702 sent to TelemetryApp
[2025-08-13 08:45:30.582] [MSG_SENT] Message 2703 sent to FlightLogicApp
[2025-08-13 08:45:31.097] [MSG_SENT] Message 2701 sent to HKApp
[2025-08-13 08:45:31.583] [MSG_SENT] Message 2702 sent to TelemetryApp
[2025-08-13 08:45:31.584] [MSG_SENT] Message 2703 sent to FlightLogicApp
[2025-08-13 08:45:32.099] [MSG_SENT] Message 2701 sent to HKApp
[2025-08-13 08:45:32.585] [MSG_SENT] Message 2702 sent to TelemetryApp
[2025-08-13 08:45:32.586] [MSG_SENT] Message 2703 sent to FlightLogicApp
[2025-08-13 08:45:33.100] [MSG_SENT] Message 2701 sent to HKApp
[2025-08-13 08:45:33.588] [MSG_SENT] Message 2702 sent to TelemetryApp
[2025-08-13 08:45:33.589] [MSG_SENT] Message 2703 sent to FlightLogicApp
[2025-08-13 08:45:34.103] [MSG_SENT] Message 2701 sent to HKApp
[2025-08-13 08:45:34.591] [MSG_SENT] Message 2702 sent to TelemetryApp
[2025-08-13 08:45:34.592] [MSG_SENT] Message 2703 sent to FlightLogicApp
[2025-08-13 08:45:35.104] [MSG_SENT] Message 2701 sent to HKApp
[2025-08-13 08:45:35.593] [MSG_SENT] Message 2702 sent to TelemetryApp
[2025-08-13 08:45:35.594] [MSG_SENT] Message 2703 sent to FlightLogicApp
[2025-08-13 08:45:36.106] [MSG_SENT] Message 2701 sent to HKApp
[2025-08-13 08:45:36.595] [MSG_SENT] Message 2702 sent to TelemetryApp
[2025-08-13 08:45:36.596] [MSG_SENT] Message 2703 sent to FlightLogicApp
[2025-08-13 08:45:37.107] [MSG_SENT] Message 2701 sent to HKApp
[2025-08-13 08:45:37.598] [MSG_SENT] Message 2702 sent to TelemetryApp
[2025-08-13 08:45:37.599] [MSG_SENT] Message 2703 sent to FlightLogicApp
[2025-08-13 08:45:38.109] [MSG_SENT] Message 2701 sent to HKApp
[2025-08-13 08:45:38.600] [MSG_SENT] Message 2702 sent to TelemetryApp
[2025-08-13 08:45:38.601] [MSG_SENT] Message 2703 sent to FlightLogicApp
[2025-08-13 08:45:39.110] [MSG_SENT] Message 2701 sent to HKApp
[2025-08-13 08:45:39.603] [MSG_SENT] Message 2702 sent to TelemetryApp
[2025-08-13 08:45:39.605] [MSG_SENT] Message 2703 sent to FlightLogicApp
[2025-08-13 08:45:40.111] [MSG_SENT] Message 2701 sent to HKApp
[2025-08-13 08:45:40.606] [MSG_SENT] Message 2702 sent to TelemetryApp
[2025-08-13 08:45:40.607] [MSG_SENT] Message 2703 sent to FlightLogicApp
[2025-08-13 08:45:41.112] [MSG_SENT] Message 2701 sent to HKApp
[2025-08-13 08:45:41.609] [MSG_SENT] Message 2702 sent to TelemetryApp
[2025-08-13 08:45:41.610] [MSG_SENT] Message 2703 sent to FlightLogicApp
[2025-08-13 08:45:42.114] [MSG_SENT] Message 2701 sent to HKApp
[2025-08-13 08:45:42.611] [MSG_SENT] Message 2702 sent to TelemetryApp
[2025-08-13 08:45:42.612] [MSG_SENT] Message 2703 sent to FlightLogicApp
[2025-08-13 08:45:43.116] [MSG_SENT] Message 2701 sent to HKApp
[2025-08-13 08:45:43.613] [MSG_SENT] Message 2702 sent to TelemetryApp
[2025-08-13 08:45:43.614] [MSG_SENT] Message 2703 sent to FlightLogicApp
[2025-08-13 08:45:44.117] [MSG_SENT] Message 2701 sent to HKApp
[2025-08-13 08:45:44.616] [MSG_SENT] Message 2702 sent to TelemetryApp
[2025-08-13 08:45:44.616] [MSG_SENT] Message 2703 sent to FlightLogicApp
[2025-08-13 08:45:45.120] [MSG_SENT] Message 2701 sent to HKApp
[2025-08-13 08:45:45.618] [MSG_SENT] Message 2702 sent to TelemetryApp
[2025-08-13 08:45:45.619] [MSG_SENT] Message 2703 sent to FlightLogicApp
[2025-08-13 08:45:46.121] [MSG_SENT] Message 2701 sent to HKApp
[2025-08-13 08:45:46.622] [MSG_SENT] Message 2702 sent to TelemetryApp
[2025-08-13 08:45:46.623] [MSG_SENT] Message 2703 sent to FlightLogicApp
[2025-08-13 08:45:47.123] [MSG_SENT] Message 2701 sent to HKApp
[2025-08-13 08:45:47.624] [MSG_SENT] Message 2702 sent to TelemetryApp
[2025-08-13 08:45:47.625] [MSG_SENT] Message 2703 sent to FlightLogicApp
[2025-08-13 08:45:48.124] [MSG_SENT] Message 2701 sent to HKApp
[2025-08-13 08:45:48.626] [MSG_SENT] Message 2702 sent to TelemetryApp
[2025-08-13 08:45:48.627] [MSG_SENT] Message 2703 sent to FlightLogicApp
[2025-08-13 08:45:49.125] [MSG_SENT] Message 2701 sent to HKApp
[2025-08-13 08:45:49.630] [MSG_SENT] Message 2702 sent to TelemetryApp
[2025-08-13 08:45:49.631] [MSG_SENT] Message 2703 sent to FlightLogicApp
[2025-08-13 08:45:50.126] [MSG_SENT] Message 2701 sent to HKApp
[2025-08-13 08:45:50.632] [MSG_SENT] Message 2702 sent to TelemetryApp
[2025-08-13 08:45:50.632] [MSG_SENT] Message 2703 sent to FlightLogicApp
[2025-08-13 08:45:51.128] [MSG_SENT] Message 2701 sent to HKApp
[2025-08-13 08:45:51.634] [MSG_SENT] Message 2702 sent to TelemetryApp
[2025-08-13 08:45:51.635] [MSG_SENT] Message 2703 sent to FlightLogicApp
[2025-08-13 08:45:52.129] [MSG_SENT] Message 2701 sent to HKApp
[2025-08-13 08:45:52.636] [MSG_SENT] Message 2702 sent to TelemetryApp
[2025-08-13 08:45:52.637] [MSG_SENT] Message 2703 sent to FlightLogicApp
[2025-08-13 08:45:53.131] [MSG_SENT] Message 2701 sent to HKApp
[2025-08-13 08:45:53.639] [MSG_SENT] Message 2702 sent to TelemetryApp
[2025-08-13 08:45:53.640] [MSG_SENT] Message 2703 sent to FlightLogicApp
[2025-08-13 08:45:54.132] [MSG_SENT] Message 2701 sent to HKApp
[2025-08-13 08:45:54.641] [MSG_SENT] Message 2702 sent to TelemetryApp
[2025-08-13 08:45:54.642] [MSG_SENT] Message 2703 sent to FlightLogicApp
[2025-08-13 08:45:55.133] [MSG_SENT] Message 2701 sent to HKApp
[2025-08-13 08:45:55.644] [MSG_SENT] Message 2702 sent to TelemetryApp
[2025-08-13 08:45:55.645] [MSG_SENT] Message 2703 sent to FlightLogicApp
[2025-08-13 08:45:56.135] [MSG_SENT] Message 2701 sent to HKApp
[2025-08-13 08:45:56.647] [MSG_SENT] Message 2702 sent to TelemetryApp
[2025-08-13 08:45:56.648] [MSG_SENT] Message 2703 sent to FlightLogicApp
[2025-08-13 08:45:57.137] [MSG_SENT] Message 2701 sent to HKApp
[2025-08-13 08:45:57.650] [MSG_SENT] Message 2702 sent to TelemetryApp
[2025-08-13 08:45:57.651] [MSG_SENT] Message 2703 sent to FlightLogicApp
[2025-08-13 08:45:58.138] [MSG_SENT] Message 2701 sent to HKApp
[2025-08-13 08:45:58.652] [MSG_SENT] Message 2702 sent to TelemetryApp
[2025-08-13 08:45:58.653] [MSG_SENT] Message 2703 sent to FlightLogicApp
[2025-08-13 08:45:59.139] [MSG_SENT] Message 2701 sent to HKApp
[2025-08-13 08:45:59.655] [MSG_SENT] Message 2702 sent to TelemetryApp
[2025-08-13 08:45:59.656] [MSG_SENT] Message 2703 sent to FlightLogicApp
[2025-08-13 08:46:00.140] [MSG_SENT] Message 2701 sent to HKApp
[2025-08-13 08:46:00.657] [MSG_SENT] Message 2702 sent to TelemetryApp
[2025-08-13 08:46:00.658] [MSG_SENT] Message 2703 sent to FlightLogicApp
[2025-08-13 08:46:01.141] [MSG_SENT] Message 2701 sent to HKApp
[2025-08-13 08:46:01.660] [MSG_SENT] Message 2702 sent to TelemetryApp
[2025-08-13 08:46:01.661] [MSG_SENT] Message 2703 sent to FlightLogicApp
[2025-08-13 08:46:02.142] [MSG_SENT] Message 2701 sent to HKApp
[2025-08-13 08:46:02.662] [MSG_SENT] Message 2702 sent to TelemetryApp
[2025-08-13 08:46:02.663] [MSG_SENT] Message 2703 sent to FlightLogicApp
[2025-08-13 08:46:03.144] [MSG_SENT] Message 2701 sent to HKApp
[2025-08-13 08:46:03.665] [MSG_SENT] Message 2702 sent to TelemetryApp
[2025-08-13 08:46:03.666] [MSG_SENT] Message 2703 sent to FlightLogicApp
[2025-08-13 08:46:04.145] [MSG_SENT] Message 2701 sent to HKApp
[2025-08-13 08:46:04.667] [MSG_SENT] Message 2702 sent to TelemetryApp
[2025-08-13 08:46:04.668] [MSG_SENT] Message 2703 sent to FlightLogicApp
[2025-08-13 08:46:05.146] [MSG_SENT] Message 2701 sent to HKApp
[2025-08-13 08:46:05.669] [MSG_SENT] Message 2702 sent to TelemetryApp
[2025-08-13 08:46:05.670] [MSG_SENT] Message 2703 sent to FlightLogicApp
[2025-08-13 08:46:06.147] [MSG_SENT] Message 2701 sent to HKApp
[2025-08-13 08:46:06.672] [MSG_SENT] Message 2702 sent to TelemetryApp
[2025-08-13 08:46:06.672] [MSG_SENT] Message 2703 sent to FlightLogicApp
[2025-08-13 08:46:07.148] [MSG_SENT] Message 2701 sent to HKApp
[2025-08-13 08:46:07.675] [MSG_SENT] Message 2702 sent to TelemetryApp
[2025-08-13 08:46:07.676] [MSG_SENT] Message 2703 sent to FlightLogicApp
[2025-08-13 08:46:08.149] [MSG_SENT] Message 2701 sent to HKApp
[2025-08-13 08:46:08.678] [MSG_SENT] Message 2702 sent to TelemetryApp
[2025-08-13 08:46:08.679] [MSG_SENT] Message 2703 sent to FlightLogicApp
[2025-08-13 08:46:09.151] [MSG_SENT] Message 2701 sent to HKApp
[2025-08-13 08:46:09.681] [MSG_SENT] Message 2702 sent to TelemetryApp
[2025-08-13 08:46:09.682] [MSG_SENT] Message 2703 sent to FlightLogicApp
[2025-08-13 08:46:10.152] [MSG_SENT] Message 2701 sent to HKApp
[2025-08-13 08:46:10.683] [MSG_SENT] Message 2702 sent to TelemetryApp
[2025-08-13 08:46:10.684] [MSG_SENT] Message 2703 sent to FlightLogicApp
[2025-08-13 08:46:11.153] [MSG_SENT] Message 2701 sent to HKApp
[2025-08-13 08:46:11.685] [MSG_SENT] Message 2702 sent to TelemetryApp
[2025-08-13 08:46:11.686] [MSG_SENT] Message 2703 sent to FlightLogicApp
[2025-08-13 08:46:12.155] [MSG_SENT] Message 2701 sent to HKApp
[2025-08-13 08:46:12.688] [MSG_SENT] Message 2702 sent to TelemetryApp
[2025-08-13 08:46:12.689] [MSG_SENT] Message 2703 sent to FlightLogicApp
[2025-08-13 08:46:13.156] [MSG_SENT] Message 2701 sent to HKApp
[2025-08-13 08:46:13.690] [MSG_SENT] Message 2702 sent to TelemetryApp
[2025-08-13 08:46:13.692] [MSG_SENT] Message 2703 sent to FlightLogicApp
[2025-08-13 08:46:14.158] [MSG_SENT] Message 2701 sent to HKApp
[2025-08-13 08:46:14.693] [MSG_SENT] Message 2702 sent to TelemetryApp
[2025-08-13 08:46:14.694] [MSG_SENT] Message 2703 sent to FlightLogicApp
[2025-08-13 08:46:15.159] [MSG_SENT] Message 2701 sent to HKApp
[2025-08-13 08:46:15.696] [MSG_SENT] Message 2702 sent to TelemetryApp
[2025-08-13 08:46:15.697] [MSG_SENT] Message 2703 sent to FlightLogicApp
[2025-08-13 08:46:16.160] [MSG_SENT] Message 2701 sent to HKApp
[2025-08-13 08:46:16.698] [MSG_SENT] Message 2702 sent to TelemetryApp
[2025-08-13 08:46:16.699] [MSG_SENT] Message 2703 sent to FlightLogicApp
[2025-08-13 08:46:17.161] [MSG_SENT] Message 2701 sent to HKApp
[2025-08-13 08:46:17.700] [MSG_SENT] Message 2702 sent to TelemetryApp
[2025-08-13 08:46:17.702] [MSG_SENT] Message 2703 sent to FlightLogicApp
[2025-08-13 08:46:18.163] [MSG_SENT] Message 2701 sent to HKApp
[2025-08-13 08:46:18.703] [MSG_SENT] Message 2702 sent to TelemetryApp
[2025-08-13 08:46:18.705] [MSG_SENT] Message 2703 sent to FlightLogicApp
[2025-08-13 08:46:19.164] [MSG_SENT] Message 2701 sent to HKApp
[2025-08-13 08:46:19.707] [MSG_SENT] Message 2702 sent to TelemetryApp
[2025-08-13 08:46:19.708] [MSG_SENT] Message 2703 sent to FlightLogicApp
[2025-08-13 08:46:20.165] [MSG_SENT] Message 2701 sent to HKApp
[2025-08-13 08:46:20.709] [MSG_SENT] Message 2702 sent to TelemetryApp
[2025-08-13 08:46:20.710] [MSG_SENT] Message 2703 sent to FlightLogicApp
[2025-08-13 08:46:21.167] [MSG_SENT] Message 2701 sent to HKApp
[2025-08-13 08:46:21.711] [MSG_SENT] Message 2702 sent to TelemetryApp
[2025-08-13 08:46:21.712] [MSG_SENT] Message 2703 sent to FlightLogicApp
[2025-08-13 08:46:22.168] [MSG_SENT] Message 2701 sent to HKApp
[2025-08-13 08:46:22.714] [MSG_SENT] Message 2702 sent to TelemetryApp
[2025-08-13 08:46:22.715] [MSG_SENT] Message 2703 sent to FlightLogicApp
[2025-08-13 08:46:23.169] [MSG_SENT] Message 2701 sent to HKApp
[2025-08-13 08:46:23.717] [MSG_SENT] Message 2702 sent to TelemetryApp
[2025-08-13 08:46:23.717] [MSG_SENT] Message 2703 sent to FlightLogicApp
[2025-08-13 08:46:24.171] [MSG_SENT] Message 2701 sent to HKApp
[2025-08-13 08:46:24.719] [MSG_SENT] Message 2702 sent to TelemetryApp
[2025-08-13 08:46:24.720] [MSG_SENT] Message 2703 sent to FlightLogicApp
[2025-08-13 08:46:25.172] [MSG_SENT] Message 2701 sent to HKApp
[2025-08-13 08:46:25.721] [MSG_SENT] Message 2702 sent to TelemetryApp
[2025-08-13 08:46:25.723] [MSG_SENT] Message 2703 sent to FlightLogicApp
[2025-08-13 08:46:26.174] [MSG_SENT] Message 2701 sent to HKApp
[2025-08-13 08:46:26.724] [MSG_SENT] Message 2702 sent to TelemetryApp
[2025-08-13 08:46:26.725] [MSG_SENT] Message 2703 sent to FlightLogicApp
[2025-08-13 08:46:27.175] [MSG_SENT] Message 2701 sent to HKApp
[2025-08-13 08:46:27.726] [MSG_SENT] Message 2702 sent to TelemetryApp
[2025-08-13 08:46:27.727] [MSG_SENT] Message 2703 sent to FlightLogicApp
[2025-08-13 08:46:28.176] [MSG_SENT] Message 2701 sent to HKApp
[2025-08-13 08:46:28.730] [MSG_SENT] Message 2702 sent to TelemetryApp
[2025-08-13 08:46:28.731] [MSG_SENT] Message 2703 sent to FlightLogicApp
[2025-08-13 08:46:29.178] [MSG_SENT] Message 2701 sent to HKApp
[2025-08-13 08:46:29.732] [MSG_SENT] Message 2702 sent to TelemetryApp
[2025-08-13 08:46:29.733] [MSG_SENT] Message 2703 sent to FlightLogicApp
[2025-08-13 08:46:30.179] [MSG_SENT] Message 2701 sent to HKApp
[2025-08-13 08:46:30.734] [MSG_SENT] Message 2702 sent to TelemetryApp
[2025-08-13 08:46:30.735] [MSG_SENT] Message 2703 sent to FlightLogicApp
[2025-08-13 08:46:31.180] [MSG_SENT] Message 2701 sent to HKApp
[2025-08-13 08:46:31.738] [MSG_SENT] Message 2702 sent to TelemetryApp
[2025-08-13 08:46:31.739] [MSG_SENT] Message 2703 sent to FlightLogicApp
[2025-08-13 08:46:32.182] [MSG_SENT] Message 2701 sent to HKApp
[2025-08-13 08:46:32.741] [MSG_SENT] Message 2702 sent to TelemetryApp
[2025-08-13 08:46:32.741] [MSG_SENT] Message 2703 sent to FlightLogicApp
[2025-08-13 08:46:33.184] [MSG_SENT] Message 2701 sent to HKApp
[2025-08-13 08:46:33.743] [MSG_SENT] Message 2702 sent to TelemetryApp
[2025-08-13 08:46:33.744] [MSG_SENT] Message 2703 sent to FlightLogicApp
[2025-08-13 08:46:34.185] [MSG_SENT] Message 2701 sent to HKApp
[2025-08-13 08:46:34.745] [MSG_SENT] Message 2702 sent to TelemetryApp
[2025-08-13 08:46:34.746] [MSG_SENT] Message 2703 sent to FlightLogicApp
[2025-08-13 08:46:35.188] [MSG_SENT] Message 2701 sent to HKApp
[2025-08-13 08:46:35.747] [MSG_SENT] Message 2702 sent to TelemetryApp
[2025-08-13 08:46:35.748] [MSG_SENT] Message 2703 sent to FlightLogicApp
[2025-08-13 08:46:36.190] [MSG_SENT] Message 2701 sent to HKApp
[2025-08-13 08:46:36.750] [MSG_SENT] Message 2702 sent to TelemetryApp
[2025-08-13 08:46:36.751] [MSG_SENT] Message 2703 sent to FlightLogicApp
[2025-08-13 08:46:37.191] [MSG_SENT] Message 2701 sent to HKApp
[2025-08-13 08:46:37.752] [MSG_SENT] Message 2702 sent to TelemetryApp
[2025-08-13 08:46:37.753] [MSG_SENT] Message 2703 sent to FlightLogicApp
[2025-08-13 08:46:38.193] [MSG_SENT] Message 2701 sent to HKApp
[2025-08-13 08:46:38.755] [MSG_SENT] Message 2702 sent to TelemetryApp
[2025-08-13 08:46:38.756] [MSG_SENT] Message 2703 sent to FlightLogicApp
[2025-08-13 08:46:39.194] [MSG_SENT] Message 2701 sent to HKApp
[2025-08-13 08:46:39.759] [MSG_SENT] Message 2702 sent to TelemetryApp
[2025-08-13 08:46:39.760] [MSG_SENT] Message 2703 sent to FlightLogicApp
[2025-08-13 08:46:40.196] [MSG_SENT] Message 2701 sent to HKApp
[2025-08-13 08:46:40.762] [MSG_SENT] Message 2702 sent to TelemetryApp
[2025-08-13 08:46:40.763] [MSG_SENT] Message 2703 sent to FlightLogicApp
[2025-08-13 08:46:41.197] [MSG_SENT] Message 2701 sent to HKApp
[2025-08-13 08:46:41.764] [MSG_SENT] Message 2702 sent to TelemetryApp
[2025-08-13 08:46:41.765] [MSG_SENT] Message 2703 sent to FlightLogicApp
[2025-08-13 08:46:42.198] [MSG_SENT] Message 2701 sent to HKApp
[2025-08-13 08:46:42.767] [MSG_SENT] Message 2702 sent to TelemetryApp
[2025-08-13 08:46:42.768] [MSG_SENT] Message 2703 sent to FlightLogicApp
[2025-08-13 08:46:43.199] [MSG_SENT] Message 2701 sent to HKApp
[2025-08-13 08:46:43.770] [MSG_SENT] Message 2702 sent to TelemetryApp
[2025-08-13 08:46:43.771] [MSG_SENT] Message 2703 sent to FlightLogicApp
[2025-08-13 08:46:44.200] [MSG_SENT] Message 2701 sent to HKApp
[2025-08-13 08:46:44.772] [MSG_SENT] Message 2702 sent to TelemetryApp
[2025-08-13 08:46:44.773] [MSG_SENT] Message 2703 sent to FlightLogicApp
[2025-08-13 08:46:45.202] [MSG_SENT] Message 2701 sent to HKApp
[2025-08-13 08:46:45.775] [MSG_SENT] Message 2702 sent to TelemetryApp
[2025-08-13 08:46:45.776] [MSG_SENT] Message 2703 sent to FlightLogicApp
[2025-08-13 08:46:46.203] [MSG_SENT] Message 2701 sent to HKApp
[2025-08-13 08:46:46.777] [MSG_SENT] Message 2702 sent to TelemetryApp
[2025-08-13 08:46:46.778] [MSG_SENT] Message 2703 sent to FlightLogicApp
[2025-08-13 08:46:47.207] [MSG_SENT] Message 2701 sent to HKApp
[2025-08-13 08:46:47.781] [MSG_SENT] Message 2702 sent to TelemetryApp
[2025-08-13 08:46:47.781] [MSG_SENT] Message 2703 sent to FlightLogicApp
[2025-08-13 08:46:48.208] [MSG_SENT] Message 2701 sent to HKApp
[2025-08-13 08:46:48.783] [MSG_SENT] Message 2702 sent to TelemetryApp
[2025-08-13 08:46:48.784] [MSG_SENT] Message 2703 sent to FlightLogicApp
[2025-08-13 08:46:49.210] [MSG_SENT] Message 2701 sent to HKApp
[2025-08-13 08:46:49.785] [MSG_SENT] Message 2702 sent to TelemetryApp
[2025-08-13 08:46:49.787] [MSG_SENT] Message 2703 sent to FlightLogicApp
[2025-08-13 08:46:50.211] [MSG_SENT] Message 2701 sent to HKApp
[2025-08-13 08:46:50.788] [MSG_SENT] Message 2702 sent to TelemetryApp
[2025-08-13 08:46:50.789] [MSG_SENT] Message 2703 sent to FlightLogicApp
[2025-08-13 08:46:51.212] [MSG_SENT] Message 2701 sent to HKApp
[2025-08-13 08:46:51.790] [MSG_SENT] Message 2702 sent to TelemetryApp
[2025-08-13 08:46:51.791] [MSG_SENT] Message 2703 sent to FlightLogicApp
[2025-08-13 08:46:52.220] [MSG_SENT] Message 2701 sent to HKApp
[2025-08-13 08:46:52.793] [MSG_SENT] Message 2702 sent to TelemetryApp
[2025-08-13 08:46:52.794] [MSG_SENT] Message 2703 sent to FlightLogicApp
[2025-08-13 08:46:53.222] [MSG_SENT] Message 2701 sent to HKApp
[2025-08-13 08:46:53.796] [MSG_SENT] Message 2702 sent to TelemetryApp
[2025-08-13 08:46:53.797] [MSG_SENT] Message 2703 sent to FlightLogicApp
[2025-08-13 08:46:54.224] [MSG_SENT] Message 2701 sent to HKApp
[2025-08-13 08:46:54.799] [MSG_SENT] Message 2702 sent to TelemetryApp
[2025-08-13 08:46:54.800] [MSG_SENT] Message 2703 sent to FlightLogicApp
[2025-08-13 08:46:55.225] [MSG_SENT] Message 2701 sent to HKApp
[2025-08-13 08:46:55.801] [MSG_SENT] Message 2702 sent to TelemetryApp
[2025-08-13 08:46:55.802] [MSG_SENT] Message 2703 sent to FlightLogicApp
[2025-08-13 08:46:56.226] [MSG_SENT] Message 2701 sent to HKApp
[2025-08-13 08:46:56.804] [MSG_SENT] Message 2702 sent to TelemetryApp
[2025-08-13 08:46:56.804] [MSG_SENT] Message 2703 sent to FlightLogicApp
[2025-08-13 08:46:57.229] [MSG_SENT] Message 2701 sent to HKApp
[2025-08-13 08:46:57.806] [MSG_SENT] Message 2702 sent to TelemetryApp
[2025-08-13 08:46:57.807] [MSG_SENT] Message 2703 sent to FlightLogicApp
[2025-08-13 08:46:58.230] [MSG_SENT] Message 2701 sent to HKApp
[2025-08-13 08:46:58.808] [MSG_SENT] Message 2702 sent to TelemetryApp
[2025-08-13 08:46:58.808] [MSG_SENT] Message 2703 sent to FlightLogicApp
[2025-08-13 08:46:59.232] [MSG_SENT] Message 2701 sent to HKApp
[2025-08-13 08:46:59.810] [MSG_SENT] Message 2702 sent to TelemetryApp
[2025-08-13 08:46:59.811] [MSG_SENT] Message 2703 sent to FlightLogicApp
[2025-08-13 08:47:00.233] [MSG_SENT] Message 2701 sent to HKApp
[2025-08-13 08:47:00.813] [MSG_SENT] Message 2702 sent to TelemetryApp
[2025-08-13 08:47:00.814] [MSG_SENT] Message 2703 sent to FlightLogicApp
[2025-08-13 08:47:01.235] [MSG_SENT] Message 2701 sent to HKApp
[2025-08-13 08:47:01.816] [MSG_SENT] Message 2702 sent to TelemetryApp
[2025-08-13 08:47:01.817] [MSG_SENT] Message 2703 sent to FlightLogicApp
[2025-08-13 08:47:02.250] [MSG_SENT] Message 2701 sent to HKApp
[2025-08-13 08:47:02.819] [MSG_SENT] Message 2702 sent to TelemetryApp
[2025-08-13 08:47:02.819] [MSG_SENT] Message 2703 sent to FlightLogicApp
[2025-08-13 08:47:03.252] [MSG_SENT] Message 2701 sent to HKApp
[2025-08-13 08:47:03.821] [MSG_SENT] Message 2702 sent to TelemetryApp
[2025-08-13 08:47:03.822] [MSG_SENT] Message 2703 sent to FlightLogicApp
[2025-08-13 08:47:04.253] [MSG_SENT] Message 2701 sent to HKApp
[2025-08-13 08:47:04.823] [MSG_SENT] Message 2702 sent to TelemetryApp
[2025-08-13 08:47:04.824] [MSG_SENT] Message 2703 sent to FlightLogicApp
[2025-08-13 08:47:05.255] [MSG_SENT] Message 2701 sent to HKApp
[2025-08-13 08:47:05.825] [MSG_SENT] Message 2702 sent to TelemetryApp
[2025-08-13 08:47:05.826] [MSG_SENT] Message 2703 sent to FlightLogicApp
[2025-08-13 08:47:06.258] [MSG_SENT] Message 2701 sent to HKApp
[2025-08-13 08:47:06.828] [MSG_SENT] Message 2702 sent to TelemetryApp
[2025-08-13 08:47:06.828] [MSG_SENT] Message 2703 sent to FlightLogicApp
[2025-08-13 08:47:07.272] [MSG_SENT] Message 2701 sent to HKApp
[2025-08-13 08:47:07.830] [MSG_SENT] Message 2702 sent to TelemetryApp
[2025-08-13 08:47:07.831] [MSG_SENT] Message 2703 sent to FlightLogicApp
[2025-08-13 08:47:08.273] [MSG_SENT] Message 2701 sent to HKApp
[2025-08-13 08:47:08.833] [MSG_SENT] Message 2702 sent to TelemetryApp
[2025-08-13 08:47:08.834] [MSG_SENT] Message 2703 sent to FlightLogicApp
[2025-08-13 08:47:09.275] [MSG_SENT] Message 2701 sent to HKApp
[2025-08-13 08:47:09.836] [MSG_SENT] Message 2702 sent to TelemetryApp
[2025-08-13 08:47:09.837] [MSG_SENT] Message 2703 sent to FlightLogicApp
[2025-08-13 08:47:10.277] [MSG_SENT] Message 2701 sent to HKApp
[2025-08-13 08:47:10.838] [MSG_SENT] Message 2702 sent to TelemetryApp
[2025-08-13 08:47:10.839] [MSG_SENT] Message 2703 sent to FlightLogicApp
[2025-08-13 08:47:11.278] [MSG_SENT] Message 2701 sent to HKApp
[2025-08-13 08:47:11.840] [MSG_SENT] Message 2702 sent to TelemetryApp
[2025-08-13 08:47:11.841] [MSG_SENT] Message 2703 sent to FlightLogicApp
[2025-08-13 08:47:12.279] [MSG_SENT] Message 2701 sent to HKApp
[2025-08-13 08:47:12.843] [MSG_SENT] Message 2702 sent to TelemetryApp
[2025-08-13 08:47:12.844] [MSG_SENT] Message 2703 sent to FlightLogicApp
[2025-08-13 08:47:13.281] [MSG_SENT] Message 2701 sent to HKApp
[2025-08-13 08:47:13.846] [MSG_SENT] Message 2702 sent to TelemetryApp
[2025-08-13 08:47:13.848] [MSG_SENT] Message 2703 sent to FlightLogicApp
[2025-08-13 08:47:14.283] [MSG_SENT] Message 2701 sent to HKApp
[2025-08-13 08:47:14.850] [MSG_SENT] Message 2702 sent to TelemetryApp
[2025-08-13 08:47:14.851] [MSG_SENT] Message 2703 sent to FlightLogicApp
[2025-08-13 08:47:15.285] [MSG_SENT] Message 2701 sent to HKApp
[2025-08-13 08:47:15.852] [MSG_SENT] Message 2702 sent to TelemetryApp
[2025-08-13 08:47:15.853] [MSG_SENT] Message 2703 sent to FlightLogicApp
[2025-08-13 08:47:16.286] [MSG_SENT] Message 2701 sent to HKApp
[2025-08-13 08:47:16.855] [MSG_SENT] Message 2702 sent to TelemetryApp
[2025-08-13 08:47:16.855] [MSG_SENT] Message 2703 sent to FlightLogicApp
[2025-08-13 08:47:17.288] [MSG_SENT] Message 2701 sent to HKApp
[2025-08-13 08:47:17.857] [MSG_SENT] Message 2702 sent to TelemetryApp
[2025-08-13 08:47:17.858] [MSG_SENT] Message 2703 sent to FlightLogicApp
[2025-08-13 08:47:18.289] [MSG_SENT] Message 2701 sent to HKApp
[2025-08-13 08:47:18.859] [MSG_SENT] Message 2702 sent to TelemetryApp
[2025-08-13 08:47:18.860] [MSG_SENT] Message 2703 sent to FlightLogicApp
[2025-08-13 08:47:19.290] [MSG_SENT] Message 2701 sent to HKApp
[2025-08-13 08:47:19.861] [MSG_SENT] Message 2702 sent to TelemetryApp
[2025-08-13 08:47:19.863] [MSG_SENT] Message 2703 sent to FlightLogicApp
[2025-08-13 08:47:20.291] [MSG_SENT] Message 2701 sent to HKApp
[2025-08-13 08:47:20.864] [MSG_SENT] Message 2702 sent to TelemetryApp
[2025-08-13 08:47:20.865] [MSG_SENT] Message 2703 sent to FlightLogicApp
[2025-08-13 08:47:21.293] [MSG_SENT] Message 2701 sent to HKApp
[2025-08-13 08:47:21.867] [MSG_SENT] Message 2702 sent to TelemetryApp
[2025-08-13 08:47:21.868] [MSG_SENT] Message 2703 sent to FlightLogicApp
[2025-08-13 08:47:22.294] [MSG_SENT] Message 2701 sent to HKApp
[2025-08-13 08:47:22.870] [MSG_SENT] Message 2702 sent to TelemetryApp
[2025-08-13 08:47:22.870] [MSG_SENT] Message 2703 sent to FlightLogicApp
[2025-08-13 08:47:23.295] [MSG_SENT] Message 2701 sent to HKApp
[2025-08-13 08:47:23.872] [MSG_SENT] Message 2702 sent to TelemetryApp
[2025-08-13 08:47:23.874] [MSG_SENT] Message 2703 sent to FlightLogicApp
[2025-08-13 08:47:24.296] [MSG_SENT] Message 2701 sent to HKApp
[2025-08-13 08:47:24.876] [MSG_SENT] Message 2702 sent to TelemetryApp
[2025-08-13 08:47:24.877] [MSG_SENT] Message 2703 sent to FlightLogicApp
[2025-08-13 08:47:25.297] [MSG_SENT] Message 2701 sent to HKApp
[2025-08-13 08:47:25.881] [MSG_SENT] Message 2702 sent to TelemetryApp
[2025-08-13 08:47:25.881] [MSG_SENT] Message 2703 sent to FlightLogicApp
[2025-08-13 08:47:26.299] [MSG_SENT] Message 2701 sent to HKApp
[2025-08-13 08:47:26.883] [MSG_SENT] Message 2702 sent to TelemetryApp
[2025-08-13 08:47:26.884] [MSG_SENT] Message 2703 sent to FlightLogicApp
[2025-08-13 08:47:27.300] [MSG_SENT] Message 2701 sent to HKApp
[2025-08-13 08:47:27.885] [MSG_SENT] Message 2702 sent to TelemetryApp
[2025-08-13 08:47:27.886] [MSG_SENT] Message 2703 sent to FlightLogicApp
[2025-08-13 08:47:28.302] [MSG_SENT] Message 2701 sent to HKApp
[2025-08-13 08:47:28.888] [MSG_SENT] Message 2702 sent to TelemetryApp
[2025-08-13 08:47:28.889] [MSG_SENT] Message 2703 sent to FlightLogicApp
[2025-08-13 08:47:29.303] [MSG_SENT] Message 2701 sent to HKApp
[2025-08-13 08:47:29.890] [MSG_SENT] Message 2702 sent to TelemetryApp
[2025-08-13 08:47:29.891] [MSG_SENT] Message 2703 sent to FlightLogicApp
[2025-08-13 08:47:30.304] [MSG_SENT] Message 2701 sent to HKApp
[2025-08-13 08:47:30.893] [MSG_SENT] Message 2702 sent to TelemetryApp
[2025-08-13 08:47:30.894] [MSG_SENT] Message 2703 sent to FlightLogicApp
[2025-08-13 08:47:31.306] [MSG_SENT] Message 2701 sent to HKApp
[2025-08-13 08:47:31.896] [MSG_SENT] Message 2702 sent to TelemetryApp
[2025-08-13 08:47:31.898] [MSG_SENT] Message 2703 sent to FlightLogicApp
[2025-08-13 08:47:32.307] [MSG_SENT] Message 2701 sent to HKApp
[2025-08-13 08:47:32.899] [MSG_SENT] Message 2702 sent to TelemetryApp
[2025-08-13 08:47:32.900] [MSG_SENT] Message 2703 sent to FlightLogicApp
[2025-08-13 08:47:33.308] [MSG_SENT] Message 2701 sent to HKApp
[2025-08-13 08:47:33.901] [MSG_SENT] Message 2702 sent to TelemetryApp
[2025-08-13 08:47:33.902] [MSG_SENT] Message 2703 sent to FlightLogicApp
[2025-08-13 08:47:34.309] [MSG_SENT] Message 2701 sent to HKApp
[2025-08-13 08:47:34.904] [MSG_SENT] Message 2702 sent to TelemetryApp
[2025-08-13 08:47:34.905] [MSG_SENT] Message 2703 sent to FlightLogicApp
[2025-08-13 08:47:35.311] [MSG_SENT] Message 2701 sent to HKApp
[2025-08-13 08:47:35.906] [MSG_SENT] Message 2702 sent to TelemetryApp
[2025-08-13 08:47:35.908] [MSG_SENT] Message 2703 sent to FlightLogicApp
[2025-08-13 08:47:36.312] [MSG_SENT] Message 2701 sent to HKApp
[2025-08-13 08:47:36.910] [MSG_SENT] Message 2702 sent to TelemetryApp
[2025-08-13 08:47:36.911] [MSG_SENT] Message 2703 sent to FlightLogicApp
[2025-08-13 08:47:37.314] [MSG_SENT] Message 2701 sent to HKApp
[2025-08-13 08:47:37.913] [MSG_SENT] Message 2702 sent to TelemetryApp
[2025-08-13 08:47:37.913] [MSG_SENT] Message 2703 sent to FlightLogicApp
[2025-08-13 08:47:38.316] [MSG_SENT] Message 2701 sent to HKApp
[2025-08-13 08:47:38.915] [MSG_SENT] Message 2702 sent to TelemetryApp
[2025-08-13 08:47:38.916] [MSG_SENT] Message 2703 sent to FlightLogicApp
[2025-08-13 08:47:39.317] [MSG_SENT] Message 2701 sent to HKApp
[2025-08-13 08:47:39.917] [MSG_SENT] Message 2702 sent to TelemetryApp
[2025-08-13 08:47:39.919] [MSG_SENT] Message 2703 sent to FlightLogicApp
[2025-08-13 08:47:40.319] [MSG_SENT] Message 2701 sent to HKApp
[2025-08-13 08:47:40.920] [MSG_SENT] Message 2702 sent to TelemetryApp
[2025-08-13 08:47:40.921] [MSG_SENT] Message 2703 sent to FlightLogicApp
[2025-08-13 08:47:41.320] [MSG_SENT] Message 2701 sent to HKApp
[2025-08-13 08:47:41.922] [MSG_SENT] Message 2702 sent to TelemetryApp
[2025-08-13 08:47:41.923] [MSG_SENT] Message 2703 sent to FlightLogicApp
[2025-08-13 08:47:42.323] [MSG_SENT] Message 2701 sent to HKApp
[2025-08-13 08:47:42.925] [MSG_SENT] Message 2702 sent to TelemetryApp
[2025-08-13 08:47:42.927] [MSG_SENT] Message 2703 sent to FlightLogicApp
[2025-08-13 08:47:43.325] [MSG_SENT] Message 2701 sent to HKApp
[2025-08-13 08:47:43.928] [MSG_SENT] Message 2702 sent to TelemetryApp
[2025-08-13 08:47:43.930] [MSG_SENT] Message 2703 sent to FlightLogicApp
[2025-08-13 08:47:44.326] [MSG_SENT] Message 2701 sent to HKApp
[2025-08-13 08:47:44.931] [MSG_SENT] Message 2702 sent to TelemetryApp
[2025-08-13 08:47:44.932] [MSG_SENT] Message 2703 sent to FlightLogicApp
[2025-08-13 08:47:45.327] [MSG_SENT] Message 2701 sent to HKApp
[2025-08-13 08:47:45.933] [MSG_SENT] Message 2702 sent to TelemetryApp
[2025-08-13 08:47:45.934] [MSG_SENT] Message 2703 sent to FlightLogicApp
[2025-08-13 08:47:46.329] [MSG_SENT] Message 2701 sent to HKApp
[2025-08-13 08:47:46.936] [MSG_SENT] Message 2702 sent to TelemetryApp
[2025-08-13 08:47:46.937] [MSG_SENT] Message 2703 sent to FlightLogicApp
[2025-08-13 08:47:47.330] [MSG_SENT] Message 2701 sent to HKApp
[2025-08-13 08:47:47.938] [MSG_SENT] Message 2702 sent to TelemetryApp
[2025-08-13 08:47:47.939] [MSG_SENT] Message 2703 sent to FlightLogicApp
[2025-08-13 08:47:48.332] [MSG_SENT] Message 2701 sent to HKApp
[2025-08-13 08:47:48.941] [MSG_SENT] Message 2702 sent to TelemetryApp
[2025-08-13 08:47:48.943] [MSG_SENT] Message 2703 sent to FlightLogicApp
[2025-08-13 08:47:49.334] [MSG_SENT] Message 2701 sent to HKApp
[2025-08-13 08:47:49.945] [MSG_SENT] Message 2702 sent to TelemetryApp
[2025-08-13 08:47:49.946] [MSG_SENT] Message 2703 sent to FlightLogicApp
[2025-08-13 08:47:50.336] [MSG_SENT] Message 2701 sent to HKApp
[2025-08-13 08:47:50.949] [MSG_SENT] Message 2702 sent to TelemetryApp
[2025-08-13 08:47:50.950] [MSG_SENT] Message 2703 sent to FlightLogicApp
[2025-08-13 08:47:51.337] [MSG_SENT] Message 2701 sent to HKApp
[2025-08-13 08:47:51.951] [MSG_SENT] Message 2702 sent to TelemetryApp
[2025-08-13 08:47:51.952] [MSG_SENT] Message 2703 sent to FlightLogicApp
[2025-08-13 08:47:52.345] [MSG_SENT] Message 2701 sent to HKApp
[2025-08-13 08:47:52.954] [MSG_SENT] Message 2702 sent to TelemetryApp
[2025-08-13 08:47:52.955] [MSG_SENT] Message 2703 sent to FlightLogicApp
[2025-08-13 08:47:53.347] [MSG_SENT] Message 2701 sent to HKApp
[2025-08-13 08:47:53.957] [MSG_SENT] Message 2702 sent to TelemetryApp
[2025-08-13 08:47:53.958] [MSG_SENT] Message 2703 sent to FlightLogicApp
[2025-08-13 08:47:54.348] [MSG_SENT] Message 2701 sent to HKApp
[2025-08-13 08:47:54.959] [MSG_SENT] Message 2702 sent to TelemetryApp
[2025-08-13 08:47:54.960] [MSG_SENT] Message 2703 sent to FlightLogicApp
[2025-08-13 08:47:55.349] [MSG_SENT] Message 2701 sent to HKApp
[2025-08-13 08:47:55.962] [MSG_SENT] Message 2702 sent to TelemetryApp
[2025-08-13 08:47:55.963] [MSG_SENT] Message 2703 sent to FlightLogicApp
[2025-08-13 08:47:56.351] [MSG_SENT] Message 2701 sent to HKApp
[2025-08-13 08:47:56.965] [MSG_SENT] Message 2702 sent to TelemetryApp
[2025-08-13 08:47:56.966] [MSG_SENT] Message 2703 sent to FlightLogicApp
[2025-08-13 08:47:57.353] [MSG_SENT] Message 2701 sent to HKApp
[2025-08-13 08:47:57.968] [MSG_SENT] Message 2702 sent to TelemetryApp
[2025-08-13 08:47:57.969] [MSG_SENT] Message 2703 sent to FlightLogicApp
[2025-08-13 08:47:58.354] [MSG_SENT] Message 2701 sent to HKApp
[2025-08-13 08:47:58.970] [MSG_SENT] Message 2702 sent to TelemetryApp
[2025-08-13 08:47:58.971] [MSG_SENT] Message 2703 sent to FlightLogicApp
[2025-08-13 08:47:59.356] [MSG_SENT] Message 2701 sent to HKApp
[2025-08-13 08:47:59.972] [MSG_SENT] Message 2702 sent to TelemetryApp
[2025-08-13 08:47:59.973] [MSG_SENT] Message 2703 sent to FlightLogicApp
[2025-08-13 08:48:00.357] [MSG_SENT] Message 2701 sent to HKApp
[2025-08-13 08:48:00.975] [MSG_SENT] Message 2702 sent to TelemetryApp
[2025-08-13 08:48:00.976] [MSG_SENT] Message 2703 sent to FlightLogicApp
[2025-08-13 08:48:01.359] [MSG_SENT] Message 2701 sent to HKApp
[2025-08-13 08:48:01.977] [MSG_SENT] Message 2702 sent to TelemetryApp
[2025-08-13 08:48:01.978] [MSG_SENT] Message 2703 sent to FlightLogicApp
[2025-08-13 08:48:02.360] [MSG_SENT] Message 2701 sent to HKApp
[2025-08-13 08:48:02.980] [MSG_SENT] Message 2702 sent to TelemetryApp
[2025-08-13 08:48:02.981] [MSG_SENT] Message 2703 sent to FlightLogicApp
[2025-08-13 08:48:03.362] [MSG_SENT] Message 2701 sent to HKApp
[2025-08-13 08:48:03.983] [MSG_SENT] Message 2702 sent to TelemetryApp
[2025-08-13 08:48:03.984] [MSG_SENT] Message 2703 sent to FlightLogicApp
[2025-08-13 08:48:04.363] [MSG_SENT] Message 2701 sent to HKApp
[2025-08-13 08:48:04.987] [MSG_SENT] Message 2702 sent to TelemetryApp
[2025-08-13 08:48:04.988] [MSG_SENT] Message 2703 sent to FlightLogicApp
[2025-08-13 08:48:05.365] [MSG_SENT] Message 2701 sent to HKApp
[2025-08-13 08:48:05.991] [MSG_SENT] Message 2702 sent to TelemetryApp
[2025-08-13 08:48:05.991] [MSG_SENT] Message 2703 sent to FlightLogicApp
[2025-08-13 08:48:06.367] [MSG_SENT] Message 2701 sent to HKApp
[2025-08-13 08:48:06.993] [MSG_SENT] Message 2702 sent to TelemetryApp
[2025-08-13 08:48:06.993] [MSG_SENT] Message 2703 sent to FlightLogicApp
[2025-08-13 08:48:07.368] [MSG_SENT] Message 2701 sent to HKApp
[2025-08-13 08:48:07.995] [MSG_SENT] Message 2702 sent to TelemetryApp
[2025-08-13 08:48:07.996] [MSG_SENT] Message 2703 sent to FlightLogicApp
[2025-08-13 08:48:08.369] [MSG_SENT] Message 2701 sent to HKApp
[2025-08-13 08:48:08.997] [MSG_SENT] Message 2702 sent to TelemetryApp
[2025-08-13 08:48:08.999] [MSG_SENT] Message 2703 sent to FlightLogicApp
[2025-08-13 08:48:09.371] [MSG_SENT] Message 2701 sent to HKApp
[2025-08-13 08:48:10.000] [MSG_SENT] Message 2702 sent to TelemetryApp
[2025-08-13 08:48:10.001] [MSG_SENT] Message 2703 sent to FlightLogicApp
[2025-08-13 08:48:10.372] [MSG_SENT] Message 2701 sent to HKApp
[2025-08-13 08:48:11.003] [MSG_SENT] Message 2702 sent to TelemetryApp
[2025-08-13 08:48:11.004] [MSG_SENT] Message 2703 sent to FlightLogicApp
[2025-08-13 08:48:11.374] [MSG_SENT] Message 2701 sent to HKApp
[2025-08-13 08:48:12.007] [MSG_SENT] Message 2702 sent to TelemetryApp
[2025-08-13 08:48:12.008] [MSG_SENT] Message 2703 sent to FlightLogicApp
[2025-08-13 08:48:12.375] [MSG_SENT] Message 2701 sent to HKApp
[2025-08-13 08:48:13.009] [MSG_SENT] Message 2702 sent to TelemetryApp
[2025-08-13 08:48:13.010] [MSG_SENT] Message 2703 sent to FlightLogicApp
[2025-08-13 08:48:13.376] [MSG_SENT] Message 2701 sent to HKApp
[2025-08-13 08:48:14.012] [MSG_SENT] Message 2702 sent to TelemetryApp
[2025-08-13 08:48:14.012] [MSG_SENT] Message 2703 sent to FlightLogicApp
[2025-08-13 08:48:14.377] [MSG_SENT] Message 2701 sent to HKApp
[2025-08-13 08:48:15.014] [MSG_SENT] Message 2702 sent to TelemetryApp
[2025-08-13 08:48:15.015] [MSG_SENT] Message 2703 sent to FlightLogicApp
[2025-08-13 08:48:15.378] [MSG_SENT] Message 2701 sent to HKApp
[2025-08-13 08:48:16.017] [MSG_SENT] Message 2702 sent to TelemetryApp
[2025-08-13 08:48:16.018] [MSG_SENT] Message 2703 sent to FlightLogicApp
[2025-08-13 08:48:16.379] [MSG_SENT] Message 2701 sent to HKApp
[2025-08-13 08:48:17.019] [MSG_SENT] Message 2702 sent to TelemetryApp
[2025-08-13 08:48:17.022] [MSG_SENT] Message 2703 sent to FlightLogicApp
[2025-08-13 08:48:17.380] [MSG_SENT] Message 2701 sent to HKApp
[2025-08-13 08:48:18.023] [MSG_SENT] Message 2702 sent to TelemetryApp
[2025-08-13 08:48:18.024] [MSG_SENT] Message 2703 sent to FlightLogicApp
[2025-08-13 08:48:18.383] [MSG_SENT] Message 2701 sent to HKApp
[2025-08-13 08:48:19.027] [MSG_SENT] Message 2702 sent to TelemetryApp
[2025-08-13 08:48:19.028] [MSG_SENT] Message 2703 sent to FlightLogicApp
[2025-08-13 08:48:19.384] [MSG_SENT] Message 2701 sent to HKApp
[2025-08-13 08:48:20.031] [MSG_SENT] Message 2702 sent to TelemetryApp
[2025-08-13 08:48:20.032] [MSG_SENT] Message 2703 sent to FlightLogicApp
[2025-08-13 08:48:20.385] [MSG_SENT] Message 2701 sent to HKApp
[2025-08-13 08:48:21.034] [MSG_SENT] Message 2702 sent to TelemetryApp
[2025-08-13 08:48:21.036] [MSG_SENT] Message 2703 sent to FlightLogicApp
[2025-08-13 08:48:21.387] [MSG_SENT] Message 2701 sent to HKApp
[2025-08-13 08:48:22.038] [MSG_SENT] Message 2702 sent to TelemetryApp
[2025-08-13 08:48:22.039] [MSG_SENT] Message 2703 sent to FlightLogicApp
[2025-08-13 08:48:22.388] [MSG_SENT] Message 2701 sent to HKApp
[2025-08-13 08:48:23.043] [MSG_SENT] Message 2702 sent to TelemetryApp
[2025-08-13 08:48:23.044] [MSG_SENT] Message 2703 sent to FlightLogicApp
[2025-08-13 08:48:23.389] [MSG_SENT] Message 2701 sent to HKApp
[2025-08-13 08:48:24.046] [MSG_SENT] Message 2702 sent to TelemetryApp
[2025-08-13 08:48:24.049] [MSG_SENT] Message 2703 sent to FlightLogicApp
[2025-08-13 08:48:24.391] [MSG_SENT] Message 2701 sent to HKApp
[2025-08-13 08:48:25.050] [MSG_SENT] Message 2702 sent to TelemetryApp
[2025-08-13 08:48:25.052] [MSG_SENT] Message 2703 sent to FlightLogicApp
[2025-08-13 08:48:25.392] [MSG_SENT] Message 2701 sent to HKApp
[2025-08-13 08:48:26.054] [MSG_SENT] Message 2702 sent to TelemetryApp
[2025-08-13 08:48:26.055] [MSG_SENT] Message 2703 sent to FlightLogicApp
[2025-08-13 08:48:26.394] [MSG_SENT] Message 2701 sent to HKApp
[2025-08-13 08:48:27.057] [MSG_SENT] Message 2702 sent to TelemetryApp
[2025-08-13 08:48:27.057] [MSG_SENT] Message 2703 sent to FlightLogicApp
[2025-08-13 08:48:27.395] [MSG_SENT] Message 2701 sent to HKApp
[2025-08-13 08:48:28.059] [MSG_SENT] Message 2702 sent to TelemetryApp
[2025-08-13 08:48:28.059] [MSG_SENT] Message 2703 sent to FlightLogicApp
[2025-08-13 08:48:28.397] [MSG_SENT] Message 2701 sent to HKApp
[2025-08-13 08:48:29.061] [MSG_SENT] Message 2702 sent to TelemetryApp
[2025-08-13 08:48:29.062] [MSG_SENT] Message 2703 sent to FlightLogicApp
[2025-08-13 08:48:29.398] [MSG_SENT] Message 2701 sent to HKApp
[2025-08-13 08:48:30.063] [MSG_SENT] Message 2702 sent to TelemetryApp
[2025-08-13 08:48:30.064] [MSG_SENT] Message 2703 sent to FlightLogicApp
[2025-08-13 08:48:30.399] [MSG_SENT] Message 2701 sent to HKApp
[2025-08-13 08:48:31.066] [MSG_SENT] Message 2702 sent to TelemetryApp
[2025-08-13 08:48:31.066] [MSG_SENT] Message 2703 sent to FlightLogicApp
[2025-08-13 08:48:31.400] [MSG_SENT] Message 2701 sent to HKApp
[2025-08-13 08:48:32.068] [MSG_SENT] Message 2702 sent to TelemetryApp
[2025-08-13 08:48:32.070] [MSG_SENT] Message 2703 sent to FlightLogicApp
[2025-08-13 08:48:32.401] [MSG_SENT] Message 2701 sent to HKApp
[2025-08-13 08:48:33.071] [MSG_SENT] Message 2702 sent to TelemetryApp
[2025-08-13 08:48:33.071] [MSG_SENT] Message 2703 sent to FlightLogicApp
[2025-08-13 08:48:33.402] [MSG_SENT] Message 2701 sent to HKApp
[2025-08-13 08:48:34.073] [MSG_SENT] Message 2702 sent to TelemetryApp
[2025-08-13 08:48:34.074] [MSG_SENT] Message 2703 sent to FlightLogicApp
[2025-08-13 08:48:34.404] [MSG_SENT] Message 2701 sent to HKApp
[2025-08-13 08:48:35.076] [MSG_SENT] Message 2702 sent to TelemetryApp
[2025-08-13 08:48:35.076] [MSG_SENT] Message 2703 sent to FlightLogicApp
[2025-08-13 08:48:35.405] [MSG_SENT] Message 2701 sent to HKApp
[2025-08-13 08:48:36.078] [MSG_SENT] Message 2702 sent to TelemetryApp
[2025-08-13 08:48:36.079] [MSG_SENT] Message 2703 sent to FlightLogicApp
[2025-08-13 08:48:36.406] [MSG_SENT] Message 2701 sent to HKApp
[2025-08-13 08:48:37.080] [MSG_SENT] Message 2702 sent to TelemetryApp
[2025-08-13 08:48:37.082] [MSG_SENT] Message 2703 sent to FlightLogicApp
[2025-08-13 08:48:37.408] [MSG_SENT] Message 2701 sent to HKApp
[2025-08-13 08:48:38.084] [MSG_SENT] Message 2702 sent to TelemetryApp
[2025-08-13 08:48:38.085] [MSG_SENT] Message 2703 sent to FlightLogicApp
[2025-08-13 08:48:38.409] [MSG_SENT] Message 2701 sent to HKApp
[2025-08-13 08:48:39.086] [MSG_SENT] Message 2702 sent to TelemetryApp
[2025-08-13 08:48:39.087] [MSG_SENT] Message 2703 sent to FlightLogicApp
[2025-08-13 08:48:39.410] [MSG_SENT] Message 2701 sent to HKApp
[2025-08-13 08:48:40.088] [MSG_SENT] Message 2702 sent to TelemetryApp
[2025-08-13 08:48:40.089] [MSG_SENT] Message 2703 sent to FlightLogicApp
[2025-08-13 08:48:40.412] [MSG_SENT] Message 2701 sent to HKApp
[2025-08-13 08:48:41.091] [MSG_SENT] Message 2702 sent to TelemetryApp
[2025-08-13 08:48:41.092] [MSG_SENT] Message 2703 sent to FlightLogicApp
[2025-08-13 08:48:41.413] [MSG_SENT] Message 2701 sent to HKApp
[2025-08-13 08:48:42.093] [MSG_SENT] Message 2702 sent to TelemetryApp
[2025-08-13 08:48:42.094] [MSG_SENT] Message 2703 sent to FlightLogicApp
[2025-08-13 08:48:42.415] [MSG_SENT] Message 2701 sent to HKApp
[2025-08-13 08:48:43.097] [MSG_SENT] Message 2702 sent to TelemetryApp
[2025-08-13 08:48:43.099] [MSG_SENT] Message 2703 sent to FlightLogicApp
[2025-08-13 08:48:43.416] [MSG_SENT] Message 2701 sent to HKApp
[2025-08-13 08:48:44.102] [MSG_SENT] Message 2702 sent to TelemetryApp
[2025-08-13 08:48:44.103] [MSG_SENT] Message 2703 sent to FlightLogicApp
[2025-08-13 08:48:44.417] [MSG_SENT] Message 2701 sent to HKApp
[2025-08-13 08:48:45.105] [MSG_SENT] Message 2702 sent to TelemetryApp
[2025-08-13 08:48:45.106] [MSG_SENT] Message 2703 sent to FlightLogicApp
[2025-08-13 08:48:45.420] [MSG_SENT] Message 2701 sent to HKApp
[2025-08-13 08:48:46.107] [MSG_SENT] Message 2702 sent to TelemetryApp
[2025-08-13 08:48:46.108] [MSG_SENT] Message 2703 sent to FlightLogicApp
[2025-08-13 08:48:46.421] [MSG_SENT] Message 2701 sent to HKApp
[2025-08-13 08:48:47.109] [MSG_SENT] Message 2702 sent to TelemetryApp
[2025-08-13 08:48:47.110] [MSG_SENT] Message 2703 sent to FlightLogicApp
[2025-08-13 08:48:47.422] [MSG_SENT] Message 2701 sent to HKApp
[2025-08-13 08:48:48.112] [MSG_SENT] Message 2702 sent to TelemetryApp
[2025-08-13 08:48:48.113] [MSG_SENT] Message 2703 sent to FlightLogicApp
[2025-08-13 08:48:48.423] [MSG_SENT] Message 2701 sent to HKApp
[2025-08-13 08:48:49.114] [MSG_SENT] Message 2702 sent to TelemetryApp
[2025-08-13 08:48:49.115] [MSG_SENT] Message 2703 sent to FlightLogicApp
[2025-08-13 08:48:49.424] [MSG_SENT] Message 2701 sent to HKApp
[2025-08-13 08:48:50.116] [MSG_SENT] Message 2702 sent to TelemetryApp
[2025-08-13 08:48:50.117] [MSG_SENT] Message 2703 sent to FlightLogicApp
[2025-08-13 08:48:50.426] [MSG_SENT] Message 2701 sent to HKApp
[2025-08-13 08:48:51.118] [MSG_SENT] Message 2702 sent to TelemetryApp
[2025-08-13 08:48:51.120] [MSG_SENT] Message 2703 sent to FlightLogicApp
[2025-08-13 08:48:51.428] [MSG_SENT] Message 2701 sent to HKApp
[2025-08-13 08:48:52.121] [MSG_SENT] Message 2702 sent to TelemetryApp
[2025-08-13 08:48:52.122] [MSG_SENT] Message 2703 sent to FlightLogicApp
[2025-08-13 08:48:52.429] [MSG_SENT] Message 2701 sent to HKApp
[2025-08-13 08:48:53.124] [MSG_SENT] Message 2702 sent to TelemetryApp
[2025-08-13 08:48:53.125] [MSG_SENT] Message 2703 sent to FlightLogicApp
[2025-08-13 08:48:53.430] [MSG_SENT] Message 2701 sent to HKApp
[2025-08-13 08:48:54.127] [MSG_SENT] Message 2702 sent to TelemetryApp
[2025-08-13 08:48:54.128] [MSG_SENT] Message 2703 sent to FlightLogicApp
[2025-08-13 08:48:54.431] [MSG_SENT] Message 2701 sent to HKApp
[2025-08-13 08:48:55.129] [MSG_SENT] Message 2702 sent to TelemetryApp
[2025-08-13 08:48:55.131] [MSG_SENT] Message 2703 sent to FlightLogicApp
[2025-08-13 08:48:55.433] [MSG_SENT] Message 2701 sent to HKApp
[2025-08-13 08:48:56.132] [MSG_SENT] Message 2702 sent to TelemetryApp
[2025-08-13 08:48:56.133] [MSG_SENT] Message 2703 sent to FlightLogicApp
[2025-08-13 08:48:56.434] [MSG_SENT] Message 2701 sent to HKApp
[2025-08-13 08:48:57.134] [MSG_SENT] Message 2702 sent to TelemetryApp
[2025-08-13 08:48:57.136] [MSG_SENT] Message 2703 sent to FlightLogicApp
[2025-08-13 08:48:57.435] [MSG_SENT] Message 2701 sent to HKApp
[2025-08-13 08:48:58.137] [MSG_SENT] Message 2702 sent to TelemetryApp
[2025-08-13 08:48:58.138] [MSG_SENT] Message 2703 sent to FlightLogicApp
[2025-08-13 08:48:58.436] [MSG_SENT] Message 2701 sent to HKApp
[2025-08-13 08:48:59.140] [MSG_SENT] Message 2702 sent to TelemetryApp
[2025-08-13 08:48:59.140] [MSG_SENT] Message 2703 sent to FlightLogicApp
[2025-08-13 08:48:59.437] [MSG_SENT] Message 2701 sent to HKApp
[2025-08-13 08:49:00.142] [MSG_SENT] Message 2702 sent to TelemetryApp
[2025-08-13 08:49:00.143] [MSG_SENT] Message 2703 sent to FlightLogicApp
[2025-08-13 08:49:00.439] [MSG_SENT] Message 2701 sent to HKApp
[2025-08-13 08:49:01.145] [MSG_SENT] Message 2702 sent to TelemetryApp
[2025-08-13 08:49:01.146] [MSG_SENT] Message 2703 sent to FlightLogicApp
[2025-08-13 08:49:01.440] [MSG_SENT] Message 2701 sent to HKApp
[2025-08-13 08:49:02.148] [MSG_SENT] Message 2702 sent to TelemetryApp
[2025-08-13 08:49:02.149] [MSG_SENT] Message 2703 sent to FlightLogicApp
[2025-08-13 08:49:02.441] [MSG_SENT] Message 2701 sent to HKApp
[2025-08-13 08:49:03.151] [MSG_SENT] Message 2702 sent to TelemetryApp
[2025-08-13 08:49:03.152] [MSG_SENT] Message 2703 sent to FlightLogicApp
[2025-08-13 08:49:03.442] [MSG_SENT] Message 2701 sent to HKApp
[2025-08-13 08:49:04.154] [MSG_SENT] Message 2702 sent to TelemetryApp
[2025-08-13 08:49:04.155] [MSG_SENT] Message 2703 sent to FlightLogicApp
[2025-08-13 08:49:04.444] [MSG_SENT] Message 2701 sent to HKApp
[2025-08-13 08:49:05.156] [MSG_SENT] Message 2702 sent to TelemetryApp
[2025-08-13 08:49:05.158] [MSG_SENT] Message 2703 sent to FlightLogicApp
[2025-08-13 08:49:05.445] [MSG_SENT] Message 2701 sent to HKApp
[2025-08-13 08:49:06.159] [MSG_SENT] Message 2702 sent to TelemetryApp
[2025-08-13 08:49:06.161] [MSG_SENT] Message 2703 sent to FlightLogicApp
[2025-08-13 08:49:06.446] [MSG_SENT] Message 2701 sent to HKApp
[2025-08-13 08:49:07.162] [MSG_SENT] Message 2702 sent to TelemetryApp
[2025-08-13 08:49:07.163] [MSG_SENT] Message 2703 sent to FlightLogicApp
[2025-08-13 08:49:07.448] [MSG_SENT] Message 2701 sent to HKApp
[2025-08-13 08:49:08.166] [MSG_SENT] Message 2702 sent to TelemetryApp
[2025-08-13 08:49:08.167] [MSG_SENT] Message 2703 sent to FlightLogicApp
[2025-08-13 08:49:08.449] [MSG_SENT] Message 2701 sent to HKApp
[2025-08-13 08:49:09.170] [MSG_SENT] Message 2702 sent to TelemetryApp
[2025-08-13 08:49:09.171] [MSG_SENT] Message 2703 sent to FlightLogicApp
[2025-08-13 08:49:09.450] [MSG_SENT] Message 2701 sent to HKApp
[2025-08-13 08:49:10.172] [MSG_SENT] Message 2702 sent to TelemetryApp
[2025-08-13 08:49:10.174] [MSG_SENT] Message 2703 sent to FlightLogicApp
[2025-08-13 08:49:10.451] [MSG_SENT] Message 2701 sent to HKApp
[2025-08-13 08:49:11.175] [MSG_SENT] Message 2702 sent to TelemetryApp
[2025-08-13 08:49:11.176] [MSG_SENT] Message 2703 sent to FlightLogicApp
[2025-08-13 08:49:11.453] [MSG_SENT] Message 2701 sent to HKApp
[2025-08-13 08:49:12.177] [MSG_SENT] Message 2702 sent to TelemetryApp
[2025-08-13 08:49:12.179] [MSG_SENT] Message 2703 sent to FlightLogicApp
[2025-08-13 08:49:12.454] [MSG_SENT] Message 2701 sent to HKApp
[2025-08-13 08:49:13.181] [MSG_SENT] Message 2702 sent to TelemetryApp
[2025-08-13 08:49:13.182] [MSG_SENT] Message 2703 sent to FlightLogicApp
[2025-08-13 08:49:13.455] [MSG_SENT] Message 2701 sent to HKApp
[2025-08-13 08:49:14.183] [MSG_SENT] Message 2702 sent to TelemetryApp
[2025-08-13 08:49:14.184] [MSG_SENT] Message 2703 sent to FlightLogicApp
[2025-08-13 08:49:14.457] [MSG_SENT] Message 2701 sent to HKApp
[2025-08-13 08:49:15.186] [MSG_SENT] Message 2702 sent to TelemetryApp
[2025-08-13 08:49:15.187] [MSG_SENT] Message 2703 sent to FlightLogicApp
[2025-08-13 08:49:15.458] [MSG_SENT] Message 2701 sent to HKApp
[2025-08-13 08:49:16.189] [MSG_SENT] Message 2702 sent to TelemetryApp
[2025-08-13 08:49:16.189] [MSG_SENT] Message 2703 sent to FlightLogicApp
[2025-08-13 08:49:16.459] [MSG_SENT] Message 2701 sent to HKApp
[2025-08-13 08:49:17.191] [MSG_SENT] Message 2702 sent to TelemetryApp
[2025-08-13 08:49:17.192] [MSG_SENT] Message 2703 sent to FlightLogicApp
[2025-08-13 08:49:17.461] [MSG_SENT] Message 2701 sent to HKApp
[2025-08-13 08:49:18.194] [MSG_SENT] Message 2702 sent to TelemetryApp
[2025-08-13 08:49:18.194] [MSG_SENT] Message 2703 sent to FlightLogicApp
[2025-08-13 08:49:18.462] [MSG_SENT] Message 2701 sent to HKApp
[2025-08-13 08:49:19.197] [MSG_SENT] Message 2702 sent to TelemetryApp
[2025-08-13 08:49:19.198] [MSG_SENT] Message 2703 sent to FlightLogicApp
[2025-08-13 08:49:19.463] [MSG_SENT] Message 2701 sent to HKApp
[2025-08-13 08:49:20.200] [MSG_SENT] Message 2702 sent to TelemetryApp
[2025-08-13 08:49:20.201] [MSG_SENT] Message 2703 sent to FlightLogicApp
[2025-08-13 08:49:20.466] [MSG_SENT] Message 2701 sent to HKApp
[2025-08-13 08:49:21.203] [MSG_SENT] Message 2702 sent to TelemetryApp
[2025-08-13 08:49:21.204] [MSG_SENT] Message 2703 sent to FlightLogicApp
[2025-08-13 08:49:21.467] [MSG_SENT] Message 2701 sent to HKApp
[2025-08-13 08:49:22.205] [MSG_SENT] Message 2702 sent to TelemetryApp
[2025-08-13 08:49:22.206] [MSG_SENT] Message 2703 sent to FlightLogicApp
[2025-08-13 08:49:22.469] [MSG_SENT] Message 2701 sent to HKApp
[2025-08-13 08:49:23.208] [MSG_SENT] Message 2702 sent to TelemetryApp
[2025-08-13 08:49:23.209] [MSG_SENT] Message 2703 sent to FlightLogicApp
[2025-08-13 08:49:23.470] [MSG_SENT] Message 2701 sent to HKApp
[2025-08-13 08:49:24.210] [MSG_SENT] Message 2702 sent to TelemetryApp
[2025-08-13 08:49:24.211] [MSG_SENT] Message 2703 sent to FlightLogicApp
[2025-08-13 08:49:24.471] [MSG_SENT] Message 2701 sent to HKApp
[2025-08-13 08:49:25.212] [MSG_SENT] Message 2702 sent to TelemetryApp
[2025-08-13 08:49:25.214] [MSG_SENT] Message 2703 sent to FlightLogicApp
[2025-08-13 08:49:25.472] [MSG_SENT] Message 2701 sent to HKApp
[2025-08-13 08:49:26.215] [MSG_SENT] Message 2702 sent to TelemetryApp
[2025-08-13 08:49:26.216] [MSG_SENT] Message 2703 sent to FlightLogicApp
[2025-08-13 08:49:26.474] [MSG_SENT] Message 2701 sent to HKApp
[2025-08-13 08:49:27.219] [MSG_SENT] Message 2702 sent to TelemetryApp
[2025-08-13 08:49:27.220] [MSG_SENT] Message 2703 sent to FlightLogicApp
[2025-08-13 08:49:27.475] [MSG_SENT] Message 2701 sent to HKApp
[2025-08-13 08:49:28.222] [MSG_SENT] Message 2702 sent to TelemetryApp
[2025-08-13 08:49:28.223] [MSG_SENT] Message 2703 sent to FlightLogicApp
[2025-08-13 08:49:28.476] [MSG_SENT] Message 2701 sent to HKApp
[2025-08-13 08:49:29.224] [MSG_SENT] Message 2702 sent to TelemetryApp
[2025-08-13 08:49:29.225] [MSG_SENT] Message 2703 sent to FlightLogicApp
[2025-08-13 08:49:29.477] [MSG_SENT] Message 2701 sent to HKApp
[2025-08-13 08:49:30.227] [MSG_SENT] Message 2702 sent to TelemetryApp
[2025-08-13 08:49:30.228] [MSG_SENT] Message 2703 sent to FlightLogicApp
[2025-08-13 08:49:30.479] [MSG_SENT] Message 2701 sent to HKApp
[2025-08-13 08:49:31.229] [MSG_SENT] Message 2702 sent to TelemetryApp
[2025-08-13 08:49:31.230] [MSG_SENT] Message 2703 sent to FlightLogicApp
[2025-08-13 08:49:31.480] [MSG_SENT] Message 2701 sent to HKApp
[2025-08-13 08:49:32.231] [MSG_SENT] Message 2702 sent to TelemetryApp
[2025-08-13 08:49:32.233] [MSG_SENT] Message 2703 sent to FlightLogicApp
[2025-08-13 08:49:32.482] [MSG_SENT] Message 2701 sent to HKApp
[2025-08-13 08:49:33.234] [MSG_SENT] Message 2702 sent to TelemetryApp
[2025-08-13 08:49:33.235] [MSG_SENT] Message 2703 sent to FlightLogicApp
[2025-08-13 08:49:33.483] [MSG_SENT] Message 2701 sent to HKApp
[2025-08-13 08:49:34.237] [MSG_SENT] Message 2702 sent to TelemetryApp
[2025-08-13 08:49:34.238] [MSG_SENT] Message 2703 sent to FlightLogicApp
[2025-08-13 08:49:34.484] [MSG_SENT] Message 2701 sent to HKApp
[2025-08-13 08:49:35.239] [MSG_SENT] Message 2702 sent to TelemetryApp
[2025-08-13 08:49:35.240] [MSG_SENT] Message 2703 sent to FlightLogicApp
[2025-08-13 08:49:35.486] [MSG_SENT] Message 2701 sent to HKApp
[2025-08-13 08:49:36.242] [MSG_SENT] Message 2702 sent to TelemetryApp
[2025-08-13 08:49:36.243] [MSG_SENT] Message 2703 sent to FlightLogicApp
[2025-08-13 08:49:36.487] [MSG_SENT] Message 2701 sent to HKApp
[2025-08-13 08:49:37.245] [MSG_SENT] Message 2702 sent to TelemetryApp
[2025-08-13 08:49:37.245] [MSG_SENT] Message 2703 sent to FlightLogicApp
[2025-08-13 08:49:37.488] [MSG_SENT] Message 2701 sent to HKApp
[2025-08-13 08:49:38.247] [MSG_SENT] Message 2702 sent to TelemetryApp
[2025-08-13 08:49:38.248] [MSG_SENT] Message 2703 sent to FlightLogicApp
[2025-08-13 08:49:38.491] [MSG_SENT] Message 2701 sent to HKApp
[2025-08-13 08:49:39.250] [MSG_SENT] Message 2702 sent to TelemetryApp
[2025-08-13 08:49:39.251] [MSG_SENT] Message 2703 sent to FlightLogicApp
[2025-08-13 08:49:39.493] [MSG_SENT] Message 2701 sent to HKApp
[2025-08-13 08:49:40.252] [MSG_SENT] Message 2702 sent to TelemetryApp
[2025-08-13 08:49:40.253] [MSG_SENT] Message 2703 sent to FlightLogicApp
[2025-08-13 08:49:40.494] [MSG_SENT] Message 2701 sent to HKApp
[2025-08-13 08:49:41.254] [MSG_SENT] Message 2702 sent to TelemetryApp
[2025-08-13 08:49:41.255] [MSG_SENT] Message 2703 sent to FlightLogicApp
[2025-08-13 08:49:41.495] [MSG_SENT] Message 2701 sent to HKApp
[2025-08-13 08:49:42.257] [MSG_SENT] Message 2702 sent to TelemetryApp
[2025-08-13 08:49:42.257] [MSG_SENT] Message 2703 sent to FlightLogicApp
[2025-08-13 08:49:42.497] [MSG_SENT] Message 2701 sent to HKApp
[2025-08-13 08:49:43.259] [MSG_SENT] Message 2702 sent to TelemetryApp
[2025-08-13 08:49:43.260] [MSG_SENT] Message 2703 sent to FlightLogicApp
[2025-08-13 08:49:43.498] [MSG_SENT] Message 2701 sent to HKApp
[2025-08-13 08:49:44.262] [MSG_SENT] Message 2702 sent to TelemetryApp
[2025-08-13 08:49:44.263] [MSG_SENT] Message 2703 sent to FlightLogicApp
[2025-08-13 08:49:44.500] [MSG_SENT] Message 2701 sent to HKApp
[2025-08-13 08:49:45.265] [MSG_SENT] Message 2702 sent to TelemetryApp
[2025-08-13 08:49:45.266] [MSG_SENT] Message 2703 sent to FlightLogicApp
[2025-08-13 08:49:45.501] [MSG_SENT] Message 2701 sent to HKApp
[2025-08-13 08:49:46.267] [MSG_SENT] Message 2702 sent to TelemetryApp
[2025-08-13 08:49:46.268] [MSG_SENT] Message 2703 sent to FlightLogicApp
[2025-08-13 08:49:46.502] [MSG_SENT] Message 2701 sent to HKApp
[2025-08-13 08:49:47.270] [MSG_SENT] Message 2702 sent to TelemetryApp
[2025-08-13 08:49:47.271] [MSG_SENT] Message 2703 sent to FlightLogicApp
[2025-08-13 08:49:47.504] [MSG_SENT] Message 2701 sent to HKApp
[2025-08-13 08:49:48.273] [MSG_SENT] Message 2702 sent to TelemetryApp
[2025-08-13 08:49:48.274] [MSG_SENT] Message 2703 sent to FlightLogicApp
[2025-08-13 08:49:48.506] [MSG_SENT] Message 2701 sent to HKApp
[2025-08-13 08:49:49.275] [MSG_SENT] Message 2702 sent to TelemetryApp
[2025-08-13 08:49:49.275] [MSG_SENT] Message 2703 sent to FlightLogicApp
[2025-08-13 08:49:49.507] [MSG_SENT] Message 2701 sent to HKApp
[2025-08-13 08:49:50.277] [MSG_SENT] Message 2702 sent to TelemetryApp
[2025-08-13 08:49:50.278] [MSG_SENT] Message 2703 sent to FlightLogicApp
[2025-08-13 08:49:50.509] [MSG_SENT] Message 2701 sent to HKApp
[2025-08-13 08:49:51.280] [MSG_SENT] Message 2702 sent to TelemetryApp
[2025-08-13 08:49:51.282] [MSG_SENT] Message 2703 sent to FlightLogicApp
[2025-08-13 08:49:51.511] [MSG_SENT] Message 2701 sent to HKApp
[2025-08-13 08:49:52.284] [MSG_SENT] Message 2702 sent to TelemetryApp
[2025-08-13 08:49:52.285] [MSG_SENT] Message 2703 sent to FlightLogicApp
[2025-08-13 08:49:52.512] [MSG_SENT] Message 2701 sent to HKApp
[2025-08-13 08:49:53.286] [MSG_SENT] Message 2702 sent to TelemetryApp
[2025-08-13 08:49:53.287] [MSG_SENT] Message 2703 sent to FlightLogicApp
[2025-08-13 08:49:53.513] [MSG_SENT] Message 2701 sent to HKApp
[2025-08-13 08:49:54.289] [MSG_SENT] Message 2702 sent to TelemetryApp
[2025-08-13 08:49:54.289] [MSG_SENT] Message 2703 sent to FlightLogicApp
[2025-08-13 08:49:54.515] [MSG_SENT] Message 2701 sent to HKApp
[2025-08-13 08:49:55.291] [MSG_SENT] Message 2702 sent to TelemetryApp
[2025-08-13 08:49:55.293] [MSG_SENT] Message 2703 sent to FlightLogicApp
[2025-08-13 08:49:55.516] [MSG_SENT] Message 2701 sent to HKApp
[2025-08-13 08:49:56.294] [MSG_SENT] Message 2702 sent to TelemetryApp
[2025-08-13 08:49:56.295] [MSG_SENT] Message 2703 sent to FlightLogicApp
[2025-08-13 08:49:56.517] [MSG_SENT] Message 2701 sent to HKApp
[2025-08-13 08:49:57.296] [MSG_SENT] Message 2702 sent to TelemetryApp
[2025-08-13 08:49:57.297] [MSG_SENT] Message 2703 sent to FlightLogicApp
[2025-08-13 08:49:57.518] [MSG_SENT] Message 2701 sent to HKApp
[2025-08-13 08:49:58.300] [MSG_SENT] Message 2702 sent to TelemetryApp
[2025-08-13 08:49:58.301] [MSG_SENT] Message 2703 sent to FlightLogicApp
[2025-08-13 08:49:58.520] [MSG_SENT] Message 2701 sent to HKApp
[2025-08-13 08:49:59.304] [MSG_SENT] Message 2702 sent to TelemetryApp
[2025-08-13 08:49:59.304] [MSG_SENT] Message 2703 sent to FlightLogicApp
[2025-08-13 08:49:59.521] [MSG_SENT] Message 2701 sent to HKApp
[2025-08-13 08:50:00.305] [MSG_SENT] Message 2702 sent to TelemetryApp
[2025-08-13 08:50:00.307] [MSG_SENT] Message 2703 sent to FlightLogicApp
[2025-08-13 08:50:00.523] [MSG_SENT] Message 2701 sent to HKApp
[2025-08-13 08:50:01.308] [MSG_SENT] Message 2702 sent to TelemetryApp
[2025-08-13 08:50:01.309] [MSG_SENT] Message 2703 sent to FlightLogicApp
[2025-08-13 08:50:01.524] [MSG_SENT] Message 2701 sent to HKApp
[2025-08-13 08:50:02.310] [MSG_SENT] Message 2702 sent to TelemetryApp
[2025-08-13 08:50:02.311] [MSG_SENT] Message 2703 sent to FlightLogicApp
[2025-08-13 08:50:02.525] [MSG_SENT] Message 2701 sent to HKApp
[2025-08-13 08:50:03.312] [MSG_SENT] Message 2702 sent to TelemetryApp
[2025-08-13 08:50:03.313] [MSG_SENT] Message 2703 sent to FlightLogicApp
[2025-08-13 08:50:03.526] [MSG_SENT] Message 2701 sent to HKApp
[2025-08-13 08:50:04.315] [MSG_SENT] Message 2702 sent to TelemetryApp
[2025-08-13 08:50:04.316] [MSG_SENT] Message 2703 sent to FlightLogicApp
[2025-08-13 08:50:04.529] [MSG_SENT] Message 2701 sent to HKApp
[2025-08-13 08:50:05.318] [MSG_SENT] Message 2702 sent to TelemetryApp
[2025-08-13 08:50:05.319] [MSG_SENT] Message 2703 sent to FlightLogicApp
[2025-08-13 08:50:05.531] [MSG_SENT] Message 2701 sent to HKApp
[2025-08-13 08:50:06.321] [MSG_SENT] Message 2702 sent to TelemetryApp
[2025-08-13 08:50:06.322] [MSG_SENT] Message 2703 sent to FlightLogicApp
[2025-08-13 08:50:06.532] [MSG_SENT] Message 2701 sent to HKApp
[2025-08-13 08:50:07.323] [MSG_SENT] Message 2702 sent to TelemetryApp
[2025-08-13 08:50:07.324] [MSG_SENT] Message 2703 sent to FlightLogicApp
[2025-08-13 08:50:07.533] [MSG_SENT] Message 2701 sent to HKApp
[2025-08-13 08:50:08.326] [MSG_SENT] Message 2702 sent to TelemetryApp
[2025-08-13 08:50:08.327] [MSG_SENT] Message 2703 sent to FlightLogicApp
[2025-08-13 08:50:08.535] [MSG_SENT] Message 2701 sent to HKApp
[2025-08-13 08:50:09.328] [MSG_SENT] Message 2702 sent to TelemetryApp
[2025-08-13 08:50:09.328] [MSG_SENT] Message 2703 sent to FlightLogicApp
[2025-08-13 08:50:09.536] [MSG_SENT] Message 2701 sent to HKApp
[2025-08-13 08:50:10.330] [MSG_SENT] Message 2702 sent to TelemetryApp
[2025-08-13 08:50:10.331] [MSG_SENT] Message 2703 sent to FlightLogicApp
[2025-08-13 08:50:10.538] [MSG_SENT] Message 2701 sent to HKApp
[2025-08-13 08:50:11.333] [MSG_SENT] Message 2702 sent to TelemetryApp
[2025-08-13 08:50:11.335] [MSG_SENT] Message 2703 sent to FlightLogicApp
[2025-08-13 08:50:11.539] [MSG_SENT] Message 2701 sent to HKApp
[2025-08-13 08:50:12.336] [MSG_SENT] Message 2702 sent to TelemetryApp
[2025-08-13 08:50:12.337] [MSG_SENT] Message 2703 sent to FlightLogicApp
[2025-08-13 08:50:12.541] [MSG_SENT] Message 2701 sent to HKApp
[2025-08-13 08:50:13.339] [MSG_SENT] Message 2702 sent to TelemetryApp
[2025-08-13 08:50:13.339] [MSG_SENT] Message 2703 sent to FlightLogicApp
[2025-08-13 08:50:13.542] [MSG_SENT] Message 2701 sent to HKApp
[2025-08-13 08:50:14.341] [MSG_SENT] Message 2702 sent to TelemetryApp
[2025-08-13 08:50:14.342] [MSG_SENT] Message 2703 sent to FlightLogicApp
[2025-08-13 08:50:14.544] [MSG_SENT] Message 2701 sent to HKApp
[2025-08-13 08:50:15.343] [MSG_SENT] Message 2702 sent to TelemetryApp
[2025-08-13 08:50:15.344] [MSG_SENT] Message 2703 sent to FlightLogicApp
[2025-08-13 08:50:15.546] [MSG_SENT] Message 2701 sent to HKApp
[2025-08-13 08:50:16.345] [MSG_SENT] Message 2702 sent to TelemetryApp
[2025-08-13 08:50:16.346] [MSG_SENT] Message 2703 sent to FlightLogicApp
[2025-08-13 08:50:16.547] [MSG_SENT] Message 2701 sent to HKApp
[2025-08-13 08:50:17.348] [MSG_SENT] Message 2702 sent to TelemetryApp
[2025-08-13 08:50:17.348] [MSG_SENT] Message 2703 sent to FlightLogicApp
[2025-08-13 08:50:17.549] [MSG_SENT] Message 2701 sent to HKApp
[2025-08-13 08:50:18.350] [MSG_SENT] Message 2702 sent to TelemetryApp
[2025-08-13 08:50:18.351] [MSG_SENT] Message 2703 sent to FlightLogicApp
[2025-08-13 08:50:18.550] [MSG_SENT] Message 2701 sent to HKApp
[2025-08-13 08:50:19.353] [MSG_SENT] Message 2702 sent to TelemetryApp
[2025-08-13 08:50:19.355] [MSG_SENT] Message 2703 sent to FlightLogicApp
[2025-08-13 08:50:19.552] [MSG_SENT] Message 2701 sent to HKApp
[2025-08-13 08:50:20.356] [MSG_SENT] Message 2702 sent to TelemetryApp
[2025-08-13 08:50:20.357] [MSG_SENT] Message 2703 sent to FlightLogicApp
[2025-08-13 08:50:20.553] [MSG_SENT] Message 2701 sent to HKApp
[2025-08-13 08:50:21.359] [MSG_SENT] Message 2702 sent to TelemetryApp
[2025-08-13 08:50:21.359] [MSG_SENT] Message 2703 sent to FlightLogicApp
[2025-08-13 08:50:21.554] [MSG_SENT] Message 2701 sent to HKApp
[2025-08-13 08:50:22.362] [MSG_SENT] Message 2702 sent to TelemetryApp
[2025-08-13 08:50:22.363] [MSG_SENT] Message 2703 sent to FlightLogicApp
[2025-08-13 08:50:22.556] [MSG_SENT] Message 2701 sent to HKApp
[2025-08-13 08:50:23.364] [MSG_SENT] Message 2702 sent to TelemetryApp
[2025-08-13 08:50:23.365] [MSG_SENT] Message 2703 sent to FlightLogicApp
[2025-08-13 08:50:23.557] [MSG_SENT] Message 2701 sent to HKApp
[2025-08-13 08:50:24.366] [MSG_SENT] Message 2702 sent to TelemetryApp
[2025-08-13 08:50:24.367] [MSG_SENT] Message 2703 sent to FlightLogicApp
[2025-08-13 08:50:24.558] [MSG_SENT] Message 2701 sent to HKApp
[2025-08-13 08:50:25.368] [MSG_SENT] Message 2702 sent to TelemetryApp
[2025-08-13 08:50:25.369] [MSG_SENT] Message 2703 sent to FlightLogicApp
[2025-08-13 08:50:25.560] [MSG_SENT] Message 2701 sent to HKApp
[2025-08-13 08:50:26.372] [MSG_SENT] Message 2702 sent to TelemetryApp
[2025-08-13 08:50:26.373] [MSG_SENT] Message 2703 sent to FlightLogicApp
[2025-08-13 08:50:26.561] [MSG_SENT] Message 2701 sent to HKApp
[2025-08-13 08:50:27.374] [MSG_SENT] Message 2702 sent to TelemetryApp
[2025-08-13 08:50:27.376] [MSG_SENT] Message 2703 sent to FlightLogicApp
[2025-08-13 08:50:27.564] [MSG_SENT] Message 2701 sent to HKApp
[2025-08-13 08:50:28.376] [MSG_SENT] Message 2702 sent to TelemetryApp
[2025-08-13 08:50:28.377] [MSG_SENT] Message 2703 sent to FlightLogicApp
[2025-08-13 08:50:28.566] [MSG_SENT] Message 2701 sent to HKApp
[2025-08-13 08:50:29.378] [MSG_SENT] Message 2702 sent to TelemetryApp
[2025-08-13 08:50:29.379] [MSG_SENT] Message 2703 sent to FlightLogicApp
[2025-08-13 08:50:29.567] [MSG_SENT] Message 2701 sent to HKApp
[2025-08-13 08:50:30.381] [MSG_SENT] Message 2702 sent to TelemetryApp
[2025-08-13 08:50:30.382] [MSG_SENT] Message 2703 sent to FlightLogicApp
[2025-08-13 08:50:30.569] [MSG_SENT] Message 2701 sent to HKApp
[2025-08-13 08:50:31.383] [MSG_SENT] Message 2702 sent to TelemetryApp
[2025-08-13 08:50:31.384] [MSG_SENT] Message 2703 sent to FlightLogicApp
[2025-08-13 08:50:31.570] [MSG_SENT] Message 2701 sent to HKApp
[2025-08-13 08:50:32.386] [MSG_SENT] Message 2702 sent to TelemetryApp
[2025-08-13 08:50:32.387] [MSG_SENT] Message 2703 sent to FlightLogicApp
[2025-08-13 08:50:32.571] [MSG_SENT] Message 2701 sent to HKApp
[2025-08-13 08:50:33.388] [MSG_SENT] Message 2702 sent to TelemetryApp
[2025-08-13 08:50:33.389] [MSG_SENT] Message 2703 sent to FlightLogicApp
[2025-08-13 08:50:33.572] [MSG_SENT] Message 2701 sent to HKApp
[2025-08-13 08:50:34.392] [MSG_SENT] Message 2702 sent to TelemetryApp
[2025-08-13 08:50:34.392] [MSG_SENT] Message 2703 sent to FlightLogicApp
[2025-08-13 08:50:34.575] [MSG_SENT] Message 2701 sent to HKApp
[2025-08-13 08:50:35.393] [MSG_SENT] Message 2702 sent to TelemetryApp
[2025-08-13 08:50:35.394] [MSG_SENT] Message 2703 sent to FlightLogicApp
[2025-08-13 08:50:35.576] [MSG_SENT] Message 2701 sent to HKApp
[2025-08-13 08:50:36.395] [MSG_SENT] Message 2702 sent to TelemetryApp
[2025-08-13 08:50:36.396] [MSG_SENT] Message 2703 sent to FlightLogicApp
[2025-08-13 08:50:36.578] [MSG_SENT] Message 2701 sent to HKApp
[2025-08-13 08:50:37.398] [MSG_SENT] Message 2702 sent to TelemetryApp
[2025-08-13 08:50:37.399] [MSG_SENT] Message 2703 sent to FlightLogicApp
[2025-08-13 08:50:37.581] [MSG_SENT] Message 2701 sent to HKApp
[2025-08-13 08:50:38.401] [MSG_SENT] Message 2702 sent to TelemetryApp
[2025-08-13 08:50:38.402] [MSG_SENT] Message 2703 sent to FlightLogicApp
[2025-08-13 08:50:38.582] [MSG_SENT] Message 2701 sent to HKApp
[2025-08-13 08:50:39.404] [MSG_SENT] Message 2702 sent to TelemetryApp
[2025-08-13 08:50:39.405] [MSG_SENT] Message 2703 sent to FlightLogicApp
[2025-08-13 08:50:39.583] [MSG_SENT] Message 2701 sent to HKApp
[2025-08-13 08:50:40.406] [MSG_SENT] Message 2702 sent to TelemetryApp
[2025-08-13 08:50:40.406] [MSG_SENT] Message 2703 sent to FlightLogicApp
[2025-08-13 08:50:40.584] [MSG_SENT] Message 2701 sent to HKApp
[2025-08-13 08:50:41.408] [MSG_SENT] Message 2702 sent to TelemetryApp
[2025-08-13 08:50:41.409] [MSG_SENT] Message 2703 sent to FlightLogicApp
[2025-08-13 08:50:41.587] [MSG_SENT] Message 2701 sent to HKApp
[2025-08-13 08:50:42.410] [MSG_SENT] Message 2702 sent to TelemetryApp
[2025-08-13 08:50:42.412] [MSG_SENT] Message 2703 sent to FlightLogicApp
[2025-08-13 08:50:42.588] [MSG_SENT] Message 2701 sent to HKApp
[2025-08-13 08:50:43.413] [MSG_SENT] Message 2702 sent to TelemetryApp
[2025-08-13 08:50:43.414] [MSG_SENT] Message 2703 sent to FlightLogicApp
[2025-08-13 08:50:43.590] [MSG_SENT] Message 2701 sent to HKApp
[2025-08-13 08:50:44.416] [MSG_SENT] Message 2702 sent to TelemetryApp
[2025-08-13 08:50:44.417] [MSG_SENT] Message 2703 sent to FlightLogicApp
[2025-08-13 08:50:44.591] [MSG_SENT] Message 2701 sent to HKApp
[2025-08-13 08:50:45.418] [MSG_SENT] Message 2702 sent to TelemetryApp
[2025-08-13 08:50:45.419] [MSG_SENT] Message 2703 sent to FlightLogicApp
[2025-08-13 08:50:45.593] [MSG_SENT] Message 2701 sent to HKApp
[2025-08-13 08:50:46.421] [MSG_SENT] Message 2702 sent to TelemetryApp
[2025-08-13 08:50:46.421] [MSG_SENT] Message 2703 sent to FlightLogicApp
[2025-08-13 08:50:46.594] [MSG_SENT] Message 2701 sent to HKApp
[2025-08-13 08:50:47.423] [MSG_SENT] Message 2702 sent to TelemetryApp
[2025-08-13 08:50:47.423] [MSG_SENT] Message 2703 sent to FlightLogicApp
[2025-08-13 08:50:47.596] [MSG_SENT] Message 2701 sent to HKApp
[2025-08-13 08:50:48.426] [MSG_SENT] Message 2702 sent to TelemetryApp
[2025-08-13 08:50:48.427] [MSG_SENT] Message 2703 sent to FlightLogicApp
[2025-08-13 08:50:48.598] [MSG_SENT] Message 2701 sent to HKApp
[2025-08-13 08:50:49.428] [MSG_SENT] Message 2702 sent to TelemetryApp
[2025-08-13 08:50:49.430] [MSG_SENT] Message 2703 sent to FlightLogicApp
[2025-08-13 08:50:49.600] [MSG_SENT] Message 2701 sent to HKApp
[2025-08-13 08:50:50.431] [MSG_SENT] Message 2702 sent to TelemetryApp
[2025-08-13 08:50:50.432] [MSG_SENT] Message 2703 sent to FlightLogicApp
[2025-08-13 08:50:50.601] [MSG_SENT] Message 2701 sent to HKApp
[2025-08-13 08:50:51.434] [MSG_SENT] Message 2702 sent to TelemetryApp
[2025-08-13 08:50:51.435] [MSG_SENT] Message 2703 sent to FlightLogicApp
[2025-08-13 08:50:51.603] [MSG_SENT] Message 2701 sent to HKApp
[2025-08-13 08:50:52.437] [MSG_SENT] Message 2702 sent to TelemetryApp
[2025-08-13 08:50:52.438] [MSG_SENT] Message 2703 sent to FlightLogicApp
[2025-08-13 08:50:52.604] [MSG_SENT] Message 2701 sent to HKApp
[2025-08-13 08:50:53.439] [MSG_SENT] Message 2702 sent to TelemetryApp
[2025-08-13 08:50:53.440] [MSG_SENT] Message 2703 sent to FlightLogicApp
[2025-08-13 08:50:53.605] [MSG_SENT] Message 2701 sent to HKApp
[2025-08-13 08:50:54.441] [MSG_SENT] Message 2702 sent to TelemetryApp
[2025-08-13 08:50:54.441] [MSG_SENT] Message 2703 sent to FlightLogicApp
[2025-08-13 08:50:54.606] [MSG_SENT] Message 2701 sent to HKApp
[2025-08-13 08:50:55.443] [MSG_SENT] Message 2702 sent to TelemetryApp
[2025-08-13 08:50:55.444] [MSG_SENT] Message 2703 sent to FlightLogicApp
[2025-08-13 08:50:55.607] [MSG_SENT] Message 2701 sent to HKApp
[2025-08-13 08:50:56.445] [MSG_SENT] Message 2702 sent to TelemetryApp
[2025-08-13 08:50:56.446] [MSG_SENT] Message 2703 sent to FlightLogicApp
[2025-08-13 08:50:56.609] [MSG_SENT] Message 2701 sent to HKApp
[2025-08-13 08:50:57.447] [MSG_SENT] Message 2702 sent to TelemetryApp
[2025-08-13 08:50:57.448] [MSG_SENT] Message 2703 sent to FlightLogicApp
[2025-08-13 08:50:57.610] [MSG_SENT] Message 2701 sent to HKApp
[2025-08-13 08:50:58.449] [MSG_SENT] Message 2702 sent to TelemetryApp
[2025-08-13 08:50:58.451] [MSG_SENT] Message 2703 sent to FlightLogicApp
[2025-08-13 08:50:58.611] [MSG_SENT] Message 2701 sent to HKApp
[2025-08-13 08:50:59.453] [MSG_SENT] Message 2702 sent to TelemetryApp
[2025-08-13 08:50:59.454] [MSG_SENT] Message 2703 sent to FlightLogicApp
[2025-08-13 08:50:59.613] [MSG_SENT] Message 2701 sent to HKApp
[2025-08-13 08:51:00.455] [MSG_SENT] Message 2702 sent to TelemetryApp
[2025-08-13 08:51:00.456] [MSG_SENT] Message 2703 sent to FlightLogicApp
[2025-08-13 08:51:00.614] [MSG_SENT] Message 2701 sent to HKApp
[2025-08-13 08:51:01.457] [MSG_SENT] Message 2702 sent to TelemetryApp
[2025-08-13 08:51:01.458] [MSG_SENT] Message 2703 sent to FlightLogicApp
[2025-08-13 08:51:01.616] [MSG_SENT] Message 2701 sent to HKApp
[2025-08-13 08:51:02.460] [MSG_SENT] Message 2702 sent to TelemetryApp
[2025-08-13 08:51:02.461] [MSG_SENT] Message 2703 sent to FlightLogicApp
[2025-08-13 08:51:02.617] [MSG_SENT] Message 2701 sent to HKApp
[2025-08-13 08:51:03.463] [MSG_SENT] Message 2702 sent to TelemetryApp
[2025-08-13 08:51:03.464] [MSG_SENT] Message 2703 sent to FlightLogicApp
[2025-08-13 08:51:03.619] [MSG_SENT] Message 2701 sent to HKApp
[2025-08-13 08:51:04.465] [MSG_SENT] Message 2702 sent to TelemetryApp
[2025-08-13 08:51:04.466] [MSG_SENT] Message 2703 sent to FlightLogicApp
[2025-08-13 08:51:04.621] [MSG_SENT] Message 2701 sent to HKApp
[2025-08-13 08:51:05.467] [MSG_SENT] Message 2702 sent to TelemetryApp
[2025-08-13 08:51:05.468] [MSG_SENT] Message 2703 sent to FlightLogicApp
[2025-08-13 08:51:05.622] [MSG_SENT] Message 2701 sent to HKApp
[2025-08-13 08:51:06.469] [MSG_SENT] Message 2702 sent to TelemetryApp
[2025-08-13 08:51:06.470] [MSG_SENT] Message 2703 sent to FlightLogicApp
[2025-08-13 08:51:06.623] [MSG_SENT] Message 2701 sent to HKApp
[2025-08-13 08:51:07.473] [MSG_SENT] Message 2702 sent to TelemetryApp
[2025-08-13 08:51:07.474] [MSG_SENT] Message 2703 sent to FlightLogicApp
[2025-08-13 08:51:07.625] [MSG_SENT] Message 2701 sent to HKApp
[2025-08-13 08:51:08.476] [MSG_SENT] Message 2702 sent to TelemetryApp
[2025-08-13 08:51:08.477] [MSG_SENT] Message 2703 sent to FlightLogicApp
[2025-08-13 08:51:08.626] [MSG_SENT] Message 2701 sent to HKApp
[2025-08-13 08:51:09.479] [MSG_SENT] Message 2702 sent to TelemetryApp
[2025-08-13 08:51:09.480] [MSG_SENT] Message 2703 sent to FlightLogicApp
[2025-08-13 08:51:09.628] [MSG_SENT] Message 2701 sent to HKApp
[2025-08-13 08:51:10.482] [MSG_SENT] Message 2702 sent to TelemetryApp
[2025-08-13 08:51:10.483] [MSG_SENT] Message 2703 sent to FlightLogicApp
[2025-08-13 08:51:10.630] [MSG_SENT] Message 2701 sent to HKApp
[2025-08-13 08:51:11.485] [MSG_SENT] Message 2702 sent to TelemetryApp
[2025-08-13 08:51:11.486] [MSG_SENT] Message 2703 sent to FlightLogicApp
[2025-08-13 08:51:11.631] [MSG_SENT] Message 2701 sent to HKApp
[2025-08-13 08:51:12.487] [MSG_SENT] Message 2702 sent to TelemetryApp
[2025-08-13 08:51:12.488] [MSG_SENT] Message 2703 sent to FlightLogicApp
[2025-08-13 08:51:12.632] [MSG_SENT] Message 2701 sent to HKApp
[2025-08-13 08:51:13.489] [MSG_SENT] Message 2702 sent to TelemetryApp
[2025-08-13 08:51:13.490] [MSG_SENT] Message 2703 sent to FlightLogicApp
[2025-08-13 08:51:13.633] [MSG_SENT] Message 2701 sent to HKApp
[2025-08-13 08:51:14.491] [MSG_SENT] Message 2702 sent to TelemetryApp
[2025-08-13 08:51:14.493] [MSG_SENT] Message 2703 sent to FlightLogicApp
[2025-08-13 08:51:14.634] [MSG_SENT] Message 2701 sent to HKApp
[2025-08-13 08:51:15.494] [MSG_SENT] Message 2702 sent to TelemetryApp
[2025-08-13 08:51:15.496] [MSG_SENT] Message 2703 sent to FlightLogicApp
[2025-08-13 08:51:15.636] [MSG_SENT] Message 2701 sent to HKApp
[2025-08-13 08:51:16.497] [MSG_SENT] Message 2702 sent to TelemetryApp
[2025-08-13 08:51:16.499] [MSG_SENT] Message 2703 sent to FlightLogicApp
[2025-08-13 08:51:16.637] [MSG_SENT] Message 2701 sent to HKApp
[2025-08-13 08:51:17.500] [MSG_SENT] Message 2702 sent to TelemetryApp
[2025-08-13 08:51:17.502] [MSG_SENT] Message 2703 sent to FlightLogicApp
[2025-08-13 08:51:17.639] [MSG_SENT] Message 2701 sent to HKApp
[2025-08-13 08:51:18.503] [MSG_SENT] Message 2702 sent to TelemetryApp
[2025-08-13 08:51:18.504] [MSG_SENT] Message 2703 sent to FlightLogicApp
[2025-08-13 08:51:18.640] [MSG_SENT] Message 2701 sent to HKApp
[2025-08-13 08:51:19.506] [MSG_SENT] Message 2702 sent to TelemetryApp
[2025-08-13 08:51:19.507] [MSG_SENT] Message 2703 sent to FlightLogicApp
[2025-08-13 08:51:19.641] [MSG_SENT] Message 2701 sent to HKApp
[2025-08-13 08:51:20.509] [MSG_SENT] Message 2702 sent to TelemetryApp
[2025-08-13 08:51:20.509] [MSG_SENT] Message 2703 sent to FlightLogicApp
[2025-08-13 08:51:20.642] [MSG_SENT] Message 2701 sent to HKApp
[2025-08-13 08:51:21.511] [MSG_SENT] Message 2702 sent to TelemetryApp
[2025-08-13 08:51:21.511] [MSG_SENT] Message 2703 sent to FlightLogicApp
[2025-08-13 08:51:21.644] [MSG_SENT] Message 2701 sent to HKApp
[2025-08-13 08:51:22.512] [MSG_SENT] Message 2702 sent to TelemetryApp
[2025-08-13 08:51:22.513] [MSG_SENT] Message 2703 sent to FlightLogicApp
[2025-08-13 08:51:22.646] [MSG_SENT] Message 2701 sent to HKApp
[2025-08-13 08:51:23.514] [MSG_SENT] Message 2702 sent to TelemetryApp
[2025-08-13 08:51:23.515] [MSG_SENT] Message 2703 sent to FlightLogicApp
[2025-08-13 08:51:23.647] [MSG_SENT] Message 2701 sent to HKApp
[2025-08-13 08:51:24.517] [MSG_SENT] Message 2702 sent to TelemetryApp
[2025-08-13 08:51:24.518] [MSG_SENT] Message 2703 sent to FlightLogicApp
[2025-08-13 08:51:24.650] [MSG_SENT] Message 2701 sent to HKApp
[2025-08-13 08:51:25.519] [MSG_SENT] Message 2702 sent to TelemetryApp
[2025-08-13 08:51:25.520] [MSG_SENT] Message 2703 sent to FlightLogicApp
[2025-08-13 08:51:25.651] [MSG_SENT] Message 2701 sent to HKApp
[2025-08-13 08:51:26.522] [MSG_SENT] Message 2702 sent to TelemetryApp
[2025-08-13 08:51:26.522] [MSG_SENT] Message 2703 sent to FlightLogicApp
[2025-08-13 08:51:26.652] [MSG_SENT] Message 2701 sent to HKApp
[2025-08-13 08:51:27.525] [MSG_SENT] Message 2702 sent to TelemetryApp
[2025-08-13 08:51:27.526] [MSG_SENT] Message 2703 sent to FlightLogicApp
[2025-08-13 08:51:27.653] [MSG_SENT] Message 2701 sent to HKApp
[2025-08-13 08:51:28.527] [MSG_SENT] Message 2702 sent to TelemetryApp
[2025-08-13 08:51:28.528] [MSG_SENT] Message 2703 sent to FlightLogicApp
[2025-08-13 08:51:28.655] [MSG_SENT] Message 2701 sent to HKApp
[2025-08-13 08:51:29.530] [MSG_SENT] Message 2702 sent to TelemetryApp
[2025-08-13 08:51:29.531] [MSG_SENT] Message 2703 sent to FlightLogicApp
[2025-08-13 08:51:29.656] [MSG_SENT] Message 2701 sent to HKApp
[2025-08-13 08:51:30.533] [MSG_SENT] Message 2702 sent to TelemetryApp
[2025-08-13 08:51:30.534] [MSG_SENT] Message 2703 sent to FlightLogicApp
[2025-08-13 08:51:30.657] [MSG_SENT] Message 2701 sent to HKApp
[2025-08-13 08:51:31.536] [MSG_SENT] Message 2702 sent to TelemetryApp
[2025-08-13 08:51:31.537] [MSG_SENT] Message 2703 sent to FlightLogicApp
[2025-08-13 08:51:31.658] [MSG_SENT] Message 2701 sent to HKApp
[2025-08-13 08:51:32.539] [MSG_SENT] Message 2702 sent to TelemetryApp
[2025-08-13 08:51:32.540] [MSG_SENT] Message 2703 sent to FlightLogicApp
[2025-08-13 08:51:32.661] [MSG_SENT] Message 2701 sent to HKApp
[2025-08-13 08:51:33.541] [MSG_SENT] Message 2702 sent to TelemetryApp
[2025-08-13 08:51:33.542] [MSG_SENT] Message 2703 sent to FlightLogicApp
[2025-08-13 08:51:33.662] [MSG_SENT] Message 2701 sent to HKApp
[2025-08-13 08:51:34.544] [MSG_SENT] Message 2702 sent to TelemetryApp
[2025-08-13 08:51:34.545] [MSG_SENT] Message 2703 sent to FlightLogicApp
[2025-08-13 08:51:34.664] [MSG_SENT] Message 2701 sent to HKApp
[2025-08-13 08:51:35.547] [MSG_SENT] Message 2702 sent to TelemetryApp
[2025-08-13 08:51:35.549] [MSG_SENT] Message 2703 sent to FlightLogicApp
[2025-08-13 08:51:35.665] [MSG_SENT] Message 2701 sent to HKApp
[2025-08-13 08:51:36.550] [MSG_SENT] Message 2702 sent to TelemetryApp
[2025-08-13 08:51:36.551] [MSG_SENT] Message 2703 sent to FlightLogicApp
[2025-08-13 08:51:36.667] [MSG_SENT] Message 2701 sent to HKApp
[2025-08-13 08:51:37.552] [MSG_SENT] Message 2702 sent to TelemetryApp
[2025-08-13 08:51:37.553] [MSG_SENT] Message 2703 sent to FlightLogicApp
[2025-08-13 08:51:37.668] [MSG_SENT] Message 2701 sent to HKApp
[2025-08-13 08:51:38.556] [MSG_SENT] Message 2702 sent to TelemetryApp
[2025-08-13 08:51:38.557] [MSG_SENT] Message 2703 sent to FlightLogicApp
[2025-08-13 08:51:38.669] [MSG_SENT] Message 2701 sent to HKApp
[2025-08-13 08:51:39.558] [MSG_SENT] Message 2702 sent to TelemetryApp
[2025-08-13 08:51:39.560] [MSG_SENT] Message 2703 sent to FlightLogicApp
[2025-08-13 08:51:39.670] [MSG_SENT] Message 2701 sent to HKApp
[2025-08-13 08:51:40.562] [MSG_SENT] Message 2702 sent to TelemetryApp
[2025-08-13 08:51:40.563] [MSG_SENT] Message 2703 sent to FlightLogicApp
[2025-08-13 08:51:40.672] [MSG_SENT] Message 2701 sent to HKApp
[2025-08-13 08:51:41.565] [MSG_SENT] Message 2702 sent to TelemetryApp
[2025-08-13 08:51:41.566] [MSG_SENT] Message 2703 sent to FlightLogicApp
[2025-08-13 08:51:41.674] [MSG_SENT] Message 2701 sent to HKApp
[2025-08-13 08:51:42.568] [MSG_SENT] Message 2702 sent to TelemetryApp
[2025-08-13 08:51:42.569] [MSG_SENT] Message 2703 sent to FlightLogicApp
[2025-08-13 08:51:42.675] [MSG_SENT] Message 2701 sent to HKApp
[2025-08-13 08:51:43.571] [MSG_SENT] Message 2702 sent to TelemetryApp
[2025-08-13 08:51:43.571] [MSG_SENT] Message 2703 sent to FlightLogicApp
[2025-08-13 08:51:43.676] [MSG_SENT] Message 2701 sent to HKApp
[2025-08-13 08:51:44.573] [MSG_SENT] Message 2702 sent to TelemetryApp
[2025-08-13 08:51:44.574] [MSG_SENT] Message 2703 sent to FlightLogicApp
[2025-08-13 08:51:44.677] [MSG_SENT] Message 2701 sent to HKApp
[2025-08-13 08:51:45.576] [MSG_SENT] Message 2702 sent to TelemetryApp
[2025-08-13 08:51:45.577] [MSG_SENT] Message 2703 sent to FlightLogicApp
[2025-08-13 08:51:45.678] [MSG_SENT] Message 2701 sent to HKApp
[2025-08-13 08:51:46.578] [MSG_SENT] Message 2702 sent to TelemetryApp
[2025-08-13 08:51:46.579] [MSG_SENT] Message 2703 sent to FlightLogicApp
[2025-08-13 08:51:46.679] [MSG_SENT] Message 2701 sent to HKApp
[2025-08-13 08:51:47.581] [MSG_SENT] Message 2702 sent to TelemetryApp
[2025-08-13 08:51:47.582] [MSG_SENT] Message 2703 sent to FlightLogicApp
[2025-08-13 08:51:47.681] [MSG_SENT] Message 2701 sent to HKApp
[2025-08-13 08:51:48.584] [MSG_SENT] Message 2702 sent to TelemetryApp
[2025-08-13 08:51:48.585] [MSG_SENT] Message 2703 sent to FlightLogicApp
[2025-08-13 08:51:48.682] [MSG_SENT] Message 2701 sent to HKApp
[2025-08-13 08:51:49.587] [MSG_SENT] Message 2702 sent to TelemetryApp
[2025-08-13 08:51:49.587] [MSG_SENT] Message 2703 sent to FlightLogicApp
[2025-08-13 08:51:49.683] [MSG_SENT] Message 2701 sent to HKApp
[2025-08-13 08:51:50.589] [MSG_SENT] Message 2702 sent to TelemetryApp
[2025-08-13 08:51:50.591] [MSG_SENT] Message 2703 sent to FlightLogicApp
[2025-08-13 08:51:50.685] [MSG_SENT] Message 2701 sent to HKApp
[2025-08-13 08:51:51.592] [MSG_SENT] Message 2702 sent to TelemetryApp
[2025-08-13 08:51:51.593] [MSG_SENT] Message 2703 sent to FlightLogicApp
[2025-08-13 08:51:51.686] [MSG_SENT] Message 2701 sent to HKApp
[2025-08-13 08:51:52.595] [MSG_SENT] Message 2702 sent to TelemetryApp
[2025-08-13 08:51:52.596] [MSG_SENT] Message 2703 sent to FlightLogicApp
[2025-08-13 08:51:52.688] [MSG_SENT] Message 2701 sent to HKApp
[2025-08-13 08:51:53.597] [MSG_SENT] Message 2702 sent to TelemetryApp
[2025-08-13 08:51:53.598] [MSG_SENT] Message 2703 sent to FlightLogicApp
[2025-08-13 08:51:53.689] [MSG_SENT] Message 2701 sent to HKApp
[2025-08-13 08:51:54.599] [MSG_SENT] Message 2702 sent to TelemetryApp
[2025-08-13 08:51:54.600] [MSG_SENT] Message 2703 sent to FlightLogicApp
[2025-08-13 08:51:54.691] [MSG_SENT] Message 2701 sent to HKApp
[2025-08-13 08:51:55.602] [MSG_SENT] Message 2702 sent to TelemetryApp
[2025-08-13 08:51:55.602] [MSG_SENT] Message 2703 sent to FlightLogicApp
[2025-08-13 08:51:55.692] [MSG_SENT] Message 2701 sent to HKApp
[2025-08-13 08:51:56.604] [MSG_SENT] Message 2702 sent to TelemetryApp
[2025-08-13 08:51:56.606] [MSG_SENT] Message 2703 sent to FlightLogicApp
[2025-08-13 08:51:56.693] [MSG_SENT] Message 2701 sent to HKApp
[2025-08-13 08:51:57.607] [MSG_SENT] Message 2702 sent to TelemetryApp
[2025-08-13 08:51:57.608] [MSG_SENT] Message 2703 sent to FlightLogicApp
[2025-08-13 08:51:57.695] [MSG_SENT] Message 2701 sent to HKApp
[2025-08-13 08:51:58.609] [MSG_SENT] Message 2702 sent to TelemetryApp
[2025-08-13 08:51:58.611] [MSG_SENT] Message 2703 sent to FlightLogicApp
[2025-08-13 08:51:58.697] [MSG_SENT] Message 2701 sent to HKApp
[2025-08-13 08:51:59.613] [MSG_SENT] Message 2702 sent to TelemetryApp
[2025-08-13 08:51:59.614] [MSG_SENT] Message 2703 sent to FlightLogicApp
[2025-08-13 08:51:59.699] [MSG_SENT] Message 2701 sent to HKApp
[2025-08-13 08:52:00.616] [MSG_SENT] Message 2702 sent to TelemetryApp
[2025-08-13 08:52:00.616] [MSG_SENT] Message 2703 sent to FlightLogicApp
[2025-08-13 08:52:00.700] [MSG_SENT] Message 2701 sent to HKApp
[2025-08-13 08:52:01.618] [MSG_SENT] Message 2702 sent to TelemetryApp
[2025-08-13 08:52:01.619] [MSG_SENT] Message 2703 sent to FlightLogicApp
[2025-08-13 08:52:01.701] [MSG_SENT] Message 2701 sent to HKApp
[2025-08-13 08:52:02.620] [MSG_SENT] Message 2702 sent to TelemetryApp
[2025-08-13 08:52:02.621] [MSG_SENT] Message 2703 sent to FlightLogicApp
[2025-08-13 08:52:02.702] [MSG_SENT] Message 2701 sent to HKApp
[2025-08-13 08:52:03.623] [MSG_SENT] Message 2702 sent to TelemetryApp
[2025-08-13 08:52:03.624] [MSG_SENT] Message 2703 sent to FlightLogicApp
[2025-08-13 08:52:03.704] [MSG_SENT] Message 2701 sent to HKApp
[2025-08-13 08:52:04.625] [MSG_SENT] Message 2702 sent to TelemetryApp
[2025-08-13 08:52:04.626] [MSG_SENT] Message 2703 sent to FlightLogicApp
[2025-08-13 08:52:04.705] [MSG_SENT] Message 2701 sent to HKApp
[2025-08-13 08:52:05.628] [MSG_SENT] Message 2702 sent to TelemetryApp
[2025-08-13 08:52:05.630] [MSG_SENT] Message 2703 sent to FlightLogicApp
[2025-08-13 08:52:05.707] [MSG_SENT] Message 2701 sent to HKApp
[2025-08-13 08:52:06.632] [MSG_SENT] Message 2702 sent to TelemetryApp
[2025-08-13 08:52:06.634] [MSG_SENT] Message 2703 sent to FlightLogicApp
[2025-08-13 08:52:06.708] [MSG_SENT] Message 2701 sent to HKApp
[2025-08-13 08:52:07.635] [MSG_SENT] Message 2702 sent to TelemetryApp
[2025-08-13 08:52:07.636] [MSG_SENT] Message 2703 sent to FlightLogicApp
[2025-08-13 08:52:07.710] [MSG_SENT] Message 2701 sent to HKApp
[2025-08-13 08:52:08.637] [MSG_SENT] Message 2702 sent to TelemetryApp
[2025-08-13 08:52:08.638] [MSG_SENT] Message 2703 sent to FlightLogicApp
[2025-08-13 08:52:08.712] [MSG_SENT] Message 2701 sent to HKApp
[2025-08-13 08:52:09.639] [MSG_SENT] Message 2702 sent to TelemetryApp
[2025-08-13 08:52:09.639] [MSG_SENT] Message 2703 sent to FlightLogicApp
[2025-08-13 08:52:09.713] [MSG_SENT] Message 2701 sent to HKApp
[2025-08-13 08:52:10.641] [MSG_SENT] Message 2702 sent to TelemetryApp
[2025-08-13 08:52:10.642] [MSG_SENT] Message 2703 sent to FlightLogicApp
[2025-08-13 08:52:10.714] [MSG_SENT] Message 2701 sent to HKApp
[2025-08-13 08:52:11.643] [MSG_SENT] Message 2702 sent to TelemetryApp
[2025-08-13 08:52:11.644] [MSG_SENT] Message 2703 sent to FlightLogicApp
[2025-08-13 08:52:11.716] [MSG_SENT] Message 2701 sent to HKApp
[2025-08-13 08:52:12.646] [MSG_SENT] Message 2702 sent to TelemetryApp
[2025-08-13 08:52:12.648] [MSG_SENT] Message 2703 sent to FlightLogicApp
[2025-08-13 08:52:12.718] [MSG_SENT] Message 2701 sent to HKApp
[2025-08-13 08:52:13.649] [MSG_SENT] Message 2702 sent to TelemetryApp
[2025-08-13 08:52:13.652] [MSG_SENT] Message 2703 sent to FlightLogicApp
[2025-08-13 08:52:13.719] [MSG_SENT] Message 2701 sent to HKApp
[2025-08-13 08:52:14.653] [MSG_SENT] Message 2702 sent to TelemetryApp
[2025-08-13 08:52:14.655] [MSG_SENT] Message 2703 sent to FlightLogicApp
[2025-08-13 08:52:14.721] [MSG_SENT] Message 2701 sent to HKApp
[2025-08-13 08:52:15.656] [MSG_SENT] Message 2702 sent to TelemetryApp
[2025-08-13 08:52:15.657] [MSG_SENT] Message 2703 sent to FlightLogicApp
[2025-08-13 08:52:15.722] [MSG_SENT] Message 2701 sent to HKApp
[2025-08-13 08:52:16.658] [MSG_SENT] Message 2702 sent to TelemetryApp
[2025-08-13 08:52:16.659] [MSG_SENT] Message 2703 sent to FlightLogicApp
[2025-08-13 08:52:16.724] [MSG_SENT] Message 2701 sent to HKApp
[2025-08-13 08:52:17.660] [MSG_SENT] Message 2702 sent to TelemetryApp
[2025-08-13 08:52:17.661] [MSG_SENT] Message 2703 sent to FlightLogicApp
[2025-08-13 08:52:17.725] [MSG_SENT] Message 2701 sent to HKApp
[2025-08-13 08:52:18.662] [MSG_SENT] Message 2702 sent to TelemetryApp
[2025-08-13 08:52:18.663] [MSG_SENT] Message 2703 sent to FlightLogicApp
[2025-08-13 08:52:18.726] [MSG_SENT] Message 2701 sent to HKApp
[2025-08-13 08:52:19.664] [MSG_SENT] Message 2702 sent to TelemetryApp
[2025-08-13 08:52:19.667] [MSG_SENT] Message 2703 sent to FlightLogicApp
[2025-08-13 08:52:19.728] [MSG_SENT] Message 2701 sent to HKApp
[2025-08-13 08:52:20.668] [MSG_SENT] Message 2702 sent to TelemetryApp
[2025-08-13 08:52:20.670] [MSG_SENT] Message 2703 sent to FlightLogicApp
[2025-08-13 08:52:20.729] [MSG_SENT] Message 2701 sent to HKApp
[2025-08-13 08:52:21.671] [MSG_SENT] Message 2702 sent to TelemetryApp
[2025-08-13 08:52:21.673] [MSG_SENT] Message 2703 sent to FlightLogicApp
[2025-08-13 08:52:21.731] [MSG_SENT] Message 2701 sent to HKApp
[2025-08-13 08:52:22.674] [MSG_SENT] Message 2702 sent to TelemetryApp
[2025-08-13 08:52:22.675] [MSG_SENT] Message 2703 sent to FlightLogicApp
[2025-08-13 08:52:22.732] [MSG_SENT] Message 2701 sent to HKApp
[2025-08-13 08:52:23.676] [MSG_SENT] Message 2702 sent to TelemetryApp
[2025-08-13 08:52:23.678] [MSG_SENT] Message 2703 sent to FlightLogicApp
[2025-08-13 08:52:23.734] [MSG_SENT] Message 2701 sent to HKApp
[2025-08-13 08:52:24.680] [MSG_SENT] Message 2702 sent to TelemetryApp
[2025-08-13 08:52:24.682] [MSG_SENT] Message 2703 sent to FlightLogicApp
[2025-08-13 08:52:24.735] [MSG_SENT] Message 2701 sent to HKApp
[2025-08-13 08:52:25.685] [MSG_SENT] Message 2702 sent to TelemetryApp
[2025-08-13 08:52:25.686] [MSG_SENT] Message 2703 sent to FlightLogicApp
[2025-08-13 08:52:25.736] [MSG_SENT] Message 2701 sent to HKApp
[2025-08-13 08:52:26.687] [MSG_SENT] Message 2702 sent to TelemetryApp
[2025-08-13 08:52:26.688] [MSG_SENT] Message 2703 sent to FlightLogicApp
[2025-08-13 08:52:26.737] [MSG_SENT] Message 2701 sent to HKApp
[2025-08-13 08:52:27.690] [MSG_SENT] Message 2702 sent to TelemetryApp
[2025-08-13 08:52:27.691] [MSG_SENT] Message 2703 sent to FlightLogicApp
[2025-08-13 08:52:27.739] [MSG_SENT] Message 2701 sent to HKApp
[2025-08-13 08:52:28.694] [MSG_SENT] Message 2702 sent to TelemetryApp
[2025-08-13 08:52:28.694] [MSG_SENT] Message 2703 sent to FlightLogicApp
[2025-08-13 08:52:28.741] [MSG_SENT] Message 2701 sent to HKApp
[2025-08-13 08:52:29.696] [MSG_SENT] Message 2702 sent to TelemetryApp
[2025-08-13 08:52:29.696] [MSG_SENT] Message 2703 sent to FlightLogicApp
[2025-08-13 08:52:29.742] [MSG_SENT] Message 2701 sent to HKApp
[2025-08-13 08:52:30.698] [MSG_SENT] Message 2702 sent to TelemetryApp
[2025-08-13 08:52:30.699] [MSG_SENT] Message 2703 sent to FlightLogicApp
[2025-08-13 08:52:30.744] [MSG_SENT] Message 2701 sent to HKApp
[2025-08-13 08:52:31.700] [MSG_SENT] Message 2702 sent to TelemetryApp
[2025-08-13 08:52:31.701] [MSG_SENT] Message 2703 sent to FlightLogicApp
[2025-08-13 08:52:31.746] [MSG_SENT] Message 2701 sent to HKApp
[2025-08-13 08:52:32.702] [MSG_SENT] Message 2702 sent to TelemetryApp
[2025-08-13 08:52:32.703] [MSG_SENT] Message 2703 sent to FlightLogicApp
[2025-08-13 08:52:32.747] [MSG_SENT] Message 2701 sent to HKApp
[2025-08-13 08:52:33.704] [MSG_SENT] Message 2702 sent to TelemetryApp
[2025-08-13 08:52:33.707] [MSG_SENT] Message 2703 sent to FlightLogicApp
[2025-08-13 08:52:33.749] [MSG_SENT] Message 2701 sent to HKApp
[2025-08-13 08:52:34.708] [MSG_SENT] Message 2702 sent to TelemetryApp
[2025-08-13 08:52:34.709] [MSG_SENT] Message 2703 sent to FlightLogicApp
[2025-08-13 08:52:34.750] [MSG_SENT] Message 2701 sent to HKApp
[2025-08-13 08:52:35.711] [MSG_SENT] Message 2702 sent to TelemetryApp
[2025-08-13 08:52:35.712] [MSG_SENT] Message 2703 sent to FlightLogicApp
[2025-08-13 08:52:35.752] [MSG_SENT] Message 2701 sent to HKApp
[2025-08-13 08:52:36.713] [MSG_SENT] Message 2702 sent to TelemetryApp
[2025-08-13 08:52:36.714] [MSG_SENT] Message 2703 sent to FlightLogicApp
[2025-08-13 08:52:36.753] [MSG_SENT] Message 2701 sent to HKApp
[2025-08-13 08:52:37.716] [MSG_SENT] Message 2702 sent to TelemetryApp
[2025-08-13 08:52:37.718] [MSG_SENT] Message 2703 sent to FlightLogicApp
[2025-08-13 08:52:37.754] [MSG_SENT] Message 2701 sent to HKApp
[2025-08-13 08:52:38.720] [MSG_SENT] Message 2702 sent to TelemetryApp
[2025-08-13 08:52:38.721] [MSG_SENT] Message 2703 sent to FlightLogicApp
[2025-08-13 08:52:38.755] [MSG_SENT] Message 2701 sent to HKApp
[2025-08-13 08:52:39.723] [MSG_SENT] Message 2702 sent to TelemetryApp
[2025-08-13 08:52:39.725] [MSG_SENT] Message 2703 sent to FlightLogicApp
[2025-08-13 08:52:39.756] [MSG_SENT] Message 2701 sent to HKApp
[2025-08-13 08:52:40.728] [MSG_SENT] Message 2702 sent to TelemetryApp
[2025-08-13 08:52:40.730] [MSG_SENT] Message 2703 sent to FlightLogicApp
[2025-08-13 08:52:40.758] [MSG_SENT] Message 2701 sent to HKApp
[2025-08-13 08:52:41.732] [MSG_SENT] Message 2702 sent to TelemetryApp
[2025-08-13 08:52:41.734] [MSG_SENT] Message 2703 sent to FlightLogicApp
[2025-08-13 08:52:41.760] [MSG_SENT] Message 2701 sent to HKApp
[2025-08-13 08:52:42.736] [MSG_SENT] Message 2702 sent to TelemetryApp
[2025-08-13 08:52:42.738] [MSG_SENT] Message 2703 sent to FlightLogicApp
[2025-08-13 08:52:42.762] [MSG_SENT] Message 2701 sent to HKApp
[2025-08-13 08:52:43.739] [MSG_SENT] Message 2702 sent to TelemetryApp
[2025-08-13 08:52:43.740] [MSG_SENT] Message 2703 sent to FlightLogicApp
[2025-08-13 08:52:43.763] [MSG_SENT] Message 2701 sent to HKApp
[2025-08-13 08:52:44.741] [MSG_SENT] Message 2702 sent to TelemetryApp
[2025-08-13 08:52:44.742] [MSG_SENT] Message 2703 sent to FlightLogicApp
[2025-08-13 08:52:44.764] [MSG_SENT] Message 2701 sent to HKApp
[2025-08-13 08:52:45.743] [MSG_SENT] Message 2702 sent to TelemetryApp
[2025-08-13 08:52:45.744] [MSG_SENT] Message 2703 sent to FlightLogicApp
[2025-08-13 08:52:45.765] [MSG_SENT] Message 2701 sent to HKApp
[2025-08-13 08:52:46.747] [MSG_SENT] Message 2702 sent to TelemetryApp
[2025-08-13 08:52:46.748] [MSG_SENT] Message 2703 sent to FlightLogicApp
[2025-08-13 08:52:46.766] [MSG_SENT] Message 2701 sent to HKApp
[2025-08-13 08:52:47.750] [MSG_SENT] Message 2702 sent to TelemetryApp
[2025-08-13 08:52:47.751] [MSG_SENT] Message 2703 sent to FlightLogicApp
[2025-08-13 08:52:47.768] [MSG_SENT] Message 2701 sent to HKApp
[2025-08-13 08:52:48.753] [MSG_SENT] Message 2702 sent to TelemetryApp
[2025-08-13 08:52:48.755] [MSG_SENT] Message 2703 sent to FlightLogicApp
[2025-08-13 08:52:48.771] [MSG_SENT] Message 2701 sent to HKApp
[2025-08-13 08:52:49.757] [MSG_SENT] Message 2702 sent to TelemetryApp
[2025-08-13 08:52:49.758] [MSG_SENT] Message 2703 sent to FlightLogicApp
[2025-08-13 08:52:49.772] [MSG_SENT] Message 2701 sent to HKApp
[2025-08-13 08:52:50.759] [MSG_SENT] Message 2702 sent to TelemetryApp
[2025-08-13 08:52:50.760] [MSG_SENT] Message 2703 sent to FlightLogicApp
[2025-08-13 08:52:50.773] [MSG_SENT] Message 2701 sent to HKApp
[2025-08-13 08:52:51.761] [MSG_SENT] Message 2702 sent to TelemetryApp
[2025-08-13 08:52:51.762] [MSG_SENT] Message 2703 sent to FlightLogicApp
[2025-08-13 08:52:51.775] [MSG_SENT] Message 2701 sent to HKApp
[2025-08-13 08:52:52.763] [MSG_SENT] Message 2702 sent to TelemetryApp
[2025-08-13 08:52:52.764] [MSG_SENT] Message 2703 sent to FlightLogicApp
[2025-08-13 08:52:52.776] [MSG_SENT] Message 2701 sent to HKApp
[2025-08-13 08:52:53.766] [MSG_SENT] Message 2702 sent to TelemetryApp
[2025-08-13 08:52:53.767] [MSG_SENT] Message 2703 sent to FlightLogicApp
[2025-08-13 08:52:53.778] [MSG_SENT] Message 2701 sent to HKApp
[2025-08-13 08:52:54.768] [MSG_SENT] Message 2702 sent to TelemetryApp
[2025-08-13 08:52:54.770] [MSG_SENT] Message 2703 sent to FlightLogicApp
[2025-08-13 08:52:54.779] [MSG_SENT] Message 2701 sent to HKApp
[2025-08-13 08:52:55.771] [MSG_SENT] Message 2702 sent to TelemetryApp
[2025-08-13 08:52:55.773] [MSG_SENT] Message 2703 sent to FlightLogicApp
[2025-08-13 08:52:55.781] [MSG_SENT] Message 2701 sent to HKApp
[2025-08-13 08:52:56.775] [MSG_SENT] Message 2702 sent to TelemetryApp
[2025-08-13 08:52:56.776] [MSG_SENT] Message 2703 sent to FlightLogicApp
[2025-08-13 08:52:56.782] [MSG_SENT] Message 2701 sent to HKApp
[2025-08-13 08:52:57.777] [MSG_SENT] Message 2702 sent to TelemetryApp
[2025-08-13 08:52:57.777] [MSG_SENT] Message 2703 sent to FlightLogicApp
[2025-08-13 08:52:57.783] [MSG_SENT] Message 2701 sent to HKApp
[2025-08-13 08:52:58.780] [MSG_SENT] Message 2702 sent to TelemetryApp
[2025-08-13 08:52:58.780] [MSG_SENT] Message 2703 sent to FlightLogicApp
[2025-08-13 08:52:58.784] [MSG_SENT] Message 2701 sent to HKApp
[2025-08-13 08:52:59.781] [MSG_SENT] Message 2702 sent to TelemetryApp
[2025-08-13 08:52:59.782] [MSG_SENT] Message 2703 sent to FlightLogicApp
[2025-08-13 08:52:59.786] [MSG_SENT] Message 2701 sent to HKApp
[2025-08-13 08:53:00.784] [MSG_SENT] Message 2702 sent to TelemetryApp
[2025-08-13 08:53:00.786] [MSG_SENT] Message 2703 sent to FlightLogicApp
[2025-08-13 08:53:00.787] [MSG_SENT] Message 2701 sent to HKApp
[2025-08-13 08:53:01.788] [MSG_SENT] Message 2702 sent to TelemetryApp
[2025-08-13 08:53:01.790] [MSG_SENT] Message 2701 sent to HKApp
[2025-08-13 08:53:01.792] [MSG_SENT] Message 2703 sent to FlightLogicApp
[2025-08-13 08:53:02.792] [MSG_SENT] Message 2701 sent to HKApp
[2025-08-13 08:53:02.793] [MSG_SENT] Message 2702 sent to TelemetryApp
[2025-08-13 08:53:02.796] [MSG_SENT] Message 2703 sent to FlightLogicApp
[2025-08-13 08:53:03.796] [MSG_SENT] Message 2701 sent to HKApp
[2025-08-13 08:53:03.798] [MSG_SENT] Message 2702 sent to TelemetryApp
[2025-08-13 08:53:03.799] [MSG_SENT] Message 2703 sent to FlightLogicApp
[2025-08-13 08:53:04.797] [MSG_SENT] Message 2701 sent to HKApp
[2025-08-13 08:53:04.800] [MSG_SENT] Message 2702 sent to TelemetryApp
[2025-08-13 08:53:04.801] [MSG_SENT] Message 2703 sent to FlightLogicApp
[2025-08-13 08:53:05.798] [MSG_SENT] Message 2701 sent to HKApp
[2025-08-13 08:53:05.802] [MSG_SENT] Message 2702 sent to TelemetryApp
[2025-08-13 08:53:05.803] [MSG_SENT] Message 2703 sent to FlightLogicApp
[2025-08-13 08:53:06.800] [MSG_SENT] Message 2701 sent to HKApp
[2025-08-13 08:53:06.804] [MSG_SENT] Message 2702 sent to TelemetryApp
[2025-08-13 08:53:06.805] [MSG_SENT] Message 2703 sent to FlightLogicApp
[2025-08-13 08:53:07.801] [MSG_SENT] Message 2701 sent to HKApp
[2025-08-13 08:53:07.807] [MSG_SENT] Message 2702 sent to TelemetryApp
[2025-08-13 08:53:07.808] [MSG_SENT] Message 2703 sent to FlightLogicApp
[2025-08-13 08:53:08.803] [MSG_SENT] Message 2701 sent to HKApp
[2025-08-13 08:53:08.809] [MSG_SENT] Message 2702 sent to TelemetryApp
[2025-08-13 08:53:08.811] [MSG_SENT] Message 2703 sent to FlightLogicApp
[2025-08-13 08:53:09.804] [MSG_SENT] Message 2701 sent to HKApp
[2025-08-13 08:53:09.812] [MSG_SENT] Message 2702 sent to TelemetryApp
[2025-08-13 08:53:09.813] [MSG_SENT] Message 2703 sent to FlightLogicApp
[2025-08-13 08:53:10.806] [MSG_SENT] Message 2701 sent to HKApp
[2025-08-13 08:53:10.815] [MSG_SENT] Message 2702 sent to TelemetryApp
[2025-08-13 08:53:10.815] [MSG_SENT] Message 2703 sent to FlightLogicApp
[2025-08-13 08:53:11.808] [MSG_SENT] Message 2701 sent to HKApp
[2025-08-13 08:53:11.816] [MSG_SENT] Message 2702 sent to TelemetryApp
[2025-08-13 08:53:11.818] [MSG_SENT] Message 2703 sent to FlightLogicApp
[2025-08-13 08:53:12.809] [MSG_SENT] Message 2701 sent to HKApp
[2025-08-13 08:53:12.819] [MSG_SENT] Message 2702 sent to TelemetryApp
[2025-08-13 08:53:12.820] [MSG_SENT] Message 2703 sent to FlightLogicApp
[2025-08-13 08:53:13.810] [MSG_SENT] Message 2701 sent to HKApp
[2025-08-13 08:53:13.821] [MSG_SENT] Message 2702 sent to TelemetryApp
[2025-08-13 08:53:13.823] [MSG_SENT] Message 2703 sent to FlightLogicApp
[2025-08-13 08:53:14.812] [MSG_SENT] Message 2701 sent to HKApp
[2025-08-13 08:53:14.824] [MSG_SENT] Message 2702 sent to TelemetryApp
[2025-08-13 08:53:14.826] [MSG_SENT] Message 2703 sent to FlightLogicApp
[2025-08-13 08:53:15.813] [MSG_SENT] Message 2701 sent to HKApp
[2025-08-13 08:53:15.828] [MSG_SENT] Message 2702 sent to TelemetryApp
[2025-08-13 08:53:15.829] [MSG_SENT] Message 2703 sent to FlightLogicApp
[2025-08-13 08:53:16.815] [MSG_SENT] Message 2701 sent to HKApp
[2025-08-13 08:53:16.831] [MSG_SENT] Message 2702 sent to TelemetryApp
[2025-08-13 08:53:16.832] [MSG_SENT] Message 2703 sent to FlightLogicApp
[2025-08-13 08:53:17.816] [MSG_SENT] Message 2701 sent to HKApp
[2025-08-13 08:53:17.833] [MSG_SENT] Message 2702 sent to TelemetryApp
[2025-08-13 08:53:17.835] [MSG_SENT] Message 2703 sent to FlightLogicApp
[2025-08-13 08:53:18.818] [MSG_SENT] Message 2701 sent to HKApp
[2025-08-13 08:53:18.837] [MSG_SENT] Message 2702 sent to TelemetryApp
[2025-08-13 08:53:18.838] [MSG_SENT] Message 2703 sent to FlightLogicApp
[2025-08-13 08:53:19.819] [MSG_SENT] Message 2701 sent to HKApp
[2025-08-13 08:53:19.841] [MSG_SENT] Message 2702 sent to TelemetryApp
[2025-08-13 08:53:19.841] [MSG_SENT] Message 2703 sent to FlightLogicApp
[2025-08-13 08:53:20.820] [MSG_SENT] Message 2701 sent to HKApp
[2025-08-13 08:53:20.842] [MSG_SENT] Message 2702 sent to TelemetryApp
[2025-08-13 08:53:20.844] [MSG_SENT] Message 2703 sent to FlightLogicApp
[2025-08-13 08:53:21.823] [MSG_SENT] Message 2701 sent to HKApp
[2025-08-13 08:53:21.845] [MSG_SENT] Message 2702 sent to TelemetryApp
[2025-08-13 08:53:21.847] [MSG_SENT] Message 2703 sent to FlightLogicApp
[2025-08-13 08:53:22.824] [MSG_SENT] Message 2701 sent to HKApp
[2025-08-13 08:53:22.848] [MSG_SENT] Message 2702 sent to TelemetryApp
[2025-08-13 08:53:22.849] [MSG_SENT] Message 2703 sent to FlightLogicApp
[2025-08-13 08:53:23.825] [MSG_SENT] Message 2701 sent to HKApp
[2025-08-13 08:53:23.850] [MSG_SENT] Message 2702 sent to TelemetryApp
[2025-08-13 08:53:23.851] [MSG_SENT] Message 2703 sent to FlightLogicApp
[2025-08-13 08:53:24.827] [MSG_SENT] Message 2701 sent to HKApp
[2025-08-13 08:53:24.852] [MSG_SENT] Message 2702 sent to TelemetryApp
[2025-08-13 08:53:24.853] [MSG_SENT] Message 2703 sent to FlightLogicApp
[2025-08-13 08:53:25.829] [MSG_SENT] Message 2701 sent to HKApp
[2025-08-13 08:53:25.854] [MSG_SENT] Message 2702 sent to TelemetryApp
[2025-08-13 08:53:25.855] [MSG_SENT] Message 2703 sent to FlightLogicApp
[2025-08-13 08:53:26.830] [MSG_SENT] Message 2701 sent to HKApp
[2025-08-13 08:53:26.856] [MSG_SENT] Message 2702 sent to TelemetryApp
[2025-08-13 08:53:26.857] [MSG_SENT] Message 2703 sent to FlightLogicApp
[2025-08-13 08:53:27.831] [MSG_SENT] Message 2701 sent to HKApp
[2025-08-13 08:53:27.859] [MSG_SENT] Message 2702 sent to TelemetryApp
[2025-08-13 08:53:27.860] [MSG_SENT] Message 2703 sent to FlightLogicApp
[2025-08-13 08:53:28.833] [MSG_SENT] Message 2701 sent to HKApp
[2025-08-13 08:53:28.862] [MSG_SENT] Message 2702 sent to TelemetryApp
[2025-08-13 08:53:28.864] [MSG_SENT] Message 2703 sent to FlightLogicApp
[2025-08-13 08:53:29.835] [MSG_SENT] Message 2701 sent to HKApp
[2025-08-13 08:53:29.865] [MSG_SENT] Message 2702 sent to TelemetryApp
[2025-08-13 08:53:29.866] [MSG_SENT] Message 2703 sent to FlightLogicApp
[2025-08-13 08:53:30.837] [MSG_SENT] Message 2701 sent to HKApp
[2025-08-13 08:53:30.868] [MSG_SENT] Message 2702 sent to TelemetryApp
[2025-08-13 08:53:30.868] [MSG_SENT] Message 2703 sent to FlightLogicApp
[2025-08-13 08:53:31.838] [MSG_SENT] Message 2701 sent to HKApp
[2025-08-13 08:53:31.870] [MSG_SENT] Message 2702 sent to TelemetryApp
[2025-08-13 08:53:31.870] [MSG_SENT] Message 2703 sent to FlightLogicApp
[2025-08-13 08:53:32.839] [MSG_SENT] Message 2701 sent to HKApp
[2025-08-13 08:53:32.872] [MSG_SENT] Message 2702 sent to TelemetryApp
[2025-08-13 08:53:32.873] [MSG_SENT] Message 2703 sent to FlightLogicApp
[2025-08-13 08:53:33.840] [MSG_SENT] Message 2701 sent to HKApp
[2025-08-13 08:53:33.874] [MSG_SENT] Message 2702 sent to TelemetryApp
[2025-08-13 08:53:33.875] [MSG_SENT] Message 2703 sent to FlightLogicApp
[2025-08-13 08:53:34.842] [MSG_SENT] Message 2701 sent to HKApp
[2025-08-13 08:53:34.877] [MSG_SENT] Message 2702 sent to TelemetryApp
[2025-08-13 08:53:34.878] [MSG_SENT] Message 2703 sent to FlightLogicApp
[2025-08-13 08:53:35.843] [MSG_SENT] Message 2701 sent to HKApp
[2025-08-13 08:53:35.880] [MSG_SENT] Message 2702 sent to TelemetryApp
[2025-08-13 08:53:35.881] [MSG_SENT] Message 2703 sent to FlightLogicApp
[2025-08-13 08:53:36.844] [MSG_SENT] Message 2701 sent to HKApp
[2025-08-13 08:53:36.882] [MSG_SENT] Message 2702 sent to TelemetryApp
[2025-08-13 08:53:36.883] [MSG_SENT] Message 2703 sent to FlightLogicApp
[2025-08-13 08:53:37.845] [MSG_SENT] Message 2701 sent to HKApp
[2025-08-13 08:53:37.883] [MSG_SENT] Message 2702 sent to TelemetryApp
[2025-08-13 08:53:37.885] [MSG_SENT] Message 2703 sent to FlightLogicApp
[2025-08-13 08:53:38.847] [MSG_SENT] Message 2701 sent to HKApp
[2025-08-13 08:53:38.887] [MSG_SENT] Message 2702 sent to TelemetryApp
[2025-08-13 08:53:38.888] [MSG_SENT] Message 2703 sent to FlightLogicApp
[2025-08-13 08:53:39.848] [MSG_SENT] Message 2701 sent to HKApp
[2025-08-13 08:53:39.889] [MSG_SENT] Message 2702 sent to TelemetryApp
[2025-08-13 08:53:39.890] [MSG_SENT] Message 2703 sent to FlightLogicApp
[2025-08-13 08:53:40.849] [MSG_SENT] Message 2701 sent to HKApp
[2025-08-13 08:53:40.891] [MSG_SENT] Message 2702 sent to TelemetryApp
[2025-08-13 08:53:40.892] [MSG_SENT] Message 2703 sent to FlightLogicApp
[2025-08-13 08:53:41.851] [MSG_SENT] Message 2701 sent to HKApp
[2025-08-13 08:53:41.894] [MSG_SENT] Message 2702 sent to TelemetryApp
[2025-08-13 08:53:41.895] [MSG_SENT] Message 2703 sent to FlightLogicApp
[2025-08-13 08:53:42.852] [MSG_SENT] Message 2701 sent to HKApp
[2025-08-13 08:53:42.897] [MSG_SENT] Message 2702 sent to TelemetryApp
[2025-08-13 08:53:42.899] [MSG_SENT] Message 2703 sent to FlightLogicApp
[2025-08-13 08:53:43.853] [MSG_SENT] Message 2701 sent to HKApp
[2025-08-13 08:53:43.900] [MSG_SENT] Message 2702 sent to TelemetryApp
[2025-08-13 08:53:43.901] [MSG_SENT] Message 2703 sent to FlightLogicApp
[2025-08-13 08:53:44.854] [MSG_SENT] Message 2701 sent to HKApp
[2025-08-13 08:53:44.903] [MSG_SENT] Message 2702 sent to TelemetryApp
[2025-08-13 08:53:44.904] [MSG_SENT] Message 2703 sent to FlightLogicApp
[2025-08-13 08:53:45.857] [MSG_SENT] Message 2701 sent to HKApp
[2025-08-13 08:53:45.905] [MSG_SENT] Message 2702 sent to TelemetryApp
[2025-08-13 08:53:45.908] [MSG_SENT] Message 2703 sent to FlightLogicApp
[2025-08-13 08:53:46.858] [MSG_SENT] Message 2701 sent to HKApp
[2025-08-13 08:53:46.910] [MSG_SENT] Message 2702 sent to TelemetryApp
[2025-08-13 08:53:46.911] [MSG_SENT] Message 2703 sent to FlightLogicApp
[2025-08-13 08:53:47.861] [MSG_SENT] Message 2701 sent to HKApp
[2025-08-13 08:53:47.914] [MSG_SENT] Message 2702 sent to TelemetryApp
[2025-08-13 08:53:47.916] [MSG_SENT] Message 2703 sent to FlightLogicApp
[2025-08-13 08:53:48.862] [MSG_SENT] Message 2701 sent to HKApp
[2025-08-13 08:53:48.916] [MSG_SENT] Message 2702 sent to TelemetryApp
[2025-08-13 08:53:48.918] [MSG_SENT] Message 2703 sent to FlightLogicApp
[2025-08-13 08:53:49.864] [MSG_SENT] Message 2701 sent to HKApp
[2025-08-13 08:53:49.919] [MSG_SENT] Message 2702 sent to TelemetryApp
[2025-08-13 08:53:49.920] [MSG_SENT] Message 2703 sent to FlightLogicApp
[2025-08-13 08:53:50.865] [MSG_SENT] Message 2701 sent to HKApp
[2025-08-13 08:53:50.922] [MSG_SENT] Message 2702 sent to TelemetryApp
[2025-08-13 08:53:50.923] [MSG_SENT] Message 2703 sent to FlightLogicApp
[2025-08-13 08:53:51.867] [MSG_SENT] Message 2701 sent to HKApp
[2025-08-13 08:53:51.924] [MSG_SENT] Message 2702 sent to TelemetryApp
[2025-08-13 08:53:51.925] [MSG_SENT] Message 2703 sent to FlightLogicApp
[2025-08-13 08:53:52.868] [MSG_SENT] Message 2701 sent to HKApp
[2025-08-13 08:53:52.927] [MSG_SENT] Message 2702 sent to TelemetryApp
[2025-08-13 08:53:52.928] [MSG_SENT] Message 2703 sent to FlightLogicApp
[2025-08-13 08:53:53.870] [MSG_SENT] Message 2701 sent to HKApp
[2025-08-13 08:53:53.929] [MSG_SENT] Message 2702 sent to TelemetryApp
[2025-08-13 08:53:53.931] [MSG_SENT] Message 2703 sent to FlightLogicApp
[2025-08-13 08:53:54.871] [MSG_SENT] Message 2701 sent to HKApp
[2025-08-13 08:53:54.932] [MSG_SENT] Message 2702 sent to TelemetryApp
[2025-08-13 08:53:54.934] [MSG_SENT] Message 2703 sent to FlightLogicApp
[2025-08-13 08:53:55.873] [MSG_SENT] Message 2701 sent to HKApp
[2025-08-13 08:53:55.936] [MSG_SENT] Message 2702 sent to TelemetryApp
[2025-08-13 08:53:55.936] [MSG_SENT] Message 2703 sent to FlightLogicApp
[2025-08-13 08:53:56.874] [MSG_SENT] Message 2701 sent to HKApp
[2025-08-13 08:53:56.937] [MSG_SENT] Message 2702 sent to TelemetryApp
[2025-08-13 08:53:56.940] [MSG_SENT] Message 2703 sent to FlightLogicApp
[2025-08-13 08:53:57.875] [MSG_SENT] Message 2701 sent to HKApp
[2025-08-13 08:53:57.941] [MSG_SENT] Message 2702 sent to TelemetryApp
[2025-08-13 08:53:57.943] [MSG_SENT] Message 2703 sent to FlightLogicApp
[2025-08-13 08:53:58.877] [MSG_SENT] Message 2701 sent to HKApp
[2025-08-13 08:53:58.945] [MSG_SENT] Message 2702 sent to TelemetryApp
[2025-08-13 08:53:58.946] [MSG_SENT] Message 2703 sent to FlightLogicApp
[2025-08-13 08:53:59.879] [MSG_SENT] Message 2701 sent to HKApp
[2025-08-13 08:53:59.949] [MSG_SENT] Message 2702 sent to TelemetryApp
[2025-08-13 08:53:59.951] [MSG_SENT] Message 2703 sent to FlightLogicApp
[2025-08-13 08:54:00.881] [MSG_SENT] Message 2701 sent to HKApp
[2025-08-13 08:54:00.953] [MSG_SENT] Message 2702 sent to TelemetryApp
[2025-08-13 08:54:00.954] [MSG_SENT] Message 2703 sent to FlightLogicApp
[2025-08-13 08:54:01.883] [MSG_SENT] Message 2701 sent to HKApp
[2025-08-13 08:54:01.957] [MSG_SENT] Message 2702 sent to TelemetryApp
[2025-08-13 08:54:01.958] [MSG_SENT] Message 2703 sent to FlightLogicApp
[2025-08-13 08:54:02.885] [MSG_SENT] Message 2701 sent to HKApp
[2025-08-13 08:54:02.959] [MSG_SENT] Message 2702 sent to TelemetryApp
[2025-08-13 08:54:06.120] [MSG_SENT] Message 2703 sent to FlightLogicApp
[2025-08-13 08:54:07.120] [MSG_SENT] Message 2701 sent to HKApp
[2025-08-13 08:54:07.123] [MSG_SENT] Message 2702 sent to TelemetryApp
[2025-08-13 08:54:07.124] [MSG_SENT] Message 2703 sent to FlightLogicApp
[2025-08-13 08:54:08.121] [MSG_SENT] Message 2701 sent to HKApp
[2025-08-13 08:54:08.125] [MSG_SENT] Message 2702 sent to TelemetryApp
[2025-08-13 08:54:08.126] [MSG_SENT] Message 2703 sent to FlightLogicApp
[2025-08-13 08:54:09.122] [MSG_SENT] Message 2701 sent to HKApp
[2025-08-13 08:54:09.128] [MSG_SENT] Message 2702 sent to TelemetryApp
[2025-08-13 08:54:09.128] [MSG_SENT] Message 2703 sent to FlightLogicApp
[2025-08-13 08:54:10.124] [MSG_SENT] Message 2701 sent to HKApp
[2025-08-13 08:54:10.130] [MSG_SENT] Message 2702 sent to TelemetryApp
[2025-08-13 08:54:10.131] [MSG_SENT] Message 2703 sent to FlightLogicApp
[2025-08-13 08:54:11.125] [MSG_SENT] Message 2701 sent to HKApp
[2025-08-13 08:54:11.132] [MSG_SENT] Message 2702 sent to TelemetryApp
[2025-08-13 08:54:11.133] [MSG_SENT] Message 2703 sent to FlightLogicApp
[2025-08-13 08:54:12.128] [MSG_SENT] Message 2701 sent to HKApp
[2025-08-13 08:54:12.135] [MSG_SENT] Message 2702 sent to TelemetryApp
[2025-08-13 08:54:12.136] [MSG_SENT] Message 2703 sent to FlightLogicApp
[2025-08-13 08:54:13.129] [MSG_SENT] Message 2701 sent to HKApp
[2025-08-13 08:54:13.137] [MSG_SENT] Message 2702 sent to TelemetryApp
[2025-08-13 08:54:13.138] [MSG_SENT] Message 2703 sent to FlightLogicApp
[2025-08-13 08:54:14.131] [MSG_SENT] Message 2701 sent to HKApp
[2025-08-13 08:54:14.139] [MSG_SENT] Message 2702 sent to TelemetryApp
[2025-08-13 08:54:14.140] [MSG_SENT] Message 2703 sent to FlightLogicApp
[2025-08-13 08:54:15.132] [MSG_SENT] Message 2701 sent to HKApp
[2025-08-13 08:54:15.142] [MSG_SENT] Message 2702 sent to TelemetryApp
[2025-08-13 08:54:15.142] [MSG_SENT] Message 2703 sent to FlightLogicApp
[2025-08-13 08:54:16.135] [MSG_SENT] Message 2701 sent to HKApp
[2025-08-13 08:54:16.144] [MSG_SENT] Message 2702 sent to TelemetryApp
[2025-08-13 08:54:16.145] [MSG_SENT] Message 2703 sent to FlightLogicApp
[2025-08-13 08:54:17.137] [MSG_SENT] Message 2701 sent to HKApp
[2025-08-13 08:54:17.146] [MSG_SENT] Message 2702 sent to TelemetryApp
[2025-08-13 08:54:17.147] [MSG_SENT] Message 2703 sent to FlightLogicApp
[2025-08-13 08:54:18.139] [MSG_SENT] Message 2701 sent to HKApp
[2025-08-13 08:54:18.149] [MSG_SENT] Message 2702 sent to TelemetryApp
[2025-08-13 08:54:18.150] [MSG_SENT] Message 2703 sent to FlightLogicApp
[2025-08-13 08:54:19.141] [MSG_SENT] Message 2701 sent to HKApp
[2025-08-13 08:54:19.151] [MSG_SENT] Message 2702 sent to TelemetryApp
[2025-08-13 08:54:19.152] [MSG_SENT] Message 2703 sent to FlightLogicApp
[2025-08-13 08:54:20.143] [MSG_SENT] Message 2701 sent to HKApp
[2025-08-13 08:54:20.154] [MSG_SENT] Message 2702 sent to TelemetryApp
[2025-08-13 08:54:20.155] [MSG_SENT] Message 2703 sent to FlightLogicApp
[2025-08-13 08:54:21.144] [MSG_SENT] Message 2701 sent to HKApp
[2025-08-13 08:54:21.156] [MSG_SENT] Message 2702 sent to TelemetryApp
[2025-08-13 08:54:21.156] [MSG_SENT] Message 2703 sent to FlightLogicApp
[2025-08-13 08:54:22.146] [MSG_SENT] Message 2701 sent to HKApp
[2025-08-13 08:54:22.159] [MSG_SENT] Message 2702 sent to TelemetryApp
[2025-08-13 08:54:22.160] [MSG_SENT] Message 2703 sent to FlightLogicApp
[2025-08-13 08:54:23.147] [MSG_SENT] Message 2701 sent to HKApp
[2025-08-13 08:54:23.162] [MSG_SENT] Message 2702 sent to TelemetryApp
[2025-08-13 08:54:23.164] [MSG_SENT] Message 2703 sent to FlightLogicApp
[2025-08-13 08:54:24.150] [MSG_SENT] Message 2701 sent to HKApp
[2025-08-13 08:54:24.166] [MSG_SENT] Message 2702 sent to TelemetryApp
[2025-08-13 08:54:24.167] [MSG_SENT] Message 2703 sent to FlightLogicApp
[2025-08-13 08:54:25.151] [MSG_SENT] Message 2701 sent to HKApp
[2025-08-13 08:54:25.169] [MSG_SENT] Message 2702 sent to TelemetryApp
[2025-08-13 08:54:25.169] [MSG_SENT] Message 2703 sent to FlightLogicApp
[2025-08-13 08:54:26.152] [MSG_SENT] Message 2701 sent to HKApp
[2025-08-13 08:54:26.172] [MSG_SENT] Message 2702 sent to TelemetryApp
[2025-08-13 08:54:26.173] [MSG_SENT] Message 2703 sent to FlightLogicApp
[2025-08-13 08:54:27.155] [MSG_SENT] Message 2701 sent to HKApp
[2025-08-13 08:54:27.174] [MSG_SENT] Message 2702 sent to TelemetryApp
[2025-08-13 08:54:27.175] [MSG_SENT] Message 2703 sent to FlightLogicApp
[2025-08-13 08:54:28.157] [MSG_SENT] Message 2701 sent to HKApp
[2025-08-13 08:54:28.176] [MSG_SENT] Message 2702 sent to TelemetryApp
[2025-08-13 08:54:28.177] [MSG_SENT] Message 2703 sent to FlightLogicApp
[2025-08-13 08:54:29.158] [MSG_SENT] Message 2701 sent to HKApp
[2025-08-13 08:54:29.179] [MSG_SENT] Message 2702 sent to TelemetryApp
[2025-08-13 08:54:29.179] [MSG_SENT] Message 2703 sent to FlightLogicApp
[2025-08-13 08:54:30.159] [MSG_SENT] Message 2701 sent to HKApp
[2025-08-13 08:54:30.181] [MSG_SENT] Message 2702 sent to TelemetryApp
[2025-08-13 08:54:30.182] [MSG_SENT] Message 2703 sent to FlightLogicApp
[2025-08-13 08:54:31.161] [MSG_SENT] Message 2701 sent to HKApp
[2025-08-13 08:54:31.185] [MSG_SENT] Message 2702 sent to TelemetryApp
[2025-08-13 08:54:31.186] [MSG_SENT] Message 2703 sent to FlightLogicApp
[2025-08-13 08:54:32.163] [MSG_SENT] Message 2701 sent to HKApp
[2025-08-13 08:54:32.187] [MSG_SENT] Message 2702 sent to TelemetryApp
[2025-08-13 08:54:32.188] [MSG_SENT] Message 2703 sent to FlightLogicApp
[2025-08-13 08:54:33.165] [MSG_SENT] Message 2701 sent to HKApp
[2025-08-13 08:54:33.189] [MSG_SENT] Message 2702 sent to TelemetryApp
[2025-08-13 08:54:33.191] [MSG_SENT] Message 2703 sent to FlightLogicApp
[2025-08-13 08:54:34.166] [MSG_SENT] Message 2701 sent to HKApp
[2025-08-13 08:54:34.192] [MSG_SENT] Message 2702 sent to TelemetryApp
[2025-08-13 08:54:34.193] [MSG_SENT] Message 2703 sent to FlightLogicApp
[2025-08-13 08:54:35.167] [MSG_SENT] Message 2701 sent to HKApp
[2025-08-13 08:54:35.195] [MSG_SENT] Message 2702 sent to TelemetryApp
[2025-08-13 08:54:35.196] [MSG_SENT] Message 2703 sent to FlightLogicApp
[2025-08-13 08:54:36.169] [MSG_SENT] Message 2701 sent to HKApp
[2025-08-13 08:54:36.198] [MSG_SENT] Message 2702 sent to TelemetryApp
[2025-08-13 08:54:36.199] [MSG_SENT] Message 2703 sent to FlightLogicApp
[2025-08-13 08:54:37.170] [MSG_SENT] Message 2701 sent to HKApp
[2025-08-13 08:54:37.200] [MSG_SENT] Message 2702 sent to TelemetryApp
[2025-08-13 08:54:37.201] [MSG_SENT] Message 2703 sent to FlightLogicApp
[2025-08-13 08:54:38.172] [MSG_SENT] Message 2701 sent to HKApp
[2025-08-13 08:54:38.203] [MSG_SENT] Message 2702 sent to TelemetryApp
[2025-08-13 08:54:38.203] [MSG_SENT] Message 2703 sent to FlightLogicApp
[2025-08-13 08:54:39.173] [MSG_SENT] Message 2701 sent to HKApp
[2025-08-13 08:54:39.205] [MSG_SENT] Message 2702 sent to TelemetryApp
[2025-08-13 08:54:39.207] [MSG_SENT] Message 2703 sent to FlightLogicApp
[2025-08-13 08:54:40.174] [MSG_SENT] Message 2701 sent to HKApp
[2025-08-13 08:54:40.208] [MSG_SENT] Message 2702 sent to TelemetryApp
[2025-08-13 08:54:40.209] [MSG_SENT] Message 2703 sent to FlightLogicApp
[2025-08-13 08:54:41.176] [MSG_SENT] Message 2701 sent to HKApp
[2025-08-13 08:54:41.211] [MSG_SENT] Message 2702 sent to TelemetryApp
[2025-08-13 08:54:41.212] [MSG_SENT] Message 2703 sent to FlightLogicApp
[2025-08-13 08:54:42.177] [MSG_SENT] Message 2701 sent to HKApp
[2025-08-13 08:54:42.213] [MSG_SENT] Message 2702 sent to TelemetryApp
[2025-08-13 08:54:42.214] [MSG_SENT] Message 2703 sent to FlightLogicApp
[2025-08-13 08:54:43.178] [MSG_SENT] Message 2701 sent to HKApp
[2025-08-13 08:54:43.216] [MSG_SENT] Message 2702 sent to TelemetryApp
[2025-08-13 08:54:43.217] [MSG_SENT] Message 2703 sent to FlightLogicApp
[2025-08-13 08:54:44.180] [MSG_SENT] Message 2701 sent to HKApp
[2025-08-13 08:54:44.219] [MSG_SENT] Message 2702 sent to TelemetryApp
[2025-08-13 08:54:44.220] [MSG_SENT] Message 2703 sent to FlightLogicApp
[2025-08-13 08:54:45.181] [MSG_SENT] Message 2701 sent to HKApp
[2025-08-13 08:54:45.222] [MSG_SENT] Message 2702 sent to TelemetryApp
[2025-08-13 08:54:45.222] [MSG_SENT] Message 2703 sent to FlightLogicApp
[2025-08-13 08:54:46.182] [MSG_SENT] Message 2701 sent to HKApp
[2025-08-13 08:54:46.224] [MSG_SENT] Message 2702 sent to TelemetryApp
[2025-08-13 08:54:46.225] [MSG_SENT] Message 2703 sent to FlightLogicApp
[2025-08-13 08:54:47.184] [MSG_SENT] Message 2701 sent to HKApp
[2025-08-13 08:54:47.226] [MSG_SENT] Message 2702 sent to TelemetryApp
[2025-08-13 08:54:47.228] [MSG_SENT] Message 2703 sent to FlightLogicApp
[2025-08-13 08:54:48.185] [MSG_SENT] Message 2701 sent to HKApp
[2025-08-13 08:54:48.230] [MSG_SENT] Message 2702 sent to TelemetryApp
[2025-08-13 08:54:48.232] [MSG_SENT] Message 2703 sent to FlightLogicApp
[2025-08-13 08:54:49.186] [MSG_SENT] Message 2701 sent to HKApp
[2025-08-13 08:54:49.233] [MSG_SENT] Message 2702 sent to TelemetryApp
[2025-08-13 08:54:49.234] [MSG_SENT] Message 2703 sent to FlightLogicApp
[2025-08-13 08:54:50.187] [MSG_SENT] Message 2701 sent to HKApp
[2025-08-13 08:54:50.236] [MSG_SENT] Message 2702 sent to TelemetryApp
[2025-08-13 08:54:50.237] [MSG_SENT] Message 2703 sent to FlightLogicApp
[2025-08-13 08:54:51.189] [MSG_SENT] Message 2701 sent to HKApp
[2025-08-13 08:54:51.238] [MSG_SENT] Message 2702 sent to TelemetryApp
[2025-08-13 08:54:51.239] [MSG_SENT] Message 2703 sent to FlightLogicApp
[2025-08-13 08:54:52.190] [MSG_SENT] Message 2701 sent to HKApp
[2025-08-13 08:54:52.241] [MSG_SENT] Message 2702 sent to TelemetryApp
[2025-08-13 08:54:52.241] [MSG_SENT] Message 2703 sent to FlightLogicApp
[2025-08-13 08:54:53.191] [MSG_SENT] Message 2701 sent to HKApp
[2025-08-13 08:54:53.243] [MSG_SENT] Message 2702 sent to TelemetryApp
[2025-08-13 08:54:53.243] [MSG_SENT] Message 2703 sent to FlightLogicApp
[2025-08-13 08:54:54.193] [MSG_SENT] Message 2701 sent to HKApp
[2025-08-13 08:54:54.246] [MSG_SENT] Message 2702 sent to TelemetryApp
[2025-08-13 08:54:54.247] [MSG_SENT] Message 2703 sent to FlightLogicApp
[2025-08-13 08:54:55.194] [MSG_SENT] Message 2701 sent to HKApp
[2025-08-13 08:54:55.248] [MSG_SENT] Message 2702 sent to TelemetryApp
[2025-08-13 08:54:55.249] [MSG_SENT] Message 2703 sent to FlightLogicApp
[2025-08-13 08:54:56.195] [MSG_SENT] Message 2701 sent to HKApp
[2025-08-13 08:54:56.250] [MSG_SENT] Message 2702 sent to TelemetryApp
[2025-08-13 08:54:56.252] [MSG_SENT] Message 2703 sent to FlightLogicApp
[2025-08-13 08:54:57.196] [MSG_SENT] Message 2701 sent to HKApp
[2025-08-13 08:54:57.253] [MSG_SENT] Message 2702 sent to TelemetryApp
[2025-08-13 08:54:57.253] [MSG_SENT] Message 2703 sent to FlightLogicApp
[2025-08-13 08:54:58.198] [MSG_SENT] Message 2701 sent to HKApp
[2025-08-13 08:54:58.255] [MSG_SENT] Message 2702 sent to TelemetryApp
[2025-08-13 08:54:58.256] [MSG_SENT] Message 2703 sent to FlightLogicApp
[2025-08-13 08:54:59.199] [MSG_SENT] Message 2701 sent to HKApp
[2025-08-13 08:54:59.257] [MSG_SENT] Message 2702 sent to TelemetryApp
[2025-08-13 08:54:59.258] [MSG_SENT] Message 2703 sent to FlightLogicApp
[2025-08-13 08:55:00.201] [MSG_SENT] Message 2701 sent to HKApp
[2025-08-13 08:55:00.260] [MSG_SENT] Message 2702 sent to TelemetryApp
[2025-08-13 08:55:00.261] [MSG_SENT] Message 2703 sent to FlightLogicApp
[2025-08-13 08:55:01.202] [MSG_SENT] Message 2701 sent to HKApp
[2025-08-13 08:55:01.262] [MSG_SENT] Message 2702 sent to TelemetryApp
[2025-08-13 08:55:01.263] [MSG_SENT] Message 2703 sent to FlightLogicApp
[2025-08-13 08:55:02.204] [MSG_SENT] Message 2701 sent to HKApp
[2025-08-13 08:55:02.264] [MSG_SENT] Message 2702 sent to TelemetryApp
[2025-08-13 08:55:02.265] [MSG_SENT] Message 2703 sent to FlightLogicApp
[2025-08-13 08:55:03.205] [MSG_SENT] Message 2701 sent to HKApp
[2025-08-13 08:55:03.267] [MSG_SENT] Message 2702 sent to TelemetryApp
[2025-08-13 08:55:03.268] [MSG_SENT] Message 2703 sent to FlightLogicApp
[2025-08-13 08:55:04.206] [MSG_SENT] Message 2701 sent to HKApp
[2025-08-13 08:55:04.270] [MSG_SENT] Message 2702 sent to TelemetryApp
[2025-08-13 08:55:04.271] [MSG_SENT] Message 2703 sent to FlightLogicApp
[2025-08-13 08:55:05.208] [MSG_SENT] Message 2701 sent to HKApp
[2025-08-13 08:55:05.273] [MSG_SENT] Message 2702 sent to TelemetryApp
[2025-08-13 08:55:05.273] [MSG_SENT] Message 2703 sent to FlightLogicApp
[2025-08-13 08:55:06.209] [MSG_SENT] Message 2701 sent to HKApp
[2025-08-13 08:55:06.276] [MSG_SENT] Message 2702 sent to TelemetryApp
[2025-08-13 08:55:06.277] [MSG_SENT] Message 2703 sent to FlightLogicApp
[2025-08-13 08:55:07.210] [MSG_SENT] Message 2701 sent to HKApp
[2025-08-13 08:55:07.279] [MSG_SENT] Message 2702 sent to TelemetryApp
[2025-08-13 08:55:07.280] [MSG_SENT] Message 2703 sent to FlightLogicApp
[2025-08-13 08:55:08.212] [MSG_SENT] Message 2701 sent to HKApp
[2025-08-13 08:55:08.281] [MSG_SENT] Message 2702 sent to TelemetryApp
[2025-08-13 08:55:08.282] [MSG_SENT] Message 2703 sent to FlightLogicApp
[2025-08-13 08:55:09.213] [MSG_SENT] Message 2701 sent to HKApp
[2025-08-13 08:55:09.284] [MSG_SENT] Message 2702 sent to TelemetryApp
[2025-08-13 08:55:09.285] [MSG_SENT] Message 2703 sent to FlightLogicApp
[2025-08-13 08:55:10.214] [MSG_SENT] Message 2701 sent to HKApp
[2025-08-13 08:55:10.286] [MSG_SENT] Message 2702 sent to TelemetryApp
[2025-08-13 08:55:10.287] [MSG_SENT] Message 2703 sent to FlightLogicApp
[2025-08-13 08:55:11.217] [MSG_SENT] Message 2701 sent to HKApp
[2025-08-13 08:55:11.289] [MSG_SENT] Message 2702 sent to TelemetryApp
[2025-08-13 08:55:11.291] [MSG_SENT] Message 2703 sent to FlightLogicApp
[2025-08-13 08:55:12.219] [MSG_SENT] Message 2701 sent to HKApp
[2025-08-13 08:55:12.292] [MSG_SENT] Message 2702 sent to TelemetryApp
[2025-08-13 08:55:12.293] [MSG_SENT] Message 2703 sent to FlightLogicApp
[2025-08-13 08:55:13.220] [MSG_SENT] Message 2701 sent to HKApp
[2025-08-13 08:55:13.294] [MSG_SENT] Message 2702 sent to TelemetryApp
[2025-08-13 08:55:13.295] [MSG_SENT] Message 2703 sent to FlightLogicApp
[2025-08-13 08:55:14.221] [MSG_SENT] Message 2701 sent to HKApp
[2025-08-13 08:55:14.297] [MSG_SENT] Message 2702 sent to TelemetryApp
[2025-08-13 08:55:14.297] [MSG_SENT] Message 2703 sent to FlightLogicApp
[2025-08-13 08:55:15.222] [MSG_SENT] Message 2701 sent to HKApp
[2025-08-13 08:55:15.299] [MSG_SENT] Message 2702 sent to TelemetryApp
[2025-08-13 08:55:15.300] [MSG_SENT] Message 2703 sent to FlightLogicApp
[2025-08-13 08:55:16.224] [MSG_SENT] Message 2701 sent to HKApp
[2025-08-13 08:55:16.301] [MSG_SENT] Message 2702 sent to TelemetryApp
[2025-08-13 08:55:16.302] [MSG_SENT] Message 2703 sent to FlightLogicApp
[2025-08-13 08:55:17.226] [MSG_SENT] Message 2701 sent to HKApp
[2025-08-13 08:55:17.303] [MSG_SENT] Message 2702 sent to TelemetryApp
[2025-08-13 08:55:17.304] [MSG_SENT] Message 2703 sent to FlightLogicApp
[2025-08-13 08:55:18.227] [MSG_SENT] Message 2701 sent to HKApp
[2025-08-13 08:55:18.306] [MSG_SENT] Message 2702 sent to TelemetryApp
[2025-08-13 08:55:18.307] [MSG_SENT] Message 2703 sent to FlightLogicApp
[2025-08-13 08:55:19.228] [MSG_SENT] Message 2701 sent to HKApp
[2025-08-13 08:55:19.308] [MSG_SENT] Message 2702 sent to TelemetryApp
[2025-08-13 08:55:19.310] [MSG_SENT] Message 2703 sent to FlightLogicApp
[2025-08-13 08:55:20.229] [MSG_SENT] Message 2701 sent to HKApp
[2025-08-13 08:55:20.311] [MSG_SENT] Message 2702 sent to TelemetryApp
[2025-08-13 08:55:20.312] [MSG_SENT] Message 2703 sent to FlightLogicApp
[2025-08-13 08:55:21.231] [MSG_SENT] Message 2701 sent to HKApp
[2025-08-13 08:55:21.314] [MSG_SENT] Message 2702 sent to TelemetryApp
[2025-08-13 08:55:21.315] [MSG_SENT] Message 2703 sent to FlightLogicApp
[2025-08-13 08:55:22.232] [MSG_SENT] Message 2701 sent to HKApp
[2025-08-13 08:55:22.316] [MSG_SENT] Message 2702 sent to TelemetryApp
[2025-08-13 08:55:22.317] [MSG_SENT] Message 2703 sent to FlightLogicApp
[2025-08-13 08:55:23.233] [MSG_SENT] Message 2701 sent to HKApp
[2025-08-13 08:55:23.319] [MSG_SENT] Message 2702 sent to TelemetryApp
[2025-08-13 08:55:23.320] [MSG_SENT] Message 2703 sent to FlightLogicApp
[2025-08-13 08:55:24.236] [MSG_SENT] Message 2701 sent to HKApp
[2025-08-13 08:55:24.322] [MSG_SENT] Message 2702 sent to TelemetryApp
[2025-08-13 08:55:24.322] [MSG_SENT] Message 2703 sent to FlightLogicApp
[2025-08-13 08:55:25.237] [MSG_SENT] Message 2701 sent to HKApp
[2025-08-13 08:55:25.324] [MSG_SENT] Message 2702 sent to TelemetryApp
[2025-08-13 08:55:25.324] [MSG_SENT] Message 2703 sent to FlightLogicApp
[2025-08-13 08:55:26.238] [MSG_SENT] Message 2701 sent to HKApp
[2025-08-13 08:55:26.326] [MSG_SENT] Message 2702 sent to TelemetryApp
[2025-08-13 08:55:26.327] [MSG_SENT] Message 2703 sent to FlightLogicApp
[2025-08-13 08:55:27.240] [MSG_SENT] Message 2701 sent to HKApp
[2025-08-13 08:55:27.328] [MSG_SENT] Message 2702 sent to TelemetryApp
[2025-08-13 08:55:27.330] [MSG_SENT] Message 2703 sent to FlightLogicApp
[2025-08-13 08:55:28.241] [MSG_SENT] Message 2701 sent to HKApp
[2025-08-13 08:55:28.331] [MSG_SENT] Message 2702 sent to TelemetryApp
[2025-08-13 08:55:28.332] [MSG_SENT] Message 2703 sent to FlightLogicApp
[2025-08-13 08:55:29.242] [MSG_SENT] Message 2701 sent to HKApp
[2025-08-13 08:55:29.334] [MSG_SENT] Message 2702 sent to TelemetryApp
[2025-08-13 08:55:29.335] [MSG_SENT] Message 2703 sent to FlightLogicApp
[2025-08-13 08:55:30.243] [MSG_SENT] Message 2701 sent to HKApp
[2025-08-13 08:55:30.336] [MSG_SENT] Message 2702 sent to TelemetryApp
[2025-08-13 08:55:30.337] [MSG_SENT] Message 2703 sent to FlightLogicApp
[2025-08-13 08:55:31.245] [MSG_SENT] Message 2701 sent to HKApp
[2025-08-13 08:55:31.340] [MSG_SENT] Message 2702 sent to TelemetryApp
[2025-08-13 08:55:31.341] [MSG_SENT] Message 2703 sent to FlightLogicApp
[2025-08-13 08:55:32.246] [MSG_SENT] Message 2701 sent to HKApp
[2025-08-13 08:55:32.342] [MSG_SENT] Message 2702 sent to TelemetryApp
[2025-08-13 08:55:32.343] [MSG_SENT] Message 2703 sent to FlightLogicApp
[2025-08-13 08:55:33.248] [MSG_SENT] Message 2701 sent to HKApp
[2025-08-13 08:55:33.344] [MSG_SENT] Message 2702 sent to TelemetryApp
[2025-08-13 08:55:33.345] [MSG_SENT] Message 2703 sent to FlightLogicApp
[2025-08-13 08:55:34.249] [MSG_SENT] Message 2701 sent to HKApp
[2025-08-13 08:55:34.346] [MSG_SENT] Message 2702 sent to TelemetryApp
[2025-08-13 08:55:34.347] [MSG_SENT] Message 2703 sent to FlightLogicApp
[2025-08-13 08:55:35.250] [MSG_SENT] Message 2701 sent to HKApp
[2025-08-13 08:55:35.349] [MSG_SENT] Message 2702 sent to TelemetryApp
[2025-08-13 08:55:35.350] [MSG_SENT] Message 2703 sent to FlightLogicApp
[2025-08-13 08:55:36.251] [MSG_SENT] Message 2701 sent to HKApp
[2025-08-13 08:55:36.351] [MSG_SENT] Message 2702 sent to TelemetryApp
[2025-08-13 08:55:36.352] [MSG_SENT] Message 2703 sent to FlightLogicApp
[2025-08-13 08:55:37.253] [MSG_SENT] Message 2701 sent to HKApp
[2025-08-13 08:55:37.354] [MSG_SENT] Message 2702 sent to TelemetryApp
[2025-08-13 08:55:37.355] [MSG_SENT] Message 2703 sent to FlightLogicApp
[2025-08-13 08:55:38.254] [MSG_SENT] Message 2701 sent to HKApp
[2025-08-13 08:55:38.357] [MSG_SENT] Message 2702 sent to TelemetryApp
[2025-08-13 08:55:38.357] [MSG_SENT] Message 2703 sent to FlightLogicApp
[2025-08-13 08:55:39.256] [MSG_SENT] Message 2701 sent to HKApp
[2025-08-13 08:55:39.358] [MSG_SENT] Message 2702 sent to TelemetryApp
[2025-08-13 08:55:39.359] [MSG_SENT] Message 2703 sent to FlightLogicApp
[2025-08-13 08:55:40.257] [MSG_SENT] Message 2701 sent to HKApp
[2025-08-13 08:55:40.361] [MSG_SENT] Message 2702 sent to TelemetryApp
[2025-08-13 08:55:40.361] [MSG_SENT] Message 2703 sent to FlightLogicApp
[2025-08-13 08:55:41.259] [MSG_SENT] Message 2701 sent to HKApp
[2025-08-13 08:55:41.363] [MSG_SENT] Message 2702 sent to TelemetryApp
[2025-08-13 08:55:41.364] [MSG_SENT] Message 2703 sent to FlightLogicApp
[2025-08-13 08:55:42.260] [MSG_SENT] Message 2701 sent to HKApp
[2025-08-13 08:55:42.366] [MSG_SENT] Message 2702 sent to TelemetryApp
[2025-08-13 08:55:42.367] [MSG_SENT] Message 2703 sent to FlightLogicApp
[2025-08-13 08:55:43.261] [MSG_SENT] Message 2701 sent to HKApp
[2025-08-13 08:55:43.369] [MSG_SENT] Message 2702 sent to TelemetryApp
[2025-08-13 08:55:43.369] [MSG_SENT] Message 2703 sent to FlightLogicApp
[2025-08-13 08:55:44.263] [MSG_SENT] Message 2701 sent to HKApp
[2025-08-13 08:55:44.371] [MSG_SENT] Message 2702 sent to TelemetryApp
[2025-08-13 08:55:44.371] [MSG_SENT] Message 2703 sent to FlightLogicApp
[2025-08-13 08:55:45.264] [MSG_SENT] Message 2701 sent to HKApp
[2025-08-13 08:55:45.373] [MSG_SENT] Message 2702 sent to TelemetryApp
[2025-08-13 08:55:45.374] [MSG_SENT] Message 2703 sent to FlightLogicApp
[2025-08-13 08:55:46.265] [MSG_SENT] Message 2701 sent to HKApp
[2025-08-13 08:55:46.375] [MSG_SENT] Message 2702 sent to TelemetryApp
[2025-08-13 08:55:46.376] [MSG_SENT] Message 2703 sent to FlightLogicApp
[2025-08-13 08:55:47.266] [MSG_SENT] Message 2701 sent to HKApp
[2025-08-13 08:55:47.377] [MSG_SENT] Message 2702 sent to TelemetryApp
[2025-08-13 08:55:47.378] [MSG_SENT] Message 2703 sent to FlightLogicApp
[2025-08-13 08:55:48.268] [MSG_SENT] Message 2701 sent to HKApp
[2025-08-13 08:55:48.380] [MSG_SENT] Message 2702 sent to TelemetryApp
[2025-08-13 08:55:48.380] [MSG_SENT] Message 2703 sent to FlightLogicApp
[2025-08-13 08:55:49.269] [MSG_SENT] Message 2701 sent to HKApp
[2025-08-13 08:55:49.382] [MSG_SENT] Message 2702 sent to TelemetryApp
[2025-08-13 08:55:49.383] [MSG_SENT] Message 2703 sent to FlightLogicApp
[2025-08-13 08:55:50.270] [MSG_SENT] Message 2701 sent to HKApp
[2025-08-13 08:55:50.384] [MSG_SENT] Message 2702 sent to TelemetryApp
[2025-08-13 08:55:50.385] [MSG_SENT] Message 2703 sent to FlightLogicApp
[2025-08-13 08:55:51.272] [MSG_SENT] Message 2701 sent to HKApp
[2025-08-13 08:55:51.386] [MSG_SENT] Message 2702 sent to TelemetryApp
[2025-08-13 08:55:51.387] [MSG_SENT] Message 2703 sent to FlightLogicApp
[2025-08-13 08:55:52.272] [MSG_SENT] Message 2701 sent to HKApp
[2025-08-13 08:55:52.389] [MSG_SENT] Message 2702 sent to TelemetryApp
[2025-08-13 08:55:52.389] [MSG_SENT] Message 2703 sent to FlightLogicApp
[2025-08-13 08:55:53.275] [MSG_SENT] Message 2701 sent to HKApp
[2025-08-13 08:55:53.391] [MSG_SENT] Message 2702 sent to TelemetryApp
[2025-08-13 08:55:53.392] [MSG_SENT] Message 2703 sent to FlightLogicApp
[2025-08-13 08:55:54.277] [MSG_SENT] Message 2701 sent to HKApp
[2025-08-13 08:55:54.394] [MSG_SENT] Message 2702 sent to TelemetryApp
[2025-08-13 08:55:54.395] [MSG_SENT] Message 2703 sent to FlightLogicApp
[2025-08-13 08:55:55.278] [MSG_SENT] Message 2701 sent to HKApp
[2025-08-13 08:55:55.396] [MSG_SENT] Message 2702 sent to TelemetryApp
[2025-08-13 08:55:55.398] [MSG_SENT] Message 2703 sent to FlightLogicApp
[2025-08-13 08:55:56.280] [MSG_SENT] Message 2701 sent to HKApp
[2025-08-13 08:55:56.399] [MSG_SENT] Message 2702 sent to TelemetryApp
[2025-08-13 08:55:56.400] [MSG_SENT] Message 2703 sent to FlightLogicApp
[2025-08-13 08:55:57.281] [MSG_SENT] Message 2701 sent to HKApp
[2025-08-13 08:55:57.402] [MSG_SENT] Message 2702 sent to TelemetryApp
[2025-08-13 08:55:57.403] [MSG_SENT] Message 2703 sent to FlightLogicApp
[2025-08-13 08:55:58.283] [MSG_SENT] Message 2701 sent to HKApp
[2025-08-13 08:55:58.404] [MSG_SENT] Message 2702 sent to TelemetryApp
[2025-08-13 08:55:58.405] [MSG_SENT] Message 2703 sent to FlightLogicApp
[2025-08-13 08:55:59.284] [MSG_SENT] Message 2701 sent to HKApp
[2025-08-13 08:55:59.406] [MSG_SENT] Message 2702 sent to TelemetryApp
[2025-08-13 08:55:59.408] [MSG_SENT] Message 2703 sent to FlightLogicApp
[2025-08-13 08:56:00.285] [MSG_SENT] Message 2701 sent to HKApp
[2025-08-13 08:56:00.409] [MSG_SENT] Message 2702 sent to TelemetryApp
[2025-08-13 08:56:00.410] [MSG_SENT] Message 2703 sent to FlightLogicApp
[2025-08-13 08:56:01.287] [MSG_SENT] Message 2701 sent to HKApp
[2025-08-13 08:56:01.412] [MSG_SENT] Message 2702 sent to TelemetryApp
[2025-08-13 08:56:01.414] [MSG_SENT] Message 2703 sent to FlightLogicApp
[2025-08-13 08:56:02.289] [MSG_SENT] Message 2701 sent to HKApp
[2025-08-13 08:56:02.415] [MSG_SENT] Message 2702 sent to TelemetryApp
[2025-08-13 08:56:02.416] [MSG_SENT] Message 2703 sent to FlightLogicApp
[2025-08-13 08:56:03.290] [MSG_SENT] Message 2701 sent to HKApp
[2025-08-13 08:56:03.418] [MSG_SENT] Message 2702 sent to TelemetryApp
[2025-08-13 08:56:03.419] [MSG_SENT] Message 2703 sent to FlightLogicApp
[2025-08-13 08:56:04.291] [MSG_SENT] Message 2701 sent to HKApp
[2025-08-13 08:56:04.420] [MSG_SENT] Message 2702 sent to TelemetryApp
[2025-08-13 08:56:04.422] [MSG_SENT] Message 2703 sent to FlightLogicApp
[2025-08-13 08:56:05.293] [MSG_SENT] Message 2701 sent to HKApp
[2025-08-13 08:56:05.423] [MSG_SENT] Message 2702 sent to TelemetryApp
[2025-08-13 08:56:05.424] [MSG_SENT] Message 2703 sent to FlightLogicApp
[2025-08-13 08:56:06.294] [MSG_SENT] Message 2701 sent to HKApp
[2025-08-13 08:56:06.425] [MSG_SENT] Message 2702 sent to TelemetryApp
[2025-08-13 08:56:06.426] [MSG_SENT] Message 2703 sent to FlightLogicApp
[2025-08-13 08:56:07.296] [MSG_SENT] Message 2701 sent to HKApp
[2025-08-13 08:56:07.427] [MSG_SENT] Message 2702 sent to TelemetryApp
[2025-08-13 08:56:07.429] [MSG_SENT] Message 2703 sent to FlightLogicApp
[2025-08-13 08:56:08.298] [MSG_SENT] Message 2701 sent to HKApp
[2025-08-13 08:56:08.431] [MSG_SENT] Message 2702 sent to TelemetryApp
[2025-08-13 08:56:08.433] [MSG_SENT] Message 2703 sent to FlightLogicApp
[2025-08-13 08:56:09.302] [MSG_SENT] Message 2701 sent to HKApp
[2025-08-13 08:56:09.435] [MSG_SENT] Message 2702 sent to TelemetryApp
[2025-08-13 08:56:09.437] [MSG_SENT] Message 2703 sent to FlightLogicApp
[2025-08-13 08:56:10.304] [MSG_SENT] Message 2701 sent to HKApp
[2025-08-13 08:56:10.438] [MSG_SENT] Message 2702 sent to TelemetryApp
[2025-08-13 08:56:10.439] [MSG_SENT] Message 2703 sent to FlightLogicApp
[2025-08-13 08:56:11.306] [MSG_SENT] Message 2701 sent to HKApp
[2025-08-13 08:56:11.440] [MSG_SENT] Message 2702 sent to TelemetryApp
[2025-08-13 08:56:11.442] [MSG_SENT] Message 2703 sent to FlightLogicApp
[2025-08-13 08:56:12.308] [MSG_SENT] Message 2701 sent to HKApp
[2025-08-13 08:56:12.443] [MSG_SENT] Message 2702 sent to TelemetryApp
[2025-08-13 08:56:12.444] [MSG_SENT] Message 2703 sent to FlightLogicApp
[2025-08-13 08:56:13.309] [MSG_SENT] Message 2701 sent to HKApp
[2025-08-13 08:56:13.446] [MSG_SENT] Message 2702 sent to TelemetryApp
[2025-08-13 08:56:13.447] [MSG_SENT] Message 2703 sent to FlightLogicApp
[2025-08-13 08:56:14.310] [MSG_SENT] Message 2701 sent to HKApp
[2025-08-13 08:56:14.449] [MSG_SENT] Message 2702 sent to TelemetryApp
[2025-08-13 08:56:14.450] [MSG_SENT] Message 2703 sent to FlightLogicApp
[2025-08-13 08:56:15.312] [MSG_SENT] Message 2701 sent to HKApp
[2025-08-13 08:56:15.451] [MSG_SENT] Message 2702 sent to TelemetryApp
[2025-08-13 08:56:15.452] [MSG_SENT] Message 2703 sent to FlightLogicApp
[2025-08-13 08:56:16.313] [MSG_SENT] Message 2701 sent to HKApp
[2025-08-13 08:56:16.454] [MSG_SENT] Message 2702 sent to TelemetryApp
[2025-08-13 08:56:16.454] [MSG_SENT] Message 2703 sent to FlightLogicApp
[2025-08-13 08:56:17.315] [MSG_SENT] Message 2701 sent to HKApp
[2025-08-13 08:56:17.456] [MSG_SENT] Message 2702 sent to TelemetryApp
[2025-08-13 08:56:17.457] [MSG_SENT] Message 2703 sent to FlightLogicApp
[2025-08-13 08:56:18.316] [MSG_SENT] Message 2701 sent to HKApp
[2025-08-13 08:56:18.459] [MSG_SENT] Message 2702 sent to TelemetryApp
[2025-08-13 08:56:18.459] [MSG_SENT] Message 2703 sent to FlightLogicApp
[2025-08-13 08:56:19.318] [MSG_SENT] Message 2701 sent to HKApp
[2025-08-13 08:56:19.461] [MSG_SENT] Message 2702 sent to TelemetryApp
[2025-08-13 08:56:19.462] [MSG_SENT] Message 2703 sent to FlightLogicApp
[2025-08-13 08:56:20.319] [MSG_SENT] Message 2701 sent to HKApp
[2025-08-13 08:56:20.464] [MSG_SENT] Message 2702 sent to TelemetryApp
[2025-08-13 08:56:20.466] [MSG_SENT] Message 2703 sent to FlightLogicApp
[2025-08-13 08:56:21.320] [MSG_SENT] Message 2701 sent to HKApp
[2025-08-13 08:56:21.467] [MSG_SENT] Message 2702 sent to TelemetryApp
[2025-08-13 08:56:21.469] [MSG_SENT] Message 2703 sent to FlightLogicApp
[2025-08-13 08:56:22.322] [MSG_SENT] Message 2701 sent to HKApp
[2025-08-13 08:56:22.471] [MSG_SENT] Message 2702 sent to TelemetryApp
[2025-08-13 08:56:22.472] [MSG_SENT] Message 2703 sent to FlightLogicApp
[2025-08-13 08:56:23.324] [MSG_SENT] Message 2701 sent to HKApp
[2025-08-13 08:56:23.473] [MSG_SENT] Message 2702 sent to TelemetryApp
[2025-08-13 08:56:23.474] [MSG_SENT] Message 2703 sent to FlightLogicApp
[2025-08-13 08:56:24.325] [MSG_SENT] Message 2701 sent to HKApp
[2025-08-13 08:56:24.476] [MSG_SENT] Message 2702 sent to TelemetryApp
[2025-08-13 08:56:24.476] [MSG_SENT] Message 2703 sent to FlightLogicApp
[2025-08-13 08:56:25.326] [MSG_SENT] Message 2701 sent to HKApp
[2025-08-13 08:56:25.478] [MSG_SENT] Message 2702 sent to TelemetryApp
[2025-08-13 08:56:25.479] [MSG_SENT] Message 2703 sent to FlightLogicApp
[2025-08-13 08:56:26.328] [MSG_SENT] Message 2701 sent to HKApp
[2025-08-13 08:56:26.480] [MSG_SENT] Message 2702 sent to TelemetryApp
[2025-08-13 08:56:26.482] [MSG_SENT] Message 2703 sent to FlightLogicApp
[2025-08-13 08:56:27.329] [MSG_SENT] Message 2701 sent to HKApp
[2025-08-13 08:56:27.483] [MSG_SENT] Message 2702 sent to TelemetryApp
[2025-08-13 08:56:27.485] [MSG_SENT] Message 2703 sent to FlightLogicApp
[2025-08-13 08:56:28.330] [MSG_SENT] Message 2701 sent to HKApp
[2025-08-13 08:56:28.486] [MSG_SENT] Message 2702 sent to TelemetryApp
[2025-08-13 08:56:28.487] [MSG_SENT] Message 2703 sent to FlightLogicApp
[2025-08-13 08:56:29.332] [MSG_SENT] Message 2701 sent to HKApp
[2025-08-13 08:56:29.489] [MSG_SENT] Message 2702 sent to TelemetryApp
[2025-08-13 08:56:29.490] [MSG_SENT] Message 2703 sent to FlightLogicApp
[2025-08-13 08:56:30.333] [MSG_SENT] Message 2701 sent to HKApp
[2025-08-13 08:56:30.492] [MSG_SENT] Message 2702 sent to TelemetryApp
[2025-08-13 08:56:30.492] [MSG_SENT] Message 2703 sent to FlightLogicApp
[2025-08-13 08:56:31.334] [MSG_SENT] Message 2701 sent to HKApp
[2025-08-13 08:56:31.494] [MSG_SENT] Message 2702 sent to TelemetryApp
[2025-08-13 08:56:31.495] [MSG_SENT] Message 2703 sent to FlightLogicApp
[2025-08-13 08:56:32.335] [MSG_SENT] Message 2701 sent to HKApp
[2025-08-13 08:56:32.497] [MSG_SENT] Message 2702 sent to TelemetryApp
[2025-08-13 08:56:32.498] [MSG_SENT] Message 2703 sent to FlightLogicApp
[2025-08-13 08:56:33.337] [MSG_SENT] Message 2701 sent to HKApp
[2025-08-13 08:56:33.499] [MSG_SENT] Message 2702 sent to TelemetryApp
[2025-08-13 08:56:33.500] [MSG_SENT] Message 2703 sent to FlightLogicApp
[2025-08-13 08:56:34.338] [MSG_SENT] Message 2701 sent to HKApp
[2025-08-13 08:56:34.502] [MSG_SENT] Message 2702 sent to TelemetryApp
[2025-08-13 08:56:34.503] [MSG_SENT] Message 2703 sent to FlightLogicApp
[2025-08-13 08:56:35.340] [MSG_SENT] Message 2701 sent to HKApp
[2025-08-13 08:56:35.505] [MSG_SENT] Message 2702 sent to TelemetryApp
[2025-08-13 08:56:35.506] [MSG_SENT] Message 2703 sent to FlightLogicApp
[2025-08-13 08:56:36.341] [MSG_SENT] Message 2701 sent to HKApp
[2025-08-13 08:56:36.507] [MSG_SENT] Message 2702 sent to TelemetryApp
[2025-08-13 08:56:36.508] [MSG_SENT] Message 2703 sent to FlightLogicApp
[2025-08-13 08:56:37.342] [MSG_SENT] Message 2701 sent to HKApp
[2025-08-13 08:56:37.509] [MSG_SENT] Message 2702 sent to TelemetryApp
[2025-08-13 08:56:37.510] [MSG_SENT] Message 2703 sent to FlightLogicApp
[2025-08-13 08:56:38.344] [MSG_SENT] Message 2701 sent to HKApp
[2025-08-13 08:56:38.512] [MSG_SENT] Message 2702 sent to TelemetryApp
[2025-08-13 08:56:38.512] [MSG_SENT] Message 2703 sent to FlightLogicApp
[2025-08-13 08:56:39.345] [MSG_SENT] Message 2701 sent to HKApp
[2025-08-13 08:56:39.514] [MSG_SENT] Message 2702 sent to TelemetryApp
[2025-08-13 08:56:39.515] [MSG_SENT] Message 2703 sent to FlightLogicApp
[2025-08-13 08:56:40.346] [MSG_SENT] Message 2701 sent to HKApp
[2025-08-13 08:56:40.517] [MSG_SENT] Message 2702 sent to TelemetryApp
[2025-08-13 08:56:40.518] [MSG_SENT] Message 2703 sent to FlightLogicApp
[2025-08-13 08:56:41.349] [MSG_SENT] Message 2701 sent to HKApp
[2025-08-13 08:56:41.520] [MSG_SENT] Message 2702 sent to TelemetryApp
[2025-08-13 08:56:41.521] [MSG_SENT] Message 2703 sent to FlightLogicApp
[2025-08-13 08:56:42.350] [MSG_SENT] Message 2701 sent to HKApp
[2025-08-13 08:56:42.522] [MSG_SENT] Message 2702 sent to TelemetryApp
[2025-08-13 08:56:42.523] [MSG_SENT] Message 2703 sent to FlightLogicApp
[2025-08-13 08:56:43.352] [MSG_SENT] Message 2701 sent to HKApp
[2025-08-13 08:56:43.524] [MSG_SENT] Message 2702 sent to TelemetryApp
[2025-08-13 08:56:43.525] [MSG_SENT] Message 2703 sent to FlightLogicApp
[2025-08-13 08:56:44.353] [MSG_SENT] Message 2701 sent to HKApp
[2025-08-13 08:56:44.527] [MSG_SENT] Message 2702 sent to TelemetryApp
[2025-08-13 08:56:44.528] [MSG_SENT] Message 2703 sent to FlightLogicApp
[2025-08-13 08:56:45.355] [MSG_SENT] Message 2701 sent to HKApp
[2025-08-13 08:56:45.529] [MSG_SENT] Message 2702 sent to TelemetryApp
[2025-08-13 08:56:45.530] [MSG_SENT] Message 2703 sent to FlightLogicApp
[2025-08-13 08:56:46.357] [MSG_SENT] Message 2701 sent to HKApp
[2025-08-13 08:56:46.532] [MSG_SENT] Message 2702 sent to TelemetryApp
[2025-08-13 08:56:46.533] [MSG_SENT] Message 2703 sent to FlightLogicApp
[2025-08-13 08:56:47.358] [MSG_SENT] Message 2701 sent to HKApp
[2025-08-13 08:56:47.535] [MSG_SENT] Message 2702 sent to TelemetryApp
[2025-08-13 08:56:47.536] [MSG_SENT] Message 2703 sent to FlightLogicApp
[2025-08-13 08:56:48.359] [MSG_SENT] Message 2701 sent to HKApp
[2025-08-13 08:56:48.537] [MSG_SENT] Message 2702 sent to TelemetryApp
[2025-08-13 08:56:48.539] [MSG_SENT] Message 2703 sent to FlightLogicApp
[2025-08-13 08:56:49.360] [MSG_SENT] Message 2701 sent to HKApp
[2025-08-13 08:56:49.540] [MSG_SENT] Message 2702 sent to TelemetryApp
[2025-08-13 08:56:49.541] [MSG_SENT] Message 2703 sent to FlightLogicApp
[2025-08-13 08:56:50.361] [MSG_SENT] Message 2701 sent to HKApp
[2025-08-13 08:56:50.542] [MSG_SENT] Message 2702 sent to TelemetryApp
[2025-08-13 08:56:50.543] [MSG_SENT] Message 2703 sent to FlightLogicApp
[2025-08-13 08:56:51.362] [MSG_SENT] Message 2701 sent to HKApp
[2025-08-13 08:56:51.544] [MSG_SENT] Message 2702 sent to TelemetryApp
[2025-08-13 08:56:51.545] [MSG_SENT] Message 2703 sent to FlightLogicApp
[2025-08-13 08:56:52.364] [MSG_SENT] Message 2701 sent to HKApp
[2025-08-13 08:56:52.547] [MSG_SENT] Message 2702 sent to TelemetryApp
[2025-08-13 08:56:52.548] [MSG_SENT] Message 2703 sent to FlightLogicApp
[2025-08-13 08:56:53.410] [MSG_SENT] Message 2701 sent to HKApp
[2025-08-13 08:56:53.418] [ERROR] Main loop error: 'str' object has no attribute 'receiver_app'
[2025-08-13 08:56:53.549] [MSG_SENT] Message 2702 sent to TelemetryApp
[2025-08-13 08:56:53.550] [MSG_SENT] Message 2703 sent to FlightLogicApp
[2025-08-13 08:56:54.419] [MSG_SENT] Message 2701 sent to HKApp
[2025-08-13 08:56:54.551] [MSG_SENT] Message 2702 sent to TelemetryApp
[2025-08-13 08:56:54.552] [MSG_SENT] Message 2703 sent to FlightLogicApp
[2025-08-13 08:56:55.420] [MSG_SENT] Message 2701 sent to HKApp
[2025-08-13 08:56:55.553] [MSG_SENT] Message 2702 sent to TelemetryApp
[2025-08-13 08:56:55.554] [MSG_SENT] Message 2703 sent to FlightLogicApp
[2025-08-13 08:56:56.421] [MSG_SENT] Message 2701 sent to HKApp
[2025-08-13 08:56:56.555] [MSG_SENT] Message 2702 sent to TelemetryApp
[2025-08-13 08:56:56.556] [MSG_SENT] Message 2703 sent to FlightLogicApp
[2025-08-13 08:56:57.423] [MSG_SENT] Message 2701 sent to HKApp
[2025-08-13 08:56:57.557] [MSG_SENT] Message 2702 sent to TelemetryApp
[2025-08-13 08:56:57.558] [MSG_SENT] Message 2703 sent to FlightLogicApp
[2025-08-13 08:56:58.425] [MSG_SENT] Message 2701 sent to HKApp
[2025-08-13 08:56:58.560] [MSG_SENT] Message 2702 sent to TelemetryApp
[2025-08-13 08:56:58.561] [MSG_SENT] Message 2703 sent to FlightLogicApp
[2025-08-13 08:56:59.426] [MSG_SENT] Message 2701 sent to HKApp
[2025-08-13 08:56:59.563] [MSG_SENT] Message 2702 sent to TelemetryApp
[2025-08-13 08:56:59.564] [MSG_SENT] Message 2703 sent to FlightLogicApp
[2025-08-13 08:57:00.428] [MSG_SENT] Message 2701 sent to HKApp
[2025-08-13 08:57:00.566] [MSG_SENT] Message 2702 sent to TelemetryApp
[2025-08-13 08:57:00.567] [MSG_SENT] Message 2703 sent to FlightLogicApp
[2025-08-13 08:57:01.429] [MSG_SENT] Message 2701 sent to HKApp
[2025-08-13 08:57:01.569] [MSG_SENT] Message 2702 sent to TelemetryApp
[2025-08-13 08:57:01.570] [MSG_SENT] Message 2703 sent to FlightLogicApp
[2025-08-13 08:57:02.431] [MSG_SENT] Message 2701 sent to HKApp
[2025-08-13 08:57:02.572] [MSG_SENT] Message 2702 sent to TelemetryApp
[2025-08-13 08:57:02.573] [MSG_SENT] Message 2703 sent to FlightLogicApp
