[2025-08-10 12:39:53.928] [MSG_SENT] Message 2701 sent to HKApp
[2025-08-10 12:39:53.960] [MSG_SENT] Message 2702 sent to TelemetryApp
[2025-08-10 12:39:53.960] [MSG_SENT] Message 2703 sent to FlightLogicApp
[2025-08-10 12:39:54.930] [MSG_SENT] Message 2701 sent to HKApp
[2025-08-10 12:39:54.962] [MSG_SENT] Message 2702 sent to TelemetryApp
[2025-08-10 12:39:54.962] [MSG_SENT] Message 2703 sent to FlightLogicApp
[2025-08-10 12:39:55.216] [ERROR] Main loop error: 'str' object has no attribute 'receiver_app'
[2025-08-10 12:39:55.931] [MSG_SENT] Message 2701 sent to HKApp
[2025-08-10 12:39:55.964] [MSG_SENT] Message 2702 sent to TelemetryApp
[2025-08-10 12:39:55.965] [MSG_SENT] Message 2703 sent to FlightLogicApp
[2025-08-10 12:39:56.932] [MSG_SENT] Message 2701 sent to HKApp
[2025-08-10 12:39:56.966] [MSG_SENT] Message 2702 sent to TelemetryApp
[2025-08-10 12:39:57.001] [MSG_SENT] Message 2703 sent to FlightLogicApp
[2025-08-10 12:39:57.933] [MSG_SENT] Message 2701 sent to HKApp
[2025-08-10 12:39:58.002] [MSG_SENT] Message 2702 sent to TelemetryApp
[2025-08-10 12:39:58.003] [MSG_SENT] Message 2703 sent to FlightLogicApp
[2025-08-10 12:39:58.934] [MSG_SENT] Message 2701 sent to HKApp
[2025-08-10 12:39:59.004] [MSG_SENT] Message 2702 sent to TelemetryApp
[2025-08-10 12:39:59.005] [MSG_SENT] Message 2703 sent to FlightLogicApp
[2025-08-10 12:39:59.937] [MSG_SENT] Message 2701 sent to HKApp
[2025-08-10 12:40:00.007] [MSG_SENT] Message 2702 sent to TelemetryApp
[2025-08-10 12:40:00.015] [MSG_SENT] Message 2703 sent to FlightLogicApp
[2025-08-10 12:40:00.939] [MSG_SENT] Message 2701 sent to HKApp
[2025-08-10 12:40:01.026] [MSG_SENT] Message 2702 sent to TelemetryApp
[2025-08-10 12:40:01.030] [MSG_SENT] Message 2703 sent to FlightLogicApp
[2025-08-10 12:40:01.940] [MSG_SENT] Message 2701 sent to HKApp
[2025-08-10 12:40:02.032] [MSG_SENT] Message 2702 sent to TelemetryApp
[2025-08-10 12:40:02.036] [MSG_SENT] Message 2703 sent to FlightLogicApp
[2025-08-10 12:40:02.941] [MSG_SENT] Message 2701 sent to HKApp
[2025-08-10 12:40:03.037] [MSG_SENT] Message 2702 sent to TelemetryApp
[2025-08-10 12:40:03.038] [MSG_SENT] Message 2703 sent to FlightLogicApp
[2025-08-10 12:40:03.943] [MSG_SENT] Message 2701 sent to HKApp
[2025-08-10 12:40:04.039] [MSG_SENT] Message 2702 sent to TelemetryApp
[2025-08-10 12:40:04.040] [MSG_SENT] Message 2703 sent to FlightLogicApp
[2025-08-10 12:47:20.367] [INFO] Cameraapp main function started
[2025-08-10 12:47:20.374] [INFO] Initializing cameraapp
[2025-08-10 12:47:35.714] [INFO] Cameraapp initialization complete
[2025-08-10 12:47:35.747] [INFO] HK transmission thread started
[2025-08-10 12:47:35.774] [INFO] All cameraapp threads started
[2025-08-10 12:47:35.749] [INFO] Camera status update thread started
[2025-08-10 12:47:35.761] [INFO] Camera data transmission thread started
[2025-08-10 12:47:35.781] [MSG_SENT] Message 2701 sent to HKApp
[2025-08-10 12:47:35.777] [INFO] Camera status changed: IDLE -> READY
[2025-08-10 12:47:35.871] [MSG_SENT] Message 2702 sent to TelemetryApp
[2025-08-10 12:47:35.872] [MSG_SENT] Message 2703 sent to FlightLogicApp
[2025-08-10 12:47:35.980] [MSG_RECEIVED] Message 2704 received from FlightLogic
[2025-08-10 12:47:35.980] [INFO] Camera activation command received
[2025-08-10 12:47:35.982] [ERROR] Main loop error: module 'camera.camera' has no attribute 'start_recording'
[2025-08-10 12:47:36.006] [INFO] Disk usage updated: 0.0% -> 22.0%
[2025-08-10 12:47:36.854] [MSG_SENT] Message 2701 sent to HKApp
[2025-08-10 12:47:36.962] [MSG_SENT] Message 2702 sent to TelemetryApp
[2025-08-10 12:47:36.963] [MSG_SENT] Message 2703 sent to FlightLogicApp
[2025-08-10 12:47:37.855] [MSG_SENT] Message 2701 sent to HKApp
[2025-08-10 12:47:37.964] [MSG_SENT] Message 2702 sent to TelemetryApp
[2025-08-10 12:47:37.965] [MSG_SENT] Message 2703 sent to FlightLogicApp
[2025-08-10 12:47:38.856] [MSG_SENT] Message 2701 sent to HKApp
[2025-08-10 12:47:38.968] [MSG_SENT] Message 2702 sent to TelemetryApp
[2025-08-10 12:47:38.970] [MSG_SENT] Message 2703 sent to FlightLogicApp
[2025-08-10 12:47:39.859] [MSG_SENT] Message 2701 sent to HKApp
[2025-08-10 12:47:39.971] [MSG_SENT] Message 2702 sent to TelemetryApp
[2025-08-10 12:47:40.194] [MSG_SENT] Message 2703 sent to FlightLogicApp
[2025-08-10 12:47:50.134] [MSG_SENT] Message 2702 sent to TelemetryApp
[2025-08-10 12:47:50.135] [MSG_SENT] Message 2701 sent to HKApp
[2025-08-10 12:47:50.153] [MSG_SENT] Message 2703 sent to FlightLogicApp
[2025-08-10 12:48:21.960] [MSG_SENT] Message 2701 sent to HKApp
[2025-08-10 12:48:21.962] [MSG_SENT] Message 2702 sent to TelemetryApp
[2025-08-10 12:48:21.969] [MSG_SENT] Message 2703 sent to FlightLogicApp
[2025-08-10 12:48:22.961] [MSG_SENT] Message 2701 sent to HKApp
[2025-08-10 12:48:22.970] [MSG_SENT] Message 2702 sent to TelemetryApp
[2025-08-10 12:48:22.970] [MSG_SENT] Message 2703 sent to FlightLogicApp
[2025-08-10 12:48:23.962] [MSG_SENT] Message 2701 sent to HKApp
[2025-08-10 12:48:23.972] [MSG_SENT] Message 2702 sent to TelemetryApp
[2025-08-10 12:48:23.973] [MSG_SENT] Message 2703 sent to FlightLogicApp
[2025-08-10 12:48:24.963] [MSG_SENT] Message 2701 sent to HKApp
[2025-08-10 12:48:24.974] [MSG_SENT] Message 2702 sent to TelemetryApp
[2025-08-10 12:48:24.974] [MSG_SENT] Message 2703 sent to FlightLogicApp
[2025-08-10 12:48:25.964] [MSG_SENT] Message 2701 sent to HKApp
[2025-08-10 12:48:25.975] [MSG_SENT] Message 2702 sent to TelemetryApp
[2025-08-10 12:48:25.976] [MSG_SENT] Message 2703 sent to FlightLogicApp
[2025-08-10 12:48:26.965] [MSG_SENT] Message 2701 sent to HKApp
[2025-08-10 12:48:27.295] [MSG_SENT] Message 2702 sent to TelemetryApp
[2025-08-10 12:48:27.303] [MSG_SENT] Message 2703 sent to FlightLogicApp
[2025-08-10 12:48:28.303] [MSG_SENT] Message 2701 sent to HKApp
[2025-08-10 12:48:28.306] [MSG_SENT] Message 2702 sent to TelemetryApp
[2025-08-10 12:48:28.308] [MSG_SENT] Message 2703 sent to FlightLogicApp
[2025-08-10 12:48:29.305] [MSG_SENT] Message 2701 sent to HKApp
[2025-08-10 12:48:29.311] [MSG_SENT] Message 2702 sent to TelemetryApp
[2025-08-10 12:48:29.312] [MSG_SENT] Message 2703 sent to FlightLogicApp
[2025-08-10 12:48:30.307] [MSG_SENT] Message 2701 sent to HKApp
[2025-08-10 12:48:30.316] [MSG_SENT] Message 2702 sent to TelemetryApp
[2025-08-10 12:48:30.317] [MSG_SENT] Message 2703 sent to FlightLogicApp
[2025-08-10 12:48:31.310] [MSG_SENT] Message 2701 sent to HKApp
[2025-08-10 12:48:31.319] [MSG_SENT] Message 2702 sent to TelemetryApp
[2025-08-10 12:48:31.320] [MSG_SENT] Message 2703 sent to FlightLogicApp
[2025-08-10 12:48:32.311] [MSG_SENT] Message 2701 sent to HKApp
[2025-08-10 12:48:32.321] [MSG_SENT] Message 2702 sent to TelemetryApp
[2025-08-10 12:48:35.651] [MSG_SENT] Message 2703 sent to FlightLogicApp
[2025-08-10 12:48:33.313] [MSG_SENT] Message 2701 sent to HKApp
[2025-08-10 12:48:36.653] [MSG_SENT] Message 2702 sent to TelemetryApp
[2025-08-10 12:48:36.654] [MSG_SENT] Message 2703 sent to FlightLogicApp
[2025-08-10 12:48:36.656] [MSG_SENT] Message 2701 sent to HKApp
[2025-08-10 12:48:37.656] [MSG_SENT] Message 2702 sent to TelemetryApp
[2025-08-10 12:48:37.657] [MSG_SENT] Message 2703 sent to FlightLogicApp
[2025-08-10 12:48:37.658] [MSG_SENT] Message 2701 sent to HKApp
[2025-08-10 12:48:38.658] [MSG_SENT] Message 2702 sent to TelemetryApp
[2025-08-10 12:48:38.659] [MSG_SENT] Message 2703 sent to FlightLogicApp
[2025-08-10 12:48:38.659] [MSG_SENT] Message 2701 sent to HKApp
[2025-08-10 12:48:39.662] [MSG_SENT] Message 2702 sent to TelemetryApp
[2025-08-10 12:48:39.662] [MSG_SENT] Message 2701 sent to HKApp
[2025-08-10 12:48:39.664] [MSG_SENT] Message 2703 sent to FlightLogicApp
[2025-08-10 12:48:40.666] [MSG_SENT] Message 2702 sent to TelemetryApp
[2025-08-10 12:48:40.666] [MSG_SENT] Message 2701 sent to HKApp
[2025-08-10 12:48:41.604] [MSG_SENT] Message 2703 sent to FlightLogicApp
[2025-08-10 12:48:42.605] [MSG_SENT] Message 2701 sent to HKApp
[2025-08-10 12:48:42.606] [MSG_SENT] Message 2702 sent to TelemetryApp
[2025-08-10 12:48:42.607] [MSG_SENT] Message 2703 sent to FlightLogicApp
[2025-08-10 12:48:43.606] [MSG_SENT] Message 2701 sent to HKApp
[2025-08-10 12:48:43.609] [MSG_SENT] Message 2702 sent to TelemetryApp
[2025-08-10 12:48:43.610] [MSG_SENT] Message 2703 sent to FlightLogicApp
[2025-08-10 12:48:44.608] [MSG_SENT] Message 2701 sent to HKApp
[2025-08-10 12:48:44.611] [MSG_SENT] Message 2702 sent to TelemetryApp
[2025-08-10 12:48:44.611] [MSG_SENT] Message 2703 sent to FlightLogicApp
[2025-08-10 12:48:45.610] [MSG_SENT] Message 2701 sent to HKApp
[2025-08-10 12:48:45.613] [MSG_SENT] Message 2702 sent to TelemetryApp
[2025-08-10 12:48:45.614] [MSG_SENT] Message 2703 sent to FlightLogicApp
[2025-08-10 12:48:46.611] [MSG_SENT] Message 2701 sent to HKApp
[2025-08-10 12:48:46.615] [MSG_SENT] Message 2702 sent to TelemetryApp
[2025-08-10 12:48:46.616] [MSG_SENT] Message 2703 sent to FlightLogicApp
[2025-08-10 12:48:47.612] [MSG_SENT] Message 2701 sent to HKApp
[2025-08-10 12:48:47.617] [MSG_SENT] Message 2702 sent to TelemetryApp
[2025-08-10 12:48:47.618] [MSG_SENT] Message 2703 sent to FlightLogicApp
[2025-08-10 12:48:48.615] [MSG_SENT] Message 2701 sent to HKApp
[2025-08-10 12:48:48.619] [MSG_SENT] Message 2702 sent to TelemetryApp
[2025-08-10 12:48:48.621] [MSG_SENT] Message 2703 sent to FlightLogicApp
[2025-08-10 12:48:49.618] [MSG_SENT] Message 2701 sent to HKApp
[2025-08-10 12:48:49.625] [MSG_SENT] Message 2702 sent to TelemetryApp
[2025-08-10 12:48:49.627] [MSG_SENT] Message 2703 sent to FlightLogicApp
[2025-08-10 12:48:50.625] [MSG_SENT] Message 2701 sent to HKApp
[2025-08-10 12:48:50.629] [MSG_SENT] Message 2702 sent to TelemetryApp
[2025-08-10 12:48:50.631] [MSG_SENT] Message 2703 sent to FlightLogicApp
[2025-08-10 12:48:51.627] [MSG_SENT] Message 2701 sent to HKApp
[2025-08-10 12:48:51.632] [MSG_SENT] Message 2702 sent to TelemetryApp
[2025-08-10 12:48:51.637] [MSG_SENT] Message 2703 sent to FlightLogicApp
[2025-08-10 12:48:55.882] [MSG_SENT] Message 2702 sent to TelemetryApp
[2025-08-10 12:48:55.881] [MSG_SENT] Message 2701 sent to HKApp
[2025-08-10 12:48:57.213] [MSG_SENT] Message 2703 sent to FlightLogicApp
[2025-08-10 12:48:58.214] [MSG_SENT] Message 2702 sent to TelemetryApp
[2025-08-10 12:48:58.216] [MSG_SENT] Message 2701 sent to HKApp
[2025-08-10 12:48:58.220] [MSG_SENT] Message 2703 sent to FlightLogicApp
[2025-08-10 12:48:59.220] [MSG_SENT] Message 2701 sent to HKApp
[2025-08-10 12:48:59.223] [MSG_SENT] Message 2702 sent to TelemetryApp
[2025-08-10 12:48:59.226] [MSG_SENT] Message 2703 sent to FlightLogicApp
[2025-08-10 12:49:00.225] [MSG_SENT] Message 2701 sent to HKApp
[2025-08-10 12:49:00.230] [MSG_SENT] Message 2702 sent to TelemetryApp
[2025-08-10 12:49:00.231] [MSG_SENT] Message 2703 sent to FlightLogicApp
[2025-08-10 12:49:01.230] [MSG_SENT] Message 2701 sent to HKApp
[2025-08-10 12:49:01.235] [MSG_SENT] Message 2702 sent to TelemetryApp
[2025-08-10 12:49:01.235] [MSG_SENT] Message 2703 sent to FlightLogicApp
[2025-08-10 12:49:02.231] [MSG_SENT] Message 2701 sent to HKApp
[2025-08-10 12:49:02.237] [MSG_SENT] Message 2702 sent to TelemetryApp
[2025-08-10 12:49:02.239] [MSG_SENT] Message 2703 sent to FlightLogicApp
[2025-08-10 12:49:03.234] [MSG_SENT] Message 2701 sent to HKApp
[2025-08-10 12:49:03.241] [MSG_SENT] Message 2702 sent to TelemetryApp
[2025-08-10 12:49:03.242] [MSG_SENT] Message 2703 sent to FlightLogicApp
[2025-08-10 12:49:04.235] [MSG_SENT] Message 2701 sent to HKApp
[2025-08-10 12:49:04.243] [MSG_SENT] Message 2702 sent to TelemetryApp
[2025-08-10 12:49:04.244] [MSG_SENT] Message 2703 sent to FlightLogicApp
[2025-08-10 12:49:05.237] [MSG_SENT] Message 2701 sent to HKApp
[2025-08-10 12:49:05.245] [MSG_SENT] Message 2702 sent to TelemetryApp
[2025-08-10 12:49:05.247] [MSG_SENT] Message 2703 sent to FlightLogicApp
[2025-08-10 12:49:06.239] [MSG_SENT] Message 2701 sent to HKApp
[2025-08-10 12:49:06.248] [MSG_SENT] Message 2702 sent to TelemetryApp
[2025-08-10 12:49:06.248] [MSG_SENT] Message 2703 sent to FlightLogicApp
[2025-08-10 12:49:07.240] [MSG_SENT] Message 2701 sent to HKApp
[2025-08-10 12:49:07.250] [MSG_SENT] Message 2702 sent to TelemetryApp
[2025-08-10 12:49:07.257] [MSG_SENT] Message 2703 sent to FlightLogicApp
[2025-08-10 12:49:08.257] [MSG_SENT] Message 2701 sent to HKApp
[2025-08-10 12:49:08.260] [MSG_SENT] Message 2702 sent to TelemetryApp
[2025-08-10 12:49:08.261] [MSG_SENT] Message 2703 sent to FlightLogicApp
[2025-08-10 12:49:09.259] [MSG_SENT] Message 2701 sent to HKApp
[2025-08-10 12:49:09.263] [MSG_SENT] Message 2702 sent to TelemetryApp
[2025-08-10 12:49:14.512] [MSG_SENT] Message 2703 sent to FlightLogicApp
[2025-08-10 12:49:15.511] [MSG_SENT] Message 2701 sent to HKApp
[2025-08-10 12:49:15.514] [MSG_SENT] Message 2702 sent to TelemetryApp
[2025-08-10 12:49:15.515] [MSG_SENT] Message 2703 sent to FlightLogicApp
[2025-08-10 12:49:16.512] [MSG_SENT] Message 2701 sent to HKApp
[2025-08-10 12:49:16.516] [MSG_SENT] Message 2702 sent to TelemetryApp
[2025-08-10 12:49:16.517] [MSG_SENT] Message 2703 sent to FlightLogicApp
[2025-08-10 12:49:17.513] [MSG_SENT] Message 2701 sent to HKApp
[2025-08-10 12:49:17.519] [MSG_SENT] Message 2702 sent to TelemetryApp
[2025-08-10 12:49:17.519] [MSG_SENT] Message 2703 sent to FlightLogicApp
[2025-08-10 12:49:18.518] [MSG_SENT] Message 2701 sent to HKApp
[2025-08-10 12:49:18.521] [MSG_SENT] Message 2702 sent to TelemetryApp
[2025-08-10 12:49:18.522] [MSG_SENT] Message 2703 sent to FlightLogicApp
[2025-08-10 12:49:19.520] [MSG_SENT] Message 2701 sent to HKApp
[2025-08-10 12:49:19.525] [MSG_SENT] Message 2702 sent to TelemetryApp
[2025-08-10 12:49:19.527] [MSG_SENT] Message 2703 sent to FlightLogicApp
[2025-08-10 12:49:20.521] [MSG_SENT] Message 2701 sent to HKApp
[2025-08-10 12:49:20.528] [MSG_SENT] Message 2702 sent to TelemetryApp
[2025-08-10 12:49:20.529] [MSG_SENT] Message 2703 sent to FlightLogicApp
[2025-08-10 12:49:21.523] [MSG_SENT] Message 2701 sent to HKApp
[2025-08-10 12:49:21.531] [MSG_SENT] Message 2702 sent to TelemetryApp
[2025-08-10 12:49:21.532] [MSG_SENT] Message 2703 sent to FlightLogicApp
[2025-08-10 12:49:22.524] [MSG_SENT] Message 2701 sent to HKApp
[2025-08-10 12:49:22.534] [MSG_SENT] Message 2702 sent to TelemetryApp
[2025-08-10 12:49:22.537] [MSG_SENT] Message 2703 sent to FlightLogicApp
[2025-08-10 12:49:23.526] [MSG_SENT] Message 2701 sent to HKApp
[2025-08-10 12:49:23.538] [MSG_SENT] Message 2702 sent to TelemetryApp
[2025-08-10 12:49:23.539] [MSG_SENT] Message 2703 sent to FlightLogicApp
[2025-08-10 12:49:24.527] [MSG_SENT] Message 2701 sent to HKApp
[2025-08-10 12:49:24.544] [MSG_SENT] Message 2702 sent to TelemetryApp
[2025-08-10 12:49:24.545] [MSG_SENT] Message 2703 sent to FlightLogicApp
[2025-08-10 12:49:25.529] [MSG_SENT] Message 2701 sent to HKApp
[2025-08-10 12:49:25.546] [MSG_SENT] Message 2702 sent to TelemetryApp
[2025-08-10 12:49:25.547] [MSG_SENT] Message 2703 sent to FlightLogicApp
[2025-08-10 12:49:26.532] [MSG_SENT] Message 2701 sent to HKApp
[2025-08-10 12:49:26.549] [MSG_SENT] Message 2702 sent to TelemetryApp
[2025-08-10 12:49:26.549] [MSG_SENT] Message 2703 sent to FlightLogicApp
[2025-08-10 12:49:27.535] [MSG_SENT] Message 2701 sent to HKApp
[2025-08-10 12:49:27.552] [MSG_SENT] Message 2702 sent to TelemetryApp
[2025-08-10 12:49:27.553] [MSG_SENT] Message 2703 sent to FlightLogicApp
[2025-08-10 12:49:28.536] [MSG_SENT] Message 2701 sent to HKApp
[2025-08-10 12:49:28.556] [MSG_SENT] Message 2702 sent to TelemetryApp
[2025-08-10 12:49:28.557] [MSG_SENT] Message 2703 sent to FlightLogicApp
[2025-08-10 12:49:29.542] [MSG_SENT] Message 2701 sent to HKApp
[2025-08-10 12:49:29.562] [MSG_SENT] Message 2702 sent to TelemetryApp
[2025-08-10 12:49:29.565] [MSG_SENT] Message 2703 sent to FlightLogicApp
[2025-08-10 12:49:30.544] [MSG_SENT] Message 2701 sent to HKApp
[2025-08-10 12:49:30.566] [MSG_SENT] Message 2702 sent to TelemetryApp
[2025-08-10 12:49:30.567] [MSG_SENT] Message 2703 sent to FlightLogicApp
[2025-08-10 12:49:31.545] [MSG_SENT] Message 2701 sent to HKApp
[2025-08-10 12:49:31.568] [MSG_SENT] Message 2702 sent to TelemetryApp
[2025-08-10 12:49:32.248] [MSG_SENT] Message 2703 sent to FlightLogicApp
[2025-08-10 12:49:33.249] [MSG_SENT] Message 2701 sent to HKApp
[2025-08-10 12:49:33.251] [MSG_SENT] Message 2702 sent to TelemetryApp
[2025-08-10 12:49:33.253] [MSG_SENT] Message 2703 sent to FlightLogicApp
[2025-08-10 12:49:34.250] [MSG_SENT] Message 2701 sent to HKApp
[2025-08-10 12:49:34.254] [MSG_SENT] Message 2702 sent to TelemetryApp
[2025-08-10 12:49:34.256] [MSG_SENT] Message 2703 sent to FlightLogicApp
[2025-08-10 12:49:35.251] [MSG_SENT] Message 2701 sent to HKApp
[2025-08-10 12:49:35.257] [MSG_SENT] Message 2702 sent to TelemetryApp
[2025-08-10 12:49:35.258] [MSG_SENT] Message 2703 sent to FlightLogicApp
[2025-08-10 12:49:36.253] [MSG_SENT] Message 2701 sent to HKApp
[2025-08-10 12:49:36.259] [MSG_SENT] Message 2702 sent to TelemetryApp
[2025-08-10 12:49:36.260] [MSG_SENT] Message 2703 sent to FlightLogicApp
[2025-08-10 12:49:37.255] [MSG_SENT] Message 2701 sent to HKApp
[2025-08-10 12:49:37.262] [MSG_SENT] Message 2702 sent to TelemetryApp
[2025-08-10 12:49:37.264] [MSG_SENT] Message 2703 sent to FlightLogicApp
[2025-08-10 12:49:38.256] [MSG_SENT] Message 2701 sent to HKApp
[2025-08-10 12:49:38.266] [MSG_SENT] Message 2702 sent to TelemetryApp
[2025-08-10 12:49:38.267] [MSG_SENT] Message 2703 sent to FlightLogicApp
[2025-08-10 12:49:39.258] [MSG_SENT] Message 2701 sent to HKApp
[2025-08-10 12:49:39.269] [MSG_SENT] Message 2702 sent to TelemetryApp
[2025-08-10 12:49:39.270] [MSG_SENT] Message 2703 sent to FlightLogicApp
[2025-08-10 12:49:40.259] [MSG_SENT] Message 2701 sent to HKApp
[2025-08-10 12:49:40.271] [MSG_SENT] Message 2702 sent to TelemetryApp
[2025-08-10 12:49:40.274] [MSG_SENT] Message 2703 sent to FlightLogicApp
[2025-08-10 12:49:41.261] [MSG_SENT] Message 2701 sent to HKApp
[2025-08-10 12:49:41.275] [MSG_SENT] Message 2702 sent to TelemetryApp
[2025-08-10 12:49:42.138] [MSG_SENT] Message 2703 sent to FlightLogicApp
[2025-08-10 12:49:43.138] [MSG_SENT] Message 2701 sent to HKApp
[2025-08-10 12:49:43.140] [MSG_SENT] Message 2702 sent to TelemetryApp
[2025-08-10 12:49:43.141] [MSG_SENT] Message 2703 sent to FlightLogicApp
[2025-08-10 12:49:44.140] [MSG_SENT] Message 2701 sent to HKApp
[2025-08-10 12:49:44.143] [MSG_SENT] Message 2702 sent to TelemetryApp
[2025-08-10 12:49:44.144] [MSG_SENT] Message 2703 sent to FlightLogicApp
[2025-08-10 12:49:45.141] [MSG_SENT] Message 2701 sent to HKApp
[2025-08-10 12:49:45.145] [MSG_SENT] Message 2702 sent to TelemetryApp
[2025-08-10 12:49:45.146] [MSG_SENT] Message 2703 sent to FlightLogicApp
[2025-08-10 12:49:46.143] [MSG_SENT] Message 2701 sent to HKApp
[2025-08-10 12:49:46.148] [MSG_SENT] Message 2702 sent to TelemetryApp
[2025-08-10 12:49:51.785] [MSG_SENT] Message 2703 sent to FlightLogicApp
[2025-08-10 12:49:52.784] [MSG_SENT] Message 2701 sent to HKApp
[2025-08-10 12:49:52.786] [MSG_SENT] Message 2702 sent to TelemetryApp
[2025-08-10 12:49:52.787] [MSG_SENT] Message 2703 sent to FlightLogicApp
[2025-08-10 12:49:53.786] [MSG_SENT] Message 2701 sent to HKApp
[2025-08-10 12:49:55.717] [MSG_SENT] Message 2702 sent to TelemetryApp
[2025-08-10 12:49:55.718] [MSG_SENT] Message 2703 sent to FlightLogicApp
[2025-08-10 12:49:58.191] [MSG_SENT] Message 2701 sent to HKApp
[2025-08-10 12:49:59.862] [MSG_SENT] Message 2701 sent to HKApp
[2025-08-10 12:49:59.862] [MSG_SENT] Message 2702 sent to TelemetryApp
[2025-08-10 12:49:59.865] [MSG_SENT] Message 2703 sent to FlightLogicApp
[2025-08-10 12:50:00.864] [MSG_SENT] Message 2701 sent to HKApp
[2025-08-10 12:50:00.874] [MSG_SENT] Message 2702 sent to TelemetryApp
[2025-08-10 12:50:00.876] [MSG_SENT] Message 2703 sent to FlightLogicApp
[2025-08-10 12:50:01.875] [MSG_SENT] Message 2701 sent to HKApp
[2025-08-10 12:50:01.877] [MSG_SENT] Message 2702 sent to TelemetryApp
[2025-08-10 12:50:01.879] [MSG_SENT] Message 2703 sent to FlightLogicApp
[2025-08-10 12:50:02.877] [MSG_SENT] Message 2701 sent to HKApp
[2025-08-10 12:50:02.881] [MSG_SENT] Message 2702 sent to TelemetryApp
[2025-08-10 12:50:02.882] [MSG_SENT] Message 2703 sent to FlightLogicApp
[2025-08-10 12:50:03.878] [MSG_SENT] Message 2701 sent to HKApp
[2025-08-10 12:50:03.884] [MSG_SENT] Message 2702 sent to TelemetryApp
[2025-08-10 12:50:03.885] [MSG_SENT] Message 2703 sent to FlightLogicApp
[2025-08-10 12:50:06.887] [MSG_SENT] Message 2702 sent to TelemetryApp
[2025-08-10 12:50:06.886] [MSG_SENT] Message 2701 sent to HKApp
[2025-08-10 12:50:08.353] [MSG_SENT] Message 2703 sent to FlightLogicApp
[2025-08-10 12:50:11.212] [MSG_SENT] Message 2701 sent to HKApp
[2025-08-10 12:50:12.211] [MSG_SENT] Message 2702 sent to TelemetryApp
[2025-08-10 12:50:12.531] [MSG_SENT] Message 2703 sent to FlightLogicApp
[2025-08-10 12:50:12.216] [MSG_SENT] Message 2701 sent to HKApp
[2025-08-10 12:50:13.532] [MSG_SENT] Message 2702 sent to TelemetryApp
[2025-08-10 12:50:13.533] [MSG_SENT] Message 2703 sent to FlightLogicApp
[2025-08-10 12:50:13.537] [MSG_SENT] Message 2701 sent to HKApp
[2025-08-10 12:50:14.535] [MSG_SENT] Message 2702 sent to TelemetryApp
[2025-08-10 12:50:14.536] [MSG_SENT] Message 2703 sent to FlightLogicApp
[2025-08-10 12:50:14.540] [MSG_SENT] Message 2701 sent to HKApp
[2025-08-10 12:50:15.537] [MSG_SENT] Message 2702 sent to TelemetryApp
[2025-08-10 12:50:15.538] [MSG_SENT] Message 2703 sent to FlightLogicApp
[2025-08-10 12:50:15.542] [MSG_SENT] Message 2701 sent to HKApp
[2025-08-10 12:50:16.539] [MSG_SENT] Message 2702 sent to TelemetryApp
[2025-08-10 12:50:16.541] [MSG_SENT] Message 2703 sent to FlightLogicApp
[2025-08-10 12:50:16.544] [MSG_SENT] Message 2701 sent to HKApp
[2025-08-10 12:50:17.543] [MSG_SENT] Message 2702 sent to TelemetryApp
[2025-08-10 12:50:17.544] [MSG_SENT] Message 2703 sent to FlightLogicApp
[2025-08-10 12:50:17.547] [MSG_SENT] Message 2701 sent to HKApp
[2025-08-10 12:50:18.545] [MSG_SENT] Message 2702 sent to TelemetryApp
[2025-08-10 12:50:18.547] [MSG_SENT] Message 2703 sent to FlightLogicApp
[2025-08-10 12:50:18.550] [MSG_SENT] Message 2701 sent to HKApp
[2025-08-10 12:50:19.549] [MSG_SENT] Message 2702 sent to TelemetryApp
[2025-08-10 12:50:19.550] [MSG_SENT] Message 2703 sent to FlightLogicApp
[2025-08-10 12:50:19.551] [MSG_SENT] Message 2701 sent to HKApp
[2025-08-10 12:50:20.553] [MSG_SENT] Message 2702 sent to TelemetryApp
[2025-08-10 12:50:20.555] [MSG_SENT] Message 2703 sent to FlightLogicApp
[2025-08-10 12:50:20.554] [MSG_SENT] Message 2701 sent to HKApp
[2025-08-10 12:50:21.557] [MSG_SENT] Message 2701 sent to HKApp
[2025-08-10 12:50:21.557] [MSG_SENT] Message 2702 sent to TelemetryApp
[2025-08-10 12:50:21.560] [MSG_SENT] Message 2703 sent to FlightLogicApp
[2025-08-10 12:50:22.558] [MSG_SENT] Message 2701 sent to HKApp
[2025-08-10 12:50:22.561] [MSG_SENT] Message 2702 sent to TelemetryApp
[2025-08-10 12:50:22.562] [MSG_SENT] Message 2703 sent to FlightLogicApp
[2025-08-10 12:50:23.559] [MSG_SENT] Message 2701 sent to HKApp
[2025-08-10 12:50:23.564] [MSG_SENT] Message 2702 sent to TelemetryApp
[2025-08-10 12:50:23.566] [MSG_SENT] Message 2703 sent to FlightLogicApp
[2025-08-10 12:50:24.561] [MSG_SENT] Message 2701 sent to HKApp
[2025-08-10 12:50:24.568] [MSG_SENT] Message 2702 sent to TelemetryApp
[2025-08-10 12:50:24.568] [MSG_SENT] Message 2703 sent to FlightLogicApp
[2025-08-10 12:50:25.563] [MSG_SENT] Message 2701 sent to HKApp
[2025-08-10 12:50:25.570] [MSG_SENT] Message 2702 sent to TelemetryApp
[2025-08-10 12:50:25.571] [MSG_SENT] Message 2703 sent to FlightLogicApp
[2025-08-10 12:50:26.564] [MSG_SENT] Message 2701 sent to HKApp
[2025-08-10 12:50:26.572] [MSG_SENT] Message 2702 sent to TelemetryApp
[2025-08-10 12:50:26.573] [MSG_SENT] Message 2703 sent to FlightLogicApp
[2025-08-10 12:50:27.565] [MSG_SENT] Message 2701 sent to HKApp
[2025-08-10 12:50:27.574] [MSG_SENT] Message 2702 sent to TelemetryApp
[2025-08-10 12:50:27.575] [MSG_SENT] Message 2703 sent to FlightLogicApp
[2025-08-10 12:50:28.567] [MSG_SENT] Message 2701 sent to HKApp
[2025-08-10 12:50:28.577] [MSG_SENT] Message 2702 sent to TelemetryApp
[2025-08-10 12:50:28.579] [MSG_SENT] Message 2703 sent to FlightLogicApp
[2025-08-10 12:50:29.568] [MSG_SENT] Message 2701 sent to HKApp
[2025-08-10 12:50:29.580] [MSG_SENT] Message 2702 sent to TelemetryApp
[2025-08-10 12:50:29.581] [MSG_SENT] Message 2703 sent to FlightLogicApp
[2025-08-10 12:50:30.569] [MSG_SENT] Message 2701 sent to HKApp
[2025-08-10 12:50:30.582] [MSG_SENT] Message 2702 sent to TelemetryApp
[2025-08-10 12:50:30.582] [MSG_SENT] Message 2703 sent to FlightLogicApp
[2025-08-10 12:50:31.571] [MSG_SENT] Message 2701 sent to HKApp
[2025-08-10 12:50:31.585] [MSG_SENT] Message 2702 sent to TelemetryApp
[2025-08-10 12:50:31.586] [MSG_SENT] Message 2703 sent to FlightLogicApp
[2025-08-10 12:50:32.572] [MSG_SENT] Message 2701 sent to HKApp
[2025-08-10 12:50:32.588] [MSG_SENT] Message 2702 sent to TelemetryApp
[2025-08-10 12:50:32.590] [MSG_SENT] Message 2703 sent to FlightLogicApp
[2025-08-10 12:50:33.573] [MSG_SENT] Message 2701 sent to HKApp
[2025-08-10 12:50:33.592] [MSG_SENT] Message 2702 sent to TelemetryApp
[2025-08-10 12:50:33.593] [MSG_SENT] Message 2703 sent to FlightLogicApp
[2025-08-10 12:50:34.575] [MSG_SENT] Message 2701 sent to HKApp
[2025-08-10 12:50:34.595] [MSG_SENT] Message 2702 sent to TelemetryApp
[2025-08-10 12:50:34.596] [MSG_SENT] Message 2703 sent to FlightLogicApp
[2025-08-10 12:50:35.576] [MSG_SENT] Message 2701 sent to HKApp
[2025-08-10 12:50:35.598] [MSG_SENT] Message 2702 sent to TelemetryApp
[2025-08-10 12:50:35.598] [MSG_SENT] Message 2703 sent to FlightLogicApp
[2025-08-10 12:50:36.577] [MSG_SENT] Message 2701 sent to HKApp
[2025-08-10 12:50:36.600] [MSG_SENT] Message 2702 sent to TelemetryApp
[2025-08-10 12:50:36.601] [MSG_SENT] Message 2703 sent to FlightLogicApp
[2025-08-10 12:50:37.579] [MSG_SENT] Message 2701 sent to HKApp
[2025-08-10 12:50:37.603] [MSG_SENT] Message 2702 sent to TelemetryApp
[2025-08-10 12:50:37.604] [MSG_SENT] Message 2703 sent to FlightLogicApp
[2025-08-10 12:50:38.580] [MSG_SENT] Message 2701 sent to HKApp
[2025-08-10 12:50:38.605] [MSG_SENT] Message 2702 sent to TelemetryApp
[2025-08-10 12:50:38.606] [MSG_SENT] Message 2703 sent to FlightLogicApp
[2025-08-10 12:50:39.581] [MSG_SENT] Message 2701 sent to HKApp
[2025-08-10 12:50:39.608] [MSG_SENT] Message 2702 sent to TelemetryApp
[2025-08-10 12:50:39.609] [MSG_SENT] Message 2703 sent to FlightLogicApp
[2025-08-10 12:50:40.583] [MSG_SENT] Message 2701 sent to HKApp
[2025-08-10 12:50:40.612] [MSG_SENT] Message 2702 sent to TelemetryApp
[2025-08-10 12:50:40.613] [MSG_SENT] Message 2703 sent to FlightLogicApp
[2025-08-10 12:50:41.588] [MSG_SENT] Message 2701 sent to HKApp
[2025-08-10 12:50:41.614] [MSG_SENT] Message 2702 sent to TelemetryApp
[2025-08-10 12:50:41.615] [MSG_SENT] Message 2703 sent to FlightLogicApp
[2025-08-10 12:50:42.589] [MSG_SENT] Message 2701 sent to HKApp
[2025-08-10 12:50:42.617] [MSG_SENT] Message 2702 sent to TelemetryApp
[2025-08-10 12:50:42.618] [MSG_SENT] Message 2703 sent to FlightLogicApp
[2025-08-10 12:50:43.590] [MSG_SENT] Message 2701 sent to HKApp
[2025-08-10 12:50:43.619] [MSG_SENT] Message 2702 sent to TelemetryApp
[2025-08-10 12:50:43.620] [MSG_SENT] Message 2703 sent to FlightLogicApp
[2025-08-10 12:50:44.591] [MSG_SENT] Message 2701 sent to HKApp
[2025-08-10 12:50:44.622] [MSG_SENT] Message 2702 sent to TelemetryApp
[2025-08-10 12:50:44.623] [MSG_SENT] Message 2703 sent to FlightLogicApp
[2025-08-10 12:50:45.593] [MSG_SENT] Message 2701 sent to HKApp
[2025-08-10 12:50:45.625] [MSG_SENT] Message 2702 sent to TelemetryApp
[2025-08-10 12:50:45.626] [MSG_SENT] Message 2703 sent to FlightLogicApp
[2025-08-10 12:50:46.594] [MSG_SENT] Message 2701 sent to HKApp
[2025-08-10 12:50:46.628] [MSG_SENT] Message 2702 sent to TelemetryApp
[2025-08-10 12:50:46.629] [MSG_SENT] Message 2703 sent to FlightLogicApp
[2025-08-10 12:50:47.595] [MSG_SENT] Message 2701 sent to HKApp
[2025-08-10 12:50:47.631] [MSG_SENT] Message 2702 sent to TelemetryApp
[2025-08-10 12:50:47.632] [MSG_SENT] Message 2703 sent to FlightLogicApp
[2025-08-10 12:50:48.596] [MSG_SENT] Message 2701 sent to HKApp
[2025-08-10 12:50:48.634] [MSG_SENT] Message 2702 sent to TelemetryApp
[2025-08-10 12:50:48.635] [MSG_SENT] Message 2703 sent to FlightLogicApp
[2025-08-10 12:50:49.597] [MSG_SENT] Message 2701 sent to HKApp
[2025-08-10 12:50:49.637] [MSG_SENT] Message 2702 sent to TelemetryApp
[2025-08-10 12:50:49.641] [MSG_SENT] Message 2703 sent to FlightLogicApp
[2025-08-10 12:50:50.599] [MSG_SENT] Message 2701 sent to HKApp
[2025-08-10 12:50:50.642] [MSG_SENT] Message 2702 sent to TelemetryApp
[2025-08-10 12:50:50.643] [MSG_SENT] Message 2703 sent to FlightLogicApp
[2025-08-10 12:50:51.601] [MSG_SENT] Message 2701 sent to HKApp
[2025-08-10 12:50:51.644] [MSG_SENT] Message 2702 sent to TelemetryApp
[2025-08-10 12:50:51.645] [MSG_SENT] Message 2703 sent to FlightLogicApp
[2025-08-10 12:50:52.602] [MSG_SENT] Message 2701 sent to HKApp
[2025-08-10 12:50:52.646] [MSG_SENT] Message 2702 sent to TelemetryApp
[2025-08-10 12:50:52.647] [MSG_SENT] Message 2703 sent to FlightLogicApp
[2025-08-10 12:50:53.605] [MSG_SENT] Message 2701 sent to HKApp
[2025-08-10 12:50:53.649] [MSG_SENT] Message 2702 sent to TelemetryApp
[2025-08-10 12:50:53.650] [MSG_SENT] Message 2703 sent to FlightLogicApp
[2025-08-10 12:50:54.606] [MSG_SENT] Message 2701 sent to HKApp
[2025-08-10 12:50:54.652] [MSG_SENT] Message 2702 sent to TelemetryApp
[2025-08-10 12:50:54.653] [MSG_SENT] Message 2703 sent to FlightLogicApp
[2025-08-10 12:50:55.607] [MSG_SENT] Message 2701 sent to HKApp
[2025-08-10 12:50:55.655] [MSG_SENT] Message 2702 sent to TelemetryApp
[2025-08-10 12:50:55.656] [MSG_SENT] Message 2703 sent to FlightLogicApp
[2025-08-10 12:50:56.610] [MSG_SENT] Message 2701 sent to HKApp
[2025-08-10 12:50:56.657] [MSG_SENT] Message 2702 sent to TelemetryApp
[2025-08-10 12:50:56.658] [MSG_SENT] Message 2703 sent to FlightLogicApp
[2025-08-10 12:50:57.611] [MSG_SENT] Message 2701 sent to HKApp
[2025-08-10 12:50:57.660] [MSG_SENT] Message 2702 sent to TelemetryApp
[2025-08-10 12:50:57.661] [MSG_SENT] Message 2703 sent to FlightLogicApp
[2025-08-10 12:50:58.612] [MSG_SENT] Message 2701 sent to HKApp
[2025-08-10 12:50:58.662] [MSG_SENT] Message 2702 sent to TelemetryApp
[2025-08-10 12:50:58.663] [MSG_SENT] Message 2703 sent to FlightLogicApp
[2025-08-10 12:50:59.614] [MSG_SENT] Message 2701 sent to HKApp
[2025-08-10 12:50:59.664] [MSG_SENT] Message 2702 sent to TelemetryApp
[2025-08-10 12:50:59.665] [MSG_SENT] Message 2703 sent to FlightLogicApp
[2025-08-10 12:51:00.615] [MSG_SENT] Message 2701 sent to HKApp
[2025-08-10 12:51:00.666] [MSG_SENT] Message 2702 sent to TelemetryApp
[2025-08-10 12:51:00.667] [MSG_SENT] Message 2703 sent to FlightLogicApp
[2025-08-10 12:51:01.617] [MSG_SENT] Message 2701 sent to HKApp
[2025-08-10 12:51:01.669] [MSG_SENT] Message 2702 sent to TelemetryApp
[2025-08-10 12:51:01.670] [MSG_SENT] Message 2703 sent to FlightLogicApp
[2025-08-10 12:51:02.618] [MSG_SENT] Message 2701 sent to HKApp
[2025-08-10 12:51:02.671] [MSG_SENT] Message 2702 sent to TelemetryApp
[2025-08-10 12:51:02.672] [MSG_SENT] Message 2703 sent to FlightLogicApp
[2025-08-10 12:51:03.619] [MSG_SENT] Message 2701 sent to HKApp
[2025-08-10 12:51:03.673] [MSG_SENT] Message 2702 sent to TelemetryApp
[2025-08-10 12:51:03.675] [MSG_SENT] Message 2703 sent to FlightLogicApp
[2025-08-10 12:51:04.620] [MSG_SENT] Message 2701 sent to HKApp
[2025-08-10 12:51:04.676] [MSG_SENT] Message 2702 sent to TelemetryApp
[2025-08-10 12:51:04.678] [MSG_SENT] Message 2703 sent to FlightLogicApp
[2025-08-10 12:51:05.622] [MSG_SENT] Message 2701 sent to HKApp
[2025-08-10 12:51:05.679] [MSG_SENT] Message 2702 sent to TelemetryApp
[2025-08-10 12:51:05.680] [MSG_SENT] Message 2703 sent to FlightLogicApp
[2025-08-10 12:51:06.623] [MSG_SENT] Message 2701 sent to HKApp
[2025-08-10 12:51:06.681] [MSG_SENT] Message 2702 sent to TelemetryApp
[2025-08-10 12:51:06.682] [MSG_SENT] Message 2703 sent to FlightLogicApp
[2025-08-10 12:51:07.625] [MSG_SENT] Message 2701 sent to HKApp
[2025-08-10 12:51:07.683] [MSG_SENT] Message 2702 sent to TelemetryApp
[2025-08-10 12:51:07.684] [MSG_SENT] Message 2703 sent to FlightLogicApp
[2025-08-10 12:51:08.626] [MSG_SENT] Message 2701 sent to HKApp
[2025-08-10 12:51:08.685] [MSG_SENT] Message 2702 sent to TelemetryApp
[2025-08-10 12:51:08.686] [MSG_SENT] Message 2703 sent to FlightLogicApp
[2025-08-10 12:51:09.627] [MSG_SENT] Message 2701 sent to HKApp
[2025-08-10 12:51:09.688] [MSG_SENT] Message 2702 sent to TelemetryApp
[2025-08-10 12:51:09.689] [MSG_SENT] Message 2703 sent to FlightLogicApp
[2025-08-10 12:51:10.628] [MSG_SENT] Message 2701 sent to HKApp
[2025-08-10 12:51:10.690] [MSG_SENT] Message 2702 sent to TelemetryApp
[2025-08-10 12:51:10.691] [MSG_SENT] Message 2703 sent to FlightLogicApp
[2025-08-10 12:51:11.630] [MSG_SENT] Message 2701 sent to HKApp
[2025-08-10 12:51:11.693] [MSG_SENT] Message 2702 sent to TelemetryApp
[2025-08-10 12:51:11.694] [MSG_SENT] Message 2703 sent to FlightLogicApp
[2025-08-10 12:51:12.631] [MSG_SENT] Message 2701 sent to HKApp
[2025-08-10 12:51:12.696] [MSG_SENT] Message 2702 sent to TelemetryApp
[2025-08-10 12:51:12.697] [MSG_SENT] Message 2703 sent to FlightLogicApp
[2025-08-10 12:51:13.632] [MSG_SENT] Message 2701 sent to HKApp
[2025-08-10 12:51:13.699] [MSG_SENT] Message 2702 sent to TelemetryApp
[2025-08-10 12:51:13.699] [MSG_SENT] Message 2703 sent to FlightLogicApp
[2025-08-10 12:51:14.634] [MSG_SENT] Message 2701 sent to HKApp
[2025-08-10 12:51:14.701] [MSG_SENT] Message 2702 sent to TelemetryApp
[2025-08-10 12:51:14.702] [MSG_SENT] Message 2703 sent to FlightLogicApp
[2025-08-10 12:51:15.636] [MSG_SENT] Message 2701 sent to HKApp
[2025-08-10 12:51:15.704] [MSG_SENT] Message 2702 sent to TelemetryApp
[2025-08-10 12:51:15.705] [MSG_SENT] Message 2703 sent to FlightLogicApp
[2025-08-10 12:51:16.637] [MSG_SENT] Message 2701 sent to HKApp
[2025-08-10 12:51:16.706] [MSG_SENT] Message 2702 sent to TelemetryApp
[2025-08-10 12:51:16.707] [MSG_SENT] Message 2703 sent to FlightLogicApp
[2025-08-10 12:51:17.638] [MSG_SENT] Message 2701 sent to HKApp
[2025-08-10 12:51:17.708] [MSG_SENT] Message 2702 sent to TelemetryApp
[2025-08-10 12:51:17.709] [MSG_SENT] Message 2703 sent to FlightLogicApp
[2025-08-10 12:51:18.639] [MSG_SENT] Message 2701 sent to HKApp
[2025-08-10 12:51:18.710] [MSG_SENT] Message 2702 sent to TelemetryApp
[2025-08-10 12:51:18.711] [MSG_SENT] Message 2703 sent to FlightLogicApp
[2025-08-10 12:51:19.640] [MSG_SENT] Message 2701 sent to HKApp
[2025-08-10 12:51:19.713] [MSG_SENT] Message 2702 sent to TelemetryApp
[2025-08-10 12:51:19.713] [MSG_SENT] Message 2703 sent to FlightLogicApp
[2025-08-10 12:51:20.642] [MSG_SENT] Message 2701 sent to HKApp
[2025-08-10 12:51:20.715] [MSG_SENT] Message 2702 sent to TelemetryApp
[2025-08-10 12:51:20.716] [MSG_SENT] Message 2703 sent to FlightLogicApp
[2025-08-10 12:51:21.643] [MSG_SENT] Message 2701 sent to HKApp
[2025-08-10 12:51:21.717] [MSG_SENT] Message 2702 sent to TelemetryApp
[2025-08-10 12:51:21.717] [MSG_SENT] Message 2703 sent to FlightLogicApp
[2025-08-10 12:51:22.645] [MSG_SENT] Message 2701 sent to HKApp
[2025-08-10 12:51:22.718] [MSG_SENT] Message 2702 sent to TelemetryApp
[2025-08-10 12:51:22.720] [MSG_SENT] Message 2703 sent to FlightLogicApp
[2025-08-10 12:51:23.646] [MSG_SENT] Message 2701 sent to HKApp
[2025-08-10 12:51:23.721] [MSG_SENT] Message 2702 sent to TelemetryApp
[2025-08-10 12:51:23.722] [MSG_SENT] Message 2703 sent to FlightLogicApp
[2025-08-10 12:51:24.648] [MSG_SENT] Message 2701 sent to HKApp
[2025-08-10 12:51:24.724] [MSG_SENT] Message 2702 sent to TelemetryApp
[2025-08-10 12:51:24.725] [MSG_SENT] Message 2703 sent to FlightLogicApp
[2025-08-10 12:51:25.650] [MSG_SENT] Message 2701 sent to HKApp
[2025-08-10 12:51:25.726] [MSG_SENT] Message 2702 sent to TelemetryApp
[2025-08-10 12:51:25.727] [MSG_SENT] Message 2703 sent to FlightLogicApp
[2025-08-10 12:51:26.651] [MSG_SENT] Message 2701 sent to HKApp
[2025-08-10 12:51:26.729] [MSG_SENT] Message 2702 sent to TelemetryApp
[2025-08-10 12:51:26.730] [MSG_SENT] Message 2703 sent to FlightLogicApp
[2025-08-10 12:51:27.653] [MSG_SENT] Message 2701 sent to HKApp
[2025-08-10 12:51:27.731] [MSG_SENT] Message 2702 sent to TelemetryApp
[2025-08-10 12:51:27.732] [MSG_SENT] Message 2703 sent to FlightLogicApp
[2025-08-10 12:51:28.654] [MSG_SENT] Message 2701 sent to HKApp
[2025-08-10 12:51:28.733] [MSG_SENT] Message 2702 sent to TelemetryApp
[2025-08-10 12:51:28.734] [MSG_SENT] Message 2703 sent to FlightLogicApp
[2025-08-10 12:51:29.656] [MSG_SENT] Message 2701 sent to HKApp
[2025-08-10 12:51:29.736] [MSG_SENT] Message 2702 sent to TelemetryApp
[2025-08-10 12:51:29.737] [MSG_SENT] Message 2703 sent to FlightLogicApp
[2025-08-10 12:51:30.658] [MSG_SENT] Message 2701 sent to HKApp
[2025-08-10 12:51:30.739] [MSG_SENT] Message 2702 sent to TelemetryApp
[2025-08-10 12:51:30.740] [MSG_SENT] Message 2703 sent to FlightLogicApp
[2025-08-10 12:51:31.659] [MSG_SENT] Message 2701 sent to HKApp
[2025-08-10 12:51:31.741] [MSG_SENT] Message 2702 sent to TelemetryApp
[2025-08-10 12:51:31.742] [MSG_SENT] Message 2703 sent to FlightLogicApp
[2025-08-10 12:51:32.660] [MSG_SENT] Message 2701 sent to HKApp
[2025-08-10 12:51:32.744] [MSG_SENT] Message 2702 sent to TelemetryApp
[2025-08-10 12:51:32.744] [MSG_SENT] Message 2703 sent to FlightLogicApp
[2025-08-10 12:51:33.661] [MSG_SENT] Message 2701 sent to HKApp
[2025-08-10 12:51:33.746] [MSG_SENT] Message 2702 sent to TelemetryApp
[2025-08-10 12:51:33.748] [MSG_SENT] Message 2703 sent to FlightLogicApp
[2025-08-10 12:51:34.663] [MSG_SENT] Message 2701 sent to HKApp
[2025-08-10 12:51:34.749] [MSG_SENT] Message 2702 sent to TelemetryApp
[2025-08-10 12:51:34.750] [MSG_SENT] Message 2703 sent to FlightLogicApp
[2025-08-10 12:51:35.664] [MSG_SENT] Message 2701 sent to HKApp
[2025-08-10 12:51:35.751] [MSG_SENT] Message 2702 sent to TelemetryApp
[2025-08-10 12:51:35.752] [MSG_SENT] Message 2703 sent to FlightLogicApp
[2025-08-10 12:51:36.666] [MSG_SENT] Message 2701 sent to HKApp
[2025-08-10 12:51:36.754] [MSG_SENT] Message 2702 sent to TelemetryApp
[2025-08-10 12:51:36.755] [MSG_SENT] Message 2703 sent to FlightLogicApp
[2025-08-10 12:51:37.667] [MSG_SENT] Message 2701 sent to HKApp
[2025-08-10 12:51:37.757] [MSG_SENT] Message 2702 sent to TelemetryApp
[2025-08-10 12:51:37.759] [MSG_SENT] Message 2703 sent to FlightLogicApp
[2025-08-10 12:51:38.669] [MSG_SENT] Message 2701 sent to HKApp
[2025-08-10 12:51:38.760] [MSG_SENT] Message 2702 sent to TelemetryApp
[2025-08-10 12:51:38.761] [MSG_SENT] Message 2703 sent to FlightLogicApp
[2025-08-10 12:51:39.670] [MSG_SENT] Message 2701 sent to HKApp
[2025-08-10 12:51:39.762] [MSG_SENT] Message 2702 sent to TelemetryApp
[2025-08-10 12:51:39.762] [MSG_SENT] Message 2703 sent to FlightLogicApp
[2025-08-10 12:51:40.671] [MSG_SENT] Message 2701 sent to HKApp
[2025-08-10 12:51:40.764] [MSG_SENT] Message 2702 sent to TelemetryApp
[2025-08-10 12:51:40.766] [MSG_SENT] Message 2703 sent to FlightLogicApp
[2025-08-10 12:51:41.672] [MSG_SENT] Message 2701 sent to HKApp
[2025-08-10 12:51:41.767] [MSG_SENT] Message 2702 sent to TelemetryApp
[2025-08-10 12:51:41.768] [MSG_SENT] Message 2703 sent to FlightLogicApp
[2025-08-10 12:51:42.674] [MSG_SENT] Message 2701 sent to HKApp
[2025-08-10 12:51:42.770] [MSG_SENT] Message 2702 sent to TelemetryApp
[2025-08-10 12:51:42.770] [MSG_SENT] Message 2703 sent to FlightLogicApp
[2025-08-10 12:51:43.676] [MSG_SENT] Message 2701 sent to HKApp
[2025-08-10 12:51:43.772] [MSG_SENT] Message 2702 sent to TelemetryApp
[2025-08-10 12:51:43.773] [MSG_SENT] Message 2703 sent to FlightLogicApp
[2025-08-10 12:51:44.677] [MSG_SENT] Message 2701 sent to HKApp
[2025-08-10 12:51:44.775] [MSG_SENT] Message 2702 sent to TelemetryApp
[2025-08-10 12:51:44.776] [MSG_SENT] Message 2703 sent to FlightLogicApp
[2025-08-10 12:51:45.679] [MSG_SENT] Message 2701 sent to HKApp
[2025-08-10 12:51:45.778] [MSG_SENT] Message 2702 sent to TelemetryApp
[2025-08-10 12:51:45.779] [MSG_SENT] Message 2703 sent to FlightLogicApp
[2025-08-10 12:51:46.680] [MSG_SENT] Message 2701 sent to HKApp
[2025-08-10 12:51:46.780] [MSG_SENT] Message 2702 sent to TelemetryApp
[2025-08-10 12:51:46.781] [MSG_SENT] Message 2703 sent to FlightLogicApp
[2025-08-10 12:51:47.681] [MSG_SENT] Message 2701 sent to HKApp
[2025-08-10 12:51:47.783] [MSG_SENT] Message 2702 sent to TelemetryApp
[2025-08-10 12:51:47.784] [MSG_SENT] Message 2703 sent to FlightLogicApp
[2025-08-10 12:51:48.682] [MSG_SENT] Message 2701 sent to HKApp
[2025-08-10 12:51:48.786] [MSG_SENT] Message 2702 sent to TelemetryApp
[2025-08-10 12:51:48.787] [MSG_SENT] Message 2703 sent to FlightLogicApp
[2025-08-10 12:51:49.684] [MSG_SENT] Message 2701 sent to HKApp
[2025-08-10 12:51:49.788] [MSG_SENT] Message 2702 sent to TelemetryApp
[2025-08-10 12:51:49.789] [MSG_SENT] Message 2703 sent to FlightLogicApp
[2025-08-10 12:51:50.685] [MSG_SENT] Message 2701 sent to HKApp
[2025-08-10 12:51:50.791] [MSG_SENT] Message 2702 sent to TelemetryApp
[2025-08-10 12:51:50.792] [MSG_SENT] Message 2703 sent to FlightLogicApp
[2025-08-10 12:51:51.687] [MSG_SENT] Message 2701 sent to HKApp
[2025-08-10 12:51:51.794] [MSG_SENT] Message 2702 sent to TelemetryApp
[2025-08-10 12:51:51.795] [MSG_SENT] Message 2703 sent to FlightLogicApp
[2025-08-10 12:51:52.688] [MSG_SENT] Message 2701 sent to HKApp
[2025-08-10 12:51:52.796] [MSG_SENT] Message 2702 sent to TelemetryApp
[2025-08-10 12:51:52.797] [MSG_SENT] Message 2703 sent to FlightLogicApp
[2025-08-10 12:51:53.690] [MSG_SENT] Message 2701 sent to HKApp
[2025-08-10 12:51:53.799] [MSG_SENT] Message 2702 sent to TelemetryApp
[2025-08-10 12:51:53.799] [MSG_SENT] Message 2703 sent to FlightLogicApp
[2025-08-10 12:51:54.691] [MSG_SENT] Message 2701 sent to HKApp
[2025-08-10 12:51:54.801] [MSG_SENT] Message 2702 sent to TelemetryApp
[2025-08-10 12:51:54.802] [MSG_SENT] Message 2703 sent to FlightLogicApp
[2025-08-10 12:51:55.692] [MSG_SENT] Message 2701 sent to HKApp
[2025-08-10 12:51:55.804] [MSG_SENT] Message 2702 sent to TelemetryApp
[2025-08-10 12:51:55.804] [MSG_SENT] Message 2703 sent to FlightLogicApp
[2025-08-10 12:51:56.693] [MSG_SENT] Message 2701 sent to HKApp
[2025-08-10 12:51:56.805] [MSG_SENT] Message 2702 sent to TelemetryApp
[2025-08-10 12:51:56.807] [MSG_SENT] Message 2703 sent to FlightLogicApp
[2025-08-10 12:51:57.694] [MSG_SENT] Message 2701 sent to HKApp
[2025-08-10 12:51:57.809] [MSG_SENT] Message 2702 sent to TelemetryApp
[2025-08-10 12:51:57.810] [MSG_SENT] Message 2703 sent to FlightLogicApp
[2025-08-10 12:51:58.696] [MSG_SENT] Message 2701 sent to HKApp
[2025-08-10 12:51:58.812] [MSG_SENT] Message 2702 sent to TelemetryApp
[2025-08-10 12:51:58.813] [MSG_SENT] Message 2703 sent to FlightLogicApp
[2025-08-10 12:51:59.698] [MSG_SENT] Message 2701 sent to HKApp
[2025-08-10 12:51:59.814] [MSG_SENT] Message 2702 sent to TelemetryApp
[2025-08-10 12:51:59.815] [MSG_SENT] Message 2703 sent to FlightLogicApp
[2025-08-10 12:52:00.700] [MSG_SENT] Message 2701 sent to HKApp
[2025-08-10 12:52:00.817] [MSG_SENT] Message 2702 sent to TelemetryApp
[2025-08-10 12:52:00.818] [MSG_SENT] Message 2703 sent to FlightLogicApp
[2025-08-10 12:52:01.701] [MSG_SENT] Message 2701 sent to HKApp
[2025-08-10 12:52:01.819] [MSG_SENT] Message 2702 sent to TelemetryApp
[2025-08-10 12:52:01.821] [MSG_SENT] Message 2703 sent to FlightLogicApp
[2025-08-10 12:52:02.702] [MSG_SENT] Message 2701 sent to HKApp
[2025-08-10 12:52:02.822] [MSG_SENT] Message 2702 sent to TelemetryApp
[2025-08-10 12:52:02.823] [MSG_SENT] Message 2703 sent to FlightLogicApp
[2025-08-10 12:52:03.704] [MSG_SENT] Message 2701 sent to HKApp
[2025-08-10 12:52:03.825] [MSG_SENT] Message 2702 sent to TelemetryApp
[2025-08-10 12:52:03.826] [MSG_SENT] Message 2703 sent to FlightLogicApp
[2025-08-10 12:52:04.705] [MSG_SENT] Message 2701 sent to HKApp
[2025-08-10 12:52:04.828] [MSG_SENT] Message 2702 sent to TelemetryApp
[2025-08-10 12:52:04.830] [MSG_SENT] Message 2703 sent to FlightLogicApp
[2025-08-10 12:52:05.707] [MSG_SENT] Message 2701 sent to HKApp
[2025-08-10 12:52:05.831] [MSG_SENT] Message 2702 sent to TelemetryApp
[2025-08-10 12:52:05.832] [MSG_SENT] Message 2703 sent to FlightLogicApp
[2025-08-10 12:52:06.708] [MSG_SENT] Message 2701 sent to HKApp
[2025-08-10 12:52:06.833] [MSG_SENT] Message 2702 sent to TelemetryApp
[2025-08-10 12:52:06.834] [MSG_SENT] Message 2703 sent to FlightLogicApp
[2025-08-10 12:52:07.709] [MSG_SENT] Message 2701 sent to HKApp
[2025-08-10 12:52:07.836] [MSG_SENT] Message 2702 sent to TelemetryApp
[2025-08-10 12:52:07.838] [MSG_SENT] Message 2703 sent to FlightLogicApp
[2025-08-10 12:52:08.710] [MSG_SENT] Message 2701 sent to HKApp
[2025-08-10 12:52:08.839] [MSG_SENT] Message 2702 sent to TelemetryApp
[2025-08-10 12:52:08.840] [MSG_SENT] Message 2703 sent to FlightLogicApp
[2025-08-10 12:52:09.712] [MSG_SENT] Message 2701 sent to HKApp
[2025-08-10 12:52:09.842] [MSG_SENT] Message 2702 sent to TelemetryApp
[2025-08-10 12:52:09.843] [MSG_SENT] Message 2703 sent to FlightLogicApp
[2025-08-10 12:52:10.713] [MSG_SENT] Message 2701 sent to HKApp
[2025-08-10 12:52:10.845] [MSG_SENT] Message 2702 sent to TelemetryApp
[2025-08-10 12:52:10.845] [MSG_SENT] Message 2703 sent to FlightLogicApp
[2025-08-10 12:52:11.715] [MSG_SENT] Message 2701 sent to HKApp
[2025-08-10 12:52:11.848] [MSG_SENT] Message 2702 sent to TelemetryApp
[2025-08-10 12:52:11.848] [MSG_SENT] Message 2703 sent to FlightLogicApp
[2025-08-10 12:52:12.716] [MSG_SENT] Message 2701 sent to HKApp
[2025-08-10 12:52:12.850] [MSG_SENT] Message 2702 sent to TelemetryApp
[2025-08-10 12:52:12.851] [MSG_SENT] Message 2703 sent to FlightLogicApp
[2025-08-10 12:52:13.717] [MSG_SENT] Message 2701 sent to HKApp
[2025-08-10 12:52:13.852] [MSG_SENT] Message 2702 sent to TelemetryApp
[2025-08-10 12:52:13.853] [MSG_SENT] Message 2703 sent to FlightLogicApp
[2025-08-10 12:52:14.718] [MSG_SENT] Message 2701 sent to HKApp
[2025-08-10 12:52:14.854] [MSG_SENT] Message 2702 sent to TelemetryApp
[2025-08-10 12:52:14.855] [MSG_SENT] Message 2703 sent to FlightLogicApp
[2025-08-10 12:52:15.722] [MSG_SENT] Message 2701 sent to HKApp
[2025-08-10 12:52:15.857] [MSG_SENT] Message 2702 sent to TelemetryApp
[2025-08-10 12:52:15.858] [MSG_SENT] Message 2703 sent to FlightLogicApp
[2025-08-10 12:52:16.724] [MSG_SENT] Message 2701 sent to HKApp
[2025-08-10 12:52:16.859] [MSG_SENT] Message 2702 sent to TelemetryApp
[2025-08-10 12:52:16.860] [MSG_SENT] Message 2703 sent to FlightLogicApp
[2025-08-10 12:52:17.725] [MSG_SENT] Message 2701 sent to HKApp
[2025-08-10 12:52:17.861] [MSG_SENT] Message 2702 sent to TelemetryApp
[2025-08-10 12:52:17.863] [MSG_SENT] Message 2703 sent to FlightLogicApp
[2025-08-10 12:52:18.726] [MSG_SENT] Message 2701 sent to HKApp
[2025-08-10 12:52:18.864] [MSG_SENT] Message 2702 sent to TelemetryApp
[2025-08-10 12:52:18.865] [MSG_SENT] Message 2703 sent to FlightLogicApp
[2025-08-10 12:52:19.727] [MSG_SENT] Message 2701 sent to HKApp
[2025-08-10 12:52:19.866] [MSG_SENT] Message 2702 sent to TelemetryApp
[2025-08-10 12:52:19.866] [MSG_SENT] Message 2703 sent to FlightLogicApp
[2025-08-10 12:52:20.729] [MSG_SENT] Message 2701 sent to HKApp
[2025-08-10 12:52:20.867] [MSG_SENT] Message 2702 sent to TelemetryApp
[2025-08-10 12:52:20.868] [MSG_SENT] Message 2703 sent to FlightLogicApp
[2025-08-10 12:52:21.731] [MSG_SENT] Message 2701 sent to HKApp
[2025-08-10 12:52:21.870] [MSG_SENT] Message 2702 sent to TelemetryApp
[2025-08-10 12:52:21.871] [MSG_SENT] Message 2703 sent to FlightLogicApp
[2025-08-10 12:52:22.732] [MSG_SENT] Message 2701 sent to HKApp
[2025-08-10 12:52:22.873] [MSG_SENT] Message 2702 sent to TelemetryApp
[2025-08-10 12:52:22.873] [MSG_SENT] Message 2703 sent to FlightLogicApp
[2025-08-10 12:52:23.733] [MSG_SENT] Message 2701 sent to HKApp
[2025-08-10 12:52:23.875] [MSG_SENT] Message 2702 sent to TelemetryApp
[2025-08-10 12:52:23.875] [MSG_SENT] Message 2703 sent to FlightLogicApp
[2025-08-10 12:52:24.734] [MSG_SENT] Message 2701 sent to HKApp
[2025-08-10 12:52:24.877] [MSG_SENT] Message 2702 sent to TelemetryApp
[2025-08-10 12:52:24.878] [MSG_SENT] Message 2703 sent to FlightLogicApp
[2025-08-10 12:52:25.736] [MSG_SENT] Message 2701 sent to HKApp
[2025-08-10 12:52:25.879] [MSG_SENT] Message 2702 sent to TelemetryApp
[2025-08-10 12:52:25.881] [MSG_SENT] Message 2703 sent to FlightLogicApp
[2025-08-10 12:52:26.738] [MSG_SENT] Message 2701 sent to HKApp
[2025-08-10 12:52:26.882] [MSG_SENT] Message 2702 sent to TelemetryApp
[2025-08-10 12:52:26.883] [MSG_SENT] Message 2703 sent to FlightLogicApp
[2025-08-10 12:52:27.739] [MSG_SENT] Message 2701 sent to HKApp
[2025-08-10 12:52:27.886] [MSG_SENT] Message 2702 sent to TelemetryApp
[2025-08-10 12:52:27.887] [MSG_SENT] Message 2703 sent to FlightLogicApp
[2025-08-10 12:52:28.741] [MSG_SENT] Message 2701 sent to HKApp
[2025-08-10 12:52:28.889] [MSG_SENT] Message 2702 sent to TelemetryApp
[2025-08-10 12:52:28.889] [MSG_SENT] Message 2703 sent to FlightLogicApp
[2025-08-10 12:52:29.742] [MSG_SENT] Message 2701 sent to HKApp
[2025-08-10 12:52:29.890] [MSG_SENT] Message 2702 sent to TelemetryApp
[2025-08-10 12:52:29.891] [MSG_SENT] Message 2703 sent to FlightLogicApp
[2025-08-10 12:52:30.743] [MSG_SENT] Message 2701 sent to HKApp
[2025-08-10 12:52:30.892] [MSG_SENT] Message 2702 sent to TelemetryApp
[2025-08-10 12:52:30.893] [MSG_SENT] Message 2703 sent to FlightLogicApp
[2025-08-10 12:52:31.744] [MSG_SENT] Message 2701 sent to HKApp
[2025-08-10 12:52:31.894] [MSG_SENT] Message 2702 sent to TelemetryApp
[2025-08-10 12:52:31.900] [MSG_SENT] Message 2703 sent to FlightLogicApp
[2025-08-10 12:52:32.746] [MSG_SENT] Message 2701 sent to HKApp
[2025-08-10 12:52:32.902] [MSG_SENT] Message 2702 sent to TelemetryApp
[2025-08-10 12:52:32.903] [MSG_SENT] Message 2703 sent to FlightLogicApp
[2025-08-10 12:52:33.748] [MSG_SENT] Message 2701 sent to HKApp
[2025-08-10 12:52:33.904] [MSG_SENT] Message 2702 sent to TelemetryApp
[2025-08-10 12:52:33.905] [MSG_SENT] Message 2703 sent to FlightLogicApp
[2025-08-10 12:52:34.749] [MSG_SENT] Message 2701 sent to HKApp
[2025-08-10 12:52:34.907] [MSG_SENT] Message 2702 sent to TelemetryApp
[2025-08-10 12:52:34.909] [MSG_SENT] Message 2703 sent to FlightLogicApp
[2025-08-10 12:52:35.751] [MSG_SENT] Message 2701 sent to HKApp
[2025-08-10 12:52:35.910] [MSG_SENT] Message 2702 sent to TelemetryApp
[2025-08-10 12:52:35.911] [MSG_SENT] Message 2703 sent to FlightLogicApp
[2025-08-10 12:52:36.752] [MSG_SENT] Message 2701 sent to HKApp
[2025-08-10 12:52:36.912] [MSG_SENT] Message 2702 sent to TelemetryApp
[2025-08-10 12:52:36.913] [MSG_SENT] Message 2703 sent to FlightLogicApp
[2025-08-10 12:52:37.753] [MSG_SENT] Message 2701 sent to HKApp
[2025-08-10 12:52:37.914] [MSG_SENT] Message 2702 sent to TelemetryApp
[2025-08-10 12:52:37.915] [MSG_SENT] Message 2703 sent to FlightLogicApp
[2025-08-10 12:52:38.754] [MSG_SENT] Message 2701 sent to HKApp
[2025-08-10 12:52:38.917] [MSG_SENT] Message 2702 sent to TelemetryApp
[2025-08-10 12:52:38.917] [MSG_SENT] Message 2703 sent to FlightLogicApp
[2025-08-10 12:52:39.756] [MSG_SENT] Message 2701 sent to HKApp
[2025-08-10 12:52:39.919] [MSG_SENT] Message 2702 sent to TelemetryApp
[2025-08-10 12:52:39.920] [MSG_SENT] Message 2703 sent to FlightLogicApp
[2025-08-10 12:52:40.757] [MSG_SENT] Message 2701 sent to HKApp
[2025-08-10 12:52:40.922] [MSG_SENT] Message 2702 sent to TelemetryApp
[2025-08-10 12:52:40.923] [MSG_SENT] Message 2703 sent to FlightLogicApp
[2025-08-10 12:52:41.759] [MSG_SENT] Message 2701 sent to HKApp
[2025-08-10 12:52:41.925] [MSG_SENT] Message 2702 sent to TelemetryApp
[2025-08-10 12:52:41.926] [MSG_SENT] Message 2703 sent to FlightLogicApp
[2025-08-10 12:52:42.760] [MSG_SENT] Message 2701 sent to HKApp
[2025-08-10 12:52:42.928] [MSG_SENT] Message 2702 sent to TelemetryApp
[2025-08-10 12:52:42.928] [MSG_SENT] Message 2703 sent to FlightLogicApp
[2025-08-10 12:52:43.762] [MSG_SENT] Message 2701 sent to HKApp
[2025-08-10 12:52:43.930] [MSG_SENT] Message 2702 sent to TelemetryApp
[2025-08-10 12:52:43.931] [MSG_SENT] Message 2703 sent to FlightLogicApp
[2025-08-10 12:52:44.762] [MSG_SENT] Message 2701 sent to HKApp
[2025-08-10 12:52:44.932] [MSG_SENT] Message 2702 sent to TelemetryApp
[2025-08-10 12:52:44.933] [MSG_SENT] Message 2703 sent to FlightLogicApp
[2025-08-10 12:52:45.764] [MSG_SENT] Message 2701 sent to HKApp
[2025-08-10 12:52:45.934] [MSG_SENT] Message 2702 sent to TelemetryApp
[2025-08-10 12:52:45.935] [MSG_SENT] Message 2703 sent to FlightLogicApp
[2025-08-10 12:52:46.765] [MSG_SENT] Message 2701 sent to HKApp
[2025-08-10 12:52:46.937] [MSG_SENT] Message 2702 sent to TelemetryApp
[2025-08-10 12:52:46.938] [MSG_SENT] Message 2703 sent to FlightLogicApp
[2025-08-10 12:52:47.767] [MSG_SENT] Message 2701 sent to HKApp
[2025-08-10 12:52:47.940] [MSG_SENT] Message 2702 sent to TelemetryApp
[2025-08-10 12:52:47.941] [MSG_SENT] Message 2703 sent to FlightLogicApp
[2025-08-10 12:52:48.768] [MSG_SENT] Message 2701 sent to HKApp
[2025-08-10 12:52:48.942] [MSG_SENT] Message 2702 sent to TelemetryApp
[2025-08-10 12:52:48.944] [MSG_SENT] Message 2703 sent to FlightLogicApp
[2025-08-10 12:52:49.770] [MSG_SENT] Message 2701 sent to HKApp
[2025-08-10 12:52:49.945] [MSG_SENT] Message 2702 sent to TelemetryApp
[2025-08-10 12:52:49.946] [MSG_SENT] Message 2703 sent to FlightLogicApp
[2025-08-10 12:52:50.771] [MSG_SENT] Message 2701 sent to HKApp
[2025-08-10 12:52:50.948] [MSG_SENT] Message 2702 sent to TelemetryApp
[2025-08-10 12:52:50.949] [MSG_SENT] Message 2703 sent to FlightLogicApp
[2025-08-10 12:52:51.772] [MSG_SENT] Message 2701 sent to HKApp
[2025-08-10 12:52:51.950] [MSG_SENT] Message 2702 sent to TelemetryApp
[2025-08-10 12:52:51.951] [MSG_SENT] Message 2703 sent to FlightLogicApp
[2025-08-10 12:52:52.775] [MSG_SENT] Message 2701 sent to HKApp
[2025-08-10 12:52:52.953] [MSG_SENT] Message 2702 sent to TelemetryApp
[2025-08-10 12:52:52.954] [MSG_SENT] Message 2703 sent to FlightLogicApp
[2025-08-10 12:52:53.776] [MSG_SENT] Message 2701 sent to HKApp
[2025-08-10 12:52:53.956] [MSG_SENT] Message 2702 sent to TelemetryApp
[2025-08-10 12:52:53.957] [MSG_SENT] Message 2703 sent to FlightLogicApp
[2025-08-10 12:52:54.778] [MSG_SENT] Message 2701 sent to HKApp
[2025-08-10 12:52:54.959] [MSG_SENT] Message 2702 sent to TelemetryApp
[2025-08-10 12:52:54.961] [MSG_SENT] Message 2703 sent to FlightLogicApp
[2025-08-10 12:52:55.780] [MSG_SENT] Message 2701 sent to HKApp
[2025-08-10 12:52:55.963] [MSG_SENT] Message 2702 sent to TelemetryApp
[2025-08-10 12:52:55.964] [MSG_SENT] Message 2703 sent to FlightLogicApp
[2025-08-10 12:52:56.781] [MSG_SENT] Message 2701 sent to HKApp
[2025-08-10 12:52:56.966] [MSG_SENT] Message 2702 sent to TelemetryApp
[2025-08-10 12:52:56.966] [MSG_SENT] Message 2703 sent to FlightLogicApp
[2025-08-10 12:52:57.782] [MSG_SENT] Message 2701 sent to HKApp
[2025-08-10 12:52:57.968] [MSG_SENT] Message 2702 sent to TelemetryApp
[2025-08-10 12:52:57.969] [MSG_SENT] Message 2703 sent to FlightLogicApp
[2025-08-10 12:52:58.784] [MSG_SENT] Message 2701 sent to HKApp
[2025-08-10 12:52:58.970] [MSG_SENT] Message 2702 sent to TelemetryApp
[2025-08-10 12:52:58.971] [MSG_SENT] Message 2703 sent to FlightLogicApp
[2025-08-10 12:52:59.785] [MSG_SENT] Message 2701 sent to HKApp
[2025-08-10 12:52:59.973] [MSG_SENT] Message 2702 sent to TelemetryApp
[2025-08-10 12:52:59.973] [MSG_SENT] Message 2703 sent to FlightLogicApp
[2025-08-10 12:53:00.786] [MSG_SENT] Message 2701 sent to HKApp
[2025-08-10 12:53:00.975] [MSG_SENT] Message 2702 sent to TelemetryApp
[2025-08-10 12:53:00.976] [MSG_SENT] Message 2703 sent to FlightLogicApp
[2025-08-10 12:53:01.787] [MSG_SENT] Message 2701 sent to HKApp
[2025-08-10 12:53:01.977] [MSG_SENT] Message 2702 sent to TelemetryApp
[2025-08-10 12:53:01.978] [MSG_SENT] Message 2703 sent to FlightLogicApp
[2025-08-10 12:53:02.789] [MSG_SENT] Message 2701 sent to HKApp
[2025-08-10 12:53:02.980] [MSG_SENT] Message 2702 sent to TelemetryApp
[2025-08-10 12:53:02.981] [MSG_SENT] Message 2703 sent to FlightLogicApp
[2025-08-10 12:53:03.790] [MSG_SENT] Message 2701 sent to HKApp
[2025-08-10 12:53:03.982] [MSG_SENT] Message 2702 sent to TelemetryApp
[2025-08-10 12:53:03.983] [MSG_SENT] Message 2703 sent to FlightLogicApp
[2025-08-10 12:53:04.791] [MSG_SENT] Message 2701 sent to HKApp
[2025-08-10 12:53:04.985] [MSG_SENT] Message 2702 sent to TelemetryApp
[2025-08-10 12:53:04.985] [MSG_SENT] Message 2703 sent to FlightLogicApp
[2025-08-10 12:53:05.792] [MSG_SENT] Message 2701 sent to HKApp
[2025-08-10 12:53:05.987] [MSG_SENT] Message 2702 sent to TelemetryApp
[2025-08-10 12:53:05.988] [MSG_SENT] Message 2703 sent to FlightLogicApp
[2025-08-10 12:53:06.793] [MSG_SENT] Message 2701 sent to HKApp
[2025-08-10 12:53:06.989] [MSG_SENT] Message 2702 sent to TelemetryApp
[2025-08-10 12:53:06.990] [MSG_SENT] Message 2703 sent to FlightLogicApp
[2025-08-10 12:53:07.795] [MSG_SENT] Message 2701 sent to HKApp
[2025-08-10 12:53:07.991] [MSG_SENT] Message 2702 sent to TelemetryApp
[2025-08-10 12:53:07.992] [MSG_SENT] Message 2703 sent to FlightLogicApp
[2025-08-10 12:53:08.796] [MSG_SENT] Message 2701 sent to HKApp
[2025-08-10 12:53:08.994] [MSG_SENT] Message 2702 sent to TelemetryApp
[2025-08-10 12:53:08.994] [MSG_SENT] Message 2703 sent to FlightLogicApp
[2025-08-10 12:53:09.797] [MSG_SENT] Message 2701 sent to HKApp
[2025-08-10 12:53:09.996] [MSG_SENT] Message 2702 sent to TelemetryApp
[2025-08-10 12:53:09.997] [MSG_SENT] Message 2703 sent to FlightLogicApp
[2025-08-10 12:53:10.799] [MSG_SENT] Message 2701 sent to HKApp
[2025-08-10 12:53:10.998] [MSG_SENT] Message 2702 sent to TelemetryApp
[2025-08-10 12:53:10.999] [MSG_SENT] Message 2703 sent to FlightLogicApp
[2025-08-10 12:53:11.800] [MSG_SENT] Message 2701 sent to HKApp
[2025-08-10 12:53:12.001] [MSG_SENT] Message 2702 sent to TelemetryApp
[2025-08-10 12:53:12.002] [MSG_SENT] Message 2703 sent to FlightLogicApp
[2025-08-10 12:53:12.801] [MSG_SENT] Message 2701 sent to HKApp
[2025-08-10 12:53:13.004] [MSG_SENT] Message 2702 sent to TelemetryApp
[2025-08-10 12:53:13.005] [MSG_SENT] Message 2703 sent to FlightLogicApp
[2025-08-10 12:53:13.802] [MSG_SENT] Message 2701 sent to HKApp
[2025-08-10 12:53:14.006] [MSG_SENT] Message 2702 sent to TelemetryApp
[2025-08-10 12:53:14.008] [MSG_SENT] Message 2703 sent to FlightLogicApp
[2025-08-10 12:53:14.804] [MSG_SENT] Message 2701 sent to HKApp
[2025-08-10 12:53:15.010] [MSG_SENT] Message 2702 sent to TelemetryApp
[2025-08-10 12:53:15.011] [MSG_SENT] Message 2703 sent to FlightLogicApp
[2025-08-10 12:53:15.805] [MSG_SENT] Message 2701 sent to HKApp
[2025-08-10 12:53:16.012] [MSG_SENT] Message 2702 sent to TelemetryApp
[2025-08-10 12:53:16.013] [MSG_SENT] Message 2703 sent to FlightLogicApp
[2025-08-10 12:53:16.806] [MSG_SENT] Message 2701 sent to HKApp
[2025-08-10 12:53:17.014] [MSG_SENT] Message 2702 sent to TelemetryApp
[2025-08-10 12:53:17.015] [MSG_SENT] Message 2703 sent to FlightLogicApp
[2025-08-10 12:53:17.808] [MSG_SENT] Message 2701 sent to HKApp
[2025-08-10 12:53:18.016] [MSG_SENT] Message 2702 sent to TelemetryApp
[2025-08-10 12:53:18.017] [MSG_SENT] Message 2703 sent to FlightLogicApp
[2025-08-10 12:53:18.809] [MSG_SENT] Message 2701 sent to HKApp
[2025-08-10 12:53:19.018] [MSG_SENT] Message 2702 sent to TelemetryApp
[2025-08-10 12:53:19.019] [MSG_SENT] Message 2703 sent to FlightLogicApp
[2025-08-10 12:53:19.810] [MSG_SENT] Message 2701 sent to HKApp
[2025-08-10 12:53:20.020] [MSG_SENT] Message 2702 sent to TelemetryApp
[2025-08-10 12:53:20.023] [MSG_SENT] Message 2703 sent to FlightLogicApp
[2025-08-10 12:53:20.812] [MSG_SENT] Message 2701 sent to HKApp
[2025-08-10 12:53:21.024] [MSG_SENT] Message 2702 sent to TelemetryApp
[2025-08-10 12:53:21.025] [MSG_SENT] Message 2703 sent to FlightLogicApp
[2025-08-10 12:53:21.813] [MSG_SENT] Message 2701 sent to HKApp
[2025-08-10 12:53:22.026] [MSG_SENT] Message 2702 sent to TelemetryApp
[2025-08-10 12:53:22.027] [MSG_SENT] Message 2703 sent to FlightLogicApp
[2025-08-10 12:53:22.814] [MSG_SENT] Message 2701 sent to HKApp
[2025-08-10 12:53:23.028] [MSG_SENT] Message 2702 sent to TelemetryApp
[2025-08-10 12:53:23.029] [MSG_SENT] Message 2703 sent to FlightLogicApp
[2025-08-10 12:53:23.816] [MSG_SENT] Message 2701 sent to HKApp
[2025-08-10 12:53:24.031] [MSG_SENT] Message 2702 sent to TelemetryApp
[2025-08-10 12:53:24.031] [MSG_SENT] Message 2703 sent to FlightLogicApp
[2025-08-10 12:53:24.820] [MSG_SENT] Message 2701 sent to HKApp
[2025-08-10 12:53:25.033] [MSG_SENT] Message 2702 sent to TelemetryApp
[2025-08-10 12:53:25.034] [MSG_SENT] Message 2703 sent to FlightLogicApp
[2025-08-10 12:53:25.822] [MSG_SENT] Message 2701 sent to HKApp
[2025-08-10 12:53:26.036] [MSG_SENT] Message 2702 sent to TelemetryApp
[2025-08-10 12:53:26.037] [MSG_SENT] Message 2703 sent to FlightLogicApp
[2025-08-10 12:53:26.823] [MSG_SENT] Message 2701 sent to HKApp
[2025-08-10 12:53:27.038] [MSG_SENT] Message 2702 sent to TelemetryApp
[2025-08-10 12:53:27.039] [MSG_SENT] Message 2703 sent to FlightLogicApp
[2025-08-10 12:53:27.824] [MSG_SENT] Message 2701 sent to HKApp
[2025-08-10 12:53:28.040] [MSG_SENT] Message 2702 sent to TelemetryApp
[2025-08-10 12:53:28.041] [MSG_SENT] Message 2703 sent to FlightLogicApp
[2025-08-10 12:53:28.825] [MSG_SENT] Message 2701 sent to HKApp
[2025-08-10 12:53:29.043] [MSG_SENT] Message 2702 sent to TelemetryApp
[2025-08-10 12:53:29.044] [MSG_SENT] Message 2703 sent to FlightLogicApp
[2025-08-10 12:53:29.827] [MSG_SENT] Message 2701 sent to HKApp
[2025-08-10 12:53:30.045] [MSG_SENT] Message 2702 sent to TelemetryApp
[2025-08-10 12:53:30.046] [MSG_SENT] Message 2703 sent to FlightLogicApp
[2025-08-10 12:53:30.828] [MSG_SENT] Message 2701 sent to HKApp
[2025-08-10 12:53:31.048] [MSG_SENT] Message 2702 sent to TelemetryApp
[2025-08-10 12:53:31.049] [MSG_SENT] Message 2703 sent to FlightLogicApp
[2025-08-10 12:53:31.830] [MSG_SENT] Message 2701 sent to HKApp
[2025-08-10 12:53:32.051] [MSG_SENT] Message 2702 sent to TelemetryApp
[2025-08-10 12:53:32.051] [MSG_SENT] Message 2703 sent to FlightLogicApp
[2025-08-10 12:53:32.831] [MSG_SENT] Message 2701 sent to HKApp
[2025-08-10 12:53:33.053] [MSG_SENT] Message 2702 sent to TelemetryApp
[2025-08-10 12:53:33.149] [MSG_SENT] Message 2703 sent to FlightLogicApp
[2025-08-10 12:53:34.148] [MSG_SENT] Message 2701 sent to HKApp
[2025-08-10 12:53:34.151] [MSG_SENT] Message 2702 sent to TelemetryApp
[2025-08-10 12:53:34.152] [MSG_SENT] Message 2703 sent to FlightLogicApp
[2025-08-10 12:53:35.150] [MSG_SENT] Message 2701 sent to HKApp
[2025-08-10 12:53:35.154] [MSG_SENT] Message 2702 sent to TelemetryApp
[2025-08-10 12:53:35.154] [MSG_SENT] Message 2703 sent to FlightLogicApp
[2025-08-10 12:53:36.151] [MSG_SENT] Message 2701 sent to HKApp
[2025-08-10 12:53:36.157] [MSG_SENT] Message 2702 sent to TelemetryApp
[2025-08-10 12:53:36.158] [MSG_SENT] Message 2703 sent to FlightLogicApp
[2025-08-10 12:53:37.153] [MSG_SENT] Message 2701 sent to HKApp
[2025-08-10 12:53:37.159] [MSG_SENT] Message 2702 sent to TelemetryApp
[2025-08-10 12:53:37.160] [MSG_SENT] Message 2703 sent to FlightLogicApp
[2025-08-10 12:53:38.154] [MSG_SENT] Message 2701 sent to HKApp
[2025-08-10 12:53:38.163] [MSG_SENT] Message 2702 sent to TelemetryApp
[2025-08-10 12:53:38.169] [MSG_SENT] Message 2703 sent to FlightLogicApp
[2025-08-10 12:53:39.156] [MSG_SENT] Message 2701 sent to HKApp
[2025-08-10 12:53:39.170] [MSG_SENT] Message 2702 sent to TelemetryApp
[2025-08-10 12:53:39.171] [MSG_SENT] Message 2703 sent to FlightLogicApp
[2025-08-10 12:53:40.157] [MSG_SENT] Message 2701 sent to HKApp
[2025-08-10 12:53:40.173] [MSG_SENT] Message 2702 sent to TelemetryApp
[2025-08-10 12:53:40.174] [MSG_SENT] Message 2703 sent to FlightLogicApp
[2025-08-10 12:53:41.158] [MSG_SENT] Message 2701 sent to HKApp
[2025-08-10 12:53:41.175] [MSG_SENT] Message 2702 sent to TelemetryApp
[2025-08-10 12:53:41.176] [MSG_SENT] Message 2703 sent to FlightLogicApp
[2025-08-10 12:53:42.159] [MSG_SENT] Message 2701 sent to HKApp
[2025-08-10 12:53:42.177] [MSG_SENT] Message 2702 sent to TelemetryApp
[2025-08-10 12:53:42.178] [MSG_SENT] Message 2703 sent to FlightLogicApp
[2025-08-10 12:53:43.161] [MSG_SENT] Message 2701 sent to HKApp
[2025-08-10 12:53:43.180] [MSG_SENT] Message 2702 sent to TelemetryApp
[2025-08-10 12:53:43.181] [MSG_SENT] Message 2703 sent to FlightLogicApp
[2025-08-10 12:53:44.162] [MSG_SENT] Message 2701 sent to HKApp
[2025-08-10 12:53:44.184] [MSG_SENT] Message 2702 sent to TelemetryApp
[2025-08-10 12:53:44.185] [MSG_SENT] Message 2703 sent to FlightLogicApp
[2025-08-10 12:53:45.164] [MSG_SENT] Message 2701 sent to HKApp
[2025-08-10 12:53:45.187] [MSG_SENT] Message 2702 sent to TelemetryApp
[2025-08-10 12:53:45.188] [MSG_SENT] Message 2703 sent to FlightLogicApp
[2025-08-10 12:53:46.165] [MSG_SENT] Message 2701 sent to HKApp
[2025-08-10 12:53:46.190] [MSG_SENT] Message 2702 sent to TelemetryApp
[2025-08-10 12:53:46.191] [MSG_SENT] Message 2703 sent to FlightLogicApp
[2025-08-10 12:53:47.166] [MSG_SENT] Message 2701 sent to HKApp
[2025-08-10 12:53:47.192] [MSG_SENT] Message 2702 sent to TelemetryApp
[2025-08-10 12:53:47.193] [MSG_SENT] Message 2703 sent to FlightLogicApp
[2025-08-10 12:53:48.168] [MSG_SENT] Message 2701 sent to HKApp
[2025-08-10 12:53:48.194] [MSG_SENT] Message 2702 sent to TelemetryApp
[2025-08-10 12:53:48.195] [MSG_SENT] Message 2703 sent to FlightLogicApp
[2025-08-10 12:53:49.169] [MSG_SENT] Message 2701 sent to HKApp
[2025-08-10 12:53:49.197] [MSG_SENT] Message 2702 sent to TelemetryApp
[2025-08-10 12:53:49.197] [MSG_SENT] Message 2703 sent to FlightLogicApp
[2025-08-10 12:53:50.170] [MSG_SENT] Message 2701 sent to HKApp
[2025-08-10 12:53:50.199] [MSG_SENT] Message 2702 sent to TelemetryApp
[2025-08-10 12:53:50.200] [MSG_SENT] Message 2703 sent to FlightLogicApp
[2025-08-10 12:53:51.171] [MSG_SENT] Message 2701 sent to HKApp
[2025-08-10 12:53:51.202] [MSG_SENT] Message 2702 sent to TelemetryApp
[2025-08-10 12:53:51.203] [MSG_SENT] Message 2703 sent to FlightLogicApp
[2025-08-10 12:53:52.173] [MSG_SENT] Message 2701 sent to HKApp
[2025-08-10 12:53:52.204] [MSG_SENT] Message 2702 sent to TelemetryApp
[2025-08-10 12:53:52.205] [MSG_SENT] Message 2703 sent to FlightLogicApp
[2025-08-10 12:53:53.176] [MSG_SENT] Message 2701 sent to HKApp
[2025-08-10 12:53:53.207] [MSG_SENT] Message 2702 sent to TelemetryApp
[2025-08-10 12:53:53.208] [MSG_SENT] Message 2703 sent to FlightLogicApp
[2025-08-10 12:53:54.179] [MSG_SENT] Message 2701 sent to HKApp
[2025-08-10 12:53:54.210] [MSG_SENT] Message 2702 sent to TelemetryApp
[2025-08-10 12:53:54.210] [MSG_SENT] Message 2703 sent to FlightLogicApp
[2025-08-10 12:53:55.181] [MSG_SENT] Message 2701 sent to HKApp
[2025-08-10 12:53:55.212] [MSG_SENT] Message 2702 sent to TelemetryApp
[2025-08-10 12:53:55.213] [MSG_SENT] Message 2703 sent to FlightLogicApp
[2025-08-10 12:53:56.182] [MSG_SENT] Message 2701 sent to HKApp
[2025-08-10 12:53:56.214] [MSG_SENT] Message 2702 sent to TelemetryApp
[2025-08-10 12:53:56.215] [MSG_SENT] Message 2703 sent to FlightLogicApp
[2025-08-10 12:53:57.184] [MSG_SENT] Message 2701 sent to HKApp
[2025-08-10 12:53:57.216] [MSG_SENT] Message 2702 sent to TelemetryApp
[2025-08-10 12:53:57.217] [MSG_SENT] Message 2703 sent to FlightLogicApp
[2025-08-10 12:53:58.185] [MSG_SENT] Message 2701 sent to HKApp
[2025-08-10 12:53:58.219] [MSG_SENT] Message 2702 sent to TelemetryApp
[2025-08-10 12:53:58.219] [MSG_SENT] Message 2703 sent to FlightLogicApp
[2025-08-10 12:53:59.186] [MSG_SENT] Message 2701 sent to HKApp
[2025-08-10 12:53:59.221] [MSG_SENT] Message 2702 sent to TelemetryApp
[2025-08-10 12:53:59.222] [MSG_SENT] Message 2703 sent to FlightLogicApp
[2025-08-10 12:54:00.188] [MSG_SENT] Message 2701 sent to HKApp
[2025-08-10 12:54:00.224] [MSG_SENT] Message 2702 sent to TelemetryApp
[2025-08-10 12:54:00.226] [MSG_SENT] Message 2703 sent to FlightLogicApp
[2025-08-10 12:54:01.190] [MSG_SENT] Message 2701 sent to HKApp
[2025-08-10 12:54:01.227] [MSG_SENT] Message 2702 sent to TelemetryApp
[2025-08-10 12:54:01.228] [MSG_SENT] Message 2703 sent to FlightLogicApp
[2025-08-10 12:54:02.191] [MSG_SENT] Message 2701 sent to HKApp
[2025-08-10 12:54:02.229] [MSG_SENT] Message 2702 sent to TelemetryApp
[2025-08-10 12:54:02.230] [MSG_SENT] Message 2703 sent to FlightLogicApp
[2025-08-10 12:54:03.193] [MSG_SENT] Message 2701 sent to HKApp
[2025-08-10 12:54:03.232] [MSG_SENT] Message 2702 sent to TelemetryApp
[2025-08-10 12:54:03.232] [MSG_SENT] Message 2703 sent to FlightLogicApp
[2025-08-10 12:54:04.194] [MSG_SENT] Message 2701 sent to HKApp
[2025-08-10 12:54:04.234] [MSG_SENT] Message 2702 sent to TelemetryApp
[2025-08-10 12:54:04.235] [MSG_SENT] Message 2703 sent to FlightLogicApp
[2025-08-10 12:54:05.195] [MSG_SENT] Message 2701 sent to HKApp
[2025-08-10 12:54:05.237] [MSG_SENT] Message 2702 sent to TelemetryApp
[2025-08-10 12:54:05.238] [MSG_SENT] Message 2703 sent to FlightLogicApp
[2025-08-10 12:54:06.196] [MSG_SENT] Message 2701 sent to HKApp
[2025-08-10 12:54:06.239] [MSG_SENT] Message 2702 sent to TelemetryApp
[2025-08-10 12:54:06.240] [MSG_SENT] Message 2703 sent to FlightLogicApp
[2025-08-10 12:54:07.198] [MSG_SENT] Message 2701 sent to HKApp
[2025-08-10 12:54:07.242] [MSG_SENT] Message 2702 sent to TelemetryApp
[2025-08-10 12:54:07.243] [MSG_SENT] Message 2703 sent to FlightLogicApp
[2025-08-10 12:54:08.199] [MSG_SENT] Message 2701 sent to HKApp
[2025-08-10 12:54:08.244] [MSG_SENT] Message 2702 sent to TelemetryApp
[2025-08-10 12:54:08.249] [MSG_SENT] Message 2703 sent to FlightLogicApp
[2025-08-10 12:54:09.200] [MSG_SENT] Message 2701 sent to HKApp
[2025-08-10 12:54:09.252] [MSG_SENT] Message 2702 sent to TelemetryApp
[2025-08-10 12:54:09.254] [MSG_SENT] Message 2703 sent to FlightLogicApp
[2025-08-10 12:54:10.202] [MSG_SENT] Message 2701 sent to HKApp
[2025-08-10 12:54:10.255] [MSG_SENT] Message 2702 sent to TelemetryApp
[2025-08-10 12:54:10.256] [MSG_SENT] Message 2703 sent to FlightLogicApp
[2025-08-10 12:54:11.203] [MSG_SENT] Message 2701 sent to HKApp
[2025-08-10 12:54:11.257] [MSG_SENT] Message 2702 sent to TelemetryApp
[2025-08-10 12:54:11.258] [MSG_SENT] Message 2703 sent to FlightLogicApp
[2025-08-10 12:54:12.204] [MSG_SENT] Message 2701 sent to HKApp
[2025-08-10 12:54:12.260] [MSG_SENT] Message 2702 sent to TelemetryApp
[2025-08-10 12:54:12.261] [MSG_SENT] Message 2703 sent to FlightLogicApp
[2025-08-10 12:54:13.206] [MSG_SENT] Message 2701 sent to HKApp
[2025-08-10 12:54:13.262] [MSG_SENT] Message 2702 sent to TelemetryApp
[2025-08-10 12:54:13.264] [MSG_SENT] Message 2703 sent to FlightLogicApp
[2025-08-10 12:54:14.209] [MSG_SENT] Message 2701 sent to HKApp
[2025-08-10 12:54:14.265] [MSG_SENT] Message 2702 sent to TelemetryApp
[2025-08-10 12:54:14.267] [MSG_SENT] Message 2703 sent to FlightLogicApp
[2025-08-10 12:54:15.210] [MSG_SENT] Message 2701 sent to HKApp
[2025-08-10 12:54:15.268] [MSG_SENT] Message 2702 sent to TelemetryApp
[2025-08-10 12:54:15.269] [MSG_SENT] Message 2703 sent to FlightLogicApp
[2025-08-10 12:54:16.211] [MSG_SENT] Message 2701 sent to HKApp
[2025-08-10 12:54:16.270] [MSG_SENT] Message 2702 sent to TelemetryApp
[2025-08-10 12:54:16.271] [MSG_SENT] Message 2703 sent to FlightLogicApp
[2025-08-10 12:54:17.213] [MSG_SENT] Message 2701 sent to HKApp
[2025-08-10 12:54:17.272] [MSG_SENT] Message 2702 sent to TelemetryApp
[2025-08-10 12:54:17.273] [MSG_SENT] Message 2703 sent to FlightLogicApp
[2025-08-10 12:54:18.214] [MSG_SENT] Message 2701 sent to HKApp
[2025-08-10 12:54:18.274] [MSG_SENT] Message 2702 sent to TelemetryApp
[2025-08-10 12:54:18.282] [MSG_SENT] Message 2703 sent to FlightLogicApp
[2025-08-10 12:54:19.215] [MSG_SENT] Message 2701 sent to HKApp
[2025-08-10 12:54:19.284] [MSG_SENT] Message 2702 sent to TelemetryApp
[2025-08-10 12:54:19.285] [MSG_SENT] Message 2703 sent to FlightLogicApp
[2025-08-10 12:54:20.217] [MSG_SENT] Message 2701 sent to HKApp
[2025-08-10 12:54:20.287] [MSG_SENT] Message 2702 sent to TelemetryApp
[2025-08-10 12:54:20.289] [MSG_SENT] Message 2703 sent to FlightLogicApp
[2025-08-10 12:54:21.219] [MSG_SENT] Message 2701 sent to HKApp
[2025-08-10 12:54:21.290] [MSG_SENT] Message 2702 sent to TelemetryApp
[2025-08-10 12:54:21.293] [MSG_SENT] Message 2703 sent to FlightLogicApp
[2025-08-10 12:54:22.221] [MSG_SENT] Message 2701 sent to HKApp
[2025-08-10 12:54:22.294] [MSG_SENT] Message 2702 sent to TelemetryApp
[2025-08-10 12:54:22.296] [MSG_SENT] Message 2703 sent to FlightLogicApp
[2025-08-10 12:54:23.222] [MSG_SENT] Message 2701 sent to HKApp
[2025-08-10 12:54:23.297] [MSG_SENT] Message 2702 sent to TelemetryApp
[2025-08-10 12:54:23.297] [MSG_SENT] Message 2703 sent to FlightLogicApp
[2025-08-10 12:54:24.224] [MSG_SENT] Message 2701 sent to HKApp
[2025-08-10 12:54:24.299] [MSG_SENT] Message 2702 sent to TelemetryApp
[2025-08-10 12:54:24.300] [MSG_SENT] Message 2703 sent to FlightLogicApp
[2025-08-10 12:54:25.226] [MSG_SENT] Message 2701 sent to HKApp
[2025-08-10 12:54:25.302] [MSG_SENT] Message 2702 sent to TelemetryApp
[2025-08-10 12:54:25.302] [MSG_SENT] Message 2703 sent to FlightLogicApp
[2025-08-10 12:54:26.227] [MSG_SENT] Message 2701 sent to HKApp
[2025-08-10 12:54:26.304] [MSG_SENT] Message 2702 sent to TelemetryApp
[2025-08-10 12:54:26.304] [MSG_SENT] Message 2703 sent to FlightLogicApp
[2025-08-10 12:54:27.228] [MSG_SENT] Message 2701 sent to HKApp
[2025-08-10 12:54:27.306] [MSG_SENT] Message 2702 sent to TelemetryApp
[2025-08-10 12:54:27.307] [MSG_SENT] Message 2703 sent to FlightLogicApp
[2025-08-10 12:54:28.230] [MSG_SENT] Message 2701 sent to HKApp
[2025-08-10 12:54:28.309] [MSG_SENT] Message 2702 sent to TelemetryApp
[2025-08-10 12:54:28.311] [MSG_SENT] Message 2703 sent to FlightLogicApp
[2025-08-10 12:54:29.231] [MSG_SENT] Message 2701 sent to HKApp
[2025-08-10 12:54:29.312] [MSG_SENT] Message 2702 sent to TelemetryApp
[2025-08-10 12:54:29.313] [MSG_SENT] Message 2703 sent to FlightLogicApp
[2025-08-10 12:54:30.233] [MSG_SENT] Message 2701 sent to HKApp
[2025-08-10 12:54:30.314] [MSG_SENT] Message 2702 sent to TelemetryApp
[2025-08-10 12:54:30.315] [MSG_SENT] Message 2703 sent to FlightLogicApp
[2025-08-10 12:54:31.234] [MSG_SENT] Message 2701 sent to HKApp
[2025-08-10 12:54:31.316] [MSG_SENT] Message 2702 sent to TelemetryApp
[2025-08-10 12:54:31.317] [MSG_SENT] Message 2703 sent to FlightLogicApp
[2025-08-10 12:54:32.236] [MSG_SENT] Message 2701 sent to HKApp
[2025-08-10 12:54:32.319] [MSG_SENT] Message 2702 sent to TelemetryApp
[2025-08-10 12:54:32.320] [MSG_SENT] Message 2703 sent to FlightLogicApp
[2025-08-10 12:54:33.237] [MSG_SENT] Message 2701 sent to HKApp
[2025-08-10 12:54:33.321] [MSG_SENT] Message 2702 sent to TelemetryApp
[2025-08-10 12:54:33.334] [MSG_SENT] Message 2703 sent to FlightLogicApp
[2025-08-10 12:54:34.238] [MSG_SENT] Message 2701 sent to HKApp
[2025-08-10 12:54:34.335] [MSG_SENT] Message 2702 sent to TelemetryApp
[2025-08-10 12:54:34.336] [MSG_SENT] Message 2703 sent to FlightLogicApp
[2025-08-10 12:54:35.239] [MSG_SENT] Message 2701 sent to HKApp
[2025-08-10 12:54:35.338] [MSG_SENT] Message 2702 sent to TelemetryApp
[2025-08-10 12:54:35.338] [MSG_SENT] Message 2703 sent to FlightLogicApp
[2025-08-10 12:54:36.241] [MSG_SENT] Message 2701 sent to HKApp
[2025-08-10 12:54:36.340] [MSG_SENT] Message 2702 sent to TelemetryApp
[2025-08-10 12:54:36.341] [MSG_SENT] Message 2703 sent to FlightLogicApp
[2025-08-10 12:54:37.242] [MSG_SENT] Message 2701 sent to HKApp
[2025-08-10 12:54:37.342] [MSG_SENT] Message 2702 sent to TelemetryApp
[2025-08-10 12:54:37.343] [MSG_SENT] Message 2703 sent to FlightLogicApp
[2025-08-10 12:54:38.243] [MSG_SENT] Message 2701 sent to HKApp
[2025-08-10 12:54:38.345] [MSG_SENT] Message 2702 sent to TelemetryApp
[2025-08-10 12:54:38.361] [MSG_SENT] Message 2703 sent to FlightLogicApp
[2025-08-10 12:54:39.245] [MSG_SENT] Message 2701 sent to HKApp
[2025-08-10 12:54:39.363] [MSG_SENT] Message 2702 sent to TelemetryApp
[2025-08-10 12:54:39.364] [MSG_SENT] Message 2703 sent to FlightLogicApp
[2025-08-10 12:54:40.246] [MSG_SENT] Message 2701 sent to HKApp
[2025-08-10 12:54:40.365] [MSG_SENT] Message 2702 sent to TelemetryApp
[2025-08-10 12:54:40.367] [MSG_SENT] Message 2703 sent to FlightLogicApp
[2025-08-10 12:54:41.247] [MSG_SENT] Message 2701 sent to HKApp
[2025-08-10 12:54:41.368] [MSG_SENT] Message 2702 sent to TelemetryApp
[2025-08-10 12:54:41.371] [MSG_SENT] Message 2703 sent to FlightLogicApp
[2025-08-10 12:54:42.249] [MSG_SENT] Message 2701 sent to HKApp
[2025-08-10 12:54:42.373] [MSG_SENT] Message 2702 sent to TelemetryApp
[2025-08-10 12:54:42.374] [MSG_SENT] Message 2703 sent to FlightLogicApp
[2025-08-10 12:54:43.250] [MSG_SENT] Message 2701 sent to HKApp
[2025-08-10 12:54:43.375] [MSG_SENT] Message 2702 sent to TelemetryApp
[2025-08-10 12:54:43.378] [MSG_SENT] Message 2703 sent to FlightLogicApp
[2025-08-10 12:54:44.251] [MSG_SENT] Message 2701 sent to HKApp
[2025-08-10 12:54:44.379] [MSG_SENT] Message 2702 sent to TelemetryApp
[2025-08-10 12:54:44.380] [MSG_SENT] Message 2703 sent to FlightLogicApp
[2025-08-10 12:54:45.253] [MSG_SENT] Message 2701 sent to HKApp
[2025-08-10 12:54:45.382] [MSG_SENT] Message 2702 sent to TelemetryApp
[2025-08-10 12:54:45.384] [MSG_SENT] Message 2703 sent to FlightLogicApp
[2025-08-10 12:54:46.255] [MSG_SENT] Message 2701 sent to HKApp
[2025-08-10 12:54:46.385] [MSG_SENT] Message 2702 sent to TelemetryApp
[2025-08-10 12:54:46.386] [MSG_SENT] Message 2703 sent to FlightLogicApp
[2025-08-10 12:54:47.257] [MSG_SENT] Message 2701 sent to HKApp
[2025-08-10 12:54:47.387] [MSG_SENT] Message 2702 sent to TelemetryApp
[2025-08-10 12:54:47.388] [MSG_SENT] Message 2703 sent to FlightLogicApp
[2025-08-10 12:54:48.258] [MSG_SENT] Message 2701 sent to HKApp
[2025-08-10 12:54:48.390] [MSG_SENT] Message 2702 sent to TelemetryApp
[2025-08-10 12:54:48.390] [MSG_SENT] Message 2703 sent to FlightLogicApp
[2025-08-10 12:54:49.259] [MSG_SENT] Message 2701 sent to HKApp
[2025-08-10 12:54:49.392] [MSG_SENT] Message 2702 sent to TelemetryApp
[2025-08-10 12:54:49.393] [MSG_SENT] Message 2703 sent to FlightLogicApp
[2025-08-10 12:54:50.260] [MSG_SENT] Message 2701 sent to HKApp
[2025-08-10 12:54:50.394] [MSG_SENT] Message 2702 sent to TelemetryApp
[2025-08-10 12:54:50.396] [MSG_SENT] Message 2703 sent to FlightLogicApp
[2025-08-10 12:54:51.262] [MSG_SENT] Message 2701 sent to HKApp
[2025-08-10 12:54:51.397] [MSG_SENT] Message 2702 sent to TelemetryApp
[2025-08-10 12:54:51.398] [MSG_SENT] Message 2703 sent to FlightLogicApp
[2025-08-10 12:54:52.263] [MSG_SENT] Message 2701 sent to HKApp
[2025-08-10 12:54:52.399] [MSG_SENT] Message 2702 sent to TelemetryApp
[2025-08-10 12:54:52.400] [MSG_SENT] Message 2703 sent to FlightLogicApp
[2025-08-10 12:54:53.264] [MSG_SENT] Message 2701 sent to HKApp
[2025-08-10 12:54:53.402] [MSG_SENT] Message 2702 sent to TelemetryApp
[2025-08-10 12:54:53.402] [MSG_SENT] Message 2703 sent to FlightLogicApp
[2025-08-10 12:54:54.265] [MSG_SENT] Message 2701 sent to HKApp
[2025-08-10 12:54:54.404] [MSG_SENT] Message 2702 sent to TelemetryApp
[2025-08-10 12:54:54.405] [MSG_SENT] Message 2703 sent to FlightLogicApp
[2025-08-10 12:54:55.266] [MSG_SENT] Message 2701 sent to HKApp
[2025-08-10 12:54:55.406] [MSG_SENT] Message 2702 sent to TelemetryApp
[2025-08-10 12:54:55.407] [MSG_SENT] Message 2703 sent to FlightLogicApp
[2025-08-10 12:54:56.268] [MSG_SENT] Message 2701 sent to HKApp
[2025-08-10 12:54:56.408] [MSG_SENT] Message 2702 sent to TelemetryApp
[2025-08-10 12:54:56.409] [MSG_SENT] Message 2703 sent to FlightLogicApp
[2025-08-10 12:54:57.270] [MSG_SENT] Message 2701 sent to HKApp
[2025-08-10 12:54:57.412] [MSG_SENT] Message 2702 sent to TelemetryApp
[2025-08-10 12:54:57.413] [MSG_SENT] Message 2703 sent to FlightLogicApp
[2025-08-10 12:54:58.271] [MSG_SENT] Message 2701 sent to HKApp
[2025-08-10 12:54:58.414] [MSG_SENT] Message 2702 sent to TelemetryApp
[2025-08-10 12:54:58.415] [MSG_SENT] Message 2703 sent to FlightLogicApp
[2025-08-10 12:54:59.273] [MSG_SENT] Message 2701 sent to HKApp
[2025-08-10 12:54:59.416] [MSG_SENT] Message 2702 sent to TelemetryApp
[2025-08-10 12:54:59.416] [MSG_SENT] Message 2703 sent to FlightLogicApp
[2025-08-10 12:55:00.274] [MSG_SENT] Message 2701 sent to HKApp
[2025-08-10 12:55:00.417] [MSG_SENT] Message 2702 sent to TelemetryApp
[2025-08-10 12:55:00.418] [MSG_SENT] Message 2703 sent to FlightLogicApp
[2025-08-10 12:55:01.275] [MSG_SENT] Message 2701 sent to HKApp
[2025-08-10 12:55:01.419] [MSG_SENT] Message 2702 sent to TelemetryApp
[2025-08-10 12:55:01.421] [MSG_SENT] Message 2703 sent to FlightLogicApp
[2025-08-10 12:55:02.277] [MSG_SENT] Message 2701 sent to HKApp
[2025-08-10 12:55:02.422] [MSG_SENT] Message 2702 sent to TelemetryApp
[2025-08-10 12:55:02.424] [MSG_SENT] Message 2703 sent to FlightLogicApp
[2025-08-10 12:55:03.278] [MSG_SENT] Message 2701 sent to HKApp
[2025-08-10 12:55:03.426] [MSG_SENT] Message 2702 sent to TelemetryApp
[2025-08-10 12:55:03.429] [MSG_SENT] Message 2703 sent to FlightLogicApp
[2025-08-10 12:55:04.280] [MSG_SENT] Message 2701 sent to HKApp
[2025-08-10 12:55:04.430] [MSG_SENT] Message 2702 sent to TelemetryApp
[2025-08-10 12:55:04.431] [MSG_SENT] Message 2703 sent to FlightLogicApp
[2025-08-10 12:55:05.282] [MSG_SENT] Message 2701 sent to HKApp
[2025-08-10 12:55:05.433] [MSG_SENT] Message 2702 sent to TelemetryApp
[2025-08-10 12:55:05.434] [MSG_SENT] Message 2703 sent to FlightLogicApp
[2025-08-10 12:55:06.283] [MSG_SENT] Message 2701 sent to HKApp
[2025-08-10 12:55:06.435] [MSG_SENT] Message 2702 sent to TelemetryApp
[2025-08-10 12:55:06.436] [MSG_SENT] Message 2703 sent to FlightLogicApp
[2025-08-10 12:55:07.284] [MSG_SENT] Message 2701 sent to HKApp
[2025-08-10 12:55:07.438] [MSG_SENT] Message 2702 sent to TelemetryApp
[2025-08-10 12:55:07.438] [MSG_SENT] Message 2703 sent to FlightLogicApp
[2025-08-10 12:55:08.286] [MSG_SENT] Message 2701 sent to HKApp
[2025-08-10 12:55:08.440] [MSG_SENT] Message 2702 sent to TelemetryApp
[2025-08-10 12:55:08.441] [MSG_SENT] Message 2703 sent to FlightLogicApp
[2025-08-10 12:55:09.287] [MSG_SENT] Message 2701 sent to HKApp
[2025-08-10 12:55:09.442] [MSG_SENT] Message 2702 sent to TelemetryApp
[2025-08-10 12:55:09.444] [MSG_SENT] Message 2703 sent to FlightLogicApp
[2025-08-10 12:55:10.288] [MSG_SENT] Message 2701 sent to HKApp
[2025-08-10 12:55:10.445] [MSG_SENT] Message 2702 sent to TelemetryApp
[2025-08-10 12:55:10.446] [MSG_SENT] Message 2703 sent to FlightLogicApp
[2025-08-10 12:55:11.290] [MSG_SENT] Message 2701 sent to HKApp
[2025-08-10 12:55:11.447] [MSG_SENT] Message 2702 sent to TelemetryApp
[2025-08-10 12:55:11.448] [MSG_SENT] Message 2703 sent to FlightLogicApp
[2025-08-10 12:55:12.291] [MSG_SENT] Message 2701 sent to HKApp
[2025-08-10 12:55:12.451] [MSG_SENT] Message 2702 sent to TelemetryApp
[2025-08-10 12:55:12.452] [MSG_SENT] Message 2703 sent to FlightLogicApp
[2025-08-10 12:55:13.292] [MSG_SENT] Message 2701 sent to HKApp
[2025-08-10 12:55:13.454] [MSG_SENT] Message 2702 sent to TelemetryApp
[2025-08-10 12:55:13.455] [MSG_SENT] Message 2703 sent to FlightLogicApp
[2025-08-10 12:55:14.293] [MSG_SENT] Message 2701 sent to HKApp
[2025-08-10 12:55:14.456] [MSG_SENT] Message 2702 sent to TelemetryApp
[2025-08-10 12:55:14.457] [MSG_SENT] Message 2703 sent to FlightLogicApp
[2025-08-10 12:55:15.295] [MSG_SENT] Message 2701 sent to HKApp
[2025-08-10 12:55:15.459] [MSG_SENT] Message 2702 sent to TelemetryApp
[2025-08-10 12:55:15.459] [MSG_SENT] Message 2703 sent to FlightLogicApp
[2025-08-10 12:55:16.297] [MSG_SENT] Message 2701 sent to HKApp
[2025-08-10 12:55:16.461] [MSG_SENT] Message 2702 sent to TelemetryApp
[2025-08-10 12:55:16.463] [MSG_SENT] Message 2703 sent to FlightLogicApp
[2025-08-10 12:55:17.298] [MSG_SENT] Message 2701 sent to HKApp
[2025-08-10 12:55:17.464] [MSG_SENT] Message 2702 sent to TelemetryApp
[2025-08-10 12:55:17.466] [MSG_SENT] Message 2703 sent to FlightLogicApp
[2025-08-10 12:55:18.300] [MSG_SENT] Message 2701 sent to HKApp
[2025-08-10 12:55:18.467] [MSG_SENT] Message 2702 sent to TelemetryApp
[2025-08-10 12:55:18.479] [MSG_SENT] Message 2703 sent to FlightLogicApp
[2025-08-10 12:55:19.302] [MSG_SENT] Message 2701 sent to HKApp
[2025-08-10 12:55:19.481] [MSG_SENT] Message 2702 sent to TelemetryApp
[2025-08-10 12:55:19.482] [MSG_SENT] Message 2703 sent to FlightLogicApp
[2025-08-10 12:55:20.303] [MSG_SENT] Message 2701 sent to HKApp
[2025-08-10 12:55:20.484] [MSG_SENT] Message 2702 sent to TelemetryApp
[2025-08-10 12:55:20.485] [MSG_SENT] Message 2703 sent to FlightLogicApp
[2025-08-10 12:55:21.305] [MSG_SENT] Message 2701 sent to HKApp
[2025-08-10 12:55:21.487] [MSG_SENT] Message 2702 sent to TelemetryApp
[2025-08-10 12:55:21.488] [MSG_SENT] Message 2703 sent to FlightLogicApp
[2025-08-10 12:55:22.306] [MSG_SENT] Message 2701 sent to HKApp
[2025-08-10 12:55:22.490] [MSG_SENT] Message 2702 sent to TelemetryApp
[2025-08-10 12:55:22.490] [MSG_SENT] Message 2703 sent to FlightLogicApp
[2025-08-10 12:55:23.307] [MSG_SENT] Message 2701 sent to HKApp
[2025-08-10 12:55:23.492] [MSG_SENT] Message 2702 sent to TelemetryApp
[2025-08-10 12:55:23.494] [MSG_SENT] Message 2703 sent to FlightLogicApp
[2025-08-10 12:55:24.308] [MSG_SENT] Message 2701 sent to HKApp
[2025-08-10 12:55:24.496] [MSG_SENT] Message 2702 sent to TelemetryApp
[2025-08-10 12:55:24.497] [MSG_SENT] Message 2703 sent to FlightLogicApp
[2025-08-10 12:55:25.309] [MSG_SENT] Message 2701 sent to HKApp
[2025-08-10 12:55:25.498] [MSG_SENT] Message 2702 sent to TelemetryApp
[2025-08-10 12:55:25.500] [MSG_SENT] Message 2703 sent to FlightLogicApp
[2025-08-10 12:55:26.310] [MSG_SENT] Message 2701 sent to HKApp
[2025-08-10 12:55:26.501] [MSG_SENT] Message 2702 sent to TelemetryApp
[2025-08-10 12:55:26.502] [MSG_SENT] Message 2703 sent to FlightLogicApp
[2025-08-10 12:55:27.312] [MSG_SENT] Message 2701 sent to HKApp
[2025-08-10 12:55:27.503] [MSG_SENT] Message 2702 sent to TelemetryApp
[2025-08-10 12:55:27.504] [MSG_SENT] Message 2703 sent to FlightLogicApp
[2025-08-10 12:55:28.313] [MSG_SENT] Message 2701 sent to HKApp
[2025-08-10 12:55:28.506] [MSG_SENT] Message 2702 sent to TelemetryApp
[2025-08-10 12:55:28.515] [MSG_SENT] Message 2703 sent to FlightLogicApp
[2025-08-10 12:55:29.314] [MSG_SENT] Message 2701 sent to HKApp
[2025-08-10 12:55:29.516] [MSG_SENT] Message 2702 sent to TelemetryApp
[2025-08-10 12:55:29.517] [MSG_SENT] Message 2703 sent to FlightLogicApp
[2025-08-10 12:55:30.316] [MSG_SENT] Message 2701 sent to HKApp
[2025-08-10 12:55:30.520] [MSG_SENT] Message 2702 sent to TelemetryApp
[2025-08-10 12:55:30.521] [MSG_SENT] Message 2703 sent to FlightLogicApp
[2025-08-10 12:55:31.318] [MSG_SENT] Message 2701 sent to HKApp
[2025-08-10 12:55:31.523] [MSG_SENT] Message 2702 sent to TelemetryApp
[2025-08-10 12:55:31.524] [MSG_SENT] Message 2703 sent to FlightLogicApp
[2025-08-10 12:55:32.319] [MSG_SENT] Message 2701 sent to HKApp
[2025-08-10 12:55:32.526] [MSG_SENT] Message 2702 sent to TelemetryApp
[2025-08-10 12:55:32.527] [MSG_SENT] Message 2703 sent to FlightLogicApp
[2025-08-10 12:55:33.321] [MSG_SENT] Message 2701 sent to HKApp
[2025-08-10 12:55:33.529] [MSG_SENT] Message 2702 sent to TelemetryApp
[2025-08-10 12:55:33.529] [MSG_SENT] Message 2703 sent to FlightLogicApp
[2025-08-10 12:55:34.322] [MSG_SENT] Message 2701 sent to HKApp
[2025-08-10 12:55:34.530] [MSG_SENT] Message 2702 sent to TelemetryApp
[2025-08-10 12:55:34.531] [MSG_SENT] Message 2703 sent to FlightLogicApp
[2025-08-10 12:55:35.323] [MSG_SENT] Message 2701 sent to HKApp
[2025-08-10 12:55:35.533] [MSG_SENT] Message 2702 sent to TelemetryApp
[2025-08-10 12:55:35.534] [MSG_SENT] Message 2703 sent to FlightLogicApp
[2025-08-10 12:55:36.325] [MSG_SENT] Message 2701 sent to HKApp
[2025-08-10 12:55:36.537] [MSG_SENT] Message 2702 sent to TelemetryApp
[2025-08-10 12:55:36.538] [MSG_SENT] Message 2703 sent to FlightLogicApp
[2025-08-10 12:55:37.326] [MSG_SENT] Message 2701 sent to HKApp
[2025-08-10 12:55:37.540] [MSG_SENT] Message 2702 sent to TelemetryApp
[2025-08-10 12:55:37.542] [MSG_SENT] Message 2703 sent to FlightLogicApp
[2025-08-10 12:55:38.327] [MSG_SENT] Message 2701 sent to HKApp
[2025-08-10 12:55:38.543] [MSG_SENT] Message 2702 sent to TelemetryApp
[2025-08-10 12:55:38.545] [MSG_SENT] Message 2703 sent to FlightLogicApp
[2025-08-10 12:55:39.329] [MSG_SENT] Message 2701 sent to HKApp
[2025-08-10 12:55:39.546] [MSG_SENT] Message 2702 sent to TelemetryApp
[2025-08-10 12:55:39.547] [MSG_SENT] Message 2703 sent to FlightLogicApp
[2025-08-10 12:55:40.330] [MSG_SENT] Message 2701 sent to HKApp
[2025-08-10 12:55:40.548] [MSG_SENT] Message 2702 sent to TelemetryApp
[2025-08-10 12:55:40.549] [MSG_SENT] Message 2703 sent to FlightLogicApp
[2025-08-10 12:55:41.331] [MSG_SENT] Message 2701 sent to HKApp
[2025-08-10 12:55:41.551] [MSG_SENT] Message 2702 sent to TelemetryApp
[2025-08-10 12:55:41.552] [MSG_SENT] Message 2703 sent to FlightLogicApp
[2025-08-10 12:55:42.333] [MSG_SENT] Message 2701 sent to HKApp
[2025-08-10 12:55:42.553] [MSG_SENT] Message 2702 sent to TelemetryApp
[2025-08-10 12:55:42.554] [MSG_SENT] Message 2703 sent to FlightLogicApp
[2025-08-10 12:55:43.335] [MSG_SENT] Message 2701 sent to HKApp
[2025-08-10 12:55:43.557] [MSG_SENT] Message 2702 sent to TelemetryApp
[2025-08-10 12:55:43.558] [MSG_SENT] Message 2703 sent to FlightLogicApp
[2025-08-10 12:55:44.336] [MSG_SENT] Message 2701 sent to HKApp
[2025-08-10 12:55:44.559] [MSG_SENT] Message 2702 sent to TelemetryApp
[2025-08-10 12:55:44.560] [MSG_SENT] Message 2703 sent to FlightLogicApp
[2025-08-10 12:55:45.337] [MSG_SENT] Message 2701 sent to HKApp
[2025-08-10 12:55:45.562] [MSG_SENT] Message 2702 sent to TelemetryApp
[2025-08-10 12:55:45.562] [MSG_SENT] Message 2703 sent to FlightLogicApp
[2025-08-10 12:55:46.338] [MSG_SENT] Message 2701 sent to HKApp
[2025-08-10 12:55:46.563] [MSG_SENT] Message 2702 sent to TelemetryApp
[2025-08-10 12:55:46.565] [MSG_SENT] Message 2703 sent to FlightLogicApp
[2025-08-10 12:55:47.340] [MSG_SENT] Message 2701 sent to HKApp
[2025-08-10 12:55:47.566] [MSG_SENT] Message 2702 sent to TelemetryApp
[2025-08-10 12:55:47.567] [MSG_SENT] Message 2703 sent to FlightLogicApp
[2025-08-10 12:55:48.341] [MSG_SENT] Message 2701 sent to HKApp
[2025-08-10 12:55:48.569] [MSG_SENT] Message 2702 sent to TelemetryApp
[2025-08-10 12:55:48.571] [MSG_SENT] Message 2703 sent to FlightLogicApp
[2025-08-10 12:55:49.343] [MSG_SENT] Message 2701 sent to HKApp
[2025-08-10 12:55:49.573] [MSG_SENT] Message 2702 sent to TelemetryApp
[2025-08-10 12:55:49.575] [MSG_SENT] Message 2703 sent to FlightLogicApp
[2025-08-10 12:55:50.344] [MSG_SENT] Message 2701 sent to HKApp
[2025-08-10 12:55:50.577] [MSG_SENT] Message 2702 sent to TelemetryApp
[2025-08-10 12:55:50.578] [MSG_SENT] Message 2703 sent to FlightLogicApp
[2025-08-10 12:55:51.345] [MSG_SENT] Message 2701 sent to HKApp
[2025-08-10 12:55:51.580] [MSG_SENT] Message 2702 sent to TelemetryApp
[2025-08-10 12:55:51.580] [MSG_SENT] Message 2703 sent to FlightLogicApp
[2025-08-10 12:55:52.347] [MSG_SENT] Message 2701 sent to HKApp
[2025-08-10 12:55:52.582] [MSG_SENT] Message 2702 sent to TelemetryApp
[2025-08-10 12:55:52.582] [MSG_SENT] Message 2703 sent to FlightLogicApp
[2025-08-10 12:55:53.348] [MSG_SENT] Message 2701 sent to HKApp
[2025-08-10 12:55:53.584] [MSG_SENT] Message 2702 sent to TelemetryApp
[2025-08-10 12:55:53.585] [MSG_SENT] Message 2703 sent to FlightLogicApp
[2025-08-10 12:55:54.350] [MSG_SENT] Message 2701 sent to HKApp
[2025-08-10 12:55:54.587] [MSG_SENT] Message 2702 sent to TelemetryApp
[2025-08-10 12:55:54.589] [MSG_SENT] Message 2703 sent to FlightLogicApp
[2025-08-10 12:55:55.351] [MSG_SENT] Message 2701 sent to HKApp
[2025-08-10 12:55:55.590] [MSG_SENT] Message 2702 sent to TelemetryApp
[2025-08-10 12:55:55.591] [MSG_SENT] Message 2703 sent to FlightLogicApp
[2025-08-10 12:55:56.352] [MSG_SENT] Message 2701 sent to HKApp
[2025-08-10 12:55:56.592] [MSG_SENT] Message 2702 sent to TelemetryApp
[2025-08-10 12:55:56.593] [MSG_SENT] Message 2703 sent to FlightLogicApp
[2025-08-10 12:55:57.353] [MSG_SENT] Message 2701 sent to HKApp
[2025-08-10 12:55:57.594] [MSG_SENT] Message 2702 sent to TelemetryApp
[2025-08-10 12:55:57.596] [MSG_SENT] Message 2703 sent to FlightLogicApp
[2025-08-10 12:55:58.354] [MSG_SENT] Message 2701 sent to HKApp
[2025-08-10 12:55:58.597] [MSG_SENT] Message 2702 sent to TelemetryApp
[2025-08-10 12:55:58.598] [MSG_SENT] Message 2703 sent to FlightLogicApp
[2025-08-10 12:55:59.356] [MSG_SENT] Message 2701 sent to HKApp
[2025-08-10 12:55:59.600] [MSG_SENT] Message 2702 sent to TelemetryApp
[2025-08-10 12:55:59.601] [MSG_SENT] Message 2703 sent to FlightLogicApp
[2025-08-10 12:56:00.357] [MSG_SENT] Message 2701 sent to HKApp
[2025-08-10 12:56:00.604] [MSG_SENT] Message 2702 sent to TelemetryApp
[2025-08-10 12:56:00.605] [MSG_SENT] Message 2703 sent to FlightLogicApp
[2025-08-10 12:56:01.358] [MSG_SENT] Message 2701 sent to HKApp
[2025-08-10 12:56:01.606] [MSG_SENT] Message 2702 sent to TelemetryApp
[2025-08-10 12:56:01.607] [MSG_SENT] Message 2703 sent to FlightLogicApp
[2025-08-10 12:56:02.359] [MSG_SENT] Message 2701 sent to HKApp
[2025-08-10 12:56:02.608] [MSG_SENT] Message 2702 sent to TelemetryApp
[2025-08-10 12:56:02.609] [MSG_SENT] Message 2703 sent to FlightLogicApp
[2025-08-10 12:56:03.360] [MSG_SENT] Message 2701 sent to HKApp
[2025-08-10 12:56:03.611] [MSG_SENT] Message 2702 sent to TelemetryApp
[2025-08-10 12:56:03.652] [MSG_SENT] Message 2703 sent to FlightLogicApp
[2025-08-10 12:56:04.362] [MSG_SENT] Message 2701 sent to HKApp
[2025-08-10 12:56:04.655] [MSG_SENT] Message 2702 sent to TelemetryApp
[2025-08-10 12:56:04.656] [MSG_SENT] Message 2703 sent to FlightLogicApp
[2025-08-10 12:56:05.363] [MSG_SENT] Message 2701 sent to HKApp
[2025-08-10 12:56:05.658] [MSG_SENT] Message 2702 sent to TelemetryApp
[2025-08-10 12:56:05.659] [MSG_SENT] Message 2703 sent to FlightLogicApp
[2025-08-10 12:56:06.364] [MSG_SENT] Message 2701 sent to HKApp
[2025-08-10 12:56:06.661] [MSG_SENT] Message 2702 sent to TelemetryApp
[2025-08-10 12:56:06.663] [MSG_SENT] Message 2703 sent to FlightLogicApp
[2025-08-10 12:56:07.366] [MSG_SENT] Message 2701 sent to HKApp
[2025-08-10 12:56:07.664] [MSG_SENT] Message 2702 sent to TelemetryApp
[2025-08-10 12:56:07.666] [MSG_SENT] Message 2703 sent to FlightLogicApp
[2025-08-10 12:56:08.368] [MSG_SENT] Message 2701 sent to HKApp
[2025-08-10 12:56:08.667] [MSG_SENT] Message 2702 sent to TelemetryApp
[2025-08-10 12:56:08.668] [MSG_SENT] Message 2703 sent to FlightLogicApp
[2025-08-10 12:56:09.369] [MSG_SENT] Message 2701 sent to HKApp
[2025-08-10 12:56:09.669] [MSG_SENT] Message 2702 sent to TelemetryApp
[2025-08-10 12:56:09.671] [MSG_SENT] Message 2703 sent to FlightLogicApp
[2025-08-10 12:56:10.370] [MSG_SENT] Message 2701 sent to HKApp
[2025-08-10 12:56:10.672] [MSG_SENT] Message 2702 sent to TelemetryApp
[2025-08-10 12:56:10.673] [MSG_SENT] Message 2703 sent to FlightLogicApp
[2025-08-10 12:56:11.372] [MSG_SENT] Message 2701 sent to HKApp
[2025-08-10 12:56:11.675] [MSG_SENT] Message 2702 sent to TelemetryApp
[2025-08-10 12:56:11.676] [MSG_SENT] Message 2703 sent to FlightLogicApp
[2025-08-10 12:56:12.373] [MSG_SENT] Message 2701 sent to HKApp
[2025-08-10 12:56:12.677] [MSG_SENT] Message 2702 sent to TelemetryApp
[2025-08-10 12:56:12.678] [MSG_SENT] Message 2703 sent to FlightLogicApp
[2025-08-10 12:56:13.374] [MSG_SENT] Message 2701 sent to HKApp
[2025-08-10 12:56:13.679] [MSG_SENT] Message 2702 sent to TelemetryApp
[2025-08-10 12:56:13.787] [MSG_SENT] Message 2703 sent to FlightLogicApp
[2025-08-10 12:56:14.377] [MSG_SENT] Message 2701 sent to HKApp
[2025-08-10 12:56:14.789] [MSG_SENT] Message 2702 sent to TelemetryApp
[2025-08-10 12:56:14.790] [MSG_SENT] Message 2703 sent to FlightLogicApp
[2025-08-10 12:56:15.378] [MSG_SENT] Message 2701 sent to HKApp
[2025-08-10 12:56:15.792] [MSG_SENT] Message 2702 sent to TelemetryApp
[2025-08-10 12:56:15.795] [MSG_SENT] Message 2703 sent to FlightLogicApp
[2025-08-10 12:56:16.380] [MSG_SENT] Message 2701 sent to HKApp
[2025-08-10 12:56:16.798] [MSG_SENT] Message 2702 sent to TelemetryApp
[2025-08-10 12:56:16.799] [MSG_SENT] Message 2703 sent to FlightLogicApp
[2025-08-10 12:56:17.381] [MSG_SENT] Message 2701 sent to HKApp
[2025-08-10 12:56:17.801] [MSG_SENT] Message 2702 sent to TelemetryApp
[2025-08-10 12:56:17.801] [MSG_SENT] Message 2703 sent to FlightLogicApp
[2025-08-10 12:56:18.382] [MSG_SENT] Message 2701 sent to HKApp
[2025-08-10 12:56:18.803] [MSG_SENT] Message 2702 sent to TelemetryApp
[2025-08-10 12:56:18.804] [MSG_SENT] Message 2703 sent to FlightLogicApp
[2025-08-10 12:56:19.384] [MSG_SENT] Message 2701 sent to HKApp
[2025-08-10 12:56:19.805] [MSG_SENT] Message 2702 sent to TelemetryApp
[2025-08-10 12:56:19.807] [MSG_SENT] Message 2703 sent to FlightLogicApp
[2025-08-10 12:56:20.385] [MSG_SENT] Message 2701 sent to HKApp
[2025-08-10 12:56:20.808] [MSG_SENT] Message 2702 sent to TelemetryApp
[2025-08-10 12:56:20.809] [MSG_SENT] Message 2703 sent to FlightLogicApp
[2025-08-10 12:56:21.386] [MSG_SENT] Message 2701 sent to HKApp
[2025-08-10 12:56:21.811] [MSG_SENT] Message 2702 sent to TelemetryApp
[2025-08-10 12:56:21.812] [MSG_SENT] Message 2703 sent to FlightLogicApp
[2025-08-10 12:56:22.389] [MSG_SENT] Message 2701 sent to HKApp
[2025-08-10 12:56:22.814] [MSG_SENT] Message 2702 sent to TelemetryApp
[2025-08-10 12:56:22.814] [MSG_SENT] Message 2703 sent to FlightLogicApp
[2025-08-10 12:56:23.390] [MSG_SENT] Message 2701 sent to HKApp
[2025-08-10 12:56:23.816] [MSG_SENT] Message 2702 sent to TelemetryApp
[2025-08-10 12:56:23.817] [MSG_SENT] Message 2703 sent to FlightLogicApp
[2025-08-10 12:56:24.391] [MSG_SENT] Message 2701 sent to HKApp
[2025-08-10 12:56:24.818] [MSG_SENT] Message 2702 sent to TelemetryApp
[2025-08-10 12:56:24.818] [MSG_SENT] Message 2703 sent to FlightLogicApp
[2025-08-10 12:56:25.392] [MSG_SENT] Message 2701 sent to HKApp
[2025-08-10 12:56:25.819] [MSG_SENT] Message 2702 sent to TelemetryApp
[2025-08-10 12:56:25.820] [MSG_SENT] Message 2703 sent to FlightLogicApp
[2025-08-10 12:56:26.394] [MSG_SENT] Message 2701 sent to HKApp
[2025-08-10 12:56:26.822] [MSG_SENT] Message 2702 sent to TelemetryApp
[2025-08-10 12:56:26.822] [MSG_SENT] Message 2703 sent to FlightLogicApp
[2025-08-10 12:56:27.395] [MSG_SENT] Message 2701 sent to HKApp
[2025-08-10 12:56:27.824] [MSG_SENT] Message 2702 sent to TelemetryApp
[2025-08-10 12:56:27.826] [MSG_SENT] Message 2703 sent to FlightLogicApp
[2025-08-10 12:56:28.397] [MSG_SENT] Message 2701 sent to HKApp
[2025-08-10 12:56:28.827] [MSG_SENT] Message 2702 sent to TelemetryApp
[2025-08-10 12:56:28.829] [MSG_SENT] Message 2703 sent to FlightLogicApp
[2025-08-10 12:56:29.398] [MSG_SENT] Message 2701 sent to HKApp
[2025-08-10 12:56:29.830] [MSG_SENT] Message 2702 sent to TelemetryApp
[2025-08-10 12:56:29.832] [MSG_SENT] Message 2703 sent to FlightLogicApp
[2025-08-10 12:56:30.400] [MSG_SENT] Message 2701 sent to HKApp
[2025-08-10 12:56:30.833] [MSG_SENT] Message 2702 sent to TelemetryApp
[2025-08-10 12:56:30.834] [MSG_SENT] Message 2703 sent to FlightLogicApp
[2025-08-10 12:56:31.402] [MSG_SENT] Message 2701 sent to HKApp
[2025-08-10 12:56:31.836] [MSG_SENT] Message 2702 sent to TelemetryApp
[2025-08-10 12:56:31.837] [MSG_SENT] Message 2703 sent to FlightLogicApp
[2025-08-10 12:56:32.403] [MSG_SENT] Message 2701 sent to HKApp
[2025-08-10 12:56:32.838] [MSG_SENT] Message 2702 sent to TelemetryApp
[2025-08-10 12:56:32.840] [MSG_SENT] Message 2703 sent to FlightLogicApp
[2025-08-10 12:56:33.404] [MSG_SENT] Message 2701 sent to HKApp
[2025-08-10 12:56:33.841] [MSG_SENT] Message 2702 sent to TelemetryApp
[2025-08-10 12:56:33.843] [MSG_SENT] Message 2703 sent to FlightLogicApp
[2025-08-10 12:56:34.406] [MSG_SENT] Message 2701 sent to HKApp
[2025-08-10 12:56:34.844] [MSG_SENT] Message 2702 sent to TelemetryApp
[2025-08-10 12:56:34.845] [MSG_SENT] Message 2703 sent to FlightLogicApp
[2025-08-10 12:56:35.407] [MSG_SENT] Message 2701 sent to HKApp
[2025-08-10 12:56:35.847] [MSG_SENT] Message 2702 sent to TelemetryApp
[2025-08-10 12:56:35.848] [MSG_SENT] Message 2703 sent to FlightLogicApp
[2025-08-10 12:56:36.409] [MSG_SENT] Message 2701 sent to HKApp
[2025-08-10 12:56:36.852] [MSG_SENT] Message 2702 sent to TelemetryApp
[2025-08-10 12:56:36.854] [MSG_SENT] Message 2703 sent to FlightLogicApp
[2025-08-10 12:56:37.410] [MSG_SENT] Message 2701 sent to HKApp
[2025-08-10 12:56:37.855] [MSG_SENT] Message 2702 sent to TelemetryApp
[2025-08-10 12:56:37.857] [MSG_SENT] Message 2703 sent to FlightLogicApp
[2025-08-10 12:56:38.411] [MSG_SENT] Message 2701 sent to HKApp
[2025-08-10 12:56:38.859] [MSG_SENT] Message 2702 sent to TelemetryApp
[2025-08-10 12:56:38.860] [MSG_SENT] Message 2703 sent to FlightLogicApp
[2025-08-10 12:56:39.412] [MSG_SENT] Message 2701 sent to HKApp
[2025-08-10 12:56:39.861] [MSG_SENT] Message 2702 sent to TelemetryApp
[2025-08-10 12:56:39.862] [MSG_SENT] Message 2703 sent to FlightLogicApp
[2025-08-10 12:56:40.413] [MSG_SENT] Message 2701 sent to HKApp
[2025-08-10 12:56:40.863] [MSG_SENT] Message 2702 sent to TelemetryApp
[2025-08-10 12:56:40.866] [MSG_SENT] Message 2703 sent to FlightLogicApp
[2025-08-10 12:56:41.414] [MSG_SENT] Message 2701 sent to HKApp
[2025-08-10 12:56:41.867] [MSG_SENT] Message 2702 sent to TelemetryApp
[2025-08-10 12:56:41.869] [MSG_SENT] Message 2703 sent to FlightLogicApp
[2025-08-10 12:56:42.416] [MSG_SENT] Message 2701 sent to HKApp
[2025-08-10 12:56:42.870] [MSG_SENT] Message 2702 sent to TelemetryApp
[2025-08-10 12:56:42.872] [MSG_SENT] Message 2703 sent to FlightLogicApp
[2025-08-10 12:56:43.418] [MSG_SENT] Message 2701 sent to HKApp
[2025-08-10 12:56:43.874] [MSG_SENT] Message 2702 sent to TelemetryApp
[2025-08-10 12:56:43.875] [MSG_SENT] Message 2703 sent to FlightLogicApp
[2025-08-10 12:56:44.419] [MSG_SENT] Message 2701 sent to HKApp
[2025-08-10 12:56:44.877] [MSG_SENT] Message 2702 sent to TelemetryApp
[2025-08-10 12:56:44.878] [MSG_SENT] Message 2703 sent to FlightLogicApp
[2025-08-10 12:56:45.420] [MSG_SENT] Message 2701 sent to HKApp
[2025-08-10 12:56:45.880] [MSG_SENT] Message 2702 sent to TelemetryApp
[2025-08-10 12:56:45.881] [MSG_SENT] M[2025-08-10 12:56:33.701] [INFO] Cameraapp main function started
[2025-08-10 12:56:33.704] [INFO] Initializing cameraapp
[2025-08-10 12:56:46.541] [INFO] Cameraapp initialization complete
[2025-08-10 12:56:46.572] [INFO] HK transmission thread started
[2025-08-10 12:56:46.581] [INFO] Camera status update thread started
[2025-08-10 12:56:46.590] [INFO] Camera data transmission thread started
[2025-08-10 12:56:46.617] [MSG_SENT] Message 2702 sent to TelemetryApp
[2025-08-10 12:56:46.616] [INFO] All cameraapp threads started
[2025-08-10 12:56:46.604] [INFO] Camera status changed: IDLE -> READY
[2025-08-10 12:56:46.626] [MSG_SENT] Message 2703 sent to FlightLogicApp
[2025-08-10 12:56:46.618] [MSG_SENT] Message 2701 sent to HKApp
[2025-08-10 12:56:46.691] [INFO] Disk usage updated: 0.0% -> 22.0%
[2025-08-10 12:56:47.662] [MSG_SENT] Message 2702 sent to TelemetryApp
[2025-08-10 12:56:47.664] [MSG_SENT] Message 2703 sent to FlightLogicApp
[2025-08-10 12:56:47.686] [MSG_SENT] Message 2701 sent to HKApp
[2025-08-10 12:56:48.667] [MSG_SENT] Message 2702 sent to TelemetryApp
[2025-08-10 12:56:48.668] [MSG_SENT] Message 2703 sent to FlightLogicApp
[2025-08-10 12:56:48.688] [MSG_SENT] Message 2701 sent to HKApp
[2025-08-10 12:56:49.671] [MSG_SENT] Message 2702 sent to TelemetryApp
[2025-08-10 12:56:49.672] [MSG_SENT] Message 2703 sent to FlightLogicApp
[2025-08-10 12:56:49.691] [MSG_SENT] Message 2701 sent to HKApp
[2025-08-10 12:56:50.674] [MSG_SENT] Message 2702 sent to TelemetryApp
[2025-08-10 12:56:50.676] [MSG_SENT] Message 2703 sent to FlightLogicApp
[2025-08-10 12:56:50.692] [MSG_SENT] Message 2701 sent to HKApp
[2025-08-10 12:56:51.677] [MSG_SENT] Message 2702 sent to TelemetryApp
[2025-08-10 12:56:51.678] [MSG_SENT] Message 2703 sent to FlightLogicApp
[2025-08-10 12:56:51.764] [MSG_SENT] Message 2701 sent to HKApp
[2025-08-10 12:56:52.680] [MSG_SENT] Message 2702 sent to TelemetryApp
[2025-08-10 12:56:52.681] [MSG_SENT] Message 2703 sent to FlightLogicApp
[2025-08-10 12:56:52.765] [MSG_SENT] Message 2701 sent to HKApp
[2025-08-10 12:56:53.683] [MSG_SENT] Message 2702 sent to TelemetryApp
[2025-08-10 12:56:53.685] [MSG_SENT] Message 2703 sent to FlightLogicApp
[2025-08-10 12:56:53.766] [MSG_SENT] Message 2701 sent to HKApp
[2025-08-10 12:56:54.686] [MSG_SENT] Message 2702 sent to TelemetryApp
[2025-08-10 12:56:54.768] [MSG_SENT] Message 2701 sent to HKApp
[2025-08-10 12:57:00.439] [MSG_SENT] Message 2703 sent to FlightLogicApp
