timestamp,run,roll,pitch,yaw,temp
2025-08-06 23:48:53.582,True,0.0,0.0,0.0,0.0
2025-08-06 23:48:54.590,True,-1.147094597509152,0.5525098219501924,-0.005531002849745823,-116
2025-08-06 23:48:55.592,True,-1.147094597509152,0.5525098219501924,-0.005531002849745823,-104
2025-08-06 23:48:56.594,True,-1.147094597509152,0.5525098219501924,-0.005531002849745823,-104
2025-08-06 23:48:57.596,True,-1.147094597509152,0.5525098219501924,-0.005531002849745823,24
2025-08-06 23:48:58.598,True,-1.147094597509152,0.5525098219501924,-0.005531002849745823,-104
2025-08-06 23:48:59.602,True,-1.147094597509152,0.5525098219501924,-0.005531002849745823,-104
2025-08-06 23:49:00.605,True,-1.147094597509152,0.5525098219501924,-0.005531002849745823,-104
2025-08-06 23:49:01.608,True,-1.147094597509152,0.5525098219501924,-0.005531002849745823,-104
2025-08-06 23:49:02.613,True,-1.147094597509152,0.5525098219501924,-0.005531002849745823,24
2025-08-06 23:49:03.615,True,-1.147094597509152,0.5525098219501924,-0.005531002849745823,-104
2025-08-06 23:49:04.617,True,-1.147094597509152,0.5525098219501924,-0.005531002849745823,-104
2025-08-06 23:49:05.619,True,-1.147094597509152,0.5525098219501924,-0.005531002849745823,24
2025-08-06 23:49:06.621,True,-1.147094597509152,0.5525098219501924,-0.005531002849745823,-104
2025-08-06 23:49:08.037,True,-1.147094597509152,0.5525098219501924,-0.005531002849745823,24
2025-08-06 23:49:09.042,True,-1.147094597509152,0.5525098219501924,-0.005531002849745823,-104
2025-08-06 23:49:10.045,True,-1.147094597509152,0.5525098219501924,-0.005531002849745823,-104
2025-08-06 23:49:11.047,True,-1.147094597509152,0.5525098219501924,-0.005531002849745823,-104
2025-08-06 23:49:12.049,True,-1.147094597509152,0.5525098219501924,-0.005531002849745823,24
2025-08-06 23:49:13.051,True,-1.147094597509152,0.5525098219501924,-0.005531002849745823,-104
2025-08-06 23:49:14.054,True,-1.147094597509152,0.5525098219501924,-0.005531002849745823,24
2025-08-06 23:49:15.056,True,-1.147094597509152,0.5525098219501924,-0.005531002849745823,-104
2025-08-06 23:49:16.058,True,-1.147094597509152,0.5525098219501924,-0.005531002849745823,-104
2025-08-06 23:49:17.060,True,-1.147094597509152,0.5525098219501924,-0.005531002849745823,24
2025-08-06 23:49:18.063,True,-1.147094597509152,0.5525098219501924,-0.005531002849745823,24
2025-08-06 23:49:19.067,True,-1.147094597509152,0.5525098219501924,-0.005531002849745823,-104
2025-08-06 23:49:20.070,True,-1.147094597509152,0.5525098219501924,-0.005531002849745823,-104
2025-08-06 23:49:21.072,True,-1.147094597509152,0.5525098219501924,-0.005531002849745823,-104
2025-08-06 23:49:22.074,True,-1.147094597509152,0.5525098219501924,-0.005531002849745823,24
2025-08-06 23:49:23.076,True,-1.147094597509152,0.5525098219501924,-0.005531002849745823,-104
2025-08-06 23:49:24.078,True,-1.147094597509152,0.5525098219501924,-0.005531002849745823,24
2025-08-06 23:49:25.081,True,-1.147094597509152,0.5525098219501924,-0.005531002849745823,24
2025-08-06 23:49:26.084,True,-1.147094597509152,0.5525098219501924,-0.005531002849745823,24
2025-08-06 23:55:23.193,True,0.0,0.0,0.0,0.0
2025-08-06 23:55:24.232,True,-1.1331150156575318,0.608462190353351,-0.006016882175729389,-105
2025-08-06 23:55:25.235,True,-1.1331150156575318,0.608462190353351,-0.006016882175729389,-104
2025-08-06 23:55:26.240,True,-1.1331150156575318,0.608462190353351,-0.006016882175729389,24
2025-08-06 23:55:27.242,True,-1.1331150156575318,0.608462190353351,-0.006016882175729389,-116
2025-08-06 23:55:28.244,True,-1.1331150156575318,0.608462190353351,-0.006016882175729389,24
2025-08-06 23:55:29.247,True,-1.1261195752734063,0.608462190353351,-0.0059797409280016,-104
2025-08-06 23:55:30.251,True,-1.1261195752734063,0.608462190353351,-0.0059797409280016,-104
2025-08-06 23:55:31.254,True,-1.1261195752734063,0.608462190353351,-0.0059797409280016,-104
2025-08-06 23:55:32.257,True,-1.1261195752734063,0.608462190353351,-0.0059797409280016,-104
2025-08-06 23:55:34.146,True,-1.1261195752734063,0.608462190353351,-0.0059797409280016,-104
2025-08-06 23:55:35.148,True,-1.398713688823878,0.36659753710614235,4.795176876310469,-104
2025-08-06 23:55:36.151,True,-0.2682438615097951,1.606602292829515,6.848222841442443,24
2025-08-06 23:55:37.154,True,4.201075094299225,1.1108239786036338,6.210153277359242,-104
2025-08-06 23:55:38.157,True,-0.34508662391025796,0.8491243413827568,7.332550770995572,-104
2025-08-06 23:55:39.160,True,-0.6057660845021452,0.7186460972587372,7.331332992373785,24
2025-08-06 23:55:40.162,True,-0.6057660845021452,0.7186460972587372,7.331332992373785,-104
2025-08-06 23:55:41.164,True,-0.6057660845021452,0.7186460972587372,7.331332992373785,-104
2025-08-06 23:55:42.166,True,-0.6057660845021452,0.7186460972587372,7.331332992373785,-104
2025-08-06 23:55:43.168,True,-0.6057660845021452,0.7186460972587372,7.331332992373785,24
2025-08-06 23:55:44.170,True,-0.6057660845021452,0.7186460972587372,7.331332992373785,24
2025-08-06 23:55:45.173,True,-0.6057660845021452,0.7186460972587372,7.331332992373785,-104
2025-08-06 23:55:46.174,True,0.5005469110932597,-2.0763329058718782,5.610272534120366,24
2025-08-06 23:55:47.176,True,-8.1071822656302,-21.709350181814226,9.995650764545708,24
2025-08-06 23:55:48.179,True,-2.9109109985662447,2.008026472961846,8.858847303226067,24
2025-08-06 23:55:49.182,True,15.237412329888928,-25.598741116788045,3.8217603756762806,24
2025-08-06 23:55:50.185,True,-17.082302934281195,-21.62129177369591,-48.6720016803856,24
2025-08-06 23:55:51.187,True,-8.838221110184046,-1.5975115995731612,-50.08672901608351,24
2025-08-06 23:55:52.191,True,-0.9826224471515623,0.8886099369503944,-52.375773745710326,-104
2025-08-06 23:55:53.194,True,-1.0417280045833663,0.8109190838029018,-52.702564303435544,24
2025-08-06 23:55:54.196,True,-1.041690440989211,0.811026670059058,-52.695708772229594,24
2025-08-06 23:55:55.199,True,-1.041690440989211,0.811026670059058,-52.695708772229594,-104
2025-08-06 23:55:56.202,True,-1.041690440989211,0.811026670059058,-52.695708772229594,24
2025-08-06 23:55:57.209,True,-1.041690440989211,0.811026670059058,-52.695708772229594,24
2025-08-06 23:55:58.213,True,-1.041690440989211,0.811026670059058,-52.695708772229594,-104
2025-08-06 23:55:59.215,True,-1.041690440989211,0.811026670059058,-52.695708772229594,-104
2025-08-06 23:56:00.217,True,-1.041690440989211,0.811026670059058,-52.695708772229594,-104
2025-08-06 23:56:01.219,True,-1.041690440989211,0.811026670059058,-52.695708772229594,24
2025-08-06 23:56:02.221,True,-1.041690440989211,0.811026670059058,-52.695708772229594,24
2025-08-06 23:56:03.224,True,-1.041690440989211,0.811026670059058,-52.695708772229594,24
2025-08-06 23:56:04.227,True,-1.041690440989211,0.811026670059058,-52.695708772229594,-104
2025-08-06 23:56:05.230,True,-1.041690440989211,0.811026670059058,-52.695708772229594,-104
2025-08-06 23:56:06.232,True,-1.0323161425409835,0.8078622691467257,-52.69552871067741,-104
2025-08-06 23:56:07.234,True,-1.0323161425409835,0.8078622691467257,-52.69552871067741,-104
2025-08-06 23:56:08.236,True,-1.0323161425409835,0.8078622691467257,-52.69552871067741,24
2025-08-06 23:56:09.239,True,-1.0323161425409835,0.8078622691467257,-52.69552871067741,24
2025-08-06 23:56:10.242,True,-1.0323161425409835,0.8078622691467257,-52.69552871067741,24
2025-08-06 23:56:11.244,True,-1.0323161425409835,0.8078622691467257,-52.69552871067741,-104
2025-08-06 23:56:12.246,True,-1.0323161425409835,0.8078622691467257,-52.69552871067741,24
2025-08-06 23:56:13.248,True,-1.0323161425409835,0.8078622691467257,-52.69552871067741,24
2025-08-06 23:56:14.252,True,-1.0323161425409835,0.8078622691467257,-52.69552871067741,24
2025-08-07 00:02:19.060,True,0.0,0.0,0.0,0.0
2025-08-07 00:02:22.767,True,-1.7976108822103871,0.41959934683846417,-0.006582771347322989,-103
2025-08-07 00:02:23.769,True,-1.7976108822103871,0.41959934683846417,-0.006582771347322989,-103
2025-08-07 00:02:24.772,True,-1.7976108822103871,0.41959934683846417,-0.006582771347322989,25
2025-08-07 00:02:25.939,True,-1.7976108822103871,0.41959934683846417,-0.006582771347322989,25
2025-08-07 00:02:26.942,True,-1.7976108822103871,0.41959934683846417,-0.006582771347322989,-103
2025-08-07 00:02:27.944,True,-1.7976108822103871,0.41959934683846417,-0.006582771347322989,25
2025-08-07 00:02:28.946,True,-1.7976108822103871,0.41959934683846417,-0.006582771347322989,25
2025-08-07 00:02:29.948,True,-1.7976108822103871,0.41959934683846417,-0.006582771347322989,25
2025-08-07 00:02:41.851,True,-1.7976108822103871,0.41959934683846417,-0.006582771347322989,25
2025-08-07 00:02:42.854,True,-1.7976108822103871,0.41959934683846417,-0.006582771347322989,25
2025-08-07 00:02:43.856,True,-1.7976108822103871,0.41959934683846417,-0.006582771347322989,25
2025-08-07 00:02:44.858,True,-1.7976108822103871,0.41959934683846417,-0.006582771347322989,25
2025-08-07 00:02:45.860,True,-1.7976108822103871,0.41959934683846417,-0.006582771347322989,-103
2025-08-07 00:02:46.864,True,-1.7976108822103871,0.41959934683846417,-0.006582771347322989,-103
2025-08-07 00:02:47.866,True,-1.7976108822103871,0.41959934683846417,-0.006582771347322989,25
2025-08-07 00:02:48.868,True,-1.7976108822103871,0.41959934683846417,-0.006582771347322989,-103
2025-08-07 00:02:49.870,True,-1.7976108822103871,0.41959934683846417,-0.006582771347322989,25
2025-08-07 00:02:50.872,True,-1.7976108822103871,0.41959934683846417,-0.006582771347322989,-116
2025-08-07 00:02:51.874,True,-1.7976108822103871,0.41959934683846417,-0.006582771347322989,-103
2025-08-07 00:02:52.876,True,-1.7976108822103871,0.41959934683846417,-0.006582771347322989,-103
2025-08-07 00:02:53.878,True,-1.7976108822103871,0.41959934683846417,-0.006582771347322989,-103
2025-08-07 00:02:54.880,True,-1.7976108822103871,0.41959934683846417,-0.006582771347322989,-103
2025-08-07 00:02:55.881,True,-1.7976108822103871,0.41959934683846417,-0.006582771347322989,-103
2025-08-07 00:02:56.883,True,-1.7976108822103871,0.41959934683846417,-0.006582771347322989,25
2025-08-07 00:02:57.886,True,-1.7976108822103871,0.41959934683846417,-0.006582771347322989,25
2025-08-07 00:02:58.888,True,-1.7976108822103871,0.41959934683846417,-0.006582771347322989,-103
2025-08-07 00:02:59.890,True,-1.7976108822103871,0.41959934683846417,-0.006582771347322989,-103
2025-08-07 00:03:00.892,True,-1.7976108822103871,0.41959934683846417,-0.006582771347322989,-103
2025-08-07 00:03:01.895,True,-1.7976108822103871,0.41959934683846417,-0.006582771347322989,25
2025-08-07 00:03:02.897,True,-1.7976108822103871,0.41959934683846417,-0.006582771347322989,-103
2025-08-07 00:03:03.900,True,-1.7976108822103871,0.41959934683846417,-0.006582771347322989,-103
2025-08-07 00:03:04.903,True,-1.7976108822103871,0.41959934683846417,-0.006582771347322989,-103
2025-08-07 00:03:05.906,True,-1.8115999767528617,0.39861903208486427,-0.006302282703345909,25
2025-08-07 00:03:06.909,True,-1.7206670049419703,0.5035211966190578,-0.00756131141396382,-103
2025-08-07 00:03:07.912,True,-1.7346585749528027,0.4965276703601929,-0.007516905461241105,-103
2025-08-07 00:03:30.556,True,0.0,0.0,0.0,0.0
2025-08-07 00:03:32.157,True,-1.83260598444623,0.461560147948145,-0.007381966484368921,-103
2025-08-07 00:03:33.160,True,-1.83260598444623,0.461560147948145,-0.007381966484368921,25
2025-08-07 00:03:34.168,True,-1.83260598444623,0.461560147948145,-0.007381966484368921,-103
2025-08-07 00:03:35.170,True,-1.83260598444623,0.461560147948145,-0.007381966484368921,25
2025-08-07 00:03:36.172,True,-1.83260598444623,0.461560147948145,-0.007381966484368921,25
2025-08-07 00:03:37.174,True,-1.83260598444623,0.461560147948145,-0.007381966484368921,25
2025-08-07 00:04:04.598,True,0.0,0.0,0.0,0.0
2025-08-07 00:04:05.605,True,-1.8396959382566087,0.9720504237045302,-0.015607948012744972,25
2025-08-07 00:04:06.611,True,-1.8396959382566087,0.9720504237045302,-0.015607948012744972,-103
2025-08-07 00:04:08.854,True,-1.8396959382566087,0.9720504237045302,-0.015607948012744972,-103
2025-08-07 00:04:09.856,True,-1.8396959382566087,0.9720504237045302,-0.015607948012744972,25
2025-08-07 00:04:10.859,True,-1.8396959382566087,0.9720504237045302,-0.015607948012744972,25
2025-08-07 00:13:39.353,True,0.0,0.0,0.0,2025-08-07 00:13:39.260,True,0.0,0.0,0.0,0.0
2025-08-07 00:13:40.268,True,-3.303845447637902,2.3632375779797625,-0.06816180233034126,-103
2025-08-07 00:13:41.270,True,-3.303845447637902,2.3632375779797625,-0.06816180233034126,-102
2025-08-07 00:13:42.273,True,-3.303845447637902,2.3632375779797625,-0.06816180233034126,26
2025-08-07 00:13:43.277,True,-3.303845447637902,2.3632375779797625,-0.06816180233034126,26
2025-08-07 00:13:44.282,True,-3.303845447637902,2.3632375779797625,-0.06816180233034126,-102
2025-08-07 00:13:45.284,True,-3.303845447637902,2.3632375779797625,-0.06816180233034126,-102
2025-08-07 00:13:46.287,True,-3.303845447637902,2.3632375779797625,-0.06816180233034126,26
2025-08-07 00:13:47.289,True,-3.303845447637902,2.3632375779797625,-0.06816180233034126,-102
2025-08-07 00:13:48.292,True,-3.303845447637902,2.3632375779797625,-0.06816180233034126,-102
2025-08-07 00:13:49.294,True,-3.303845447637902,2.3632375779797625,-0.06816180233034126,-102
2025-08-07 00:13:50.296,True,-3.303845447637902,2.3632375779797625,-0.06816180233034126,-102
2025-08-07 00:14:03.949,True,-3.3038621174032783,2.3702333904381034,-0.0683638093997332,27
2025-08-07 00:14:04.952,True,-3.3038621174032783,2.3702333904381034,-0.0683638093997332,27
2025-08-07 00:14:05.959,True,-3.3038621174032783,2.3702333904381034,-0.0683638093997332,26
2025-08-07 00:14:06.961,True,-3.3038621174032783,2.3702333904381034,-0.0683638093997332,-101
2025-08-07 00:14:07.963,True,-3.3038621174032783,2.3702333904381034,-0.0683638093997332,27
2025-08-09 17:35:56.658,True,-3.3038621174032783,2.3702333904381034,-0.0683638093997332,-101
2025-08-09 17:35:57.661,True,0.010495866359189088,0.010495012605236132,0.010495866359189088,-101
2025-08-09 17:36:00.072,True,-3.3038621174032783,2.3702333904381034,-0.0683638093997332,-101
2025-08-09 17:36:02.599,True,-3.3038621174032783,2.3702333904381034,-0.0683638093997332,-101
2025-08-09 17:36:11.648,True,-3.3038621174032783,2.3702333904381034,-0.0683638093997332,-101
2025-08-09 17:36:12.725,True,-3.3038621174032783,2.3702333904381034,-0.0683638093997332,-101
2025-08-09 17:36:13.730,True,-3.3038621174032783,2.3702333904381034,-0.0683638093997332,27
2025-08-09 17:36:15.075,True,-3.3038621174032783,2.3702333904381034,-0.0683638093997332,27
2025-08-09 17:38:35.015,True,0.0,0.0,0.0,0.0
2025-08-09 17:38:36.055,True,-3.3877144743127268,2.3560978181870027,-0.0696875881120396,27
2025-08-09 17:38:37.059,True,-3.3877144743127268,2.3560978181870027,-0.0696875881120396,-101
2025-08-09 17:38:38.061,True,-3.3877144743127268,2.3560978181870027,-0.0696875881120396,28
2025-08-09 17:38:39.064,True,-3.4157450682477952,2.3560978181870027,-0.07026351801724906,-100
2025-08-09 17:38:40.067,True,-3.415676848242436,2.3281167716179563,-0.06942814301114848,-100
2025-08-09 17:38:41.740,True,-3.4156599209386975,2.3211215970413,-0.06921930705264259,-100
2025-08-09 17:38:42.742,True,-3.4156599209386975,2.3211215970413,-0.06921930705264259,-100
2025-08-09 17:38:43.747,True,-3.4156599209386975,2.3211215970413,-0.06921930705264259,-100
2025-08-09 17:38:44.749,True,-3.4156599209386975,2.3211215970413,-0.06921930705264259,28
2025-08-09 17:38:45.751,True,-3.4156599209386975,2.3211215970413,-0.06921930705264259,-100
2025-08-09 17:38:46.752,True,-3.4156599209386975,2.3211215970413,-0.06921930705264259,-100
2025-08-09 17:38:53.359,True,-3.4156599209386975,2.3211215970413,-0.06921930705264259,28
2025-08-09 17:38:54.361,True,-3.4156599209386975,2.3211215970413,-0.06921930705264259,28
2025-08-09 17:38:55.364,True,-3.4156599209386975,2.3211215970413,-0.06921930705264259,28
2025-08-09 17:38:56.368,True,-3.4156430447109645,2.3141264570813127,-0.0690104741925758,-100
2025-08-09 17:38:57.371,True,-3.4156430447109645,2.3141264570813127,-0.0690104741925758,28
2025-08-09 17:38:58.374,True,-3.4156430447109645,2.3141264570813127,-0.0690104741925758,-100
2025-08-09 17:39:00.069,True,-3.4156430447109645,2.3141264570813127,-0.0690104741925758,-100
2025-08-09 17:39:01.071,True,-3.4156430447109645,2.3141264570813127,-0.0690104741925758,28
2025-08-09 17:39:02.073,True,-3.4156430447109645,2.3141264570813127,-0.0690104741925758,28
2025-08-09 17:39:03.076,True,-3.4156430447109645,2.3141264570813127,-0.0690104741925758,28
2025-08-09 17:39:07.824,True,-3.4156430447109645,2.3141264570813127,-0.0690104741925758,-100
2025-08-09 17:40:12.809,True,-3.3946374231194936,2.3211215970413,-0.06879377893591344,-100
2025-08-09 17:40:13.814,True,-3.3946374231194936,2.3211215970413,-0.06879377893591344,-100
2025-08-09 17:40:16.801,True,-3.3946374231194936,2.3211215970413,-0.06879377893591344,-100
2025-08-09 17:40:18.197,True,-3.3946374231194936,2.3211215970413,-0.06879377893591344,28
2025-08-09 17:40:19.200,True,-3.3946374231194936,2.3211215970413,-0.06879377893591344,-100
2025-08-09 17:40:20.203,True,-3.3946374231194936,2.3211215970413,-0.06879377893591344,-100
2025-08-09 17:40:21.206,True,-3.3946374231194936,2.3211215970413,-0.06879377893591344,-100
2025-08-09 17:40:22.208,True,-3.3946039289173373,2.307131351633215,-0.06837868389559616,28
2025-08-09 17:40:23.212,True,-3.394620650638156,2.3141264570813127,-0.06858622988071085,-100
2025-08-09 17:40:24.714,True,-3.394620650638156,2.3141264570813127,-0.06858622988071085,-100
2025-08-09 17:40:25.717,True,-3.394620650638156,2.3141264570813127,-0.06858622988071085,-100
2025-08-09 17:40:27.860,True,-3.394620650638156,2.3141264570813127,-0.06858622988071085,-114
2025-08-09 17:40:28.865,True,-3.394620650638156,2.3141264570813127,-0.06858622988071085,28
2025-08-09 17:40:30.338,True,-3.394620650638156,2.3141264570813127,-0.06858622988071085,28
2025-08-09 17:40:35.382,True,-3.394620650638156,2.3141264570813127,-0.06858622988071085,28
2025-08-09 17:40:36.422,True,-3.394620650638156,2.3141264570813127,-0.06858622988071085,28
2025-08-09 17:40:37.424,True,-3.394620650638156,2.3141264570813127,-0.06858622988071085,-100
2025-08-09 17:40:38.431,True,-3.394620650638156,2.3141264570813127,-0.06858622988071085,28
2025-08-09 17:40:39.794,True,-3.394620650638156,2.3141264570813127,-0.06858622988071085,28
2025-08-09 17:40:40.797,True,-3.394620650638156,2.3141264570813127,-0.06858622988071085,-100
2025-08-09 17:40:41.804,True,-3.394620650638156,2.3141264570813127,-0.06858622988071085,28
2025-08-09 17:40:42.806,True,-3.3878030192941297,2.307272338576925,-0.06823769705194827,28
2025-08-09 17:40:43.809,True,-3.387786381696156,2.300276839612412,-0.06803058204993993,28
2025-08-09 17:40:48.383,True,-3.387786381696156,2.300276839612412,-0.06803058204993993,-100
2025-08-09 17:40:49.412,True,-3.387786381696156,2.300276839612412,-0.06803058204993993,-100
2025-08-09 17:40:50.447,True,-3.387786381696156,2.300276839612412,-0.06803058204993993,-100
2025-08-09 17:40:51.453,True,-3.387786381696156,2.300276839612412,-0.06803058204993993,28
2025-08-09 17:40:52.455,True,-3.387786381696156,2.300276839612412,-0.06803058204993993,-100
2025-08-09 17:40:53.461,True,-3.387786381696156,2.300276839612412,-0.06803058204993993,28
2025-08-09 17:40:54.463,True,-3.387786381696156,2.300276839612412,-0.06803058204993993,-100
2025-08-09 17:40:55.465,True,-3.387786381696156,2.300276839612412,-0.06803058204993993,-100
2025-08-09 17:40:56.467,True,-3.387786381696156,2.300276839612412,-0.06803058204993993,-100
2025-08-09 17:40:57.470,True,-3.387786381696156,2.300276839612412,-0.06803058204993993,28
2025-08-09 17:40:58.473,True,-3.387786381696156,2.300276839612412,-0.06803058204993993,-100
2025-08-09 17:40:59.540,True,-3.387786381696156,2.300276839612412,-0.06803058204993993,-100
2025-08-09 17:41:00.542,True,-3.387786381696156,2.300276839612412,-0.06803058204993993,28
2025-08-09 17:41:01.545,True,-3.387786381696156,2.300276839612412,-0.06803058204993993,28
2025-08-09 17:41:02.571,True,-3.387786381696156,2.300276839612412,-0.06803058204993993,28
2025-08-09 17:41:03.574,True,-3.3878030192941297,2.307272338576925,-0.06823769705194827,-100
2025-08-09 17:41:04.576,True,-3.3878030192941297,2.307272338576925,-0.06823769705194827,-100
2025-08-09 17:41:08.400,True,-3.394654246362851,2.3281167716179563,-0.06900133107052983,-114
2025-08-09 17:41:09.439,True,-3.394654246362851,2.3281167716179563,-0.06900133107052983,-100
2025-08-09 17:41:11.448,True,-3.394688045141648,2.342107225040412,-0.06941644461530974,-100
2025-08-09 17:41:12.976,True,-3.394688045141648,2.342107225040412,-0.06941644461530974,-100
2025-08-09 17:41:13.981,True,-3.394688045141648,2.342107225040412,-0.06941644461530974,28
2025-08-09 17:41:15.141,True,-3.394688045141648,2.342107225040412,-0.06941644461530974,-100
2025-08-09 17:41:16.146,True,-3.394688045141648,2.342107225040412,-0.06941644461530974,-100
2025-08-09 17:41:17.149,True,-3.394688045141648,2.342107225040412,-0.06941644461530974,-100
2025-08-09 17:41:18.155,True,-3.394688045141648,2.342107225040412,-0.06941644461530974,-100
2025-08-09 17:41:19.157,True,-3.394688045141648,2.342107225040412,-0.06941644461530974,-100
2025-08-09 17:41:20.160,True,-3.394688045141648,2.342107225040412,-0.06941644461530974,-100
2025-08-09 17:41:21.162,True,-3.394688045141648,2.342107225040412,-0.06941644461530974,28
2025-08-09 17:41:22.164,True,-3.394688045141648,2.342107225040412,-0.06941644461530974,-100
2025-08-09 17:41:23.167,True,-3.394688045141648,2.342107225040412,-0.06941644461530974,-114
2025-08-09 17:41:24.205,True,-3.394688045141648,2.342107225040412,-0.06941644461530974,28
2025-08-09 17:41:25.216,True,-3.394688045141648,2.342107225040412,-0.06941644461530974,28
2025-08-09 17:41:26.223,True,-3.394688045141648,2.342107225040412,-0.06941644461530974,28
2025-08-09 17:41:27.226,True,-3.394688045141648,2.342107225040412,-0.06941644461530974,-100
2025-08-09 17:41:28.236,True,-3.394688045141648,2.342107225040412,-0.06941644461530974,-100
2025-08-09 17:41:29.286,True,-3.394688045141648,2.342107225040412,-0.06941644461530974,28
2025-08-09 17:41:30.288,True,-3.394688045141648,2.342107225040412,-0.06941644461530974,28
2025-08-09 17:41:31.291,True,-3.3458571872516307,2.349246058713978,-0.06861912445058106,28
2025-08-09 17:41:32.293,True,-3.3458571872516307,2.349246058713978,-0.06861912445058106,28
2025-08-09 17:41:35.908,True,-3.3458571872516307,2.349246058713978,-0.06861912445058106,-100
2025-08-09 17:41:37.394,True,-3.3458571872516307,2.349246058713978,-0.06861912445058106,-100
2025-08-09 17:41:41.082,True,-3.3458571872516307,2.349246058713978,-0.06861912445058106,28
2025-08-09 17:41:45.984,True,-3.3458571872516307,2.349246058713978,-0.06861912445058106,28
2025-08-09 17:41:46.987,True,-3.3458571872516307,2.349246058713978,-0.06861912445058106,-100
2025-08-09 17:41:49.383,True,-3.3318420124315926,2.349246058713978,-0.06833201541607287,-100
2025-08-09 17:41:53.992,True,-3.3318420124315926,2.349246058713978,-0.06833201541607287,28
2025-08-09 17:41:55.164,True,-3.3318420124315926,2.349246058713978,-0.06833201541607287,-100
2025-08-09 17:41:56.168,True,-3.3248178728320026,2.342250351696887,-0.06798517907358832,-114
2025-08-09 17:41:57.173,True,-3.3248178728320026,2.342250351696887,-0.06798517907358832,28
2025-08-09 17:41:58.180,True,-3.3248178728320026,2.342250351696887,-0.06798517907358832,-100
2025-08-09 17:41:59.183,True,-3.3248178728320026,2.342250351696887,-0.06798517907358832,-100
2025-08-09 17:42:00.242,True,-3.3248178728320026,2.342250351696887,-0.06798517907358832,-100
2025-08-09 17:42:01.244,True,-3.3248178728320026,2.342250351696887,-0.06798517907358832,28
2025-08-09 17:42:02.246,True,-3.3248178728320026,2.342250351696887,-0.06798517907358832,-100
2025-08-09 17:42:03.248,True,-3.3248178728320026,2.342250351696887,-0.06798517907358832,28
2025-08-09 17:42:04.253,True,-3.3248178728320026,2.342250351696887,-0.06798517907358832,28
2025-08-09 17:42:05.257,True,-3.3248012960160094,2.3352546796172406,-0.0677819002930428,-100
2025-08-09 17:42:06.260,True,-3.3248178728320026,2.342250351696887,-0.06798517907358832,-100
2025-08-09 17:42:07.263,True,-3.3248178728320026,2.342250351696887,-0.06798517907358832,-100
2025-08-09 17:42:08.266,True,-3.3248178728320026,2.342250351696887,-0.06798517907358832,-100
2025-08-09 17:42:09.268,True,-3.3248178728320026,2.342250351696887,-0.06798517907358832,-100
2025-08-09 17:42:10.270,True,-3.3248178728320026,2.342250351696887,-0.06798517907358832,-100
2025-08-09 17:42:11.272,True,-3.3248178728320026,2.342250351696887,-0.06798517907358832,-100
2025-08-09 17:42:12.274,True,-3.3248178728320026,2.342250351696887,-0.06798517907358832,28
2025-08-09 17:42:13.275,True,-3.3248178728320026,2.342250351696887,-0.06798517907358832,-100
2025-08-09 17:42:14.278,True,-3.3248178728320026,2.342250351696887,-0.06798517907358832,28
2025-08-09 17:42:15.284,True,-3.3248178728320026,2.342250351696887,-0.06798517907358832,28
2025-08-09 17:42:16.288,True,-3.3248178728320026,2.342250351696887,-0.06798517907358832,28
2025-08-09 17:42:17.291,True,-3.3248178728320026,2.342250351696887,-0.06798517907358832,-100
2025-08-09 17:42:18.296,True,-3.3248178728320026,2.342250351696887,-0.06798517907358832,-100
2025-08-09 17:42:19.297,True,-3.3248178728320026,2.342250351696887,-0.06798517907358832,-100
2025-08-09 17:42:20.299,True,-3.3248178728320026,2.342250351696887,-0.06798517907358832,28
2025-08-09 17:42:21.302,True,-3.3248178728320026,2.342250351696887,-0.06798517907358832,28
2025-08-09 17:42:22.304,True,-3.3248178728320026,2.342250351696887,-0.06798517907358832,28
2025-08-09 17:42:23.307,True,-3.3248178728320026,2.342250351696887,-0.06798517907358832,28
2025-08-09 17:42:24.805,True,-3.3248178728320026,2.342250351696887,-0.06798517907358832,-100
2025-08-09 17:42:26.275,True,-3.3248178728320026,2.342250351696887,-0.06798517907358832,-100
2025-08-09 17:42:27.278,True,-3.3248178728320026,2.342250351696887,-0.06798517907358832,-100
2025-08-09 17:42:28.280,True,-3.3248012960160094,2.3352546796172406,-0.0677819002930428,-100
2025-08-09 17:42:29.283,True,-3.3248012960160094,2.3352546796172406,-0.0677819002930428,28
2025-08-09 17:42:30.286,True,-3.3248012960160094,2.3352546796172406,-0.0677819002930428,28
2025-08-09 17:42:31.289,True,-3.3248012960160094,2.3352546796172406,-0.0677819002930428,28
2025-08-09 17:42:32.291,True,-3.3177939022848384,2.3352546796172406,-0.06763920168830435,28
2025-08-09 17:42:33.294,True,-3.289781221901501,2.342250351696887,-0.0672695462707981,-100
2025-08-09 17:42:34.296,True,-3.289781221901501,2.342250351696887,-0.0672695462707981,-100
2025-08-09 17:42:35.299,True,-3.289781221901501,2.342250351696887,-0.0672695462707981,-100
2025-08-09 17:42:36.301,True,-3.289781221901501,2.342250351696887,-0.0672695462707981,28
2025-08-09 17:42:37.305,True,-3.289781221901501,2.342250351696887,-0.0672695462707981,28
2025-08-09 17:42:38.310,True,-3.289781221901501,2.342250351696887,-0.0672695462707981,-100
2025-08-09 17:42:39.317,True,-3.289781221901501,2.342250351696887,-0.0672695462707981,28
2025-08-09 17:42:40.319,True,-3.289781221901501,2.342250351696887,-0.0672695462707981,-100
2025-08-09 17:42:41.321,True,-3.289781221901501,2.342250351696887,-0.0672695462707981,-100
2025-08-09 17:42:42.323,True,-3.289781221901501,2.342250351696887,-0.0672695462707981,-100
2025-08-09 17:42:43.328,True,-3.289781221901501,2.342250351696887,-0.0672695462707981,28
2025-08-09 17:42:44.332,True,-3.289781221901501,2.342250351696887,-0.0672695462707981,28
2025-08-09 17:42:45.334,True,-3.289781221901501,2.342250351696887,-0.0672695462707981,28
2025-08-09 17:42:46.337,True,-3.289781221901501,2.342250351696887,-0.0672695462707981,-100
2025-08-09 17:42:47.339,True,-3.289781221901501,2.342250351696887,-0.0672695462707981,28
2025-08-09 17:42:48.341,True,-3.289781221901501,2.342250351696887,-0.0672695462707981,-100
2025-08-09 17:42:49.343,True,-3.289781221901501,2.342250351696887,-0.0672695462707981,28
2025-08-09 17:42:50.345,True,-3.289748466450158,2.328259042370226,-0.06686727125351395,28
2025-08-09 17:42:51.347,True,-3.289748466450158,2.328259042370226,-0.06686727125351395,28
2025-08-09 17:42:52.349,True,-3.289748466450158,2.328259042370226,-0.06686727125351395,-100
2025-08-09 17:42:53.352,True,-3.289748466450158,2.328259042370226,-0.06686727125351395,28
2025-08-09 17:42:54.353,True,-3.289748466450158,2.328259042370226,-0.06686727125351395,-100
2025-08-09 17:42:55.355,True,-3.289748466450158,2.328259042370226,-0.06686727125351395,28
2025-08-09 17:42:56.357,True,-3.289748466450158,2.328259042370226,-0.06686727125351395,-100
2025-08-09 17:42:57.359,True,-3.289748466450158,2.328259042370226,-0.06686727125351395,28
2025-08-09 17:42:58.361,True,-3.289748466450158,2.328259042370226,-0.06686727125351395,28
2025-08-09 17:42:59.365,True,-3.289748466450158,2.328259042370226,-0.06686727125351395,-100
2025-08-09 17:43:00.368,True,-3.289748466450158,2.328259042370226,-0.06686727125351395,-100
2025-08-09 17:43:01.374,True,-3.289764819576831,2.3352546796172406,-0.0670684072609771,-100
2025-08-09 17:43:02.376,True,-3.2922647602330284,3.231020513328031,-0.09284176821242743,-100
2025-08-09 17:43:03.378,True,-3.289764819576831,2.3352546796172406,-0.0670684072609771,-100
2025-08-09 17:43:04.381,True,-3.289764819576831,2.3352546796172406,-0.0670684072609771,28
2025-08-09 17:43:05.384,True,-3.289764819576831,2.3352546796172406,-0.0670684072609771,28
2025-08-09 17:43:06.389,True,-3.289764819576831,2.3352546796172406,-0.0670684072609771,-100
2025-08-09 17:43:07.391,True,-3.289764819576831,2.3352546796172406,-0.0670684072609771,-100
2025-08-09 17:43:08.393,True,-3.289764819576831,2.3352546796172406,-0.0670684072609771,-100
2025-08-09 17:43:09.395,True,-3.289764819576831,2.3352546796172406,-0.0670684072609771,-100
2025-08-09 17:43:10.397,True,-3.289764819576831,2.3352546796172406,-0.0670684072609771,28
2025-08-09 17:43:11.399,True,-3.289764819576831,2.3352546796172406,-0.0670684072609771,28
2025-08-09 17:43:12.401,True,-3.289764819576831,2.3352546796172406,-0.0670684072609771,28
2025-08-09 17:43:13.406,True,-3.289764819576831,2.3352546796172406,-0.0670684072609771,28
2025-08-09 17:43:14.412,True,-3.289781221901501,2.342250351696887,-0.0672695462707981,-100
2025-08-09 17:43:15.414,True,-3.289781221901501,2.342250351696887,-0.0672695462707981,28
2025-08-09 17:43:16.416,True,-3.289781221901501,2.342250351696887,-0.0672695462707981,28
2025-08-09 17:43:17.421,True,-3.289781221901501,2.342250351696887,-0.0672695462707981,-100
2025-08-09 17:43:18.425,True,-3.289781221901501,2.342250351696887,-0.0672695462707981,-100
2025-08-09 17:43:19.427,True,-3.289781221901501,2.342250351696887,-0.0672695462707981,28
2025-08-09 17:43:20.431,True,-3.289781221901501,2.342250351696887,-0.0672695462707981,28
2025-08-09 17:43:21.433,True,-3.289781221901501,2.342250351696887,-0.0672695462707981,-100
2025-08-09 17:43:22.435,True,-3.289781221901501,2.342250351696887,-0.0672695462707981,-114
2025-08-09 17:43:23.437,True,-3.289781221901501,2.342250351696887,-0.0672695462707981,-100
2025-08-09 17:43:24.439,True,-3.289781221901501,2.342250351696887,-0.0672695462707981,-100
2025-08-09 17:43:25.441,True,3.2937906787746276,-2.3451128878986616,-0.0672695462707981,-100
2025-08-09 17:43:26.443,True,-3.289781221901501,2.342250351696887,-0.0672695462707981,28
2025-08-09 17:43:27.446,True,-3.289781221901501,2.342250351696887,-0.0672695462707981,28
2025-08-09 17:43:28.450,True,-3.289781221901501,2.342250351696887,-0.0672695462707981,28
2025-08-09 17:43:29.452,True,-3.289781221901501,2.342250351696887,-0.0672695462707981,28
2025-08-09 17:43:30.454,True,-3.289781221901501,2.342250351696887,-0.0672695462707981,28
2025-08-09 17:43:31.459,True,-3.289781221901501,2.342250351696887,-0.0672695462707981,28
2025-08-09 17:43:32.461,True,-3.3108030648981726,2.342250351696887,-0.06769892595500515,-100
2025-08-09 17:43:33.463,True,-3.3388162318668693,2.3352546796172406,-0.06806729749999527,28
2025-08-09 17:43:34.465,True,-3.3807069520064923,2.3560978181870027,-0.0695436056335323,28
2025-08-09 17:43:35.468,True,-3.3807069520064923,2.3560978181870027,-0.0695436056335323,28
2025-08-09 17:43:36.470,True,-3.3807069520064923,2.3560978181870027,-0.0695436056335323,28
2025-08-09 17:43:38.844,True,-3.3807069520064923,2.3560978181870027,-0.0695436056335323,-100
2025-08-09 17:43:39.848,True,-3.3807069520064923,2.3560978181870027,-0.0695436056335323,28
2025-08-09 17:43:40.851,True,-3.3807069520064923,2.3560978181870027,-0.0695436056335323,28
2025-08-09 17:43:41.855,True,-3.3736994799646065,2.3560978181870027,-0.06939962315414668,28
2025-08-09 17:43:42.860,True,-3.3736994799646065,2.3560978181870027,-0.06939962315414668,28
2025-08-09 17:43:43.862,True,-3.3736994799646065,2.3560978181870027,-0.06939962315414668,28
2025-08-09 17:43:44.864,True,-3.3736994799646065,2.3560978181870027,-0.06939962315414668,-100
2025-08-09 17:43:45.866,True,-3.3736994799646065,2.3560978181870027,-0.06939962315414668,-100
2025-08-09 17:43:46.870,True,-3.3736994799646065,2.3560978181870027,-0.06939962315414668,28
2025-08-09 17:43:47.873,True,-3.3736994799646065,2.3560978181870027,-0.06939962315414668,28
2025-08-09 17:43:48.877,True,-3.3736994799646065,2.3560978181870027,-0.06939962315414668,28
2025-08-09 17:43:49.879,True,-3.3736994799646065,2.3560978181870027,-0.06939962315414668,-100
2025-08-09 17:43:50.882,True,-3.3736994799646065,2.3560978181870027,-0.06939962315414668,-100
2025-08-09 17:43:51.884,True,-3.3736994799646065,2.3560978181870027,-0.06939962315414668,28
2025-08-09 17:43:52.887,True,-3.3736994799646065,2.3560978181870027,-0.06939962315414668,28
2025-08-09 17:43:53.890,True,-3.3736994799646065,2.3560978181870027,-0.06939962315414668,-100
2025-08-09 17:43:54.894,True,-3.3736994799646065,2.3560978181870027,-0.06939962315414668,28
2025-08-09 17:43:55.897,True,-3.3736994799646065,2.3560978181870027,-0.06939962315414668,-100
2025-08-09 17:43:56.899,True,-3.3736994799646065,2.3560978181870027,-0.06939962315414668,-100
2025-08-09 17:43:57.901,True,-3.3736994799646065,2.3560978181870027,-0.06939962315414668,28
2025-08-09 17:43:58.905,True,-3.3736994799646065,2.3560978181870027,-0.06939962315414668,28
2025-08-09 17:43:59.907,True,-3.3736994799646065,2.3560978181870027,-0.06939962315414668,-100
2025-08-09 17:44:00.909,True,-3.3736994799646065,2.3560978181870027,-0.06939962315414668,28
2025-08-09 17:44:01.911,True,-3.3736994799646065,2.3560978181870027,-0.06939962315414668,28
2025-08-09 17:44:02.914,True,-3.3736994799646065,2.3560978181870027,-0.06939962315414668,-100
2025-08-09 17:44:03.917,True,-3.3736994799646065,2.3560978181870027,-0.06939962315414668,-100
2025-08-09 17:44:04.920,True,-3.3736994799646065,2.3560978181870027,-0.06939962315414668,-100
2025-08-09 17:44:05.923,True,-3.3736994799646065,2.3560978181870027,-0.06939962315414668,-100
2025-08-09 17:44:06.926,True,-3.3736994799646065,2.3560978181870027,-0.06939962315414668,28
2025-08-09 17:44:07.929,True,-3.3736994799646065,2.3560978181870027,-0.06939962315414668,28
2025-08-09 17:44:08.932,True,-3.3736994799646065,2.3560978181870027,-0.06939962315414668,-100
2025-08-09 17:44:09.934,True,-3.3736994799646065,2.3560978181870027,-0.06939962315414668,28
2025-08-09 17:44:10.937,True,-3.3736994799646065,2.3560978181870027,-0.06939962315414668,28
2025-08-09 17:44:11.939,True,-3.3736994799646065,2.3560978181870027,-0.06939962315414668,28
2025-08-09 17:44:12.942,True,-3.3736994799646065,2.3560978181870027,-0.06939962315414668,28
2025-08-09 17:44:13.947,True,-3.3736994799646065,2.3560978181870027,-0.06939962315414668,28
2025-08-09 17:44:14.949,True,-3.3736994799646065,2.3560978181870027,-0.06939962315414668,-100
2025-08-09 17:44:15.950,True,-3.3736994799646065,2.3560978181870027,-0.06939962315414668,28
2025-08-09 17:44:16.953,True,-3.3736994799646065,2.3560978181870027,-0.06939962315414668,-100
2025-08-09 17:44:17.955,True,-3.3736994799646065,2.3560978181870027,-0.06939962315414668,-100
2025-08-09 17:44:18.956,True,-3.3736994799646065,2.3560978181870027,-0.06939962315414668,28
2025-08-09 17:44:19.959,True,-3.3736994799646065,2.3560978181870027,-0.06939962315414668,-100
2025-08-09 17:44:20.962,True,-3.3736994799646065,2.3560978181870027,-0.06939962315414668,-100
2025-08-09 17:44:21.964,True,-3.3736994799646065,2.3560978181870027,-0.06939962315414668,-100
2025-08-09 17:44:22.966,True,-3.3736994799646065,2.3560978181870027,-0.06939962315414668,-99
2025-08-09 17:44:23.968,True,-3.3736994799646065,2.3560978181870027,-0.06939962315414668,29
2025-08-09 17:44:24.970,True,-3.3736994799646065,2.3560978181870027,-0.06939962315414668,29
2025-08-09 17:44:25.972,True,-3.3736994799646065,2.3560978181870027,-0.06939962315414668,29
2025-08-09 17:44:26.975,True,-3.3736994799646065,2.3560978181870027,-0.06939962315414668,-99
2025-08-09 17:44:27.977,True,-3.3736994799646065,2.3560978181870027,-0.06939962315414668,28
2025-08-09 17:44:28.979,True,-3.3736994799646065,2.3560978181870027,-0.06939962315414668,-99
2025-08-09 17:44:29.980,True,-3.3736994799646065,2.3560978181870027,-0.06939962315414668,-100
2025-08-09 17:44:30.982,True,-3.3736994799646065,2.3560978181870027,-0.06939962315414668,28
2025-08-09 17:44:31.985,True,-3.3736994799646065,2.3560978181870027,-0.06939962315414668,29
2025-08-09 17:44:32.988,True,-3.3736994799646065,2.3560978181870027,-0.06939962315414668,28
2025-08-09 17:44:33.990,True,-3.3736994799646065,2.3560978181870027,-0.06939962315414668,-100
2025-08-09 17:44:34.992,True,-3.3736994799646065,2.3560978181870027,-0.06939962315414668,-100
2025-08-09 17:44:35.994,True,-3.3736994799646065,2.3560978181870027,-0.06939962315414668,-100
2025-08-09 17:44:36.996,True,-3.3736994799646065,2.3560978181870027,-0.06939962315414668,29
2025-08-09 17:44:37.998,True,-3.3736994799646065,2.3560978181870027,-0.06939962315414668,-99
2025-08-09 17:44:39.000,True,-3.3736994799646065,2.3560978181870027,-0.06939962315414668,29
2025-08-09 17:44:40.003,True,-3.3736994799646065,2.3560978181870027,-0.06939962315414668,29
2025-08-09 17:44:41.006,True,-3.3736994799646065,2.3560978181870027,-0.06939962315414668,29
2025-08-09 17:44:42.008,True,-3.3736994799646065,2.3560978181870027,-0.06939962315414668,-100
2025-08-09 17:44:43.010,True,-3.3736994799646065,2.3560978181870027,-0.06939962315414668,-99
2025-08-09 17:44:44.012,True,-3.3736994799646065,2.3560978181870027,-0.06939962315414668,-99
2025-08-09 17:44:45.014,True,-3.3736994799646065,2.3560978181870027,-0.06939962315414668,-99
2025-08-09 17:44:46.017,True,-3.3736994799646065,2.3560978181870027,-0.06939962315414668,-99
2025-08-09 17:44:47.020,True,-3.3736994799646065,2.3560978181870027,-0.06939962315414668,29
2025-08-09 17:44:48.022,True,-3.3736994799646065,2.3560978181870027,-0.06939962315414668,29
2025-08-09 17:44:49.024,True,-3.3736994799646065,2.3560978181870027,-0.06939962315414668,-99
2025-08-09 17:44:50.026,True,-3.3736994799646065,2.3560978181870027,-0.06939962315414668,29
2025-08-09 17:44:51.029,True,-3.3736994799646065,2.3560978181870027,-0.06939962315414668,29
2025-08-09 17:44:52.030,True,-3.3736994799646065,2.3560978181870027,-0.06939962315414668,-99
2025-08-09 17:44:53.033,True,-3.345823774193258,2.3352546796172406,-0.06820999610220572,-100
2025-08-09 17:44:54.035,True,-3.345823774193258,2.3352546796172406,-0.06820999610220572,29
2025-08-09 17:44:55.038,True,-3.345823774193258,2.3352546796172406,-0.06820999610220572,29
2025-08-09 17:44:56.040,True,-3.345823774193258,2.3352546796172406,-0.06820999610220572,-99
2025-08-09 17:44:57.042,True,-3.345823774193258,2.3352546796172406,-0.06820999610220572,29
2025-08-09 17:44:58.044,True,-3.345823774193258,2.3352546796172406,-0.06820999610220572,-99
2025-08-09 17:44:59.046,True,-3.345823774193258,2.3352546796172406,-0.06820999610220572,-99
2025-08-09 17:45:00.048,True,-3.345823774193258,2.3352546796172406,-0.06820999610220572,-99
2025-08-09 17:45:01.050,True,-3.345823774193258,2.3352546796172406,-0.06820999610220572,29
2025-08-09 17:45:02.052,True,-3.345823774193258,2.3352546796172406,-0.06820999610220572,28
2025-08-09 17:45:03.054,True,-3.345823774193258,2.3352546796172406,-0.06820999610220572,28
2025-08-09 17:45:04.056,True,-3.345823774193258,2.3352546796172406,-0.06820999610220572,-99
2025-08-09 17:45:05.058,True,-3.345823774193258,2.3352546796172406,-0.06820999610220572,-100
2025-08-09 17:45:06.059,True,-3.345823774193258,2.3352546796172406,-0.06820999610220572,-99
2025-08-09 17:45:07.062,True,-3.345823774193258,2.3352546796172406,-0.06820999610220572,-99
2025-08-09 17:45:08.064,True,-3.345823774193258,2.3352546796172406,-0.06820999610220572,29
2025-08-09 17:45:09.067,True,-3.3388162318668693,2.3352546796172406,-0.06806729749999527,29
2025-08-09 17:45:10.069,True,-3.3388162318668693,2.3352546796172406,-0.06806729749999527,-99
2025-08-09 17:45:11.070,True,-3.3388162318668693,2.3352546796172406,-0.06806729749999527,-99
2025-08-09 17:45:12.072,True,-3.345873968837642,2.3562418007733292,-0.06882369322785711,-100
2025-08-09 17:45:13.074,True,-3.33185872380239,2.3562418007733292,-0.0685357282594896,-114
2025-08-09 17:45:14.076,True,-3.33185872380239,2.3562418007733292,-0.0685357282594896,-100
2025-08-09 17:45:15.078,True,-3.33185872380239,2.3562418007733292,-0.0685357282594896,28
2025-08-09 17:45:16.080,True,-3.33185872380239,2.3562418007733292,-0.0685357282594896,29
2025-08-09 17:45:17.081,True,-3.33185872380239,2.3562418007733292,-0.0685357282594896,-99
2025-08-09 17:45:18.083,True,-3.33185872380239,2.3562418007733292,-0.0685357282594896,-100
2025-08-09 17:45:19.085,True,-3.33185872380239,2.3562418007733292,-0.0685357282594896,28
2025-08-09 17:45:20.087,True,-3.33185872380239,2.3562418007733292,-0.0685357282594896,29
2025-08-09 17:45:21.089,True,-3.33185872380239,2.3562418007733292,-0.0685357282594896,-99
2025-08-09 17:45:22.091,True,-3.33185872380239,2.3562418007733292,-0.0685357282594896,29
2025-08-09 17:45:23.094,True,-3.33185872380239,2.3562418007733292,-0.0685357282594896,28
2025-08-09 17:45:24.096,True,-3.33185872380239,2.3562418007733292,-0.0685357282594896,-99
2025-08-09 17:45:25.098,True,-3.33185872380239,2.3562418007733292,-0.0685357282594896,29
2025-08-09 17:45:26.100,True,-3.33185872380239,2.3562418007733292,-0.0685357282594896,-99
2025-08-09 17:45:27.101,True,-3.33185872380239,2.3562418007733292,-0.0685357282594896,-99
2025-08-09 17:45:28.104,True,-3.33185872380239,2.3562418007733292,-0.0685357282594896,29
2025-08-09 17:45:29.106,True,-3.33185872380239,2.3562418007733292,-0.0685357282594896,29
2025-08-09 17:45:30.110,True,-3.33185872380239,2.3562418007733292,-0.0685357282594896,29
2025-08-09 17:45:31.112,True,-3.33185872380239,2.3562418007733292,-0.0685357282594896,29
2025-08-09 17:45:32.114,True,-3.33185872380239,2.3562418007733292,-0.0685357282594896,29
2025-08-09 17:45:33.115,True,-3.33185872380239,2.3562418007733292,-0.0685357282594896,29
2025-08-09 17:45:34.117,True,-3.33185872380239,2.3562418007733292,-0.0685357282594896,-99
2025-08-09 17:45:35.119,True,-3.33185872380239,2.3562418007733292,-0.0685357282594896,29
2025-08-09 17:45:36.121,True,-3.33185872380239,2.3562418007733292,-0.0685357282594896,29
2025-08-09 17:45:37.124,True,-3.33185872380239,2.3562418007733292,-0.0685357282594896,28
2025-08-09 17:45:38.126,True,-3.33185872380239,2.3562418007733292,-0.0685357282594896,-99
2025-08-09 17:45:39.128,True,-3.33185872380239,2.3562418007733292,-0.0685357282594896,-99
2025-08-09 17:45:40.130,True,-3.33185872380239,2.3562418007733292,-0.0685357282594896,-99
2025-08-09 17:45:41.132,True,-3.33185872380239,2.3562418007733292,-0.0685357282594896,29
2025-08-09 17:45:42.135,True,-3.33185872380239,2.3562418007733292,-0.0685357282594896,-99
2025-08-09 17:45:43.137,True,-3.33185872380239,2.3562418007733292,-0.0685357282594896,29
2025-08-09 17:45:44.139,True,-3.33185872380239,2.3562418007733292,-0.0685357282594896,29
2025-08-09 17:45:45.142,True,-3.345890800463537,2.3632375779797625,-0.0690282650861169,28
2025-08-09 17:45:46.144,True,-3.352711146164906,2.3700885518961257,-0.06937767847060529,-100
2025-08-09 17:45:47.147,True,-3.352745128516398,2.384079427006255,-0.06978769365386962,-100
2025-08-09 17:45:48.148,True,-3.352745128516398,2.384079427006255,-0.06978769365386962,29
2025-08-09 17:45:49.150,True,-3.352711146164906,2.3700885518961257,-0.06937767847060529,29
2025-08-09 17:45:50.152,True,-3.352711146164906,2.3700885518961257,-0.06937767847060529,29
2025-08-09 17:45:51.155,True,-3.352711146164906,2.3700885518961257,-0.06937767847060529,29
2025-08-09 17:45:52.157,True,-3.352711146164906,2.3700885518961257,-0.06937767847060529,29
2025-08-09 17:45:53.159,True,-3.352711146164906,2.3700885518961257,-0.06937767847060529,-99
2025-08-09 17:45:54.161,True,-3.352711146164906,2.3700885518961257,-0.06937767847060529,-99
2025-08-09 17:45:55.163,True,-3.352711146164906,2.3700885518961257,-0.06937767847060529,-99
2025-08-09 17:45:56.165,True,-3.352711146164906,2.3700885518961257,-0.06937767847060529,-99
2025-08-09 17:45:57.167,True,-3.352711146164906,2.3700885518961257,-0.06937767847060529,29
2025-08-09 17:45:58.170,True,-3.352711146164906,2.3700885518961257,-0.06937767847060529,-99
2025-08-09 17:45:59.171,True,-3.352711146164906,2.3700885518961257,-0.06937767847060529,-99
2025-08-09 17:46:00.175,True,-3.352711146164906,2.3700885518961257,-0.06937767847060529,-99
2025-08-09 17:46:01.177,True,-3.352711146164906,2.3700885518961257,-0.06937767847060529,29
2025-08-09 17:46:02.179,True,-3.352711146164906,2.3700885518961257,-0.06937767847060529,-99
2025-08-09 17:46:03.182,True,-3.352711146164906,2.3700885518961257,-0.06937767847060529,29
2025-08-09 17:46:04.184,True,-3.3527281122676182,2.377083971723657,-0.06958268450470574,-99
2025-08-09 17:46:05.186,True,-3.3527281122676182,2.377083971723657,-0.06958268450470574,-99
2025-08-09 17:46:06.188,True,-3.3527281122676182,2.377083971723657,-0.06958268450470574,-99
2025-08-09 17:46:07.191,True,-3.3527281122676182,2.377083971723657,-0.06958268450470574,-99
2025-08-09 17:46:08.193,True,-3.3527281122676182,2.377083971723657,-0.06958268450470574,29
2025-08-09 17:46:09.197,True,-3.3527281122676182,2.377083971723657,-0.06958268450470574,29
2025-08-09 17:46:10.199,True,-3.3527281122676182,2.377083971723657,-0.06958268450470574,29
2025-08-09 17:46:11.201,True,-3.3527281122676182,2.377083971723657,-0.06958268450470574,-99
2025-08-09 17:46:12.203,True,-3.3597355400810884,2.377083971723657,-0.06972795092615221,29
2025-08-09 17:46:13.205,True,-3.3807410158798628,2.3700885518961257,-0.06995703220592286,-99
2025-08-09 17:46:14.207,True,-3.4227700613424297,2.3630931674188442,-0.070616780056085,-99
2025-08-09 17:46:15.208,True,-3.4368031746109224,2.3700885518961257,-0.07111573963352294,-99
2025-08-09 17:46:16.210,True,-3.4435991138601016,2.3423174289707758,-0.06342307348016119,-99
2025-08-09 17:46:17.213,True,-3.4926555667465724,2.3423204196773297,-0.06442495956020941,29
2025-08-09 17:46:18.215,True,-3.528019080971732,2.412061604783807,-0.07429292256696807,29
2025-08-09 17:46:19.216,True,-3.499767063644546,2.384293055345229,-0.0658518083438014,29
2025-08-09 17:46:20.219,True,-3.4786902404924724,2.363305510763614,-0.06477670172236895,-99
2025-08-09 17:46:21.222,True,-3.4646738492481837,2.3633046562631677,-0.06448788075516985,29
2025-08-09 17:46:22.224,True,-3.4646738492481837,2.3633046562631677,-0.06448788075516985,29
2025-08-09 17:46:23.226,True,-3.4646738492481837,2.3633046562631677,-0.06448788075516985,-99
2025-08-09 17:46:24.228,True,-3.4646738492481837,2.3633046562631677,-0.06448788075516985,-99
2025-08-09 17:46:25.229,True,-3.4576149857250704,2.342318283458362,-0.06370932664987375,-99
2025-08-09 17:46:26.232,True,-3.4365412880333164,2.3213313705992937,-0.06264968234903474,29
2025-08-09 17:46:27.235,True,-3.4365247352225228,2.314336229602732,-0.06243960020590369,29
2025-08-09 17:46:28.238,True,-3.4365412880333164,2.3213313705992937,-0.06264968234903474,-99
2025-08-09 17:46:29.240,True,-3.4365412880333164,2.3213313705992937,-0.06264968234903474,-99
2025-08-09 17:46:30.242,True,-3.4365412880333164,2.3213313705992937,-0.06264968234903474,-99
2025-08-09 17:46:31.244,True,-3.4365412880333164,2.3213313705992937,-0.06264968234903474,-99
2025-08-09 17:46:32.246,True,-3.4390848483315004,3.2170319169075463,-0.08956837611964791,-99
2025-08-09 17:46:33.248,True,-3.4365412880333164,2.3213313705992937,-0.06264968234903474,29
2025-08-09 17:46:34.250,True,-3.4365247352225228,2.314336229602732,-0.06243960020590369,29
2025-08-09 17:46:35.253,True,-3.4365247352225228,2.314336229602732,-0.06243960020590369,29
2025-08-09 17:46:36.255,True,-3.4365247352225228,2.314336229602732,-0.06243960020590369,29
2025-08-09 17:46:37.257,True,-3.4365247352225228,2.314336229602732,-0.06243960020590369,-99
2025-08-09 17:46:38.259,True,-3.4365247352225228,2.314336229602732,-0.06243960020590369,29
2025-08-09 17:46:39.261,True,-3.4365247352225228,2.314336229602732,-0.06243960020590369,29
2025-08-09 17:46:40.263,True,-3.4365247352225228,2.314336229602732,-0.06243960020590369,29
2025-08-09 17:46:41.266,True,-3.4365247352225228,2.314336229602732,-0.06243960020590369,29
2025-08-09 17:46:42.271,True,-3.4365082337939112,2.307341123121202,-0.06222952106632369,-99
2025-08-09 17:46:43.273,True,-3.4365082337939112,2.307341123121202,-0.06222952106632369,29
2025-08-09 17:46:44.275,True,-3.4365082337939112,2.307341123121202,-0.06222952106632369,29
2025-08-09 17:46:45.277,True,-3.4365082337939112,2.307341123121202,-0.06222952106632369,-99
2025-08-09 17:46:46.279,True,-3.4365082337939112,2.307341123121202,-0.06222952106632369,-99
2025-08-09 17:46:47.281,True,-3.4365082337939112,2.307341123121202,-0.06222952106632369,29
2025-08-09 17:46:48.283,True,-3.4365082337939112,2.307341123121202,-0.06222952106632369,29
2025-08-09 17:46:49.285,True,-3.4365082337939112,2.307341123121202,-0.06222952106632369,-99
2025-08-09 17:46:50.287,True,-3.4365082337939112,2.307341123121202,-0.06222952106632369,-99
2025-08-09 17:46:51.289,True,-3.4365412880333164,2.3213313705992937,-0.06264968234903474,-99
2025-08-09 17:46:52.292,True,-3.436557892227793,2.3283265462156666,-0.06285976750515487,29
2025-08-09 17:46:53.294,True,-3.436557892227793,2.3283265462156666,-0.06285976750515487,-99
2025-08-09 17:46:54.296,True,-3.436557892227793,2.3283265462156666,-0.06285976750515487,29
2025-08-09 17:46:55.300,True,-3.436557892227793,2.3283265462156666,-0.06285976750515487,29
2025-08-09 17:46:56.302,True,-3.436557892227793,2.3283265462156666,-0.06285976750515487,-99
2025-08-09 17:46:57.304,True,-3.436557892227793,2.3283265462156666,-0.06285976750515487,29
2025-08-09 17:46:58.307,True,-3.436557892227793,2.3283265462156666,-0.06285976750515487,29
2025-08-09 17:46:59.309,True,-3.436557892227793,2.3283265462156666,-0.06285976750515487,29
2025-08-09 17:47:00.310,True,-3.436557892227793,2.3283265462156666,-0.06285976750515487,-99
2025-08-09 17:47:01.314,True,-3.436557892227793,2.3283265462156666,-0.06285976750515487,29
2025-08-09 17:47:02.317,True,-3.436557892227793,2.3283265462156666,-0.06285976750515487,29
2025-08-09 17:47:03.319,True,-3.436557892227793,2.3283265462156666,-0.06285976750515487,-99
2025-08-09 17:47:04.321,True,-3.436557892227793,2.3283265462156666,-0.06285976750515487,-99
2025-08-09 17:47:05.323,True,-3.436557892227793,2.3283265462156666,-0.06285976750515487,29
2025-08-09 17:47:06.324,True,-3.436557892227793,2.3283265462156666,-0.06285976750515487,-99
2025-08-09 17:47:07.326,True,-3.436557892227793,2.3283265462156666,-0.06285976750515487,-99
2025-08-09 17:47:08.328,True,-3.436557892227793,2.3283265462156666,-0.06285976750515487,29
2025-08-09 17:47:09.331,True,-3.436574547807457,2.3353217565566333,-0.06306985568370255,29
2025-08-09 17:47:10.333,True,-3.436574547807457,2.3353217565566333,-0.06306985568370255,-99
2025-08-09 17:47:11.335,True,-3.436574547807457,2.3353217565566333,-0.06306985568370255,29
2025-08-09 17:47:12.337,True,-3.436574547807457,2.3353217565566333,-0.06306985568370255,-99
2025-08-09 17:47:13.339,True,-3.436574547807457,2.3353217565566333,-0.06306985568370255,-99
2025-08-09 17:47:14.342,True,-3.436574547807457,2.3353217565566333,-0.06306985568370255,29
2025-08-09 17:47:15.344,True,-3.436574547807457,2.3353217565566333,-0.06306985568370255,-99
2025-08-09 17:47:16.346,True,-3.436574547807457,2.3353217565566333,-0.06306985568370255,29
2025-08-09 17:47:17.349,True,-3.436574547807457,2.3353217565566333,-0.06306985568370255,29
2025-08-09 17:47:18.351,True,-3.436574547807457,2.3353217565566333,-0.06306985568370255,-99
2025-08-09 17:47:19.353,True,-3.436574547807457,2.3353217565566333,-0.06306985568370255,29
2025-08-09 17:47:20.354,True,-3.436574547807457,2.3353217565566333,-0.06306985568370255,-99
2025-08-09 17:47:21.356,True,-3.4365912547738167,2.3423170017269825,-0.0632799468941167,-99
2025-08-09 17:47:22.358,True,-3.4365912547738167,2.3423170017269825,-0.0632799468941167,29
2025-08-09 17:47:23.360,True,-3.443649648420366,2.3633033745124985,-0.06405464929823078,29
2025-08-09 17:47:24.363,True,-3.442928898739584,2.3643544104582523,-0.029077819291579807,29
2025-08-09 17:47:25.365,True,-3.407845960354719,2.3433556317724693,-0.02773113545374524,-99
2025-08-09 17:47:26.367,True,-3.407845960354719,2.3433556317724693,-0.02773113545374524,29
2025-08-09 17:47:27.369,True,-3.407845960354719,2.3433556317724693,-0.02773113545374524,-99
2025-08-09 17:47:28.371,True,-3.407831528963504,2.3363603814218528,-0.027522930288083523,29
2025-08-09 17:47:29.373,True,-3.4009459103876805,2.294527175243524,-0.026131056543185656,29
2025-08-09 17:47:30.375,True,149.79487677866504,2.2105329009699033,4.556062151236805,29
2025-08-09 17:47:31.377,True,-3.407731935362665,2.2873945987580457,-0.02606556315481133,29
2025-08-09 17:47:32.380,True,-3.4147534285710894,2.294392170770424,-0.02641388233930287,-99
2025-08-09 17:47:33.383,True,-3.4147534285710894,2.294392170770424,-0.02641388233930287,-99
2025-08-09 17:47:34.385,True,-3.4147534285710894,2.294392170770424,-0.02641388233930287,-99
2025-08-09 17:47:35.387,True,-3.4147534285710894,2.294392170770424,-0.02641388233930287,-99
2025-08-09 17:47:36.389,True,-3.4147534285710894,2.294392170770424,-0.02641388233930287,29
2025-08-09 17:47:37.392,True,-3.4147534285710894,2.294392170770424,-0.02641388233930287,29
2025-08-09 17:47:38.394,True,-3.4147534285710894,2.294392170770424,-0.02641388233930287,29
2025-08-09 17:47:39.397,True,-3.4147534285710894,2.294392170770424,-0.02641388233930287,-99
2025-08-09 17:47:40.399,True,-3.4147534285710894,2.294392170770424,-0.02641388233930287,-99
2025-08-09 17:47:41.401,True,-3.4147534285710894,2.294392170770424,-0.02641388233930287,-99
2025-08-09 17:47:42.404,True,-3.4147534285710894,2.294392170770424,-0.02641388233930287,29
2025-08-09 17:47:43.406,True,-3.4147534285710894,2.294392170770424,-0.02641388233930287,-99
2025-08-09 17:47:44.408,True,-3.4147534285710894,2.294392170770424,-0.02641388233930287,29
2025-08-09 17:47:45.410,True,-3.4147534285710894,2.294392170770424,-0.02641388233930287,29
2025-08-09 17:47:46.413,True,-3.4147534285710894,2.294392170770424,-0.02641388233930287,-99
2025-08-09 17:47:47.415,True,-3.4147534285710894,2.294392170770424,-0.02641388233930287,-99
2025-08-09 17:47:48.417,True,-3.4147534285710894,2.294392170770424,-0.02641388233930287,-99
2025-08-09 17:47:49.420,True,-3.4147675886525115,2.3013872136356897,-0.026622500659059762,-99
2025-08-09 17:47:50.422,True,-3.4147675886525115,2.3013872136356897,-0.026622500659059762,-99
2025-08-09 17:47:51.424,True,-3.4147534285710894,2.294392170770424,-0.02641388233930287,29
2025-08-09 17:47:52.427,True,-3.4147675886525115,2.3013872136356897,-0.026622500659059762,29
2025-08-09 17:47:53.430,True,-3.4147675886525115,2.3013872136356897,-0.026622500659059762,29
2025-08-09 17:47:54.432,True,-3.4147675886525115,2.3013872136356897,-0.026622500659059762,29
2025-08-09 17:47:55.434,True,-3.4147675886525115,2.3013872136356897,-0.026622500659059762,29
2025-08-09 17:47:56.438,True,-3.4147675886525115,2.3013872136356897,-0.026622500659059762,29
2025-08-09 17:47:57.441,True,-3.4147675886525115,2.3013872136356897,-0.026622500659059762,-99
2025-08-09 17:47:58.443,True,-3.4147675886525115,2.3013872136356897,-0.026622500659059762,29
2025-08-09 17:47:59.446,True,-3.4147675886525115,2.3013872136356897,-0.026622500659059762,29
2025-08-09 17:48:00.449,True,-3.4147675886525115,2.3013872136356897,-0.026622500659059762,29
2025-08-09 17:48:01.453,True,-3.4077743127474474,2.308379727420935,-0.026690134371165776,29
2025-08-09 17:48:02.455,True,-3.407788540401935,2.315374839020501,-0.026898329657228204,-99
2025-08-09 17:48:03.457,True,-3.407788540401935,2.315374839020501,-0.026898329657228204,29
2025-08-09 17:48:04.460,True,-3.407788540401935,2.315374839020501,-0.026898329657228204,29
2025-08-09 17:48:05.462,True,-3.407788540401935,2.315374839020501,-0.026898329657228204,29
2025-08-09 17:48:06.464,True,-3.407788540401935,2.315374839020501,-0.026898329657228204,29
2025-08-09 17:48:07.471,True,-3.407788540401935,2.315374839020501,-0.026898329657228204,29
2025-08-09 17:48:08.472,True,-3.407788540401935,2.315374839020501,-0.026898329657228204,-99
2025-08-09 17:48:09.474,True,-3.407788540401935,2.315374839020501,-0.026898329657228204,-99
2025-08-09 17:48:10.476,True,-3.407788540401935,2.315374839020501,-0.026898329657228204,29
2025-08-09 17:48:11.478,True,-3.407788540401935,2.315374839020501,-0.026898329657228204,29
2025-08-09 17:48:12.480,True,-3.407788540401935,2.315374839020501,-0.026898329657228204,29
2025-08-09 17:48:13.482,True,-3.407788540401935,2.315374839020501,-0.026898329657228204,29
2025-08-09 17:48:14.485,True,-3.407788540401935,2.315374839020501,-0.026898329657228204,-99
2025-08-09 17:48:15.487,True,-3.407788540401935,2.315374839020501,-0.026898329657228204,29
2025-08-09 17:48:16.489,True,-3.407788540401935,2.315374839020501,-0.026898329657228204,29
2025-08-09 17:48:17.491,True,-3.407788540401935,2.315374839020501,-0.026898329657228204,-99
2025-08-09 17:48:18.493,True,-3.407788540401935,2.315374839020501,-0.026898329657228204,-99
2025-08-09 17:48:19.495,True,-3.407788540401935,2.315374839020501,-0.026898329657228204,29
2025-08-09 17:48:20.497,True,-3.407788540401935,2.315374839020501,-0.026898329657228204,29
2025-08-09 17:48:21.500,True,-3.407788540401935,2.315374839020501,-0.026898329657228204,29
2025-08-09 17:48:22.501,True,-3.407788540401935,2.315374839020501,-0.026898329657228204,-99
2025-08-09 17:48:23.503,True,-3.407788540401935,2.315374839020501,-0.026898329657228204,29
2025-08-09 17:48:24.505,True,-3.407788540401935,2.315374839020501,-0.026898329657228204,-99
2025-08-09 17:48:25.507,True,-3.407788540401935,2.315374839020501,-0.026898329657228204,-99
2025-08-09 17:48:26.509,True,-3.407788540401935,2.315374839020501,-0.026898329657228204,29
2025-08-09 17:48:27.511,True,-3.407788540401935,2.315374839020501,-0.026898329657228204,-99
2025-08-09 17:48:28.513,True,-3.407788540401935,2.315374839020501,-0.026898329657228204,29
2025-08-09 17:48:29.520,True,-3.407788540401935,2.315374839020501,-0.026898329657228204,-114
2025-08-09 17:48:30.523,True,-3.407788540401935,2.315374839020501,-0.026898329657228204,29
2025-08-09 17:48:31.526,True,-3.3097417778803204,2.238531309786259,-0.022691837896444546,29
2025-08-09 17:48:32.528,True,-3.3097417778803204,2.238531309786259,-0.022691837896444546,29
2025-08-09 17:48:33.530,True,-3.281649927862837,2.203545556823149,-0.021142690925439446,29
2025-08-09 17:48:34.532,True,-3.281649927862837,2.203545556823149,-0.021142690925439446,29
2025-08-09 17:48:35.534,True,-3.23276513050783,2.182675995190773,-0.019605767816395184,29
2025-08-09 17:48:36.537,True,-3.197672403372221,2.147686849252807,-0.017962781896469292,29
2025-08-09 17:48:37.539,True,-3.2045475592044106,2.147885063987651,-0.011098744111377484,29
2025-08-09 17:48:38.541,True,-3.204571008400367,2.1618755010062682,-0.011490152889563194,-99
2025-08-09 17:48:39.543,True,-3.1975298403710104,2.1408869032818867,-0.010772324056449244,29
2025-08-09 17:48:40.545,True,-3.2185017952324264,2.112915510629527,-0.010378271314791025,-99
2025-08-09 17:48:41.547,True,-3.2044108845262493,2.063945103149009,-0.008750453376601477,29
2025-08-09 17:48:42.550,True,-3.260300022423251,2.0431837890993885,-0.002166547333469367,29
2025-08-09 17:48:43.553,True,-3.267242126577196,2.0012194386931266,-0.0010943514906442957,-99
2025-08-09 17:48:44.555,True,-3.2672211972651874,1.9872304226079742,-0.0006953899630944355,-99
2025-08-09 17:48:45.556,True,-3.2813292483634044,2.0501887748900116,-0.0027410873166440683,29
2025-08-09 17:48:46.558,True,-3.288158551317482,2.015419586732918,0.005132219877569856,29
2025-08-09 17:48:47.560,True,-3.2881483016623183,2.0084250031425372,0.005332958009413955,29
2025-08-09 17:48:48.562,True,-3.30215030558477,2.001438138149436,0.005289366194090561,29
2025-08-09 17:48:49.565,True,-3.302170875641079,2.0154272754520046,0.004886180873426151,29
2025-08-09 17:48:50.570,True,-3.3791121238114075,2.0643064838863863,0.002084987719507558,29
2025-08-09 17:48:51.571,True,-3.3791121238114075,2.0643064838863863,0.002084987719507558,-99
2025-08-09 17:48:52.573,True,-3.3791121238114075,2.0643064838863863,0.002084987719507558,29
2025-08-09 17:48:53.575,True,-3.3791121238114075,2.0643064838863863,0.002084987719507558,-99
2025-08-09 17:48:54.577,True,-3.3791121238114075,2.0643064838863863,0.002084987719507558,29
2025-08-09 17:48:55.579,True,-3.3791121238114075,2.0643064838863863,0.002084987719507558,29
2025-08-09 17:48:56.582,True,-3.3791121238114075,2.0643064838863863,0.002084987719507558,-99
2025-08-09 17:48:57.584,True,-3.3791121238114075,2.0643064838863863,0.002084987719507558,29
2025-08-09 17:48:58.586,True,-3.3791121238114075,2.0643064838863863,0.002084987719507558,-99
2025-08-09 17:48:59.589,True,-3.3791121238114075,2.0643064838863863,0.002084987719507558,29
2025-08-09 17:49:00.591,True,-3.3791231663224255,2.071300883294798,0.0018786757620911187,-99
2025-08-09 17:49:01.593,True,-3.3791231663224255,2.071300883294798,0.0018786757620911187,-99
2025-08-09 17:49:02.596,True,-3.3791231663224255,2.071300883294798,0.0018786757620911187,29
2025-08-09 17:49:03.598,True,-3.3791231663224255,2.071300883294798,0.0018786757620911187,29
2025-08-09 17:49:04.602,True,-3.3791231663224255,2.071300883294798,0.0018786757620911187,29
2025-08-09 17:49:05.604,True,-3.3791231663224255,2.071300883294798,0.0018786757620911187,-99
2025-08-09 17:49:06.606,True,-3.3791231663224255,2.071300883294798,0.0018786757620911187,-99
2025-08-09 17:49:07.607,True,-3.3791231663224255,2.071300883294798,0.0018786757620911187,29
2025-08-09 17:49:08.609,True,-3.3791231663224255,2.071300883294798,0.0018786757620911187,29
2025-08-09 17:49:09.611,True,-3.3791231663224255,2.071300883294798,0.0018786757620911187,29
2025-08-09 17:49:10.614,True,-3.3791231663224255,2.071300883294798,0.0018786757620911187,29
2025-08-09 17:49:11.617,True,-3.3791231663224255,2.071300883294798,0.0018786757620911187,29
2025-08-09 17:49:12.618,True,-3.3791231663224255,2.071300883294798,0.0018786757620911187,29
2025-08-09 17:49:13.620,True,-3.3791231663224255,2.071300883294798,0.0018786757620911187,-99
2025-08-09 17:49:14.623,True,-3.3791231663224255,2.071300883294798,0.0018786757620911187,-99
2025-08-09 17:49:15.625,True,-3.3791231663224255,2.071300883294798,0.0018786757620911187,-99
2025-08-09 17:49:16.627,True,-3.3791231663224255,2.071300883294798,0.0018786757620911187,-99
2025-08-09 17:49:17.630,True,-3.3791231663224255,2.071300883294798,0.0018786757620911187,29
2025-08-09 17:49:18.633,True,-3.3791231663224255,2.071300883294798,0.0018786757620911187,29
2025-08-09 17:49:19.635,True,-3.3791231663224255,2.071300883294798,0.0018786757620911187,-99
2025-08-09 17:49:20.637,True,-3.3791231663224255,2.071300883294798,0.0018786757620911187,29
2025-08-09 17:49:21.640,True,-3.3791231663224255,2.071300883294798,0.0018786757620911187,29
2025-08-09 17:49:22.642,True,-3.3791231663224255,2.071300883294798,0.0018786757620911187,-99
2025-08-09 17:49:23.645,True,-3.3791231663224255,2.071300883294798,0.0018786757620911187,29
2025-08-09 17:49:24.648,True,-3.4143068777529324,2.162250147455326,-0.001463556296646197,29
2025-08-09 17:49:25.651,True,-3.407347481396158,2.190225862579506,-0.002163762450248363,29
2025-08-09 17:49:26.653,True,-3.407347481396158,2.190225862579506,-0.002163762450248363,29
2025-08-09 17:49:27.655,True,-3.407347481396158,2.190225862579506,-0.002163762450248363,-99
2025-08-09 17:49:28.657,True,-3.3793186094651606,2.190210483418714,-0.0016289094224079734,-99
2025-08-09 17:49:29.660,True,-3.379330560333465,2.197205454697455,-0.001835255072778742,29
2025-08-09 17:49:30.662,True,-3.379330560333465,2.197205454697455,-0.001835255072778742,29
2025-08-09 17:49:31.664,True,-3.379330560333465,2.197205454697455,-0.001835255072778742,29
2025-08-09 17:49:32.668,True,-3.379330560333465,2.197205454697455,-0.001835255072778742,-99
2025-08-09 17:49:33.670,True,-3.379330560333465,2.197205454697455,-0.001835255072778742,-99
2025-08-09 17:49:34.672,True,-3.3792948591511096,2.176220638737841,-0.0012162239638074457,-99
2025-08-09 17:49:35.674,True,-3.3792948591511096,2.176220638737841,-0.0012162239638074457,-99
2025-08-09 17:49:36.676,True,-3.3792948591511096,2.176220638737841,-0.0012162239638074457,-99
2025-08-09 17:49:37.679,True,-3.3792713107255823,2.1622309238610478,-0.0008035462330442975,29
2025-08-09 17:49:38.681,True,-3.3792713107255823,2.1622309238610478,-0.0008035462330442975,29
2025-08-09 17:49:39.684,True,-3.3792713107255823,2.1622309238610478,-0.0008035462330442975,29
2025-08-09 17:49:40.685,True,-3.3792713107255823,2.1622309238610478,-0.0008035462330442975,-99
2025-08-09 17:49:41.687,True,-3.3792713107255823,2.1622309238610478,-0.0008035462330442975,-99
2025-08-09 17:49:42.689,True,-3.3792948591511096,2.176220638737841,-0.0012162239638074457,29
2025-08-09 17:49:43.693,True,-3.3792948591511096,2.176220638737841,-0.0012162239638074457,-99
2025-08-09 17:49:44.695,True,-3.3792948591511096,2.176220638737841,-0.0012162239638074457,29
2025-08-09 17:49:45.697,True,-3.3792948591511096,2.176220638737841,-0.0012162239638074457,-99
2025-08-09 17:49:46.700,True,-3.3792948591511096,2.176220638737841,-0.0012162239638074457,29
2025-08-09 17:49:47.701,True,-3.3793067090714546,2.183215544800414,-0.001422565722501826,29
2025-08-09 17:49:48.703,True,-3.3793067090714546,2.183215544800414,-0.001422565722501826,29
2025-08-09 17:49:49.706,True,-3.3792948591511096,2.176220638737841,-0.0012162239638074457,29
2025-08-09 17:49:50.708,True,-3.3792948591511096,2.176220638737841,-0.0012162239638074457,-99
2025-08-09 17:49:51.710,True,-3.393332944470857,2.1902181729990904,-0.0018963359363694803,-99
2025-08-09 17:49:52.712,True,-3.393332944470857,2.1902181729990904,-0.0018963359363694803,-99
2025-08-09 17:49:53.714,True,-3.393332944470857,2.1902181729990904,-0.0018963359363694803,29
2025-08-09 17:49:54.716,True,-3.393332944470857,2.1902181729990904,-0.0018963359363694803,29
2025-08-09 17:49:55.718,True,-3.393332944470857,2.1902181729990904,-0.0018963359363694803,29
2025-08-09 17:49:56.721,True,-3.393332944470857,2.1902181729990904,-0.0018963359363694803,-99
2025-08-09 17:49:57.722,True,-3.393332944470857,2.1902181729990904,-0.0018963359363694803,-99
2025-08-09 17:49:58.724,True,-3.393332944470857,2.1902181729990904,-0.0018963359363694803,29
2025-08-09 17:49:59.727,True,-3.393332944470857,2.1902181729990904,-0.0018963359363694803,29
2025-08-09 17:50:00.729,True,-3.393332944470857,2.1902181729990904,-0.0018963359363694803,29
2025-08-09 17:50:01.731,True,-3.393332944470857,2.1902181729990904,-0.0018963359363694803,29
2025-08-09 17:50:02.735,True,-3.393332944470857,2.1902181729990904,-0.0018963359363694803,29
2025-08-09 17:50:03.737,True,-3.39332097882905,2.183223234344944,-0.0016891365964860257,-99
2025-08-09 17:50:04.739,True,-3.39332097882905,2.183223234344944,-0.0016891365964860257,29
2025-08-09 17:50:05.742,True,-3.39332097882905,2.183223234344944,-0.0016891365964860257,29
2025-08-09 17:50:06.743,True,-3.4003043452044146,2.1692372993360767,-0.0014071735817224535,29
2025-08-09 17:50:07.745,True,-3.379236366606854,2.141246593096234,-0.00018454396468627806,-99
2025-08-09 17:50:08.747,True,-3.372229500736646,2.141242748430314,-5.3825323033668066e-05,29
2025-08-09 17:50:09.749,True,-3.3511082294513344,2.0782799355429287,0.0021798373800253354,29
2025-08-09 17:50:10.752,True,-3.287844943288675,2.05799002175312,0.024912108040959176,29
2025-08-09 17:50:11.753,True,-3.2878919954553307,2.092964324574881,0.02390880515553239,29
2025-08-09 17:50:12.755,True,-3.2878919954553307,2.092964324574881,0.02390880515553239,-99
2025-08-09 17:50:13.757,True,-3.2878919954553307,2.092964324574881,0.02390880515553239,29
2025-08-09 17:50:14.760,True,-3.2878919954553307,2.092964324574881,0.02390880515553239,29
2025-08-09 17:50:15.762,True,-3.2878919954553307,2.092964324574881,0.02390880515553239,29
2025-08-09 17:50:16.765,True,-3.2878919954553307,2.092964324574881,0.02390880515553239,29
2025-08-09 17:50:17.768,True,-3.2878919954553307,2.092964324574881,0.02390880515553239,-99
2025-08-09 17:50:18.770,True,-3.2878919954553307,2.092964324574881,0.02390880515553239,-99
2025-08-09 17:50:19.772,True,-3.2878919954553307,2.092964324574881,0.02390880515553239,29
2025-08-09 17:50:20.774,True,-3.2878919954553307,2.092964324574881,0.02390880515553239,29
2025-08-09 17:50:21.777,True,-3.2878919954553307,2.092964324574881,0.02390880515553239,29
2025-08-09 17:50:22.778,True,-3.2878919954553307,2.092964324574881,0.02390880515553239,29
2025-08-09 17:50:23.781,True,-3.2878919954553307,2.092964324574881,0.02390880515553239,29
2025-08-09 17:50:24.784,True,-3.2878919954553307,2.092964324574881,0.02390880515553239,-99
2025-08-09 17:50:25.786,True,-3.2878919954553307,2.092964324574881,0.02390880515553239,29
2025-08-09 17:50:26.788,True,-3.2878919954553307,2.092964324574881,0.02390880515553239,29
2025-08-09 17:50:27.790,True,-3.2878919954553307,2.092964324574881,0.02390880515553239,29
2025-08-09 17:50:28.793,True,-3.2878919954553307,2.092964324574881,0.02390880515553239,-99
2025-08-09 17:50:29.795,True,-3.2878919954553307,2.092964324574881,0.02390880515553239,29
2025-08-09 17:50:30.797,True,-3.2878919954553307,2.092964324574881,0.02390880515553239,29
2025-08-09 17:50:31.799,True,-3.2878919954553307,2.092964324574881,0.02390880515553239,29
2025-08-09 17:50:32.802,True,-3.2878919954553307,2.092964324574881,0.02390880515553239,-99
2025-08-09 17:50:33.805,True,-3.2878919954553307,2.092964324574881,0.02390880515553239,-99
2025-08-09 17:50:34.808,True,-3.2878919954553307,2.092964324574881,0.02390880515553239,-99
2025-08-09 17:50:35.811,True,-3.2878919954553307,2.092964324574881,0.02390880515553239,-99
2025-08-09 17:50:36.813,True,-3.2878919954553307,2.092964324574881,0.02390880515553239,29
2025-08-09 17:50:37.816,True,-3.2878919954553307,2.092964324574881,0.02390880515553239,29
2025-08-09 17:50:38.819,True,-3.2878919954553307,2.092964324574881,0.02390880515553239,29
2025-08-09 17:50:39.822,True,-3.2878919954553307,2.092964324574881,0.02390880515553239,-99
2025-08-09 17:50:40.825,True,-3.2878919954553307,2.092964324574881,0.02390880515553239,-114
2025-08-09 17:50:41.827,True,-3.2878919954553307,2.092964324574881,0.02390880515553239,-99
2025-08-09 17:50:42.829,True,-3.2878919954553307,2.092964324574881,0.02390880515553239,-99
2025-08-09 17:50:43.831,True,-3.2878919954553307,2.092964324574881,0.02390880515553239,-99
2025-08-09 17:50:44.833,True,-3.2878919954553307,2.092964324574881,0.02390880515553239,29
2025-08-09 17:50:45.836,True,-3.2878919954553307,2.092964324574881,0.02390880515553239,29
2025-08-09 17:50:46.839,True,-3.2878919954553307,2.092964324574881,0.02390880515553239,29
2025-08-09 17:50:47.841,True,-3.2878919954553307,2.092964324574881,0.02390880515553239,29
2025-08-09 17:50:48.843,True,-3.2878919954553307,2.092964324574881,0.02390880515553239,-99
2025-08-09 17:50:49.844,True,-3.2878919954553307,2.092964324574881,0.02390880515553239,-99
2025-08-09 17:50:50.846,True,-3.2878919954553307,2.092964324574881,0.02390880515553239,-99
2025-08-09 17:50:51.849,True,-3.2878919954553307,2.092964324574881,0.02390880515553239,29
2025-08-09 17:50:52.851,True,-3.2878919954553307,2.092964324574881,0.02390880515553239,29
2025-08-09 17:50:53.853,True,-3.2878919954553307,2.092964324574881,0.02390880515553239,-99
2025-08-09 17:50:54.856,True,-3.2878919954553307,2.092964324574881,0.02390880515553239,-99
2025-08-09 17:50:55.858,True,-3.2878919954553307,2.092964324574881,0.02390880515553239,-99
2025-08-09 17:50:56.860,True,-3.2878919954553307,2.092964324574881,0.02390880515553239,29
2025-08-09 17:50:57.862,True,-3.2878919954553307,2.092964324574881,0.02390880515553239,29
2025-08-09 17:50:58.864,True,-3.2879015531368636,2.0999592783470584,0.023708140314297108,29
2025-08-09 17:50:59.867,True,-3.2879015531368636,2.0999592783470584,0.023708140314297108,29
2025-08-09 17:51:00.868,True,-3.2809046688141903,2.106949137325316,0.023636053875924493,-99
2025-08-09 17:51:01.870,True,-3.2809046688141903,2.106949137325316,0.023636053875924493,-99
2025-08-09 17:51:02.872,True,-3.2737569197206047,2.148783438420847,0.0225606122250208,-99
2025-08-09 17:51:03.873,True,-3.2737767391209083,2.16277302931309,0.02216096857505252,29
2025-08-09 17:51:04.875,True,-3.2737767391209083,2.16277302931309,0.02216096857505252,29
2025-08-09 17:51:05.877,True,-3.2737767391209083,2.16277302931309,0.02216096857505252,29
2025-08-09 17:51:06.880,True,-3.2737767391209083,2.16277302931309,0.02216096857505252,29
2025-08-09 17:51:07.883,True,-3.273786722145035,2.169767873081456,0.021961144487223732,-99
2025-08-09 17:51:08.885,True,-3.2737767391209083,2.16277302931309,0.02216096857505252,29
2025-08-09 17:51:09.887,True,-3.2737767391209083,2.16277302931309,0.02216096857505252,-99
2025-08-09 17:51:10.889,True,-3.2737668049798043,2.1557782177944524,0.022360791151333187,-99
2025-08-09 17:51:11.891,True,-3.2737668049798043,2.1557782177944524,0.022360791151333187,29
2025-08-09 17:51:12.894,True,-3.2737668049798043,2.1557782177944524,0.022360791151333187,29
2025-08-09 17:51:13.896,True,-3.2737668049798043,2.1557782177944524,0.022360791151333187,29
2025-08-09 17:51:14.899,True,-3.2737668049798043,2.1557782177944524,0.022360791151333187,29
2025-08-09 17:51:15.900,True,-3.2737668049798043,2.1557782177944524,0.022360791151333187,-99
2025-08-09 17:51:16.902,True,-3.2737668049798043,2.1557782177944524,0.022360791151333187,-99
2025-08-09 17:51:17.905,True,-3.2737668049798043,2.1557782177944524,0.022360791151333187,-99
2025-08-09 17:51:18.908,True,-3.2737668049798043,2.1557782177944524,0.022360791151333187,29
2025-08-09 17:51:19.910,True,-3.2737668049798043,2.1557782177944524,0.022360791151333187,29
2025-08-09 17:51:20.913,True,-3.2737668049798043,2.1557782177944524,0.022360791151333187,29
2025-08-09 17:51:21.915,True,-3.2737668049798043,2.1557782177944524,0.022360791151333187,29
2025-08-09 17:51:22.917,True,-3.2737668049798043,2.1557782177944524,0.022360791151333187,29
2025-08-09 17:51:23.919,True,-3.2737668049798043,2.1557782177944524,0.022360791151333187,-99
2025-08-09 17:51:24.920,True,-3.2737668049798043,2.1557782177944524,0.022360791151333187,-99
2025-08-09 17:51:25.922,True,-3.2737668049798043,2.1557782177944524,0.022360791151333187,29
2025-08-09 17:51:26.924,True,-3.2737668049798043,2.1557782177944524,0.022360791151333187,29
2025-08-09 17:51:27.926,True,-3.2737668049798043,2.1557782177944524,0.022360791151333187,29
2025-08-09 17:51:28.929,True,-3.2737668049798043,2.1557782177944524,0.022360791151333187,29
2025-08-09 17:51:29.932,True,-3.2737668049798043,2.1557782177944524,0.022360791151333187,29
2025-08-09 17:51:30.934,True,-3.2737668049798043,2.1557782177944524,0.022360791151333187,-99
2025-08-09 17:51:31.936,True,-3.2737668049798043,2.1557782177944524,0.022360791151333187,-99
2025-08-09 17:51:32.937,True,-3.2737668049798043,2.1557782177944524,0.022360791151333187,-99
2025-08-09 17:51:33.939,True,-3.2737668049798043,2.1557782177944524,0.022360791151333187,29
2025-08-09 17:51:34.942,True,-3.2737668049798043,2.1557782177944524,0.022360791151333187,29
2025-08-09 17:51:35.945,True,-3.2737668049798043,2.1557782177944524,0.022360791151333187,-99
2025-08-09 17:51:36.947,True,-3.2737668049798043,2.1557782177944524,0.022360791151333187,-99
2025-08-09 17:51:37.949,True,-3.2737668049798043,2.1557782177944524,0.022360791151333187,29
2025-08-09 17:51:38.950,True,-3.2737668049798043,2.1557782177944524,0.022360791151333187,-99
2025-08-09 17:51:39.953,True,-3.2737668049798043,2.1557782177944524,0.022360791151333187,29
2025-08-09 17:51:40.954,True,-3.2737668049798043,2.1557782177944524,0.022360791151333187,29
2025-08-09 17:51:41.957,True,-3.2737668049798043,2.1557782177944524,0.022360791151333187,29
2025-08-09 17:51:42.959,True,-3.2737668049798043,2.1557782177944524,0.022360791151333187,-99
2025-08-09 17:51:43.960,True,-3.2737668049798043,2.1557782177944524,0.022360791151333187,29
2025-08-09 17:51:44.962,True,-3.2737668049798043,2.1557782177944524,0.022360791151333187,-99
2025-08-09 17:51:45.965,True,-3.2737668049798043,2.1557782177944524,0.022360791151333187,-99
2025-08-09 17:51:46.967,True,-3.2737668049798043,2.1557782177944524,0.022360791151333187,29
2025-08-09 17:51:47.969,True,-3.2737668049798043,2.1557782177944524,0.022360791151333187,29
2025-08-09 17:51:48.971,True,-3.2737668049798043,2.1557782177944524,0.022360791151333187,29
2025-08-09 17:51:49.974,True,-3.2737668049798043,2.1557782177944524,0.022360791151333187,-99
2025-08-09 17:51:50.976,True,-3.2737668049798043,2.1557782177944524,0.022360791151333187,-99
2025-08-09 17:51:51.978,True,-3.2737668049798043,2.1557782177944524,0.022360791151333187,29
2025-08-09 17:51:52.979,True,-3.2737668049798043,2.1557782177944524,0.022360791151333187,29
2025-08-09 17:51:53.981,True,-3.2737668049798043,2.1557782177944524,0.022360791151333187,29
2025-08-09 17:51:54.983,True,-3.2737668049798043,2.1557782177944524,0.022360791151333187,-99
2025-08-09 17:51:55.985,True,-3.280783011092576,2.162778155606705,0.022028966519905005,-99
2025-08-09 17:51:56.987,True,-3.280783011092576,2.162778155606705,0.022028966519905005,-99
2025-08-09 17:51:57.989,True,-3.280783011092576,2.162778155606705,0.022028966519905005,29
2025-08-09 17:51:58.991,True,-3.26666744540607,2.1839520324662183,0.02868970676006558,-99
2025-08-09 17:51:59.993,True,-3.2737030211724583,2.2049425103823816,0.027957028643983327,29
2025-08-09 17:52:00.995,True,-3.2737030211724583,2.2049425103823816,0.027957028643983327,-99
2025-08-09 17:52:01.997,True,-3.2737030211724583,2.2049425103823816,0.027957028643983327,-99
2025-08-09 17:52:03.000,True,-3.2737030211724583,2.2049425103823816,0.027957028643983327,29
2025-08-09 17:52:04.003,True,-3.2666966015111636,2.2049369567417827,0.028091597615208835,-99
2025-08-09 17:52:05.005,True,-3.2666966015111636,2.2049369567417827,0.028091597615208835,-99
2025-08-09 17:52:06.008,True,-3.2666966015111636,2.2049369567417827,0.028091597615208835,29
2025-08-09 17:52:07.009,True,-3.2666966015111636,2.2049369567417827,0.028091597615208835,-99
2025-08-09 17:52:08.011,True,-3.2666966015111636,2.2049369567417827,0.028091597615208835,-99
2025-08-09 17:52:09.013,True,-3.2666966015111636,2.2049369567417827,0.028091597615208835,29
2025-08-09 17:52:10.015,True,-3.2666966015111636,2.2049369567417827,0.028091597615208835,29
2025-08-09 17:52:11.017,True,-3.2666966015111636,2.2049369567417827,0.028091597615208835,-99
2025-08-09 17:52:12.020,True,-3.2666966015111636,2.2049369567417827,0.028091597615208835,29
2025-08-09 17:52:13.024,True,-3.2666966015111636,2.2049369567417827,0.028091597615208835,-99
2025-08-09 17:52:14.027,True,-3.2666966015111636,2.2049369567417827,0.028091597615208835,29
2025-08-09 17:52:15.029,True,-3.2666966015111636,2.2049369567417827,0.028091597615208835,-99
2025-08-09 17:52:16.031,True,-3.2666966015111636,2.2049369567417827,0.028091597615208835,-99
2025-08-09 17:52:17.034,True,-3.2666966015111636,2.2049369567417827,0.028091597615208835,29
2025-08-09 17:52:18.038,True,-3.2666966015111636,2.2049369567417827,0.028091597615208835,29
2025-08-09 17:52:19.041,True,-3.2666966015111636,2.2049369567417827,0.028091597615208835,29
2025-08-09 17:52:20.043,True,-3.2666966015111636,2.2049369567417827,0.028091597615208835,29
2025-08-09 17:52:21.045,True,-3.2666966015111636,2.2049369567417827,0.028091597615208835,29
2025-08-09 17:52:22.047,True,-3.2666966015111636,2.2049369567417827,0.028091597615208835,29
2025-08-09 17:52:23.050,True,-3.2666966015111636,2.2049369567417827,0.028091597615208835,-99
2025-08-09 17:52:24.052,True,-3.2666966015111636,2.2049369567417827,0.028091597615208835,29
2025-08-09 17:52:25.054,True,-3.2667064177697815,2.2119319971224902,0.027892225002550456,29
2025-08-09 17:52:26.058,True,-3.2667064177697815,2.2119319971224902,0.027892225002550456,-99
2025-08-09 17:52:27.061,True,-3.2667064177697815,2.2119319971224902,0.027892225002550456,29
2025-08-09 17:52:28.063,True,-3.266677115330428,2.1909469745183676,0.02849033848503179,-99
2025-08-09 17:52:29.066,True,-3.266677115330428,2.1909469745183676,0.02849033848503179,29
2025-08-09 17:52:30.069,True,-3.266677115330428,2.1909469745183676,0.02849033848503179,29
2025-08-09 17:52:31.072,True,-3.2162122117218837,2.361943010469799,1.130407149603109,29
2025-08-09 17:52:32.075,True,-2.6007414753075864,-1.8643247252249677,-76.02862649535336,29
2025-08-09 17:52:33.078,True,2.9526928889265607,-0.5993749726394524,164.72793357567085,-99
2025-08-09 17:52:34.082,True,0.43132280926685784,0.987098249018572,122.43489906992743,-99
2025-08-09 17:52:35.084,True,-0.24143746205619532,1.3862704879488907,96.65011042972326,29
2025-08-09 17:52:36.086,True,-1.151957320126889,1.5472233241362425,77.68492867288501,-99
2025-08-09 17:52:37.087,True,-1.0106696330519478,0.08428029588328753,102.32984918064356,29
2025-08-09 17:52:38.089,True,-0.9189378759976972,2.206232664375598,113.86935608584535,29
2025-08-09 17:52:39.092,True,-1.2491991318176408,2.007895765335326,113.85312738833457,29
2025-08-09 17:52:40.095,True,-1.2726485787068667,1.992627819429456,113.85287821006236,29
2025-08-09 17:52:41.096,True,-1.4248111947226485,1.918613756757495,113.85163488183359,29
2025-08-09 17:52:42.098,True,-1.430673415065593,1.9147969606331745,113.85159278141549,-99
2025-08-09 17:52:43.100,True,-1.430673415065593,1.9147969606331745,113.85159278141549,-99
2025-08-09 17:52:44.102,True,-1.430673415065593,1.9147969606331745,113.85159278141549,29
2025-08-09 17:52:45.104,True,-1.430673415065593,1.9147969606331745,113.85159278141549,29
2025-08-09 17:52:46.106,True,-1.430673415065593,1.9147969606331745,113.85159278141549,29
2025-08-09 17:52:47.108,True,-1.430673415065593,1.9147969606331745,113.85159278141549,-99
2025-08-09 17:52:48.110,True,-1.430673415065593,1.9147969606331745,113.85159278141549,-99
2025-08-09 17:52:49.112,True,-1.430673415065593,1.9147969606331745,113.85159278141549,29
2025-08-09 17:52:50.113,True,-1.430673415065593,1.9147969606331745,113.85159278141549,-99
2025-08-09 17:52:51.115,True,-1.430673415065593,1.9147969606331745,113.85159278141549,-99
2025-08-09 17:52:52.117,True,-1.430673415065593,1.9147969606331745,113.85159278141549,29
2025-08-09 17:52:53.120,True,-1.430673415065593,1.9147969606331745,113.85159278141549,29
2025-08-09 17:52:54.122,True,-1.430673415065593,1.9147969606331745,113.85159278141549,-99
2025-08-09 17:52:55.124,True,-1.4441814991343822,1.9227073398650827,113.85154351726112,-99
2025-08-09 17:52:56.126,True,-1.5243602563476761,1.8789375999733882,113.84869598149179,-99
2025-08-09 17:52:57.127,True,-1.5243602563476761,1.8789375999733882,113.84869598149179,29
2025-08-09 17:52:58.129,True,-1.5243602563476761,1.8789375999733882,113.84869598149179,-99
2025-08-09 17:52:59.131,True,-1.5243602563476761,1.8789375999733882,113.84869598149179,29
2025-08-09 17:53:00.133,True,-1.5243602563476761,1.8789375999733882,113.84869598149179,29
2025-08-09 17:53:01.136,True,-1.5243602563476761,1.8789375999733882,113.84869598149179,29
2025-08-09 17:53:02.138,True,-1.5243602563476761,1.8789375999733882,113.84869598149179,29
2025-08-09 17:53:03.140,True,-1.5243602563476761,1.8789375999733882,113.84869598149179,29
2025-08-09 17:53:04.141,True,-1.5243602563476761,1.8789375999733882,113.84869598149179,29
2025-08-09 17:53:05.143,True,-1.5243602563476761,1.8789375999733882,113.84869598149179,29
2025-08-09 17:53:06.145,True,-1.5243602563476761,1.8789375999733882,113.84869598149179,29
2025-08-09 17:53:07.147,True,-1.5243602563476761,1.8789375999733882,113.84869598149179,29
2025-08-09 17:53:08.150,True,-1.5243602563476761,1.8789375999733882,113.84869598149179,29
2025-08-09 17:53:09.151,True,-1.5243602563476761,1.8789375999733882,113.84869598149179,-99
2025-08-09 17:53:10.153,True,-1.5243602563476761,1.8789375999733882,113.84869598149179,29
2025-08-09 17:53:11.155,True,-1.5243602563476761,1.8789375999733882,113.84869598149179,-99
2025-08-09 17:53:12.157,True,-1.5243602563476761,1.8789375999733882,113.84869598149179,-99
2025-08-09 17:53:13.160,True,-1.5184980572089524,1.8827547440224541,113.84872764993777,29
2025-08-09 17:53:14.163,True,-1.5184980572089524,1.8827547440224541,113.84872764993777,29
2025-08-09 17:53:15.165,True,-1.5184980572089524,1.8827547440224541,113.84872764993777,29
2025-08-09 17:53:16.166,True,-1.5184980572089524,1.8827547440224541,113.84872764993777,-99
2025-08-09 17:53:17.168,True,-1.5184980572089524,1.8827547440224541,113.84872764993777,-99
2025-08-09 17:53:18.170,True,-1.5184980572089524,1.8827547440224541,113.84872764993777,29
2025-08-09 17:53:19.172,True,-1.5184980572089524,1.8827547440224541,113.84872764993777,29
2025-08-09 17:53:20.174,True,-1.5184980572089524,1.8827547440224541,113.84872764993777,-99
2025-08-09 17:53:21.176,True,-1.5184980572089524,1.8827547440224541,113.84872764993777,-99
2025-08-09 17:53:22.178,True,-1.5184980572089524,1.8827547440224541,113.84872764993777,-99
2025-08-09 17:53:23.179,True,-1.5184980572089524,1.8827547440224541,113.84872764993777,29
2025-08-09 17:53:24.182,True,-1.5184980572089524,1.8827547440224541,113.84872764993777,29
2025-08-09 17:53:25.184,True,-1.5184980572089524,1.8827547440224541,113.84872764993777,29
2025-08-09 17:53:26.186,True,-1.5184980572089524,1.8827547440224541,113.84872764993777,29
2025-08-09 17:53:27.188,True,-1.5184980572089524,1.8827547440224541,113.84872764993777,-99
2025-08-09 17:53:28.190,True,-1.5184980572089524,1.8827547440224541,113.84872764993777,-99
2025-08-09 17:53:29.192,True,-1.5184980572089524,1.8827547440224541,113.84872764993777,-99
2025-08-09 17:53:30.194,True,-1.5184980572089524,1.8827547440224541,113.84872764993777,-99
2025-08-09 17:53:31.196,True,-1.5460239836941096,1.8481252611620895,113.84856351990707,29
2025-08-09 17:53:32.198,True,-1.5753347724807543,1.8290399979442513,113.84843815962323,29
2025-08-09 17:53:33.200,True,-1.5753347724807543,1.8290399979442513,113.84843815962323,29
2025-08-09 17:53:34.202,True,-1.5753347724807543,1.8290399979442513,113.84843815962323,29
2025-08-09 17:53:35.203,True,-1.5753347724807543,1.8290399979442513,113.84843815962323,29
2025-08-09 17:53:36.205,True,-1.5753347724807543,1.8290399979442513,113.84843815962323,-99
2025-08-09 17:53:37.207,True,-1.5753347724807543,1.8290399979442513,113.84843815962323,-99
2025-08-09 17:53:38.209,True,-1.5753347724807543,1.8290399979442513,113.84843815962323,-99
2025-08-09 17:53:39.210,True,-1.5753347724807543,1.8290399979442513,113.84843815962323,-114
2025-08-09 17:53:40.212,True,-1.5753347724807543,1.8290399979442513,113.84843815962323,-99
2025-08-09 17:53:41.214,True,-1.5753347724807543,1.8290399979442513,113.84843815962323,29
2025-08-09 17:53:42.216,True,-1.5753347724807543,1.8290399979442513,113.84843815962323,29
2025-08-09 17:53:43.219,True,-1.5753347724807543,1.8290399979442513,113.84843815962323,-99
2025-08-09 17:53:44.221,True,-1.5753347724807543,1.8290399979442513,113.84843815962323,-99
2025-08-09 17:53:45.223,True,-1.5753347724807543,1.8290399979442513,113.84843815962323,-99
2025-08-09 17:53:46.226,True,-1.5753347724807543,1.8290399979442513,113.84843815962323,-99
2025-08-09 17:53:47.227,True,-1.5753347724807543,1.8290399979442513,113.84843815962323,-99
2025-08-09 17:53:48.230,True,-1.5753347724807543,1.8290399979442513,113.84843815962323,-99
2025-08-09 17:53:49.232,True,-1.5753347724807543,1.8290399979442513,113.84843815962323,29
2025-08-09 17:53:50.234,True,-1.5753347724807543,1.8290399979442513,113.84843815962323,29
2025-08-09 17:53:51.236,True,-1.5753347724807543,1.8290399979442513,113.84843815962323,-99
2025-08-09 17:53:52.238,True,-1.5753347724807543,1.8290399979442513,113.84843815962323,-99
2025-08-09 17:53:53.241,True,-1.5753347724807543,1.8290399979442513,113.84843815962323,29
2025-08-09 17:53:54.243,True,-1.5753347724807543,1.8290399979442513,113.84843815962323,-99
2025-08-09 17:53:55.244,True,-1.5753347724807543,1.8290399979442513,113.84843815962323,-99
2025-08-09 17:53:56.246,True,-1.5753347724807543,1.8290399979442513,113.84843815962323,29
2025-08-09 17:53:57.249,True,-1.5566447494011295,1.8315547905786738,114.15553737463671,29
2025-08-09 17:53:58.251,True,-1.5753347724807543,1.8290399979442513,113.84843815962323,-99
2025-08-09 17:53:59.253,True,-1.5753347724807543,1.8290399979442513,113.84843815962323,29
2025-08-09 17:54:00.256,True,-1.5753347724807543,1.8290399979442513,113.84843815962323,-99
2025-08-09 17:54:01.257,True,-1.5753347724807543,1.8290399979442513,113.84843815962323,29
2025-08-09 17:54:02.259,True,-1.5753347724807543,1.8290399979442513,113.84843815962323,29
2025-08-09 17:54:03.426,True,-1.5753347724807543,1.8290399979442513,113.84843815962323,29
2025-08-09 17:54:04.428,True,-1.5753347724807543,1.8290399979442513,113.84843815962323,29
2025-08-09 17:54:05.431,True,-1.5753347724807543,1.8290399979442513,113.84843815962323,-99
2025-08-09 17:54:06.433,True,-1.5753347724807543,1.8290399979442513,113.84843815962323,-99
2025-08-09 17:54:07.436,True,-1.5753347724807543,1.8290399979442513,113.84843815962323,-99
2025-08-09 17:54:08.439,True,-1.5753347724807543,1.8290399979442513,113.84843815962323,-99
2025-08-09 17:54:09.442,True,-1.5890975976771582,1.81172569482188,113.84838078070638,-99
2025-08-09 17:54:10.443,True,-1.6398184035946788,1.7870531304693023,113.84823112462063,29
2025-08-09 17:54:11.446,True,-1.6456805495103575,1.7832361904578111,113.84821699107842,29
2025-08-09 17:54:12.449,True,-1.6456805495103575,1.7832361904578111,113.84821699107842,-99
2025-08-09 17:54:13.451,True,-1.6456805495103575,1.7832361904578111,113.84821699107842,-99
2025-08-09 17:54:14.453,True,-1.6456805495103575,1.7832361904578111,113.84821699107842,29
2025-08-09 17:54:15.454,True,-1.6456805495103575,1.7832361904578111,113.84821699107842,-99
2025-08-09 17:54:16.457,True,-1.6456805495103575,1.7832361904578111,113.84821699107842,-99
2025-08-09 17:54:17.459,True,-1.6456805495103575,1.7832361904578111,113.84821699107842,29
2025-08-09 17:54:18.461,True,-1.6456805495103575,1.7832361904578111,113.84821699107842,29
2025-08-09 17:54:19.465,True,-1.6456805495103575,1.7832361904578111,113.84821699107842,29
2025-08-09 17:54:20.467,True,-1.6456805495103575,1.7832361904578111,113.84821699107842,-99
2025-08-09 17:54:21.469,True,-1.6456805495103575,1.7832361904578111,113.84821699107842,-99
2025-08-09 17:54:22.471,True,-1.6456805495103575,1.7832361904578111,113.84821699107842,-99
2025-08-09 17:54:23.473,True,-1.6456805495103575,1.7832361904578111,113.84821699107842,-99
2025-08-09 17:54:24.475,True,3.1389889661755883,2.5951527559303393,-99.41487262546046,-99
2025-08-09 17:54:25.476,True,-1.6456805495103575,1.7832361904578111,113.84821699107842,-99
2025-08-09 17:54:26.478,True,-1.6456805495103575,1.7832361904578111,113.84821699107842,-99
2025-08-09 17:54:27.480,True,-1.6456805495103575,1.7832361904578111,113.84821699107842,-99
2025-08-09 17:54:28.482,True,-1.6456805495103575,1.7832361904578111,113.84821699107842,29
2025-08-09 17:54:29.484,True,-1.6456805495103575,1.7832361904578111,113.84821699107842,-99
2025-08-09 17:54:30.486,True,-1.6456805495103575,1.7832361904578111,113.84821699107842,-99
2025-08-09 17:54:31.488,True,-1.6456805495103575,1.7832361904578111,113.84821699107842,29
2025-08-09 17:54:32.490,True,-1.6456805495103575,1.7832361904578111,113.84821699107842,-99
2025-08-09 17:54:33.492,True,-1.6456805495103575,1.7832361904578111,113.84821699107842,29
2025-08-09 17:54:34.494,True,-1.6456805495103575,1.7832361904578111,113.84821699107842,-99
2025-08-09 17:54:35.496,True,-1.6456805495103575,1.7832361904578111,113.84821699107842,29
2025-08-09 17:54:36.499,True,-1.6456805495103575,1.7832361904578111,113.84821699107842,-99
2025-08-09 17:54:37.501,True,-1.663014201987835,1.7970087314190704,113.84817307656506,29
2025-08-09 17:54:38.503,True,-1.6864360246945367,1.7815935889695564,113.8389433736199,29
2025-08-09 17:54:39.505,True,-1.6864360246945367,1.7815935889695564,113.8389433736199,29
2025-08-09 17:54:40.508,True,-1.6864360246945367,1.7815935889695564,113.8389433736199,-99
2025-08-09 17:54:41.511,True,-1.6864360246945367,1.7815935889695564,113.8389433736199,-99
2025-08-09 17:54:42.513,True,-1.6864360246945367,1.7815935889695564,113.8389433736199,29
2025-08-09 17:54:43.515,True,-1.6864360246945367,1.7815935889695564,113.8389433736199,-99
2025-08-09 17:54:44.517,True,-1.6864360246945367,1.7815935889695564,113.8389433736199,-99
2025-08-09 17:54:45.520,True,-1.6864360246945367,1.7815935889695564,113.8389433736199,29
2025-08-09 17:54:46.521,True,-1.6864360246945367,1.7815935889695564,113.8389433736199,29
2025-08-09 17:54:47.523,True,-1.6864360246945367,1.7815935889695564,113.8389433736199,29
2025-08-09 17:54:48.526,True,-1.6864360246945367,1.7815935889695564,113.8389433736199,-99
2025-08-09 17:54:49.528,True,-1.6981595345876968,1.7739597394750113,113.83892427467214,-99
2025-08-09 17:54:50.530,True,-1.704021291144336,1.7701428265490629,113.83891589730841,29
2025-08-09 17:54:51.532,True,-1.704021291144336,1.7701428265490629,113.83891589730841,-99
2025-08-09 17:54:52.534,True,-1.704021291144336,1.7701428265490629,113.83891589730841,-99
2025-08-09 17:54:53.536,True,-1.704021291144336,1.7701428265490629,113.83891589730841,29
2025-08-09 17:54:54.538,True,-1.6851691246512874,1.7737508917364475,114.14590492558104,-99
2025-08-09 17:54:55.540,True,-1.704021291144336,1.7701428265490629,113.83891589730841,-99
2025-08-09 17:54:56.542,True,-1.704021291144336,1.7701428265490629,113.83891589730841,-99
2025-08-09 17:54:57.544,True,-1.704021291144336,1.7701428265490629,113.83891589730841,-99
2025-08-09 17:54:58.546,True,-1.704021291144336,1.7701428265490629,113.83891589730841,-99
2025-08-09 17:54:59.549,True,-1.704021291144336,1.7701428265490629,113.83891589730841,-99
2025-08-09 17:55:00.551,True,-1.704021291144336,1.7701428265490629,113.83891589730841,29
2025-08-09 17:55:01.553,True,-1.6851691246512874,1.7737508917364475,114.14590492558104,29
2025-08-09 17:55:02.555,True,-1.704021291144336,1.7701428265490629,113.83891589730841,-99
2025-08-09 17:55:03.556,True,-1.704021291144336,1.7701428265490629,113.83891589730841,-99
2025-08-09 17:55:04.558,True,-1.704021291144336,1.7701428265490629,113.83891589730841,-99
2025-08-09 17:55:05.560,True,-1.704021291144336,1.7701428265490629,113.83891589730841,-99
2025-08-09 17:55:06.562,True,-1.704021291144336,1.7701428265490629,113.83891589730841,-99
2025-08-09 17:55:07.564,True,-1.704021291144336,1.7701428265490629,113.83891589730841,29
2025-08-09 17:55:08.566,True,-1.704021291144336,1.7701428265490629,113.83891589730841,29
2025-08-09 17:55:09.568,True,-1.704021291144336,1.7701428265490629,113.83891589730841,-99
2025-08-09 17:55:10.571,True,-1.704021291144336,1.7701428265490629,113.83891589730841,-99
2025-08-09 17:55:11.573,True,-1.704021291144336,1.7701428265490629,113.83891589730841,-99
2025-08-09 17:55:12.575,True,-1.704021291144336,1.7701428265490629,113.83891589730841,-99
2025-08-09 17:55:13.577,True,-1.704021291144336,1.7701428265490629,113.83891589730841,-99
2025-08-09 17:55:14.579,True,-1.6851691246512874,1.7737508917364475,114.14590492558104,29
2025-08-09 17:55:15.582,True,-1.704021291144336,1.7701428265490629,113.83891589730841,29
2025-08-09 17:55:16.584,True,-1.704021291144336,1.7701428265490629,113.83891589730841,29
2025-08-09 17:55:17.586,True,-1.704021291144336,1.7701428265490629,113.83891589730841,-99
2025-08-09 17:55:18.635,True,-1.704021291144336,1.7701428265490629,113.83891589730841,-99
2025-08-09 17:55:19.637,True,-1.704021291144336,1.7701428265490629,113.83891589730841,-99
2025-08-09 17:55:20.639,True,-1.704021291144336,1.7701428265490629,113.83891589730841,-99
2025-08-09 17:55:21.641,True,-1.704021291144336,1.7701428265490629,113.83891589730841,29
2025-08-09 17:55:22.645,True,-1.704021291144336,1.7701428265490629,113.83891589730841,29
2025-08-09 17:55:23.648,True,-1.704021291144336,1.7701428265490629,113.83891589730841,-99
2025-08-09 17:55:24.649,True,-1.704021291144336,1.7701428265490629,113.83891589730841,29
2025-08-09 17:55:25.652,True,-1.704021291144336,1.7701428265490629,113.83891589730841,29
2025-08-09 17:55:26.655,True,-1.704021291144336,1.7701428265490629,113.83891589730841,-99
2025-08-09 17:55:27.657,True,-1.704021291144336,1.7701428265490629,113.83891589730841,-99
2025-08-09 17:55:28.660,True,-1.704021291144336,1.7701428265490629,113.83891589730841,29
2025-08-09 17:55:29.663,True,-1.704021291144336,1.7701428265490629,113.83891589730841,29
2025-08-09 17:55:30.665,True,-1.704021291144336,1.7701428265490629,113.83891589730841,-99
2025-08-09 17:55:31.667,True,-1.704021291144336,1.7701428265490629,113.83891589730841,-99
2025-08-09 17:55:32.670,True,-1.704021291144336,1.7701428265490629,113.83891589730841,29
2025-08-09 17:55:33.671,True,-1.704021291144336,1.7701428265490629,113.83891589730841,-99
2025-08-09 17:55:34.673,True,-1.704021291144336,1.7701428265490629,113.83891589730841,29
2025-08-09 17:55:35.675,True,-1.6851691246512874,1.7737508917364475,114.14590492558104,29
2025-08-09 17:55:36.678,True,-1.704021291144336,1.7701428265490629,113.83891589730841,29
2025-08-09 17:55:37.680,True,-1.707845300261358,1.7760055089587157,113.83890450398071,29
2025-08-09 17:55:38.682,True,-1.707845300261358,1.7760055089587157,113.83890450398071,29
2025-08-09 17:55:39.684,True,-2.197776895638637,2.526603962516534,113.83744624269374,29
2025-08-09 17:55:40.687,True,-1.707845300261358,1.7760055089587157,113.83890450398071,-99
2025-08-09 17:55:41.688,True,-1.707845300261358,1.7760055089587157,113.83890450398071,-99
2025-08-09 17:55:42.690,True,-1.7098830489601315,1.766325921481347,113.83890830134305,29
2025-08-09 17:55:43.693,True,-1.7098830489601315,1.766325921481347,113.83890830134305,29
2025-08-09 17:55:44.695,True,-1.7098830489601315,1.766325921481347,113.83890830134305,-99
2025-08-09 17:55:45.697,True,-1.7139586357831231,1.7469668975345702,113.83891927581138,-99
2025-08-09 17:55:46.699,True,-1.7389406358328814,1.7724632114150511,113.83885395074975,29
2025-08-09 17:55:47.701,True,-1.7409782698093794,1.7627836424243168,113.83886121880245,-99
2025-08-09 17:55:48.711,True,-1.745053630099767,1.7434246551466526,113.83887913456141,-99
2025-08-09 17:55:49.713,True,-1.74122959669424,1.7375620749870537,113.83889173602154,-99
2025-08-09 17:55:50.715,True,-1.74122959669424,1.7375620749870537,113.83889173602154,29
2025-08-09 17:55:51.717,True,-1.74122959669424,1.7375620749870537,113.83889173602154,29
2025-08-09 17:55:52.720,True,-1.74122959669424,1.7375620749870537,113.83889173602154,-99
2025-08-09 17:55:53.721,True,-1.74122959669424,1.7375620749870537,113.83889173602154,-99
2025-08-09 17:55:54.724,True,-1.74122959669424,1.7375620749870537,113.83889173602154,-99
2025-08-09 17:55:55.726,True,-1.74122959669424,1.7375620749870537,113.83889173602154,29
2025-08-09 17:55:56.728,True,-1.74122959669424,1.7375620749870537,113.83889173602154,-99
2025-08-09 17:55:57.731,True,-1.74122959669424,1.7375620749870537,113.83889173602154,-99
2025-08-09 17:55:58.733,True,-1.74122959669424,1.7375620749870537,113.83889173602154,29
2025-08-09 17:55:59.734,True,-1.74122959669424,1.7375620749870537,113.83889173602154,-99
2025-08-09 17:56:00.737,True,-1.722432765120669,1.7415527446027033,114.14587459957613,29
2025-08-09 17:56:01.739,True,-1.74122959669424,1.7375620749870537,113.83889173602154,29
2025-08-09 17:56:02.741,True,-1.74122959669424,1.7375620749870537,113.83889173602154,-99
2025-08-09 17:56:03.744,True,-1.74122959669424,1.7375620749870537,113.83889173602154,29
2025-08-09 17:56:04.745,True,-1.74122959669424,1.7375620749870537,113.83889173602154,-99
2025-08-09 17:56:05.747,True,-1.74122959669424,1.7375620749870537,113.83889173602154,-99
2025-08-09 17:56:06.750,True,-1.74122959669424,1.7375620749870537,113.83889173602154,29
2025-08-09 17:56:07.752,True,-1.74122959669424,1.7375620749870537,113.83889173602154,29
2025-08-09 17:56:08.755,True,-1.7588148842417297,1.7261115820146367,113.83888821874712,-99
2025-08-09 17:56:09.757,True,-1.7588148842417297,1.7261115820146367,113.83888821874712,29
2025-08-09 17:56:10.759,True,-1.7588148842417297,1.7261115820146367,113.83888821874712,29
2025-08-09 17:56:11.761,True,-1.7588148842417297,1.7261115820146367,113.83888821874712,29
2025-08-09 17:56:12.763,True,-1.7588148842417297,1.7261115820146367,113.83888821874712,29
2025-08-09 17:56:13.781,True,-1.7588148842417297,1.7261115820146367,113.83888821874712,-99
2025-08-09 17:56:14.783,True,-1.7588148842417297,1.7261115820146367,113.83888821874712,29
2025-08-09 17:56:15.785,True,-1.7588148842417297,1.7261115820146367,113.83888821874712,-99
2025-08-09 17:56:16.788,True,-1.7588148842417297,1.7261115820146367,113.83888821874712,-99
2025-08-09 17:56:17.790,True,-1.7588148842417297,1.7261115820146367,113.83888821874712,-99
2025-08-09 17:56:18.793,True,-1.7606012777199922,1.741653536453191,113.83886271658001,29
2025-08-09 17:56:19.796,True,-1.7606012777199922,1.741653536453191,113.83886271658001,29
2025-08-09 17:56:20.798,True,-1.7606012777199922,1.741653536453191,113.83886271658001,-99
2025-08-09 17:56:21.799,True,-1.7606012777199922,1.741653536453191,113.83886271658001,29
2025-08-09 17:56:22.801,True,-1.7606012777199922,1.741653536453191,113.83886271658001,29
2025-08-09 17:56:23.815,True,-1.7606012777199922,1.741653536453191,113.83886271658001,-99
2025-08-09 17:56:24.817,True,-1.7606012777199922,1.741653536453191,113.83886271658001,29
2025-08-09 17:56:25.819,True,-1.7606012777199922,1.741653536453191,113.83886271658001,29
2025-08-09 17:56:26.821,True,-1.7606012777199922,1.741653536453191,113.83886271658001,29
2025-08-09 17:56:27.825,True,-1.7606012777199922,1.741653536453191,113.83886271658001,-99
2025-08-09 17:56:28.827,True,-1.7606012777199922,1.741653536453191,113.83886271658001,29
2025-08-09 17:56:29.829,True,-1.7606012777199922,1.741653536453191,113.83886271658001,29
2025-08-09 17:56:30.831,True,-1.7606012777199922,1.741653536453191,113.83886271658001,-99
2025-08-09 17:56:31.833,True,-1.7585636380448608,1.7513329959390491,113.83885146015265,-99
2025-08-09 17:56:32.836,True,-1.7585636380448608,1.7513329959390491,113.83885146015265,29
2025-08-09 17:56:33.837,True,-1.7623878318693718,1.757195619084994,113.83883868614515,29
2025-08-09 17:56:34.840,True,-1.7623878318693718,1.757195619084994,113.83883868614515,-99
2025-08-09 17:56:35.843,True,-1.7623878318693718,1.757195619084994,113.83883868614515,29
2025-08-09 17:56:36.847,True,-1.7623878318693718,1.757195619084994,113.83883868614515,-99
2025-08-09 17:56:37.849,True,-1.7623878318693718,1.757195619084994,113.83883868614515,-99
2025-08-09 17:56:38.851,True,-1.7623878318693718,1.757195619084994,113.83883868614515,-99
2025-08-09 17:56:39.853,True,-1.7623878318693718,1.757195619084994,113.83883868614515,29
2025-08-09 17:56:40.856,True,-1.7623878318693718,1.757195619084994,113.83883868614515,29
2025-08-09 17:56:41.859,True,-1.7623878318693718,1.757195619084994,113.83883868614515,-99
2025-08-09 17:56:42.861,True,-1.7623878318693718,1.757195619084994,113.83883868614515,-99
2025-08-09 17:56:43.863,True,-1.7623878318693718,1.757195619084994,113.83883868614515,-99
2025-08-09 17:56:44.865,True,-1.7623878318693718,1.757195619084994,113.83883868614515,-99
2025-08-09 17:56:45.867,True,-1.7623878318693718,1.757195619084994,113.83883868614515,-99
2025-08-09 17:56:46.869,True,-1.7623878318693718,1.757195619084994,113.83883868614515,29
2025-08-09 17:56:47.872,True,-1.7623878318693718,1.757195619084994,113.83883868614515,29
2025-08-09 17:56:48.875,True,-1.7623878318693718,1.757195619084994,113.83883868614515,29
2025-08-09 17:56:49.877,True,-1.7623878318693718,1.757195619084994,113.83883868614515,-99
2025-08-09 17:56:50.879,True,-1.7623878318693718,1.757195619084994,113.83883868614515,29
2025-08-09 17:56:51.881,True,-1.7623878318693718,1.757195619084994,113.83883868614515,-99
2025-08-09 17:56:52.883,True,-1.7623878318693718,1.757195619084994,113.83883868614515,29
2025-08-09 17:56:53.885,True,-1.7623878318693718,1.757195619084994,113.83883868614515,-99
2025-08-09 17:56:54.886,True,-1.7623878318693718,1.757195619084994,113.83883868614515,29
2025-08-09 17:56:55.889,True,-1.7623878318693718,1.757195619084994,113.83883868614515,29
2025-08-09 17:56:56.891,True,-1.7623878318693718,1.757195619084994,113.83883868614515,-99
2025-08-09 17:56:57.893,True,-1.7623878318693718,1.757195619084994,113.83883868614515,-99
2025-08-09 17:56:58.894,True,-1.7937344411214735,1.728431912421953,113.83885303908178,29
2025-08-09 17:56:59.897,True,-1.7937344411214735,1.728431912421953,113.83885303908178,29
2025-08-09 17:57:00.899,True,-1.7937344411214735,1.728431912421953,113.83885303908178,-99
2025-08-09 17:57:01.901,True,-1.7937344411214735,1.728431912421953,113.83885303908178,-99
2025-08-09 17:57:02.903,True,-1.7937344411214735,1.728431912421953,113.83885303908178,-114
2025-08-09 17:57:03.904,True,-1.7937344411214735,1.728431912421953,113.83885303908178,-99
2025-08-09 17:57:04.906,True,-1.7937344411214735,1.728431912421953,113.83885303908178,29
2025-08-09 17:57:05.908,True,-1.7937344411214735,1.728431912421953,113.83885303908178,29
2025-08-09 17:57:06.910,True,-1.7937344411214735,1.728431912421953,113.83885303908178,-99
2025-08-09 17:57:07.912,True,-1.7937344411214735,1.728431912421953,113.83885303908178,-99
2025-08-09 17:57:08.914,True,-1.7937344411214735,1.728431912421953,113.83885303908178,-99
2025-08-09 17:57:09.916,True,-1.7937344411214735,1.728431912421953,113.83885303908178,-99
2025-08-09 17:57:10.918,True,-1.7937344411214735,1.728431912421953,113.83885303908178,-99
2025-08-09 17:57:11.920,True,-1.7937344411214735,1.728431912421953,113.83885303908178,-99
2025-08-09 17:57:12.921,True,-1.790161458628097,1.697348345919688,113.8389164347459,-99
2025-08-09 17:57:13.923,True,-1.7939855353366938,1.703210802492925,113.83890228001854,-99
2025-08-09 17:57:14.925,True,-1.7939855353366938,1.703210802492925,113.83890228001854,-99
2025-08-09 17:57:15.927,True,-1.7939855353366938,1.703210802492925,113.83890228001854,29
2025-08-09 17:57:16.930,True,-1.7939855353366938,1.703210802492925,113.83890228001854,29
2025-08-09 17:57:17.932,True,-1.7939855353366938,1.703210802492925,113.83890228001854,29
2025-08-09 17:57:18.934,True,-1.7998827517056477,1.6995409461556155,113.8480888907579,-99
2025-08-09 17:57:19.936,True,-1.7807628144536258,1.6702267603692658,113.84816054314648,29
2025-08-09 17:57:20.938,True,-1.7807628144536258,1.6702267603692658,113.84816054314648,29
2025-08-09 17:57:21.940,True,-1.7807628144536258,1.6702267603692658,113.84816054314648,-99
2025-08-09 17:57:22.942,True,-1.7622402332998677,1.674763938880316,114.15522564647928,29
2025-08-09 17:57:23.944,True,-1.7807628144536258,1.6702267603692658,113.84816054314648,29
2025-08-09 17:57:24.946,True,-1.7807628144536258,1.6702267603692658,113.84816054314648,-99
2025-08-09 17:57:25.948,True,-1.7807628144536258,1.6702267603692658,113.84816054314648,-99
2025-08-09 17:57:26.950,True,-1.7807628144536258,1.6702267603692658,113.84816054314648,-99
2025-08-09 17:57:27.952,True,-1.7807628144536258,1.6702267603692658,113.84816054314648,29
2025-08-09 17:57:28.954,True,-1.7825484575681732,1.685769117467684,113.84812631299936,29
2025-08-09 17:57:29.956,True,-1.7825484575681732,1.685769117467684,113.84812631299936,29
2025-08-09 17:57:30.958,True,-1.7825484575681732,1.685769117467684,113.84812631299936,29
2025-08-09 17:57:31.961,True,-1.7825484575681732,1.685769117467684,113.84812631299936,-99
2025-08-09 17:57:32.963,True,-1.7825484575681732,1.685769117467684,113.84812631299936,-99
2025-08-09 17:57:33.965,True,-1.7787245299814716,1.6799062865268475,113.84814047087347,-99
2025-08-09 17:57:34.967,True,-1.7787245299814716,1.6799062865268475,113.84814047087347,-99
2025-08-09 17:57:35.969,True,-1.7787245299814716,1.6799062865268475,113.84814047087347,-99
2025-08-09 17:57:36.971,True,-1.7787245299814716,1.6799062865268475,113.84814047087347,29
2025-08-09 17:57:37.974,True,-1.7807628144536258,1.6702267603692658,113.84816054314648,29
2025-08-09 17:57:38.976,True,-1.7807628144536258,1.6702267603692658,113.84816054314648,29
2025-08-09 17:57:39.978,True,-1.7807628144536258,1.6702267603692658,113.84816054314648,-99
2025-08-09 17:57:40.979,True,-1.7787245299814716,1.6799062865268475,113.84814047087347,29
2025-08-09 17:57:41.981,True,-1.7807628144536258,1.6702267603692658,113.84816054314648,-99
2025-08-09 17:57:42.983,True,-1.7807628144536258,1.6702267603692658,113.84816054314648,-99
2025-08-09 17:57:43.986,True,-1.7807628144536258,1.6702267603692658,113.84816054314648,29
2025-08-09 17:57:44.989,True,-1.7807628144536258,1.6702267603692658,113.84816054314648,29
2025-08-09 17:57:45.992,True,-1.7807628144536258,1.6702267603692658,113.84816054314648,29
2025-08-09 17:57:46.994,True,-1.7649619300654658,1.6972193695126845,113.84811429234274,-99
2025-08-09 17:57:47.996,True,-1.7649619300654658,1.6972193695126845,113.84811429234274,29
2025-08-09 17:57:48.998,True,-1.7649619300654658,1.6972193695126845,113.84811429234274,29
2025-08-09 17:57:50.000,True,-1.7649619300654658,1.6972193695126845,113.84811429234274,29
2025-08-09 17:57:51.002,True,-1.7649619300654658,1.6972193695126845,113.84811429234274,29
2025-08-09 17:57:52.005,True,-1.7649619300654658,1.6972193695126845,113.84811429234274,29
2025-08-09 17:57:53.008,True,-1.7649619300654658,1.6972193695126845,113.84811429234274,29
2025-08-09 17:57:54.010,True,-1.7647095214687376,1.722441681814264,113.84807030006597,-99
2025-08-09 17:57:55.012,True,-1.7664955064886931,1.7379844603165184,113.848043691472,-99
2025-08-09 17:57:56.014,True,-1.7664955064886931,1.7379844603165184,113.848043691472,-114
2025-08-09 17:57:57.017,True,-1.7664955064886931,1.7379844603165184,113.848043691472,-99
2025-08-09 17:57:58.020,True,-1.7664955064886931,1.7379844603165184,113.848043691472,-99
2025-08-09 17:57:59.022,True,-1.7647095214687376,1.722441681814264,113.84807030006597,-99
2025-08-09 17:58:00.025,True,-1.7626713918232428,1.7321214699631362,113.84805681354729,29
2025-08-09 17:58:01.028,True,-1.7664955064886931,1.7379844603165184,113.848043691472,29
2025-08-09 17:58:02.030,True,-1.7664955064886931,1.7379844603165184,113.848043691472,-99
2025-08-09 17:58:03.032,True,-1.7664955064886931,1.7379844603165184,113.848043691472,-99
2025-08-09 17:58:04.034,True,-1.7664955064886931,1.7379844603165184,113.848043691472,-99
2025-08-09 17:58:05.037,True,-1.7664955064886931,1.7379844603165184,113.848043691472,-99
2025-08-09 17:58:06.040,True,-1.7664955064886931,1.7379844603165184,113.848043691472,-99
2025-08-09 17:58:07.042,True,-1.7664955064886931,1.7379844603165184,113.848043691472,-99
2025-08-09 17:58:08.045,True,-1.7644574481485649,1.7476643280076034,113.84803150401287,-99
2025-08-09 17:58:09.048,True,-1.7644574481485649,1.7476643280076034,113.84803150401287,-99
2025-08-09 17:58:10.051,True,-1.7644574481485649,1.7476643280076034,113.84803150401287,-99
2025-08-09 17:58:11.054,True,-1.7644574481485649,1.7476643280076034,113.84803150401287,-99
2025-08-09 17:58:12.057,True,-1.7644574481485649,1.7476643280076034,113.84803150401287,29
2025-08-09 17:58:13.059,True,-1.7644574481485649,1.7476643280076034,113.84803150401287,29
2025-08-09 17:58:14.061,True,-1.7644574481485649,1.7476643280076034,113.84803150401287,29
2025-08-09 17:58:15.064,True,-1.7644574481485649,1.7476643280076034,113.84803150401287,29
2025-08-09 17:58:16.067,True,-1.7644574481485649,1.7476643280076034,113.84803150401287,29
2025-08-09 17:58:17.070,True,-1.7644574481485649,1.7476643280076034,113.84803150401287,-99
2025-08-09 17:58:18.072,True,-1.7644574481485649,1.7476643280076034,113.84803150401287,-99
2025-08-09 17:58:19.075,True,-1.7644574481485649,1.7476643280076034,113.84803150401287,-99
2025-08-09 17:58:20.079,True,-1.7644574481485649,1.7476643280076034,113.84803150401287,-99
2025-08-09 17:58:21.083,True,-1.7644574481485649,1.7476643280076034,113.84803150401287,-99
2025-08-09 17:58:22.085,True,-1.7644574481485649,1.7476643280076034,113.84803150401287,29
2025-08-09 17:58:23.088,True,-1.7644574481485649,1.7476643280076034,113.84803150401287,-99
2025-08-09 17:58:24.091,True,-1.7644574481485649,1.7476643280076034,113.84803150401287,29
2025-08-09 17:58:25.093,True,-1.7644574481485649,1.7476643280076034,113.84803150401287,29
2025-08-09 17:58:26.096,True,-1.7644574481485649,1.7476643280076034,113.84803150401287,29
2025-08-09 17:58:27.098,True,-1.7644574481485649,1.7476643280076034,113.84803150401287,29
2025-08-09 17:58:28.101,True,-1.7644574481485649,1.7476643280076034,113.84803150401287,-99
2025-08-09 17:58:29.103,True,-1.7644574481485649,1.7476643280076034,113.84803150401287,-99
2025-08-09 17:58:30.106,True,-1.7644574481485649,1.7476643280076034,113.84803150401287,29
2025-08-09 17:58:31.109,True,-1.7644574481485649,1.7476643280076034,113.84803150401287,29
2025-08-09 17:58:32.111,True,-1.7644574481485649,1.7476643280076034,113.84803150401287,29
2025-08-09 17:58:33.114,True,-1.7644574481485649,1.7476643280076034,113.84803150401287,29
2025-08-09 17:58:34.118,True,-1.7644574481485649,1.7476643280076034,113.84803150401287,29
2025-08-09 17:58:35.122,True,-1.7644574481485649,1.7476643280076034,113.84803150401287,29
2025-08-09 17:58:36.124,True,-1.7644574481485649,1.7476643280076034,113.84803150401287,-99
2025-08-09 17:58:37.127,True,-1.7644574481485649,1.7476643280076034,113.84803150401287,-99
2025-08-09 17:58:38.130,True,-1.7644574481485649,1.7476643280076034,113.84803150401287,-99
2025-08-09 17:58:39.132,True,-1.7644574481485649,1.7476643280076034,113.84803150401287,-99
2025-08-09 17:58:40.135,True,-1.7644574481485649,1.7476643280076034,113.84803150401287,29
2025-08-09 17:58:41.139,True,-1.7644574481485649,1.7476643280076034,113.84803150401287,29
2025-08-09 17:58:42.145,True,-1.7644574481485649,1.7476643280076034,113.84803150401287,29
2025-08-09 17:58:43.147,True,-1.7644574481485649,1.7476643280076034,113.84803150401287,-99
2025-08-09 17:58:44.149,True,-1.7644574481485649,1.7476643280076034,113.84803150401287,-99
2025-08-09 17:58:45.150,True,-1.7644574481485649,1.7476643280076034,113.84803150401287,-99
2025-08-09 17:58:46.154,True,-1.773860715461278,1.7747835991890175,113.83880036419998,29
2025-08-09 17:58:47.156,True,-1.773860715461278,1.7747835991890175,113.83880036419998,29
2025-08-09 17:58:48.159,True,-1.7546813361597404,1.7788290162403282,114.14578015873124,29
2025-08-09 17:58:49.163,True,-1.773860715461278,1.7747835991890175,113.83880036419998,29
2025-08-09 17:58:50.165,True,-1.773860715461278,1.7747835991890175,113.83880036419998,-99
2025-08-09 17:58:51.167,True,-1.773860715461278,1.7747835991890175,113.83880036419998,29
2025-08-09 17:58:52.170,True,-1.773860715461278,1.7747835991890175,113.83880036419998,-99
2025-08-09 17:58:53.172,True,-1.773860715461278,1.7747835991890175,113.83880036419998,-99
2025-08-09 17:58:54.175,True,-1.773860715461278,1.7747835991890175,113.83880036419998,-99
2025-08-09 17:58:55.179,True,-1.773860715461278,1.7747835991890175,113.83880036419998,29
2025-08-09 17:58:56.181,True,-1.773860715461278,1.7747835991890175,113.83880036419998,29
2025-08-09 17:58:57.185,True,-1.773860715461278,1.7747835991890175,113.83880036419998,-99
2025-08-09 17:58:58.187,True,-1.773860715461278,1.7747835991890175,113.83880036419998,-99
2025-08-09 17:58:59.190,True,-1.773860715461278,1.7747835991890175,113.83880036419998,29
2025-08-09 17:59:00.192,True,-1.773860715461278,1.7747835991890175,113.83880036419998,-99
2025-08-09 17:59:01.194,True,-1.773860715461278,1.7747835991890175,113.83880036419998,29
2025-08-09 17:59:02.198,True,-1.773860715461278,1.7747835991890175,113.83880036419998,29
2025-08-09 17:59:03.201,True,-1.773860715461278,1.7747835991890175,113.83880036419998,-99
2025-08-09 17:59:04.204,True,-1.773860715461278,1.7747835991890175,113.83880036419998,-99
2025-08-09 17:59:05.206,True,-1.773860715461278,1.7747835991890175,113.83880036419998,29
2025-08-09 17:59:06.208,True,-1.773860715461278,1.7747835991890175,113.83880036419998,-99
2025-08-09 17:59:07.211,True,-1.773860715461278,1.7747835991890175,113.83880036419998,-99
2025-08-09 17:59:08.215,True,-1.773860715461278,1.7747835991890175,113.83880036419998,29
2025-08-09 17:59:09.217,True,-1.773860715461278,1.7747835991890175,113.83880036419998,-99
2025-08-09 17:59:10.220,True,-1.773860715461278,1.7747835991890175,113.83880036419998,-99
2025-08-09 17:59:11.222,True,-1.773860715461278,1.7747835991890175,113.83880036419998,-99
2025-08-09 17:59:12.225,True,-1.773860715461278,1.7747835991890175,113.83880036419998,29
2025-08-09 17:59:13.228,True,-1.773860715461278,1.7747835991890175,113.83880036419998,-99
2025-08-09 17:59:14.233,True,-1.773860715461278,1.7747835991890175,113.83880036419998,29
2025-08-09 17:59:15.235,True,-1.773860715461278,1.7747835991890175,113.83880036419998,29
2025-08-09 17:59:16.238,True,-1.773860715461278,1.7747835991890175,113.83880036419998,-99
2025-08-09 17:59:17.239,True,-1.773860715461278,1.7747835991890175,113.83880036419998,29
2025-08-09 17:59:18.241,True,-1.773860715461278,1.7747835991890175,113.83880036419998,-99
2025-08-09 17:59:19.246,True,-1.773860715461278,1.7747835991890175,113.83880036419998,29
2025-08-09 17:59:20.249,True,-1.7718232664320757,1.784463230955681,113.83879092469176,-99
2025-08-09 17:59:21.252,True,-1.7720738909531881,1.7592413701072191,113.83882387680451,29
2025-08-09 17:59:22.256,True,-1.7985953907825436,1.825502722557326,113.83870271543681,29
2025-08-09 17:59:23.259,True,-1.7565260297518661,1.761012505424125,113.8388413302563,-99
2025-08-09 17:59:24.262,True,-1.7565260297518661,1.761012505424125,113.8388413302563,-99
2025-08-09 17:59:25.264,True,-1.7565260297518661,1.761012505424125,113.8388413302563,29
2025-08-09 17:59:26.265,True,-1.7565260297518661,1.761012505424125,113.8388413302563,-99
2025-08-09 17:59:27.267,True,-1.7565260297518661,1.761012505424125,113.8388413302563,-99
2025-08-09 17:59:28.269,True,-1.7565260297518661,1.761012505424125,113.8388413302563,29
2025-08-09 17:59:29.272,True,-1.7565260297518661,1.761012505424125,113.8388413302563,-99
2025-08-09 17:59:30.275,True,-1.7565260297518661,1.761012505424125,113.8388413302563,-99
2025-08-09 17:59:31.277,True,-1.7565260297518661,1.761012505424125,113.8388413302563,-99
2025-08-09 17:59:32.279,True,-1.7565260297518661,1.761012505424125,113.8388413302563,-99
2025-08-09 17:59:33.281,True,-1.7565260297518661,1.761012505424125,113.8388413302563,-99
2025-08-09 17:59:34.283,True,-1.7565260297518661,1.761012505424125,113.8388413302563,-99
2025-08-09 17:59:35.285,True,-1.7565260297518661,1.761012505424125,113.8388413302563,-99
2025-08-09 17:59:36.287,True,-1.7565260297518661,1.761012505424125,113.8388413302563,-99
2025-08-09 17:59:37.288,True,-1.7565260297518661,1.761012505424125,113.8388413302563,-99
2025-08-09 17:59:38.291,True,-1.7565260297518661,1.761012505424125,113.8388413302563,29
2025-08-09 17:59:39.293,True,-1.7565260297518661,1.761012505424125,113.8388413302563,-99
2025-08-09 17:59:40.295,True,-1.7565260297518661,1.761012505424125,113.8388413302563,-99
2025-08-09 17:59:41.297,True,-1.7565260297518661,1.761012505424125,113.8388413302563,29
2025-08-09 17:59:42.298,True,-1.7565260297518661,1.761012505424125,113.8388413302563,-99
2025-08-09 17:59:43.301,True,-1.7565260297518661,1.761012505424125,113.8388413302563,-99
2025-08-09 17:59:44.303,True,-1.7565260297518661,1.761012505424125,113.8388413302563,29
2025-08-09 17:59:45.305,True,-1.7565260297518661,1.761012505424125,113.8388413302563,29
2025-08-09 17:59:46.307,True,-1.7565260297518661,1.761012505424125,113.8388413302563,-99
2025-08-09 17:59:47.308,True,-1.7565260297518661,1.761012505424125,113.8388413302563,29
2025-08-09 17:59:48.311,True,-1.7565260297518661,1.761012505424125,113.8388413302563,-99
2025-08-09 17:59:49.313,True,-1.7565260297518661,1.761012505424125,113.8388413302563,-99
2025-08-09 17:59:50.316,True,-1.7565260297518661,1.761012505424125,113.8388413302563,-99
2025-08-09 17:59:51.318,True,-1.7565260297518661,1.761012505424125,113.8388413302563,29
2025-08-09 17:59:52.321,True,-1.7565260297518661,1.761012505424125,113.8388413302563,29
2025-08-09 17:59:53.324,True,-1.7375105439777632,1.7650032249794865,114.14582296547083,29
2025-08-09 17:59:54.326,True,-1.7565260297518661,1.761012505424125,113.8388413302563,29
2025-08-09 17:59:55.328,True,-1.7565260297518661,1.761012505424125,113.8388413302563,29
2025-08-09 17:59:56.330,True,-1.7565260297518661,1.761012505424125,113.8388413302563,29
2025-08-09 17:59:57.332,True,3.1123516210898208,2.782970010344878,-99.41135823105573,29
2025-08-09 17:59:58.334,True,-1.7565260297518661,1.761012505424125,113.8388413302563,29
2025-08-09 17:59:59.336,True,-1.7565260297518661,1.761012505424125,113.8388413302563,29
2025-08-09 18:00:00.339,True,-1.7565260297518661,1.761012505424125,113.8388413302563,29
2025-08-09 18:00:01.342,True,-1.7565260297518661,1.761012505424125,113.8388413302563,-99
2025-08-09 18:00:02.344,True,-1.7565260297518661,1.761012505424125,113.8388413302563,-99
2025-08-09 18:00:03.346,True,-1.7565260297518661,1.761012505424125,113.8388413302563,-99
2025-08-09 18:00:04.347,True,-1.7565260297518661,1.761012505424125,113.8388413302563,-99
2025-08-09 18:00:05.349,True,-1.7544884526644724,1.770692065185456,113.83883232689853,29
2025-08-09 18:00:06.351,True,-1.7544884526644724,1.770692065185456,113.83883232689853,29
2025-08-09 18:00:07.354,True,-1.7544884526644724,1.770692065185456,113.83883232689853,29
2025-08-09 18:00:08.356,True,-1.7544884526644724,1.770692065185456,113.83883232689853,-99
2025-08-09 18:00:09.358,True,-1.7606012777199922,1.741653536453191,113.83886271658001,-99
2025-08-09 18:00:10.361,True,-1.780224291679441,1.720523667427748,113.83887809650567,-99
2025-08-09 18:00:11.363,True,-1.780224291679441,1.720523667427748,113.83887809650567,-99
2025-08-09 18:00:12.367,True,-1.780224291679441,1.720523667427748,113.83887809650567,-99
2025-08-09 18:00:13.371,True,-1.780224291679441,1.720523667427748,113.83887809650567,29
2025-08-09 18:00:14.373,True,-1.780224291679441,1.720523667427748,113.83887809650567,29
2025-08-09 18:00:15.377,True,-1.780224291679441,1.720523667427748,113.83887809650567,-99
2025-08-09 18:00:16.379,True,-1.780224291679441,1.720523667427748,113.83887809650567,-99
2025-08-09 18:00:17.382,True,-1.780224291679441,1.720523667427748,113.83887809650567,29
2025-08-09 18:00:18.385,True,-1.780224291679441,1.720523667427748,113.83887809650567,-99
2025-08-09 18:00:19.387,True,-1.780224291679441,1.720523667427748,113.83887809650567,-99
2025-08-09 18:00:20.390,True,-1.780224291679441,1.720523667427748,113.83887809650567,-99
2025-08-09 18:00:21.392,True,-1.780224291679441,1.720523667427748,113.83887809650567,29
2025-08-09 18:00:22.394,True,-1.780224291679441,1.720523667427748,113.83887809650567,29
2025-08-09 18:00:23.397,True,-1.780224291679441,1.720523667427748,113.83887809650567,29
2025-08-09 18:00:24.399,True,-1.7764001958687563,1.7146611580027793,113.83889173347231,29
2025-08-09 18:00:25.401,True,-1.7764001958687563,1.7146611580027793,113.83889173347231,29
2025-08-09 18:00:26.405,True,-1.7764001958687563,1.7146611580027793,113.83889173347231,29
2025-08-09 18:00:27.408,True,-1.7764001958687563,1.7146611580027793,113.83889173347231,-99
2025-08-09 18:00:28.410,True,-1.7764001958687563,1.7146611580027793,113.83889173347231,-99
2025-08-09 18:00:29.413,True,-1.7764001958687563,1.7146611580027793,113.83889173347231,-99
2025-08-09 18:00:30.415,True,-1.7764001958687563,1.7146611580027793,113.83889173347231,-99
2025-08-09 18:00:31.417,True,-1.7764001958687563,1.7146611580027793,113.83889173347231,29
2025-08-09 18:00:32.421,True,-1.7764001958687563,1.7146611580027793,113.83889173347231,-99
2025-08-09 18:00:33.423,True,-1.7764001958687563,1.7146611580027793,113.83889173347231,-99
2025-08-09 18:00:34.425,True,-1.7764001958687563,1.7146611580027793,113.83889173347231,29
2025-08-09 18:00:35.428,True,-1.7764001958687563,1.7146611580027793,113.83889173347231,29
2025-08-09 18:00:36.430,True,-1.7764001958687563,1.7146611580027793,113.83889173347231,-99
2025-08-09 18:00:37.432,True,-1.7764001958687563,1.7146611580027793,113.83889173347231,29
2025-08-09 18:00:38.435,True,-1.7764001958687563,1.7146611580027793,113.83889173347231,-99
2025-08-09 18:00:39.437,True,-1.7764001958687563,1.7146611580027793,113.83889173347231,29
2025-08-09 18:00:40.440,True,-1.7764001958687563,1.7146611580027793,113.83889173347231,29
2025-08-09 18:00:41.443,True,-1.7764001958687563,1.7146611580027793,113.83889173347231,-99
2025-08-09 18:00:42.445,True,-1.7807628144536258,1.6702267603692658,113.84816054314648,-99
2025-08-09 18:00:43.448,True,-1.7810157221310565,1.6450051237171204,113.84821874260436,29
2025-08-09 18:00:44.450,True,-1.7810157221310565,1.6450051237171204,113.84821874260436,-99
2025-08-09 18:00:45.453,True,-1.7810157221310565,1.6450051237171204,113.84821874260436,-99
2025-08-09 18:00:46.455,True,-1.7810157221310565,1.6450051237171204,113.84821874260436,-114
2025-08-09 18:00:47.457,True,-1.779230472855637,1.6294630866167412,113.84825721506705,-99
2025-08-09 18:00:48.459,True,-1.7830541452998823,1.635325768187017,113.8482423666124,29
2025-08-09 18:00:49.462,True,-1.7647504659381716,1.6400268585525186,114.1553065589721,29
2025-08-09 18:00:50.464,True,-1.7830541452998823,1.635325768187017,113.8482423666124,-99
2025-08-09 18:00:51.466,True,-1.7830541452998823,1.635325768187017,113.8482423666124,29
2025-08-09 18:00:52.468,True,-1.7830541452998823,1.635325768187017,113.8482423666124,-99
2025-08-09 18:00:53.470,True,-1.7830541452998823,1.635325768187017,113.8482423666124,-99
2025-08-09 18:00:54.473,True,-1.7830541452998823,1.635325768187017,113.8482423666124,-99
2025-08-09 18:00:55.475,True,-1.7830541452998823,1.635325768187017,113.8482423666124,29
2025-08-09 18:00:56.478,True,-1.7830541452998823,1.635325768187017,113.8482423666124,29
2025-08-09 18:00:57.481,True,-1.7830541452998823,1.635325768187017,113.8482423666124,-99
2025-08-09 18:00:58.483,True,-1.7830541452998823,1.635325768187017,113.8482423666124,-99
2025-08-09 18:00:59.484,True,-1.7830541452998823,1.635325768187017,113.8482423666124,29
2025-08-09 18:01:00.487,True,-1.7830541452998823,1.635325768187017,113.8482423666124,-99
2025-08-09 18:01:01.489,True,-1.7830541452998823,1.635325768187017,113.8482423666124,-99
2025-08-09 18:01:02.491,True,-1.7830541452998823,1.635325768187017,113.8482423666124,29
2025-08-09 18:01:03.493,True,-1.7830541452998823,1.635325768187017,113.8482423666124,29
2025-08-09 18:01:04.499,True,-1.7830541452998823,1.635325768187017,113.8482423666124,-99
2025-08-09 18:01:05.501,True,-1.7830541452998823,1.635325768187017,113.8482423666124,29
2025-08-09 18:01:06.503,True,-1.7830541452998823,1.635325768187017,113.8482423666124,29
2025-08-09 18:01:07.505,True,-1.7830541452998823,1.635325768187017,113.8482423666124,-99
2025-08-09 18:01:08.507,True,-1.7830541452998823,1.635325768187017,113.8482423666124,29
2025-08-09 18:01:09.509,True,-1.7830541452998823,1.635325768187017,113.8482423666124,29
2025-08-09 18:01:10.511,True,-1.7830541452998823,1.635325768187017,113.8482423666124,29
2025-08-09 18:01:11.514,True,-1.7830541452998823,1.635325768187017,113.8482423666124,-99
2025-08-09 18:01:12.517,True,-1.7830541452998823,1.635325768187017,113.8482423666124,-99
2025-08-09 18:01:13.520,True,-1.7830541452998823,1.635325768187017,113.8482423666124,-99
2025-08-09 18:01:14.522,True,-1.7810157221310565,1.6450051237171204,113.84821874260436,-99
2025-08-09 18:01:15.524,True,-1.7810157221310565,1.6450051237171204,113.84821874260436,29
2025-08-09 18:01:16.526,True,-1.7771920106547272,1.6391424138376898,113.84823341842136,29
2025-08-09 18:01:17.529,True,-1.7830541452998823,1.635325768187017,113.8482423666124,29
2025-08-09 18:01:18.533,True,-1.7909547355092736,1.6218298392803494,113.8482777999654,29
2025-08-09 18:01:19.535,True,-1.7830541452998823,1.635325768187017,113.8482423666124,-99
2025-08-09 18:01:20.537,True,-1.7810157221310565,1.6450051237171204,113.84821874260436,29
2025-08-09 18:01:21.539,True,-1.7810157221310565,1.6450051237171204,113.84821874260436,-99
2025-08-09 18:01:22.541,True,-1.7810157221310565,1.6450051237171204,113.84821874260436,-99
2025-08-09 18:01:23.542,True,-1.7810157221310565,1.6450051237171204,113.84821874260436,29
2025-08-09 18:01:24.545,True,-1.7810157221310565,1.6450051237171204,113.84821874260436,29
2025-08-09 18:01:25.547,True,-1.7810157221310565,1.6450051237171204,113.84821874260436,-99
2025-08-09 18:01:26.550,True,-1.7810157221310565,1.6450051237171204,113.84821874260436,29
2025-08-09 18:01:27.553,True,-1.7810157221310565,1.6450051237171204,113.84821874260436,29
2025-08-09 18:01:28.555,True,-1.7810157221310565,1.6450051237171204,113.84821874260436,-99
2025-08-09 18:01:29.557,True,-1.7810157221310565,1.6450051237171204,113.84821874260436,29
2025-08-09 18:01:30.559,True,-1.7810157221310565,1.6450051237171204,113.84821874260436,29
2025-08-09 18:01:31.561,True,-1.7810157221310565,1.6450051237171204,113.84821874260436,29
2025-08-09 18:01:32.563,True,-1.7810157221310565,1.6450051237171204,113.84821874260436,29
2025-08-09 18:01:33.565,True,-1.784839482607159,1.650867850824732,113.84820406680437,-99
2025-08-09 18:01:34.567,True,-1.784839482607159,1.650867850824732,113.84820406680437,-99
2025-08-09 18:01:35.569,True,-1.784839482607159,1.650867850824732,113.84820406680437,29
2025-08-09 18:01:36.571,True,-1.784839482607159,1.650867850824732,113.84820406680437,-99
2025-08-09 18:01:37.573,True,-1.784839482607159,1.650867850824732,113.84820406680437,-99
2025-08-09 18:01:38.575,True,-1.784839482607159,1.650867850824732,113.84820406680437,29
2025-08-09 18:01:39.577,True,-1.784839482607159,1.650867850824732,113.84820406680437,29
2025-08-09 18:01:40.578,True,-1.784839482607159,1.650867850824732,113.84820406680437,29
2025-08-09 18:01:41.580,True,-1.784839482607159,1.650867850824732,113.84820406680437,29
2025-08-09 18:01:42.583,True,-1.784839482607159,1.650867850824732,113.84820406680437,-99
2025-08-09 18:01:43.584,True,-1.7789773322822735,1.6546845262081162,113.8481962449555,-99
2025-08-09 18:01:44.586,True,-1.7789773322822735,1.6546845262081162,113.8481962449555,29
2025-08-09 18:01:45.588,True,-1.7789773322822735,1.6546845262081162,113.8481962449555,29
2025-08-09 18:01:46.589,True,-1.7789773322822735,1.6546845262081162,113.8481962449555,-99
2025-08-09 18:01:47.593,True,-1.7789773322822735,1.6546845262081162,113.8481962449555,-99
2025-08-09 18:01:48.595,True,-1.7789773322822735,1.6546845262081162,113.8481962449555,29
2025-08-09 18:01:49.596,True,-1.7789773322822735,1.6546845262081162,113.8481962449555,-99
2025-08-09 18:01:50.598,True,-1.7789773322822735,1.6546845262081162,113.8481962449555,-99
2025-08-09 18:01:51.600,True,-1.7789773322822735,1.6546845262081162,113.8481962449555,-99
2025-08-09 18:01:52.602,True,-1.7789773322822735,1.6546845262081162,113.8481962449555,29
2025-08-09 18:01:53.604,True,-1.7789773322822735,1.6546845262081162,113.8481962449555,29
2025-08-09 18:01:54.607,True,-1.7789773322822735,1.6546845262081162,113.8481962449555,-99
2025-08-09 18:01:55.609,True,-1.7789773322822735,1.6546845262081162,113.8481962449555,-99
2025-08-09 18:01:56.611,True,-1.7789773322822735,1.6546845262081162,113.8481962449555,-99
2025-08-09 18:01:57.612,True,-1.7789773322822735,1.6546845262081162,113.8481962449555,-99
2025-08-09 18:01:58.614,True,-1.7789773322822735,1.6546845262081162,113.8481962449555,-99
2025-08-09 18:01:59.616,True,-1.7789773322822735,1.6546845262081162,113.8481962449555,29
2025-08-09 18:02:00.618,True,-1.784839482607159,1.650867850824732,113.84820406680437,29
2025-08-09 18:02:01.621,True,-1.7866249808303256,1.6664100549716268,113.84816723864604,-99
2025-08-09 18:02:02.622,True,-1.7866249808303256,1.6664100549716268,113.84816723864604,29
2025-08-09 18:02:03.625,True,-1.7866249808303256,1.6664100549716268,113.84816723864604,-99
2025-08-09 18:02:04.627,True,-1.7866249808303256,1.6664100549716268,113.84816723864604,-99
2025-08-09 18:02:05.629,True,-1.7866249808303256,1.6664100549716268,113.84816723864604,29
2025-08-09 18:02:06.631,True,-1.7866249808303256,1.6664100549716268,113.84816723864604,-99
2025-08-09 18:02:07.633,True,-1.7866249808303256,1.6664100549716268,113.84816723864604,-99
2025-08-09 18:02:08.635,True,-1.7904488791005713,1.672272845501899,113.84815273551622,-99
2025-08-09 18:02:09.637,True,-1.7904488791005713,1.672272845501899,113.84815273551622,-99
2025-08-09 18:02:10.640,True,-1.7904488791005713,1.672272845501899,113.84815273551622,-99
2025-08-09 18:02:11.642,True,-1.7904488791005713,1.672272845501899,113.84815273551622,29
2025-08-09 18:02:12.644,True,-1.7904488791005713,1.672272845501899,113.84815273551622,29
2025-08-09 18:02:13.647,True,-1.7904488791005713,1.672272845501899,113.84815273551622,-99
2025-08-09 18:02:14.649,True,-1.7904488791005713,1.672272845501899,113.84815273551622,29
2025-08-09 18:02:15.651,True,-1.7904488791005713,1.672272845501899,113.84815273551622,-99
2025-08-09 18:02:16.654,True,-1.7904488791005713,1.672272845501899,113.84815273551622,29
2025-08-09 18:02:17.656,True,-1.7904488791005713,1.672272845501899,113.84815273551622,-99
2025-08-09 18:02:18.659,True,-1.7904488791005713,1.672272845501899,113.84815273551622,29
2025-08-09 18:02:19.662,True,-1.7904488791005713,1.672272845501899,113.84815273551622,-99
2025-08-09 18:02:20.664,True,-1.7904488791005713,1.672272845501899,113.84815273551622,-99
2025-08-09 18:02:21.667,True,-1.7904488791005713,1.672272845501899,113.84815273551622,29
2025-08-09 18:02:22.670,True,-1.813608587003723,1.6820813571674598,113.83894212520319,-99
2025-08-09 18:02:23.672,True,-1.813608587003723,1.6820813571674598,113.83894212520319,-99
2025-08-09 18:02:24.674,True,-1.813608587003723,1.6820813571674598,113.83894212520319,29
2025-08-09 18:02:25.678,True,-1.813608587003723,1.6820813571674598,113.83894212520319,29
2025-08-09 18:02:26.680,True,-1.813608587003723,1.6820813571674598,113.83894212520319,-99
2025-08-09 18:02:27.682,True,-1.813608587003723,1.6820813571674598,113.83894212520319,30
2025-08-09 18:02:28.685,True,-1.813608587003723,1.6820813571674598,113.83894212520319,-99
2025-08-09 18:02:29.687,True,-1.813608587003723,1.6820813571674598,113.83894212520319,-98
2025-08-09 18:02:30.689,True,-1.813608587003723,1.6820813571674598,113.83894212520319,-99
2025-08-09 18:02:31.691,True,-1.813608587003723,1.6820813571674598,113.83894212520319,-99
2025-08-09 18:02:32.693,True,-1.813608587003723,1.6820813571674598,113.83894212520319,-98
2025-08-09 18:02:33.695,True,-1.813608587003723,1.6820813571674598,113.83894212520319,-98
2025-08-09 18:02:34.696,True,-1.813608587003723,1.6820813571674598,113.83894212520319,29
2025-08-09 18:02:35.699,True,-1.813608587003723,1.6820813571674598,113.83894212520319,29
2025-08-09 18:02:36.701,True,-1.813608587003723,1.6820813571674598,113.83894212520319,30
2025-08-09 18:02:37.704,True,-1.813608587003723,1.6820813571674598,113.83894212520319,-99
2025-08-09 18:02:38.705,True,-1.813608587003723,1.6820813571674598,113.83894212520319,-99
2025-08-09 18:02:39.707,True,-1.813608587003723,1.6820813571674598,113.83894212520319,-99
2025-08-09 18:02:40.710,True,-1.813608587003723,1.6820813571674598,113.83894212520319,-99
2025-08-09 18:02:41.712,True,-1.813608587003723,1.6820813571674598,113.83894212520319,-99
2025-08-09 18:02:42.714,True,-1.813608587003723,1.6820813571674598,113.83894212520319,29
2025-08-09 18:02:43.717,True,-1.813608587003723,1.6820813571674598,113.83894212520319,29
2025-08-09 18:02:44.719,True,-1.813608587003723,1.6820813571674598,113.83894212520319,-99
2025-08-09 18:02:45.721,True,-1.813608587003723,1.6820813571674598,113.83894212520319,-114
2025-08-09 18:02:46.723,True,-1.813608587003723,1.6820813571674598,113.83894212520319,29
2025-08-09 18:02:47.725,True,-1.813608587003723,1.6820813571674598,113.83894212520319,-99
2025-08-09 18:02:48.727,True,-1.813608587003723,1.6820813571674598,113.83894212520319,-99
2025-08-09 18:02:49.729,True,-1.813608587003723,1.6820813571674598,113.83894212520319,29
2025-08-09 18:02:50.731,True,-1.813608587003723,1.6820813571674598,113.83894212520319,29
2025-08-09 18:02:51.734,True,-1.813608587003723,1.6820813571674598,113.83894212520319,-99
2025-08-09 18:02:52.736,True,-1.813608587003723,1.6820813571674598,113.83894212520319,29
2025-08-09 18:02:53.738,True,-1.813608587003723,1.6820813571674598,113.83894212520319,-99
2025-08-09 18:02:54.740,True,-1.813608587003723,1.6820813571674598,113.83894212520319,-99
2025-08-09 18:02:55.742,True,-1.813608587003723,1.6820813571674598,113.83894212520319,-99
2025-08-09 18:02:56.744,True,-1.813608587003723,1.6820813571674598,113.83894212520319,29
2025-08-09 18:02:57.746,True,-1.813608587003723,1.6820813571674598,113.83894212520319,29
2025-08-09 18:02:58.749,True,-1.813608587003723,1.6820813571674598,113.83894212520319,-99
2025-08-09 18:02:59.750,True,-1.813608587003723,1.6820813571674598,113.83894212520319,-99
2025-08-09 18:03:00.752,True,-1.813608587003723,1.6820813571674598,113.83894212520319,-99
2025-08-09 18:03:01.754,True,-1.813608587003723,1.6820813571674598,113.83894212520319,-99
2025-08-09 18:03:02.756,True,-1.813608587003723,1.6820813571674598,113.83894212520319,-99
2025-08-09 18:03:03.758,True,-1.813608587003723,1.6820813571674598,113.83894212520319,30
2025-08-09 18:03:04.761,True,-1.813608587003723,1.6820813571674598,113.83894212520319,29
2025-08-09 18:03:05.762,True,-1.813608587003723,1.6820813571674598,113.83894212520319,29
2025-08-09 18:03:06.764,True,-1.813608587003723,1.6820813571674598,113.83894212520319,-99
2025-08-09 18:03:07.766,True,-1.813608587003723,1.6820813571674598,113.83894212520319,29
2025-08-09 18:03:08.768,True,-1.813608587003723,1.6820813571674598,113.83894212520319,-99
2025-08-09 18:03:09.770,True,-1.813608587003723,1.6820813571674598,113.83894212520319,-99
2025-08-09 18:03:10.772,True,-1.813608587003723,1.6820813571674598,113.83894212520319,29
2025-08-09 18:03:11.774,True,-1.813608587003723,1.6820813571674598,113.83894212520319,29
2025-08-09 18:03:12.777,True,-1.813608587003723,1.6820813571674598,113.83894212520319,-98
2025-08-09 18:03:13.779,True,-1.8153950637908978,1.6976229546559758,113.83890518575366,-98
2025-08-09 18:03:14.780,True,-1.8153950637908978,1.6976229546559758,113.83890518575366,-98
2025-08-09 18:03:15.782,True,-1.8153950637908978,1.6976229546559758,113.83890518575366,29
2025-08-09 18:03:16.784,True,-1.8153950637908978,1.6976229546559758,113.83890518575366,-99
2025-08-09 18:03:17.786,True,-1.7965447334830242,1.7022695283058946,114.14587751232972,30
2025-08-09 18:03:18.791,True,-1.8153950637908978,1.6976229546559758,113.83890518575366,29
2025-08-09 18:03:19.793,True,-1.8153950637908978,1.6976229546559758,113.83890518575366,30
2025-08-09 18:03:20.795,True,-1.8153950637908978,1.6976229546559758,113.83890518575366,30
2025-08-09 18:03:21.797,True,-1.8153950637908978,1.6976229546559758,113.83890518575366,-98
2025-08-09 18:03:22.798,True,-1.8153950637908978,1.6976229546559758,113.83890518575366,-99
2025-08-09 18:03:23.800,True,-1.8153950637908978,1.6976229546559758,113.83890518575366,29
2025-08-09 18:03:24.802,True,-1.8153950637908978,1.6976229546559758,113.83890518575366,30
2025-08-09 18:03:25.804,True,-1.8153950637908978,1.6976229546559758,113.83890518575366,-98
2025-08-09 18:03:26.806,True,-1.8153950637908978,1.6976229546559758,113.83890518575366,30
2025-08-09 18:03:27.809,True,-1.8153950637908978,1.6976229546559758,113.83890518575366,30
2025-08-09 18:03:28.811,True,-1.8153950637908978,1.6976229546559758,113.83890518575366,-98
2025-08-09 18:03:29.813,True,-1.8153950637908978,1.6976229546559758,113.83890518575366,-98
2025-08-09 18:03:30.815,True,-1.8153950637908978,1.6976229546559758,113.83890518575366,-99
2025-08-09 18:03:31.817,True,-1.8115709064067378,1.691760515026541,113.83891985820499,29
2025-08-09 18:03:32.819,True,-1.8115709064067378,1.691760515026541,113.83891985820499,29
2025-08-09 18:03:33.823,True,-1.8115709064067378,1.691760515026541,113.83891985820499,-98
2025-08-09 18:03:34.824,True,-1.8115709064067378,1.691760515026541,113.83891985820499,-98
2025-08-09 18:03:35.826,True,-1.8115709064067378,1.691760515026541,113.83891985820499,-99
2025-08-09 18:03:36.828,True,-1.8115709064067378,1.691760515026541,113.83891985820499,-99
2025-08-09 18:03:37.830,True,-1.8115709064067378,1.691760515026541,113.83891985820499,-99
2025-08-09 18:03:38.832,True,-1.8115709064067378,1.691760515026541,113.83891985820499,30
2025-08-09 18:03:39.835,True,-1.8115709064067378,1.691760515026541,113.83891985820499,-99
2025-08-09 18:03:40.836,True,-1.8115709064067378,1.691760515026541,113.83891985820499,30
2025-08-09 18:03:41.838,True,-1.8115709064067378,1.691760515026541,113.83891985820499,-98
2025-08-09 18:03:42.841,True,-1.8115709064067378,1.691760515026541,113.83891985820499,-99
2025-08-09 18:03:43.844,True,-1.8115709064067378,1.691760515026541,113.83891985820499,-99
2025-08-09 18:03:44.847,True,-1.8115709064067378,1.691760515026541,113.83891985820499,-99
2025-08-09 18:03:45.850,True,-1.8115709064067378,1.691760515026541,113.83891985820499,30
2025-08-09 18:03:46.852,True,-1.8115709064067378,1.691760515026541,113.83891985820499,30
2025-08-09 18:03:47.854,True,-1.8115709064067378,1.691760515026541,113.83891985820499,-98
2025-08-09 18:03:48.856,True,-1.8115709064067378,1.691760515026541,113.83891985820499,-98
2025-08-09 18:03:49.859,True,-1.8115709064067378,1.691760515026541,113.83891985820499,29
2025-08-09 18:03:50.863,True,-1.8115709064067378,1.691760515026541,113.83891985820499,30
2025-08-09 18:03:51.865,True,-1.8115709064067378,1.691760515026541,113.83891985820499,-98
2025-08-09 18:03:52.868,True,-1.8115709064067378,1.691760515026541,113.83891985820499,-98
2025-08-09 18:03:53.870,True,-1.8115709064067378,1.691760515026541,113.83891985820499,29
2025-08-09 18:03:54.872,True,-1.8115709064067378,1.691760515026541,113.83891985820499,-99
2025-08-09 18:03:55.875,True,-1.8115709064067378,1.691760515026541,113.83891985820499,-98
2025-08-09 18:03:56.877,True,-1.8115709064067378,1.691760515026541,113.83891985820499,-98
2025-08-09 18:03:57.879,True,-1.8115709064067378,1.691760515026541,113.83891985820499,-98
2025-08-09 18:03:58.881,True,-1.8115709064067378,1.691760515026541,113.83891985820499,-98
2025-08-09 18:03:59.883,True,-1.8115709064067378,1.691760515026541,113.83891985820499,30
2025-08-09 18:04:00.886,True,-1.8115709064067378,1.691760515026541,113.83891985820499,30
2025-08-09 18:04:01.888,True,-1.8115709064067378,1.691760515026541,113.83891985820499,30
2025-08-09 18:04:02.890,True,-1.8115709064067378,1.691760515026541,113.83891985820499,-98
2025-08-09 18:04:03.892,True,-1.8115709064067378,1.691760515026541,113.83891985820499,30
2025-08-09 18:04:04.894,True,-1.8115709064067378,1.691760515026541,113.83891985820499,30
2025-08-09 18:04:05.896,True,-1.8115709064067378,1.691760515026541,113.83891985820499,-98
2025-08-09 18:04:06.898,True,-1.8115709064067378,1.691760515026541,113.83891985820499,-98
2025-08-09 18:04:07.900,True,-1.8115709064067378,1.691760515026541,113.83891985820499,30
2025-08-09 18:04:08.904,True,-1.8115709064067378,1.691760515026541,113.83891985820499,30
2025-08-09 18:04:09.906,True,-1.8115709064067378,1.691760515026541,113.83891985820499,-98
2025-08-09 18:04:10.908,True,-1.8115709064067378,1.691760515026541,113.83891985820499,-98
2025-08-09 18:04:11.910,True,-1.8115709064067378,1.691760515026541,113.83891985820499,30
2025-08-09 18:04:12.911,True,-1.8115709064067378,1.691760515026541,113.83891985820499,-98
2025-08-09 18:04:13.913,True,-1.8115709064067378,1.691760515026541,113.83891985820499,-98
2025-08-09 18:04:14.915,True,-1.8115709064067378,1.691760515026541,113.83891985820499,30
2025-08-09 18:04:15.918,True,-1.8115709064067378,1.691760515026541,113.83891985820499,30
2025-08-09 18:04:16.920,True,-1.8115709064067378,1.691760515026541,113.83891985820499,30
2025-08-09 18:04:17.922,True,-1.8115709064067378,1.691760515026541,113.83891985820499,30
2025-08-09 18:04:18.923,True,-1.8115709064067378,1.691760515026541,113.83891985820499,-98
2025-08-09 18:04:19.925,True,-1.8115709064067378,1.691760515026541,113.83891985820499,-98
2025-08-09 18:04:20.927,True,-1.8115709064067378,1.691760515026541,113.83891985820499,29
2025-08-09 18:04:21.929,True,-1.8115709064067378,1.691760515026541,113.83891985820499,30
2025-08-09 18:04:22.932,True,-1.8115709064067378,1.691760515026541,113.83891985820499,30
2025-08-09 18:04:23.935,True,-1.8115709064067378,1.691760515026541,113.83891985820499,30
2025-08-09 18:04:24.937,True,-1.8115709064067378,1.691760515026541,113.83891985820499,-98
2025-08-09 18:04:25.939,True,-1.8115709064067378,1.691760515026541,113.83891985820499,-98
2025-08-09 18:04:26.941,True,-1.8115709064067378,1.691760515026541,113.83891985820499,30
2025-08-09 18:04:27.943,True,-1.8115709064067378,1.691760515026541,113.83891985820499,-98
2025-08-09 18:04:28.946,True,-1.8115709064067378,1.691760515026541,113.83891985820499,30
2025-08-09 18:04:29.948,True,-1.8115709064067378,1.691760515026541,113.83891985820499,30
2025-08-09 18:04:30.951,True,-1.8115709064067378,1.691760515026541,113.83891985820499,30
2025-08-09 18:04:31.953,True,-1.8115709064067378,1.691760515026541,113.83891985820499,-98
2025-08-09 18:04:32.955,True,-1.8115709064067378,1.691760515026541,113.83891985820499,30
2025-08-09 18:04:33.957,True,-1.8115709064067378,1.691760515026541,113.83891985820499,-98
2025-08-09 18:04:34.959,True,-1.8115709064067378,1.691760515026541,113.83891985820499,-98
2025-08-09 18:04:35.961,True,-1.8115709064067378,1.691760515026541,113.83891985820499,30
2025-08-09 18:04:36.963,True,-1.8115709064067378,1.691760515026541,113.83891985820499,30
2025-08-09 18:04:37.966,True,-1.8115709064067378,1.691760515026541,113.83891985820499,-98
2025-08-09 18:04:38.967,True,-1.8115709064067378,1.691760515026541,113.83891985820499,-98
2025-08-09 18:04:39.969,True,-1.8115709064067378,1.691760515026541,113.83891985820499,-98
2025-08-09 18:04:40.971,True,-1.8115709064067378,1.691760515026541,113.83891985820499,-98
2025-08-09 18:04:41.973,True,-1.8115709064067378,1.691760515026541,113.83891985820499,-98
2025-08-09 18:04:42.975,True,-1.7810514543073988,1.7039312790075432,114.14588166298313,30
2025-08-09 18:04:43.978,True,-1.799847321996297,1.6993940324663874,113.83890735812966,30
2025-08-09 18:04:44.980,True,-1.799847321996297,1.6993940324663874,113.83890735812966,30
2025-08-09 18:04:45.982,True,-1.799847321996297,1.6993940324663874,113.83890735812966,-98
2025-08-09 18:04:46.984,True,-1.799847321996297,1.6993940324663874,113.83890735812966,-98
2025-08-09 18:04:47.986,True,-1.799847321996297,1.6993940324663874,113.83890735812966,-98
2025-08-09 18:04:48.988,True,-1.799847321996297,1.6993940324663874,113.83890735812966,-98
2025-08-09 18:04:49.990,True,-1.7810514543073988,1.7039312790075432,114.14588166298313,30
2025-08-09 18:04:50.993,True,-1.799847321996297,1.6993940324663874,113.83890735812966,30
2025-08-09 18:04:51.996,True,-1.799847321996297,1.6993940324663874,113.83890735812966,-98
2025-08-09 18:04:52.998,True,-1.799847321996297,1.6993940324663874,113.83890735812966,30
2025-08-09 18:04:54.000,True,-1.799847321996297,1.6993940324663874,113.83890735812966,-98
2025-08-09 18:04:55.002,True,-1.799847321996297,1.6993940324663874,113.83890735812966,-98
2025-08-09 18:04:56.004,True,-1.799847321996297,1.6993940324663874,113.83890735812966,-98
2025-08-09 18:04:57.005,True,-1.799847321996297,1.6993940324663874,113.83890735812966,30
2025-08-09 18:04:58.008,True,-1.799847321996297,1.6993940324663874,113.83890735812966,30
2025-08-09 18:04:59.014,True,-1.799847321996297,1.6993940324663874,113.83890735812966,30
2025-08-09 18:05:00.017,True,-1.799847321996297,1.6993940324663874,113.83890735812966,-98
2025-08-09 18:05:01.019,True,-1.799847321996297,1.6993940324663874,113.83890735812966,-98
2025-08-09 18:05:02.021,True,-1.799847321996297,1.6993940324663874,113.83890735812966,-98
2025-08-09 18:05:03.023,True,-1.799847321996297,1.6993940324663874,113.83890735812966,-98
2025-08-09 18:05:04.025,True,-1.799847321996297,1.6993940324663874,113.83890735812966,-98
2025-08-09 18:05:05.028,True,-1.799847321996297,1.6993940324663874,113.83890735812966,30
2025-08-09 18:05:06.030,True,-1.799847321996297,1.6993940324663874,113.83890735812966,30
2025-08-09 18:05:07.032,True,-1.799847321996297,1.6993940324663874,113.83890735812966,30
2025-08-09 18:05:08.034,True,-1.780224291679441,1.720523667427748,113.83887809650567,30
2025-08-09 18:05:09.037,True,-1.780224291679441,1.720523667427748,113.83887809650567,-98
2025-08-09 18:05:10.041,True,-1.780224291679441,1.720523667427748,113.83887809650567,30
2025-08-09 18:05:11.044,True,-1.780224291679441,1.720523667427748,113.83887809650567,-98
2025-08-09 18:05:12.046,True,-1.780224291679441,1.720523667427748,113.83887809650567,30
2025-08-09 18:05:13.049,True,-1.780224291679441,1.720523667427748,113.83887809650567,30
2025-08-09 18:05:14.053,True,-1.780224291679441,1.720523667427748,113.83887809650567,-98
2025-08-09 18:05:15.055,True,-1.780224291679441,1.720523667427748,113.83887809650567,-98
2025-08-09 18:05:16.057,True,-1.780224291679441,1.720523667427748,113.83887809650567,30
2025-08-09 18:05:17.059,True,-1.780224291679441,1.720523667427748,113.83887809650567,-98
2025-08-09 18:05:18.062,True,-1.780224291679441,1.720523667427748,113.83887809650567,-98
2025-08-09 18:05:19.065,True,-1.780224291679441,1.720523667427748,113.83887809650567,30
2025-08-09 18:05:20.069,True,-1.780224291679441,1.720523667427748,113.83887809650567,-98
2025-08-09 18:05:21.072,True,-1.780224291679441,1.720523667427748,113.83887809650567,-98
2025-08-09 18:05:22.075,True,-1.7837975283501375,1.7516076124652822,113.83882215013544,-98
2025-08-09 18:05:23.077,True,-1.7837975283501375,1.7516076124652822,113.83882215013544,30
2025-08-09 18:05:24.079,True,-1.7837975283501375,1.7516076124652822,113.83882215013544,-98
2025-08-09 18:05:25.081,True,-1.7837975283501375,1.7516076124652822,113.83882215013544,30
2025-08-09 18:05:26.084,True,-1.7837975283501375,1.7516076124652822,113.83882215013544,-98
2025-08-09 18:05:27.088,True,-1.7837975283501375,1.7516076124652822,113.83882215013544,30
2025-08-09 18:05:28.090,True,-1.7779357083716711,1.755424487389886,113.83882262280169,30
2025-08-09 18:05:29.093,True,-1.7779357083716711,1.755424487389886,113.83882262280169,30
2025-08-09 18:05:30.096,True,-1.7779357083716711,1.755424487389886,113.83882262280169,30
2025-08-09 18:05:31.098,True,-1.7779357083716711,1.755424487389886,113.83882262280169,-98
2025-08-09 18:05:32.101,True,-1.7779357083716711,1.755424487389886,113.83882262280169,-98
2025-08-09 18:05:33.103,True,-1.7779357083716711,1.755424487389886,113.83882262280169,30
2025-08-09 18:05:34.106,True,-1.7799732526058956,1.7457450068033205,113.83883544187998,-98
2025-08-09 18:05:35.109,True,-1.7799732526058956,1.7457450068033205,113.83883544187998,-98
2025-08-09 18:05:36.111,True,-1.7799732526058956,1.7457450068033205,113.83883544187998,30
2025-08-09 18:05:37.115,True,-1.7799732526058956,1.7457450068033205,113.83883544187998,30
2025-08-09 18:05:38.117,True,-1.7799732526058956,1.7457450068033205,113.83883544187998,30
2025-08-09 18:05:39.119,True,-1.7799732526058956,1.7457450068033205,113.83883544187998,-98
2025-08-09 18:05:40.122,True,-1.7799732526058956,1.7457450068033205,113.83883544187998,-98
2025-08-09 18:05:41.124,True,-1.7799732526058956,1.7457450068033205,113.83883544187998,-98
2025-08-09 18:05:42.127,True,-1.7799732526058956,1.7457450068033205,113.83883544187998,-98
2025-08-09 18:05:43.129,True,-1.7799732526058956,1.7457450068033205,113.83883544187998,-98
2025-08-09 18:05:44.132,True,-1.7799732526058956,1.7457450068033205,113.83883544187998,-98
2025-08-09 18:05:45.135,True,-1.7799732526058956,1.7457450068033205,113.83883544187998,-98
2025-08-09 18:05:46.138,True,-1.7799732526058956,1.7457450068033205,113.83883544187998,-98
2025-08-09 18:05:47.141,True,-1.7799732526058956,1.7457450068033205,113.83883544187998,30
2025-08-09 18:05:48.144,True,-1.7799732526058956,1.7457450068033205,113.83883544187998,30
2025-08-09 18:05:49.147,True,-1.7799732526058956,1.7457450068033205,113.83883544187998,30
2025-08-09 18:05:50.150,True,-1.7799732526058956,1.7457450068033205,113.83883544187998,-98
2025-08-09 18:05:51.152,True,-1.7799732526058956,1.7457450068033205,113.83883544187998,-98
2025-08-09 18:05:52.155,True,-1.7799732526058956,1.7457450068033205,113.83883544187998,-98
2025-08-09 18:05:53.157,True,-1.7799732526058956,1.7457450068033205,113.83883544187998,-98
2025-08-09 18:05:54.160,True,-1.7799732526058956,1.7457450068033205,113.83883544187998,30
2025-08-09 18:05:55.164,True,-1.7799732526058956,1.7457450068033205,113.83883544187998,30
2025-08-09 18:05:56.166,True,-1.7799732526058956,1.7457450068033205,113.83883544187998,30
2025-08-09 18:05:57.169,True,-1.7799732526058956,1.7457450068033205,113.83883544187998,30
2025-08-09 18:05:58.171,True,-1.7799732526058956,1.7457450068033205,113.83883544187998,-98
2025-08-09 18:05:59.174,True,-1.7799732526058956,1.7457450068033205,113.83883544187998,-98
2025-08-09 18:06:00.177,True,-1.7799732526058956,1.7457450068033205,113.83883544187998,-98
2025-08-09 18:06:01.179,True,-1.7799732526058956,1.7457450068033205,113.83883544187998,30
2025-08-09 18:06:02.182,True,-1.7799732526058956,1.7457450068033205,113.83883544187998,30
2025-08-09 18:06:03.186,True,-1.7799732526058956,1.7457450068033205,113.83883544187998,-98
2025-08-09 18:06:04.189,True,-1.7799732526058956,1.7457450068033205,113.83883544187998,30
2025-08-09 18:06:05.192,True,-1.7799732526058956,1.7457450068033205,113.83883544187998,30
2025-08-09 18:06:06.194,True,-1.7799732526058956,1.7457450068033205,113.83883544187998,-98
2025-08-09 18:06:07.196,True,-1.7799732526058956,1.7457450068033205,113.83883544187998,-113
2025-08-09 18:06:08.199,True,-1.7799732526058956,1.7457450068033205,113.83883544187998,-98
2025-08-09 18:06:09.201,True,-1.7799732526058956,1.7457450068033205,113.83883544187998,30
2025-08-09 18:06:10.203,True,-1.7799732526058956,1.7457450068033205,113.83883544187998,-98
2025-08-09 18:06:11.205,True,-1.7799732526058956,1.7457450068033205,113.83883544187998,-98
2025-08-09 18:06:12.207,True,-1.7799732526058956,1.7457450068033205,113.83883544187998,30
2025-08-09 18:06:13.210,True,-1.7799732526058956,1.7457450068033205,113.83883544187998,30
2025-08-09 18:06:14.213,True,-1.7799732526058956,1.7457450068033205,113.83883544187998,-98
2025-08-09 18:06:15.215,True,-1.7799732526058956,1.7457450068033205,113.83883544187998,-98
2025-08-09 18:06:16.217,True,-1.7799732526058956,1.7457450068033205,113.83883544187998,-98
2025-08-09 18:06:17.218,True,-1.7799732526058956,1.7457450068033205,113.83883544187998,30
2025-08-09 18:06:18.220,True,-1.7799732526058956,1.7457450068033205,113.83883544187998,-98
2025-08-09 18:06:19.222,True,-1.7799732526058956,1.7457450068033205,113.83883544187998,30
2025-08-09 18:06:20.224,True,-1.7799732526058956,1.7457450068033205,113.83883544187998,-98
2025-08-09 18:06:21.226,True,-1.7799732526058956,1.7457450068033205,113.83883544187998,-98
2025-08-09 18:06:22.228,True,-1.7799732526058956,1.7457450068033205,113.83883544187998,-98
2025-08-09 18:06:23.230,True,-1.7799732526058956,1.7457450068033205,113.83883544187998,-98
2025-08-09 18:06:24.232,True,-1.7799732526058956,1.7457450068033205,113.83883544187998,30
2025-08-09 18:06:25.234,True,-1.7799732526058956,1.7457450068033205,113.83883544187998,-98
2025-08-09 18:06:26.236,True,-1.7799732526058956,1.7457450068033205,113.83883544187998,-98
2025-08-09 18:06:27.238,True,-1.7799732526058956,1.7457450068033205,113.83883544187998,-98
2025-08-09 18:06:28.240,True,-1.7799732526058956,1.7457450068033205,113.83883544187998,30
2025-08-09 18:06:29.242,True,-1.7799732526058956,1.7457450068033205,113.83883544187998,-98
2025-08-09 18:06:30.243,True,-1.7799732526058956,1.7457450068033205,113.83883544187998,30
2025-08-09 18:06:31.245,True,-1.7799732526058956,1.7457450068033205,113.83883544187998,30
2025-08-09 18:06:32.248,True,-1.7799732526058956,1.7457450068033205,113.83883544187998,-98
2025-08-09 18:06:33.250,True,-1.7799732526058956,1.7457450068033205,113.83883544187998,-98
2025-08-09 18:06:34.252,True,-1.7799732526058956,1.7457450068033205,113.83883544187998,30
2025-08-09 18:06:35.254,True,-1.7799732526058956,1.7457450068033205,113.83883544187998,30
2025-08-09 18:06:36.256,True,-1.7799732526058956,1.7457450068033205,113.83883544187998,-98
2025-08-09 18:06:37.260,True,-1.7799732526058956,1.7457450068033205,113.83883544187998,30
2025-08-09 18:06:38.262,True,-1.7799732526058956,1.7457450068033205,113.83883544187998,30
2025-08-09 18:06:39.264,True,-1.7799732526058956,1.7457450068033205,113.83883544187998,30
2025-08-09 18:06:40.266,True,-1.7799732526058956,1.7457450068033205,113.83883544187998,-98
2025-08-09 18:06:41.268,True,-1.7799732526058956,1.7457450068033205,113.83883544187998,30
2025-08-09 18:06:42.270,True,-1.7799732526058956,1.7457450068033205,113.83883544187998,30
2025-08-09 18:06:43.272,True,-1.7799732526058956,1.7457450068033205,113.83883544187998,-98
2025-08-09 18:06:44.273,True,-1.7799732526058956,1.7457450068033205,113.83883544187998,30
2025-08-09 18:06:45.275,True,-1.7799732526058956,1.7457450068033205,113.83883544187998,30
2025-08-09 18:06:46.278,True,-1.7799732526058956,1.7457450068033205,113.83883544187998,30
2025-08-09 18:06:47.280,True,-1.7761490272283897,1.739882419424465,113.83884873363847,-98
2025-08-09 18:06:48.282,True,-1.7761490272283897,1.739882419424465,113.83884873363847,30
2025-08-09 18:06:49.283,True,-1.7761490272283897,1.739882419424465,113.83884873363847,30
2025-08-09 18:06:50.285,True,-1.7761490272283897,1.739882419424465,113.83884873363847,-98
2025-08-09 18:06:51.287,True,-1.7761490272283897,1.739882419424465,113.83884873363847,30
2025-08-09 18:06:52.290,True,-1.7571885960024993,1.7440917612933866,114.14582711099091,30
2025-08-09 18:06:53.292,True,-1.7761490272283897,1.739882419424465,113.83884873363847,-98
2025-08-09 18:06:54.294,True,-1.7761490272283897,1.739882419424465,113.83884873363847,-98
2025-08-09 18:06:55.296,True,-1.7761490272283897,1.739882419424465,113.83884873363847,-98
2025-08-09 18:06:56.298,True,-1.7761490272283897,1.739882419424465,113.83884873363847,-98
2025-08-09 18:06:57.301,True,-1.7761490272283897,1.739882419424465,113.83884873363847,30
2025-08-09 18:06:58.303,True,-1.7761490272283897,1.739882419424465,113.83884873363847,30
2025-08-09 18:06:59.305,True,-1.7761490272283897,1.739882419424465,113.83884873363847,30
2025-08-09 18:07:00.307,True,-1.7761490272283897,1.739882419424465,113.83884873363847,-98
2025-08-09 18:07:01.310,True,-1.7761490272283897,1.739882419424465,113.83884873363847,-98
2025-08-09 18:07:02.312,True,-1.7761490272283897,1.739882419424465,113.83884873363847,-98
2025-08-09 18:07:03.314,True,-1.7761490272283897,1.739882419424465,113.83884873363847,-98
2025-08-09 18:07:04.316,True,-1.7761490272283897,1.739882419424465,113.83884873363847,-98
2025-08-09 18:07:05.318,True,-1.7761490272283897,1.739882419424465,113.83884873363847,30
2025-08-09 18:07:06.320,True,-1.7761490272283897,1.739882419424465,113.83884873363847,30
2025-08-09 18:07:07.323,True,-1.7761490272283897,1.739882419424465,113.83884873363847,30
2025-08-09 18:07:08.325,True,-1.7761490272283897,1.739882419424465,113.83884873363847,-98
2025-08-09 18:07:09.327,True,-1.7761490272283897,1.739882419424465,113.83884873363847,-98
2025-08-09 18:07:10.330,True,-1.7761490272283897,1.739882419424465,113.83884873363847,-98
2025-08-09 18:07:11.333,True,-1.7761490272283897,1.739882419424465,113.83884873363847,30
2025-08-09 18:07:12.335,True,-1.7761490272283897,1.739882419424465,113.83884873363847,30
2025-08-09 18:07:13.337,True,-1.7761490272283897,1.739882419424465,113.83884873363847,30
2025-08-09 18:07:14.340,True,-1.7761490272283897,1.739882419424465,113.83884873363847,-98
2025-08-09 18:07:15.343,True,-1.74122959669424,1.7375620749870537,113.83889173602154,-98
2025-08-09 18:07:16.345,True,-1.7509154006309007,1.7396078046109311,113.83887700820634,-98
2025-08-09 18:07:17.348,True,-1.7509154006309007,1.7396078046109311,113.83887700820634,30
2025-08-09 18:07:18.350,True,-1.7509154006309007,1.7396078046109311,113.83887700820634,-98
2025-08-09 18:07:19.352,True,-1.7509154006309007,1.7396078046109311,113.83887700820634,30
2025-08-09 18:07:20.355,True,-1.7509154006309007,1.7396078046109311,113.83887700820634,30
2025-08-09 18:07:21.357,True,-1.7509154006309007,1.7396078046109311,113.83887700820634,30
2025-08-09 18:07:22.359,True,-1.7509154006309007,1.7396078046109311,113.83887700820634,-98
2025-08-09 18:07:23.361,True,-1.7509154006309007,1.7396078046109311,113.83887700820634,30
2025-08-09 18:07:24.363,True,-1.7509154006309007,1.7396078046109311,113.83887700820634,-98
2025-08-09 18:07:25.365,True,-1.7509154006309007,1.7396078046109311,113.83887700820634,30
2025-08-09 18:07:26.367,True,-1.7509154006309007,1.7396078046109311,113.83887700820634,30
2025-08-09 18:07:27.370,True,-1.7509154006309007,1.7396078046109311,113.83887700820634,30
2025-08-09 18:07:28.374,True,-1.7509154006309007,1.7396078046109311,113.83887700820634,-98
2025-08-09 18:07:29.378,True,-1.7509154006309007,1.7396078046109311,113.83887700820634,-98
2025-08-09 18:07:30.380,True,-1.7509154006309007,1.7396078046109311,113.83887700820634,-98
2025-08-09 18:07:31.381,True,-1.7509154006309007,1.7396078046109311,113.83887700820634,-98
2025-08-09 18:07:32.383,True,-1.7509154006309007,1.7396078046109311,113.83887700820634,-98
2025-08-09 18:07:33.385,True,-1.7509154006309007,1.7396078046109311,113.83887700820634,-113
2025-08-09 18:07:34.387,True,-1.7509154006309007,1.7396078046109311,113.83887700820634,-98
2025-08-09 18:07:35.389,True,-1.7509154006309007,1.7396078046109311,113.83887700820634,30
2025-08-09 18:07:36.391,True,-1.7509154006309007,1.7396078046109311,113.83887700820634,-98
2025-08-09 18:07:37.393,True,-1.7509154006309007,1.7396078046109311,113.83887700820634,-98
2025-08-09 18:07:38.395,True,-1.7509154006309007,1.7396078046109311,113.83887700820634,30
2025-08-09 18:07:39.398,True,-1.7509154006309007,1.7396078046109311,113.83887700820634,-98
2025-08-09 18:07:40.400,True,-1.7509154006309007,1.7396078046109311,113.83887700820634,-98
2025-08-09 18:07:41.401,True,-1.7509154006309007,1.7396078046109311,113.83887700820634,-98
2025-08-09 18:07:42.403,True,-1.7509154006309007,1.7396078046109311,113.83887700820634,30
2025-08-09 18:07:43.405,True,-1.7509154006309007,1.7396078046109311,113.83887700820634,30
2025-08-09 18:07:44.408,True,-1.7509154006309007,1.7396078046109311,113.83887700820634,30
2025-08-09 18:07:45.410,True,-1.7509154006309007,1.7396078046109311,113.83887700820634,-98
2025-08-09 18:07:46.412,True,-1.7509154006309007,1.7396078046109311,113.83887700820634,-98
2025-08-09 18:07:47.413,True,-1.7509154006309007,1.7396078046109311,113.83887700820634,-98
2025-08-09 18:07:48.415,True,-1.7509154006309007,1.7396078046109311,113.83887700820634,-98
2025-08-09 18:07:49.417,True,-1.7509154006309007,1.7396078046109311,113.83887700820634,30
2025-08-09 18:07:50.421,True,-1.7509154006309007,1.7396078046109311,113.83887700820634,-98
2025-08-09 18:07:51.423,True,-1.7509154006309007,1.7396078046109311,113.83887700820634,-98
2025-08-09 18:07:52.425,True,-1.7509154006309007,1.7396078046109311,113.83887700820634,30
2025-08-09 18:07:53.427,True,-1.7509154006309007,1.7396078046109311,113.83887700820634,30
2025-08-09 18:07:54.429,True,-1.7509154006309007,1.7396078046109311,113.83887700820634,-98
2025-08-09 18:07:55.431,True,-1.7509154006309007,1.7396078046109311,113.83887700820634,30
2025-08-09 18:07:56.433,True,-1.7509154006309007,1.7396078046109311,113.83887700820634,30
2025-08-09 18:07:57.435,True,-1.7509154006309007,1.7396078046109311,113.83887700820634,30
2025-08-09 18:07:58.437,True,-1.7509154006309007,1.7396078046109311,113.83887700820634,-98
2025-08-09 18:07:59.440,True,-1.7509154006309007,1.7396078046109311,113.83887700820634,-98
2025-08-09 18:08:00.441,True,-1.7509154006309007,1.7396078046109311,113.83887700820634,-98
2025-08-09 18:08:01.589,True,-1.7509154006309007,1.7396078046109311,113.83887700820634,30
2025-08-09 18:08:02.590,True,-1.7320640022804175,1.7436531453815531,114.14585867047155,30
2025-08-09 18:08:03.594,True,-1.7509154006309007,1.7396078046109311,113.83887700820634,30
2025-08-09 18:08:04.596,True,-1.7509154006309007,1.7396078046109311,113.83887700820634,-98
2025-08-09 18:08:05.599,True,-1.7509154006309007,1.7396078046109311,113.83887700820634,-98
2025-08-09 18:08:06.601,True,-1.7509154006309007,1.7396078046109311,113.83887700820634,30
2025-08-09 18:08:07.603,True,-1.7509154006309007,1.7396078046109311,113.83887700820634,-98
2025-08-09 18:08:08.605,True,-1.7509154006309007,1.7396078046109311,113.83887700820634,-98
2025-08-09 18:08:09.609,True,-1.7509154006309007,1.7396078046109311,113.83887700820634,30
2025-08-09 18:08:10.612,True,-1.7509154006309007,1.7396078046109311,113.83887700820634,30
2025-08-09 18:08:11.614,True,-1.7509154006309007,1.7396078046109311,113.83887700820634,-98
2025-08-09 18:08:12.617,True,-1.7509154006309007,1.7396078046109311,113.83887700820634,-98
2025-08-09 18:08:13.619,True,-1.7509154006309007,1.7396078046109311,113.83887700820634,-98
2025-08-09 18:08:14.621,True,-1.7509154006309007,1.7396078046109311,113.83887700820634,-98
2025-08-09 18:08:15.626,True,-1.7509154006309007,1.7396078046109311,113.83887700820634,30
2025-08-09 18:08:16.628,True,-1.7509154006309007,1.7396078046109311,113.83887700820634,30
2025-08-09 18:08:17.631,True,-1.7509154006309007,1.7396078046109311,113.83887700820634,30
2025-08-09 18:08:18.633,True,-1.7509154006309007,1.7396078046109311,113.83887700820634,-98
2025-08-09 18:08:19.635,True,-1.7509154006309007,1.7396078046109311,113.83887700820634,-98
2025-08-09 18:08:20.637,True,-1.7509154006309007,1.7396078046109311,113.83887700820634,30
2025-08-09 18:08:21.639,True,-1.7509154006309007,1.7396078046109311,113.83887700820634,30
2025-08-09 18:08:22.641,True,-1.7509154006309007,1.7396078046109311,113.83887700820634,30
2025-08-09 18:08:23.643,True,-1.7509154006309007,1.7396078046109311,113.83887700820634,30
2025-08-09 18:08:24.647,True,-1.7509154006309007,1.7396078046109311,113.83887700820634,30
2025-08-09 18:08:25.649,True,-1.7509154006309007,1.7396078046109311,113.83887700820634,-98
2025-08-09 18:08:26.651,True,-1.7509154006309007,1.7396078046109311,113.83887700820634,-98
2025-08-09 18:08:27.653,True,-1.7509154006309007,1.7396078046109311,113.83887700820634,30
2025-08-09 18:08:28.655,True,-1.7509154006309007,1.7396078046109311,113.83887700820634,30
2025-08-09 18:08:29.657,True,-1.7509154006309007,1.7396078046109311,113.83887700820634,30
2025-08-09 18:08:30.660,True,-1.7320640022804175,1.7436531453815531,114.14585867047155,30
2025-08-09 18:08:31.662,True,-1.7509154006309007,1.7396078046109311,113.83887700820634,30
2025-08-09 18:08:32.666,True,-1.7509154006309007,1.7396078046109311,113.83887700820634,-98
2025-08-09 18:08:33.668,True,-1.7509154006309007,1.7396078046109311,113.83887700820634,30
2025-08-09 18:08:34.669,True,-1.7509154006309007,1.7396078046109311,113.83887700820634,30
2025-08-09 18:08:35.672,True,-1.7509154006309007,1.7396078046109311,113.83887700820634,-98
2025-08-09 18:08:36.674,True,-1.7509154006309007,1.7396078046109311,113.83887700820634,30
2025-08-09 18:08:37.676,True,-1.7509154006309007,1.7396078046109311,113.83887700820634,30
2025-08-09 18:08:38.678,True,-1.7509154006309007,1.7396078046109311,113.83887700820634,30
2025-08-09 18:08:39.680,True,-1.7509154006309007,1.7396078046109311,113.83887700820634,-98
2025-08-09 18:08:40.682,True,-1.7509154006309007,1.7396078046109311,113.83887700820634,-98
2025-08-09 18:08:41.684,True,-1.7509154006309007,1.7396078046109311,113.83887700820634,-98
2025-08-09 18:08:42.686,True,-1.7488777133196487,1.7492872535649964,113.83886653311383,-98
2025-08-09 18:08:43.688,True,-1.7488777133196487,1.7492872535649964,113.83886653311383,-98
2025-08-09 18:08:44.690,True,-1.7488777133196487,1.7492872535649964,113.83886653311383,30
2025-08-09 18:08:45.692,True,-1.7488777133196487,1.7492872535649964,113.83886653311383,30
2025-08-09 18:08:46.694,True,-1.7488777133196487,1.7492872535649964,113.83886653311383,30
2025-08-09 18:08:47.696,True,-1.7488777133196487,1.7492872535649964,113.83886653311383,-98
2025-08-09 18:08:48.698,True,-1.7488777133196487,1.7492872535649964,113.83886653311383,-98
2025-08-09 18:08:49.699,True,-1.7488777133196487,1.7492872535649964,113.83886653311383,-98
2025-08-09 18:08:50.702,True,-1.7488777133196487,1.7492872535649964,113.83886653311383,30
2025-08-09 18:08:51.704,True,-1.7299715551246984,1.7532779480667042,114.14584878249754,30
2025-08-09 18:08:52.706,True,-1.7488777133196487,1.7492872535649964,113.83886653311383,30
2025-08-09 18:08:53.709,True,-1.7488777133196487,1.7492872535649964,113.83886653311383,30
2025-08-09 18:08:54.711,True,-1.7488777133196487,1.7492872535649964,113.83886653311383,-113
2025-08-09 18:08:55.713,True,-1.7488777133196487,1.7492872535649964,113.83886653311383,-98
2025-08-09 18:08:56.715,True,-1.7488777133196487,1.7492872535649964,113.83886653311383,30
2025-08-09 18:08:57.716,True,-1.7488777133196487,1.7492872535649964,113.83886653311383,-98
2025-08-09 18:08:58.718,True,-1.7488777133196487,1.7492872535649964,113.83886653311383,-98
2025-08-09 18:08:59.720,True,-1.7488777133196487,1.7492872535649964,113.83886653311383,-98
2025-08-09 18:09:00.722,True,-1.7488777133196487,1.7492872535649964,113.83886653311383,-98
2025-08-09 18:09:01.725,True,-1.7488777133196487,1.7492872535649964,113.83886653311383,30
2025-08-09 18:09:02.727,True,-1.7488777133196487,1.7492872535649964,113.83886653311383,-98
2025-08-09 18:09:03.730,True,-1.7488777133196487,1.7492872535649964,113.83886653311383,30
2025-08-09 18:09:04.732,True,-1.7488777133196487,1.7492872535649964,113.83886653311383,30
2025-08-09 18:09:05.734,True,-1.7488777133196487,1.7492872535649964,113.83886653311383,-98
2025-08-09 18:09:06.736,True,-1.7488777133196487,1.7492872535649964,113.83886653311383,-98
2025-08-09 18:09:07.738,True,-1.7488777133196487,1.7492872535649964,113.83886653311383,-98
2025-08-09 18:09:08.740,True,-1.7488777133196487,1.7492872535649964,113.83886653311383,-98
2025-08-09 18:09:09.742,True,-1.7488777133196487,1.7492872535649964,113.83886653311383,30
2025-08-09 18:09:10.744,True,-1.7488777133196487,1.7492872535649964,113.83886653311383,30
2025-08-09 18:09:11.746,True,-1.7488777133196487,1.7492872535649964,113.83886653311383,-113
2025-08-09 18:09:12.749,True,-1.7488777133196487,1.7492872535649964,113.83886653311383,-98
2025-08-09 18:09:13.752,True,-1.7488777133196487,1.7492872535649964,113.83886653311383,-98
2025-08-09 18:09:14.754,True,-1.7488777133196487,1.7492872535649964,113.83886653311383,-98
2025-08-09 18:09:15.756,True,-1.7506642297994977,1.7648293995808535,113.8388447557231,30
2025-08-09 18:09:16.758,True,-1.7506642297994977,1.7648293995808535,113.8388447557231,30
2025-08-09 18:09:17.760,True,-1.7506642297994977,1.7648293995808535,113.8388447557231,-98
2025-08-09 18:09:18.762,True,-1.7506642297994977,1.7648293995808535,113.8388447557231,30
2025-08-09 18:09:19.764,True,-1.7506642297994977,1.7648293995808535,113.8388447557231,-98
2025-08-09 18:09:20.766,True,-1.7506642297994977,1.7648293995808535,113.8388447557231,-98
2025-08-09 18:09:21.768,True,-1.7506642297994977,1.7648293995808535,113.8388447557231,-98
2025-08-09 18:09:22.770,True,-1.7316486461119076,1.7687654597666695,114.14582730534072,30
2025-08-09 18:09:23.773,True,-1.7316486461119076,1.7687654597666695,114.14582730534072,30
2025-08-09 18:09:24.776,True,-1.7506642297994977,1.7648293995808535,113.8388447557231,-98
2025-08-09 18:09:25.779,True,-1.7506642297994977,1.7648293995808535,113.8388447557231,-98
2025-08-09 18:09:26.781,True,-1.7506642297994977,1.7648293995808535,113.8388447557231,30
2025-08-09 18:09:27.783,True,-1.7506642297994977,1.7648293995808535,113.8388447557231,-98
2025-08-09 18:09:28.785,True,-1.7506642297994977,1.7648293995808535,113.8388447557231,-98
2025-08-09 18:09:29.787,True,-1.7506642297994977,1.7648293995808535,113.8388447557231,30
2025-08-09 18:09:30.790,True,3.137172828404189,2.7767237091362476,-99.36193277611645,30
2025-08-09 18:09:31.793,True,-1.7506642297994977,1.7648293995808535,113.8388447557231,-98
2025-08-09 18:09:32.796,True,-1.7506642297994977,1.7648293995808535,113.8388447557231,30
2025-08-09 18:09:33.798,True,-1.7506642297994977,1.7648293995808535,113.8388447557231,30
2025-08-09 18:09:34.800,True,-1.7506642297994977,1.7648293995808535,113.8388447557231,-98
2025-08-09 18:09:35.803,True,-1.7506642297994977,1.7648293995808535,113.8388447557231,30
2025-08-09 18:09:36.805,True,-1.7506642297994977,1.7648293995808535,113.8388447557231,-98
2025-08-09 18:09:37.807,True,-1.7506642297994977,1.7648293995808535,113.8388447557231,-98
2025-08-09 18:09:38.809,True,-1.7506642297994977,1.7648293995808535,113.8388447557231,-98
2025-08-09 18:09:39.811,True,-1.7506642297994977,1.7648293995808535,113.8388447557231,-98
2025-08-09 18:09:40.814,True,-1.7506642297994977,1.7648293995808535,113.8388447557231,30
2025-08-09 18:09:41.816,True,-1.7316486461119076,1.7687654597666695,114.14582730534072,30
2025-08-09 18:09:42.819,True,-1.7506642297994977,1.7648293995808535,113.8388447557231,30
2025-08-09 18:09:43.822,True,-1.7506642297994977,1.7648293995808535,113.8388447557231,-98
2025-08-09 18:09:44.827,True,-1.7506642297994977,1.7648293995808535,113.8388447557231,30
2025-08-09 18:09:45.830,True,-1.7506642297994977,1.7648293995808535,113.8388447557231,30
2025-08-09 18:09:46.833,True,-1.7506642297994977,1.7648293995808535,113.8388447557231,-98
2025-08-09 18:09:47.835,True,-1.7506642297994977,1.7648293995808535,113.8388447557231,30
2025-08-09 18:09:48.839,True,-1.7506642297994977,1.7648293995808535,113.8388447557231,30
2025-08-09 18:09:49.841,True,-1.7506642297994977,1.7648293995808535,113.8388447557231,30
2025-08-09 18:09:50.844,True,-1.7506642297994977,1.7648293995808535,113.8388447557231,30
2025-08-09 18:09:51.846,True,-1.7506642297994977,1.7648293995808535,113.8388447557231,30
2025-08-09 18:09:52.848,True,-1.7506642297994977,1.7648293995808535,113.8388447557231,30
2025-08-09 18:09:53.850,True,-1.7506642297994977,1.7648293995808535,113.8388447557231,-98
2025-08-09 18:09:54.853,True,-1.7506642297994977,1.7648293995808535,113.8388447557231,30
                                                                                                                                                                                                                                                                                                                                                                                                                                                                                                                                                                                                                                                                                                                                                                                                                                                                                                                                                                                                                                                                                                                                                                                                                                                                                                                                                                                                                                                                                                                                                                                                                                                                                                                                                                                                                                                                                  2025-08-09 18:09:55.716,True,0.0,0.0,0.0,0.0
2025-08-09 18:09:56.751,True,-1.7631400209868446,1.6994038551836326,-0.026152345392452175,-99
2025-08-09 18:09:57.753,True,-1.7631400209868446,1.6994038551836326,-0.026152345392452175,-99
2025-08-09 18:09:58.756,True,-1.7631400209868446,1.6994038551836326,-0.026152345392452175,-99
2025-08-09 18:09:59.758,True,-1.7631400209868446,1.6994038551836326,-0.026152345392452175,-99
2025-08-09 18:10:00.760,True,-1.7631400209868446,1.6994038551836326,-0.026152345392452175,-99
2025-08-09 18:10:01.764,True,-1.7631400209868446,1.6994038551836326,-0.026152345392452175,-98
2025-08-09 18:10:02.767,True,-1.7631400209868446,1.6994038551836326,-0.026152345392452175,-98
2025-08-09 18:10:03.770,True,-1.7631400209868446,1.6994038551836326,-0.026152345392452175,-98
2025-08-09 18:10:04.771,True,-1.7631400209868446,1.6994038551836326,-0.026152345392452175,-98
2025-08-09 18:10:05.773,True,-1.7631400209868446,1.6994038551836326,-0.026152345392452175,30
2025-08-09 18:10:06.775,True,-1.7631400209868446,1.6994038551836326,-0.026152345392452175,-98
2025-08-09 18:10:07.776,True,-1.7631400209868446,1.6994038551836326,-0.026152345392452175,-98
2025-08-09 18:10:15.701,True,-1.7631400209868446,1.6994038551836326,-0.026152345392452175,-98
2025-08-09 18:10:16.703,True,-1.7631400209868446,1.6994038551836326,-0.026152345392452175,30
2025-08-09 18:10:17.705,True,-1.7631400209868446,1.6994038551836326,-0.026152345392452175,30
2025-08-09 18:10:18.707,True,-1.7631400209868446,1.6994038551836326,-0.026152345392452175,30
2025-08-09 18:10:19.709,True,-1.7631400209868446,1.6994038551836326,-0.026152345392452175,30
2025-08-09 18:11:11.345,True,-1.7631400209868446,1.6994038551836326,-0.026152345392452175,30
2025-08-09 18:11:12.348,True,-1.7631400209868446,1.6994038551836326,-0.026152345392452175,30
2025-08-09 18:11:13.353,True,-1.7631400209868446,1.6994038551836326,-0.026152345392452175,-98
2025-08-09 18:11:14.356,True,-1.7631400209868446,1.6994038551836326,-0.026152345392452175,-98
2025-08-09 18:11:15.363,True,-1.7631400209868446,1.6994038551836326,-0.026152345392452175,-98
2025-08-09 18:11:16.918,True,-1.7631400209868446,1.6994038551836326,-0.026152345392452175,-98
2025-08-09 18:11:17.920,True,-1.7631400209868446,1.6994038551836326,-0.026152345392452175,-98
2025-08-09 18:11:19.715,True,-1.7701517037639232,1.713394871993815,-0.02647241687198575,-98
2025-08-09 18:11:21.312,True,-1.7701517037639232,1.713394871993815,-0.02647241687198575,30
2025-08-09 18:11:22.749,True,-1.7701843557011625,1.748372862966522,-0.02701316854895867,30
2025-08-09 18:11:25.889,True,-1.7701843557011625,1.748372862966522,-0.02701316854895867,30
2025-08-09 18:11:26.892,True,-1.7701843557011625,1.748372862966522,-0.02701316854895867,-98
2025-08-09 18:11:27.895,True,-1.7701843557011625,1.748372862966522,-0.02701316854895867,30
2025-08-09 18:11:28.897,True,-1.7701843557011625,1.748372862966522,-0.02701316854895867,30
2025-08-09 18:11:30.225,True,-1.7701843557011625,1.748372862966522,-0.02701316854895867,-98
2025-08-09 18:11:32.037,True,-1.7701843557011625,1.748372862966522,-0.02701316854895867,30
2025-08-09 18:11:33.425,True,-1.7701843557011625,1.748372862966522,-0.02701316854895867,-98
2025-08-09 18:11:34.660,True,-1.7701843557011625,1.748372862966522,-0.02701316854895867,-98
2025-08-09 18:11:35.959,True,-1.7701843557011625,1.748372862966522,-0.02701316854895867,30
2025-08-09 18:11:36.962,True,-1.7701843557011625,1.748372862966522,-0.02701316854895867,30
2025-08-09 18:11:37.965,True,-1.7701843557011625,1.748372862966522,-0.02701316854895867,-98
2025-08-09 18:11:38.969,True,-1.7701843557011625,1.748372862966522,-0.02701316854895867,-98
2025-08-09 18:11:39.974,True,-1.7701843557011625,1.748372862966522,-0.02701316854895867,-98
2025-08-09 18:11:40.977,True,-1.7701843557011625,1.748372862966522,-0.02701316854895867,-98
2025-08-09 18:11:41.980,True,-1.7701843557011625,1.748372862966522,-0.02701316854895867,30
2025-08-09 18:11:42.983,True,-1.7701843557011625,1.748372862966522,-0.02701316854895867,30
2025-08-09 18:11:44.193,True,-1.7701843557011625,1.748372862966522,-0.02701316854895867,30
2025-08-09 18:11:45.224,True,-1.7701843557011625,1.748372862966522,-0.02701316854895867,-98
2025-08-09 18:11:46.230,True,-1.7701843557011625,1.748372862966522,-0.02701316854895867,-98
2025-08-09 18:11:47.233,True,-1.7701843557011625,1.748372862966522,-0.02701316854895867,-98
2025-08-09 18:11:48.235,True,-1.7701843557011625,1.748372862966522,-0.02701316854895867,30
2025-08-09 18:11:49.239,True,-1.7701843557011625,1.748372862966522,-0.02701316854895867,30
2025-08-09 18:11:50.247,True,-1.7701843557011625,1.748372862966522,-0.02701316854895867,30
2025-08-09 18:11:51.249,True,-1.7701843557011625,1.748372862966522,-0.02701316854895867,30
2025-08-09 18:11:52.251,True,-1.7702109530781591,1.7763557244209025,-0.02744579161809963,-98
2025-08-09 18:11:53.408,True,-1.7702109530781591,1.7763557244209025,-0.02744579161809963,-98
2025-08-09 18:11:54.410,True,-1.7702109530781591,1.7763557244209025,-0.02744579161809963,-98
2025-08-09 18:11:59.877,True,-1.7702109530781591,1.7763557244209025,-0.02744579161809963,-98
2025-08-09 18:12:00.881,True,-1.7702109530781591,1.7763557244209025,-0.02744579161809963,30
2025-08-09 18:12:01.884,True,-1.7702109530781591,1.7763557244209025,-0.02744579161809963,-98
2025-08-09 18:12:02.886,True,-1.7702109530781591,1.7763557244209025,-0.02744579161809963,30
2025-08-09 18:12:03.890,True,-1.7702109530781591,1.7763557244209025,-0.02744579161809963,-98
2025-08-09 18:12:04.895,True,-1.7702109530781591,1.7763557244209025,-0.02744579161809963,-98
2025-08-09 18:12:05.897,True,-1.7702109530781591,1.7763557244209025,-0.02744579161809963,30
2025-08-09 18:12:06.901,True,-1.7702109530781591,1.7763557244209025,-0.02744579161809963,30
2025-08-09 18:12:13.177,True,-1.7702109530781591,1.7763557244209025,-0.02744579161809963,-98
2025-08-09 18:12:14.178,True,-1.7702109530781591,1.7763557244209025,-0.02744579161809963,30
2025-08-09 18:12:15.248,True,-1.7702109530781591,1.7763557244209025,-0.02744579161809963,-98
2025-08-09 18:12:16.250,True,-1.7702109530781591,1.7763557244209025,-0.02744579161809963,30
2025-08-09 18:12:18.207,True,-1.7702109530781591,1.7763557244209025,-0.02744579161809963,-98
2025-08-09 18:12:19.211,True,-1.7702109530781591,1.7763557244209025,-0.02744579161809963,-98
2025-08-09 18:12:20.215,True,-1.7702109530781591,1.7763557244209025,-0.02744579161809963,-98
2025-08-09 18:12:21.217,True,-1.7702109530781591,1.7763557244209025,-0.02744579161809963,-98
2025-08-09 18:12:22.221,True,-1.7702109530781591,1.7763557244209025,-0.02744579161809963,30
2025-08-09 18:12:23.223,True,-1.7701976015172138,1.7623642411305276,-0.027229477646722806,-98
2025-08-09 18:12:24.226,True,-1.7701976015172138,1.7623642411305276,-0.027229477646722806,-98
2025-08-09 18:12:25.228,True,-1.7701976015172138,1.7623642411305276,-0.027229477646722806,-98
2025-08-09 18:12:26.230,True,-1.7701976015172138,1.7623642411305276,-0.027229477646722806,-98
2025-08-09 18:12:27.232,True,-1.7701976015172138,1.7623642411305276,-0.027229477646722806,-98
2025-08-09 18:12:28.239,True,-1.7701976015172138,1.7623642411305276,-0.027229477646722806,-98
2025-08-09 18:12:29.244,True,-1.7701976015172138,1.7623642411305276,-0.027229477646722806,30
2025-08-09 18:12:32.751,True,-1.7701976015172138,1.7623642411305276,-0.027229477646722806,-98
2025-08-09 18:12:34.507,True,-1.7701976015172138,1.7623642411305276,-0.027229477646722806,30
2025-08-09 18:12:36.475,True,-1.7701976015172138,1.7623642411305276,-0.027229477646722806,-98
2025-08-09 18:12:37.481,True,-1.7701976015172138,1.7623642411305276,-0.027229477646722806,-98
2025-08-09 18:12:39.260,True,-1.7701976015172138,1.7623642411305276,-0.027229477646722806,30
2025-08-09 18:12:42.855,True,-1.7701976015172138,1.7623642411305276,-0.027229477646722806,-98
2025-08-09 18:12:43.984,True,-1.7701976015172138,1.7623642411305276,-0.027229477646722806,-98
2025-08-09 18:12:45.867,True,-1.7701976015172138,1.7623642411305276,-0.027229477646722806,30
2025-08-09 18:12:46.869,True,-1.7701976015172138,1.7623642411305276,-0.027229477646722806,-98
2025-08-09 18:12:47.873,True,-1.7701976015172138,1.7623642411305276,-0.027229477646722806,30
2025-08-09 18:12:48.877,True,-1.7701976015172138,1.7623642411305276,-0.027229477646722806,30
2025-08-09 18:12:49.879,True,-1.7701976015172138,1.7623642411305276,-0.027229477646722806,30
2025-08-09 18:12:50.897,True,-1.7701976015172138,1.7623642411305276,-0.027229477646722806,-98
2025-08-09 18:12:51.901,True,-1.7701976015172138,1.7623642411305276,-0.027229477646722806,30
2025-08-09 18:12:53.039,True,-1.7701976015172138,1.7623642411305276,-0.027229477646722806,30
2025-08-09 18:12:54.042,True,-1.7701976015172138,1.7623642411305276,-0.027229477646722806,-98
2025-08-09 18:12:55.048,True,-1.7701976015172138,1.7623642411305276,-0.027229477646722806,-98
2025-08-09 18:12:56.050,True,-1.7701976015172138,1.7623642411305276,-0.027229477646722806,30
2025-08-09 18:12:57.056,True,150.01581153456047,1.7623642411305276,3.4951306514391316,-98
2025-08-09 18:12:58.058,True,-1.7701976015172138,1.7623642411305276,-0.027229477646722806,-98
2025-08-09 18:12:59.060,True,-1.7701976015172138,1.7623642411305276,-0.027229477646722806,-98
2025-08-09 18:13:00.063,True,-1.7701976015172138,1.7623642411305276,-0.027229477646722806,30
2025-08-09 18:13:01.066,True,-1.7701976015172138,1.7623642411305276,-0.027229477646722806,30
2025-08-09 18:13:02.071,True,-1.7701976015172138,1.7623642411305276,-0.027229477646722806,30
2025-08-09 18:13:03.074,True,-1.7701976015172138,1.7623642411305276,-0.027229477646722806,30
2025-08-09 18:13:04.076,True,-1.7701976015172138,1.7623642411305276,-0.027229477646722806,30
2025-08-09 18:13:05.078,True,-1.7701976015172138,1.7623642411305276,-0.027229477646722806,30
2025-08-09 18:13:06.079,True,-1.7701976015172138,1.7623642411305276,-0.027229477646722806,-98
2025-08-09 18:13:07.082,True,-1.7701976015172138,1.7623642411305276,-0.027229477646722806,30
2025-08-09 18:13:08.085,True,-1.7701976015172138,1.7623642411305276,-0.027229477646722806,-98
2025-08-09 18:13:09.088,True,-1.7701976015172138,1.7623642411305276,-0.027229477646722806,-98
2025-08-09 18:13:10.090,True,-1.7701976015172138,1.7623642411305276,-0.027229477646722806,30
2025-08-09 18:13:11.093,True,-1.7701976015172138,1.7623642411305276,-0.027229477646722806,30
2025-08-09 18:13:12.095,True,-1.7701976015172138,1.7623642411305276,-0.027229477646722806,-98
2025-08-09 18:13:13.097,True,-1.7701976015172138,1.7623642411305276,-0.027229477646722806,30
2025-08-09 18:13:14.103,True,-1.7701976015172138,1.7623642411305276,-0.027229477646722806,30
2025-08-09 18:13:15.106,True,-1.7701976015172138,1.7623642411305276,-0.027229477646722806,30
2025-08-09 18:13:16.111,True,-1.7701976015172138,1.7623642411305276,-0.027229477646722806,30
2025-08-09 18:13:17.115,True,-1.7701976015172138,1.7623642411305276,-0.027229477646722806,30
2025-08-09 18:13:18.116,True,-1.7701976015172138,1.7623642411305276,-0.027229477646722806,30
2025-08-09 18:13:19.118,True,-1.7702244103887779,1.7903473136743815,-0.027662110501892087,-98
2025-08-09 18:13:20.120,True,-1.7702244103887779,1.7903473136743815,-0.027662110501892087,30
2025-08-09 18:13:21.123,True,-1.7702244103887779,1.7903473136743815,-0.027662110501892087,30
2025-08-09 18:13:22.125,True,-1.7702244103887779,1.7903473136743815,-0.027662110501892087,30
2025-08-09 18:13:23.127,True,-1.7702244103887779,1.7903473136743815,-0.027662110501892087,30
2025-08-09 18:13:24.129,True,-1.7702244103887779,1.7903473136743815,-0.027662110501892087,30
2025-08-09 18:13:25.813,True,-1.7702244103887779,1.7903473136743815,-0.027662110501892087,-98
2025-08-09 18:13:26.815,True,-1.7702244103887779,1.7903473136743815,-0.027662110501892087,30
2025-08-09 18:13:27.819,True,-1.7702244103887779,1.7903473136743815,-0.027662110501892087,-98
2025-08-09 18:13:28.822,True,-1.7702244103887779,1.7903473136743815,-0.027662110501892087,30
2025-08-09 18:13:29.826,True,-1.7702244103887779,1.7903473136743815,-0.027662110501892087,30
2025-08-09 18:13:30.828,True,-1.7702244103887779,1.7903473136743815,-0.027662110501892087,30
2025-08-09 18:13:31.835,True,-1.7702244103887779,1.7903473136743815,-0.027662110501892087,-98
2025-08-09 18:13:32.837,True,-1.7702244103887779,1.7903473136743815,-0.027662110501892087,30
2025-08-09 18:13:33.840,True,-1.7702244103887779,1.7903473136743815,-0.027662110501892087,30
2025-08-09 18:13:34.843,True,-1.7702244103887779,1.7903473136743815,-0.027662110501892087,-98
2025-08-09 18:13:35.844,True,-1.7702244103887779,1.7903473136743815,-0.027662110501892087,-98
2025-08-09 18:13:36.846,True,-1.7702244103887779,1.7903473136743815,-0.027662110501892087,-98
2025-08-09 18:13:37.848,True,-1.7702244103887779,1.7903473136743815,-0.027662110501892087,-98
2025-08-09 18:13:38.854,True,-1.7702244103887779,1.7903473136743815,-0.027662110501892087,-98
2025-08-09 18:13:39.857,True,-1.7702244103887779,1.7903473136743815,-0.027662110501892087,30
2025-08-09 18:13:40.861,True,-1.7702379734538876,1.8043390097277554,-0.02787843433690605,30
2025-08-09 18:13:41.870,True,-1.7702379734538876,1.8043390097277554,-0.02787843433690605,-98
2025-08-09 18:13:42.872,True,-1.7702379734538876,1.8043390097277554,-0.02787843433690605,-98
2025-08-09 18:13:43.875,True,-1.7702379734538876,1.8043390097277554,-0.02787843433690605,-98
2025-08-09 18:13:44.877,True,-1.7702379734538876,1.8043390097277554,-0.02787843433690605,30
2025-08-09 18:13:45.879,True,-1.7702379734538876,1.8043390097277554,-0.02787843433690605,30
2025-08-09 18:13:46.949,True,-1.7702379734538876,1.8043390097277554,-0.02787843433690605,-98
2025-08-09 18:13:47.950,True,-1.7702379734538876,1.8043390097277554,-0.02787843433690605,-98
2025-08-09 18:13:48.952,True,-1.7702379734538876,1.8043390097277554,-0.02787843433690605,-98
2025-08-09 18:13:49.955,True,-1.7702379734538876,1.8043390097277554,-0.02787843433690605,30
2025-08-09 18:13:50.956,True,-1.7702379734538876,1.8043390097277554,-0.02787843433690605,30
2025-08-09 18:13:51.959,True,-1.7702379734538876,1.8043390097277554,-0.02787843433690605,30
2025-08-09 18:13:52.962,True,-1.7702379734538876,1.8043390097277554,-0.02787843433690605,-98
2025-08-09 18:13:53.964,True,-1.7702379734538876,1.8043390097277554,-0.02787843433690605,-98
2025-08-09 18:13:54.966,True,-1.7702379734538876,1.8043390097277554,-0.02787843433690605,-98
2025-08-09 18:13:55.968,True,-1.7702379734538876,1.8043390097277554,-0.02787843433690605,30
2025-08-09 18:13:56.971,True,-1.7702379734538876,1.8043390097277554,-0.02787843433690605,30
2025-08-09 18:13:57.974,True,-1.7702379734538876,1.8043390097277554,-0.02787843433690605,30
2025-08-09 18:13:58.976,True,-1.7702379734538876,1.8043390097277554,-0.02787843433690605,30
2025-08-09 18:13:59.978,True,-1.7702379734538876,1.8043390097277554,-0.02787843433690605,-98
2025-08-09 18:14:00.983,True,-1.7702311787017189,1.7973431482987798,-0.027770271798070897,-98
2025-08-09 18:14:01.986,True,-1.7702311787017189,1.7973431482987798,-0.027770271798070897,30
2025-08-09 18:14:02.987,True,-1.7702311787017189,1.7973431482987798,-0.027770271798070897,-98
2025-08-09 18:14:03.989,True,-1.7702379734538876,1.8043390097277554,-0.02787843433690605,30
2025-08-09 18:14:04.992,True,-1.7702379734538876,1.8043390097277554,-0.02787843433690605,30
2025-08-09 18:14:05.993,True,-1.7702379734538876,1.8043390097277554,-0.02787843433690605,-98
2025-08-09 18:14:06.995,True,-1.7702379734538876,1.8043390097277554,-0.02787843433690605,-98
2025-08-09 18:14:07.997,True,-1.7702379734538876,1.8043390097277554,-0.02787843433690605,-98
2025-08-09 18:14:08.999,True,-1.7702379734538876,1.8043390097277554,-0.02787843433690605,30
2025-08-09 18:14:10.005,True,-1.770265416867039,1.8323227255816399,-0.028311097015836787,30
2025-08-09 18:14:11.007,True,-1.770265416867039,1.8323227255816399,-0.028311097015836787,30
2025-08-09 18:14:12.009,True,-1.770265416867039,1.8323227255816399,-0.028311097015836787,30
2025-08-09 18:14:13.012,True,-1.7713672332365549,2.7280690751731775,-0.04216870221053479,-98
2025-08-09 18:14:14.014,True,-1.770265416867039,1.8323227255816399,-0.028311097015836787,-98
2025-08-09 18:14:15.015,True,-1.770265416867039,1.8323227255816399,-0.028311097015836787,-98
2025-08-09 18:14:16.017,True,-1.770265416867039,1.8323227255816399,-0.028311097015836787,-98
2025-08-09 18:14:17.019,True,-1.770265416867039,1.8323227255816399,-0.028311097015836787,-98
2025-08-09 18:14:18.025,True,-1.770265416867039,1.8323227255816399,-0.028311097015836787,30
2025-08-09 18:14:19.031,True,-1.770265416867039,1.8323227255816399,-0.028311097015836787,30
2025-08-09 18:14:20.034,True,-1.770265416867039,1.8323227255816399,-0.028311097015836787,30
2025-08-09 18:14:21.037,True,-1.770265416867039,1.8323227255816399,-0.028311097015836787,30
2025-08-09 18:14:22.039,True,-1.770265416867039,1.8323227255816399,-0.028311097015836787,-98
2025-08-09 18:14:23.040,True,-1.770265416867039,1.8323227255816399,-0.028311097015836787,30
2025-08-09 18:14:24.043,True,-1.770265416867039,1.8323227255816399,-0.028311097015836787,-98
2025-08-09 18:14:25.045,True,-1.770265416867039,1.8323227255816399,-0.028311097015836787,30
2025-08-09 18:14:26.048,True,-1.770265416867039,1.8323227255816399,-0.028311097015836787,30
2025-08-09 18:14:27.051,True,-1.770265416867039,1.8323227255816399,-0.028311097015836787,-98
2025-08-09 18:14:28.052,True,-1.770265416867039,1.8323227255816399,-0.028311097015836787,-98
2025-08-09 18:14:29.054,True,1.7711294648202442,-1.8332179383255665,-0.028311097015836787,30
2025-08-09 18:14:30.056,True,-1.770265416867039,1.8323227255816399,-0.028311097015836787,-98
2025-08-09 18:14:31.058,True,-1.770265416867039,1.8323227255816399,-0.028311097015836787,-98
2025-08-09 18:14:32.062,True,-1.770265416867039,1.8323227255816399,-0.028311097015836787,30
2025-08-09 18:14:33.069,True,-1.770265416867039,1.8323227255816399,-0.028311097015836787,30
2025-08-09 18:14:35.506,True,-1.770265416867039,1.8323227255816399,-0.028311097015836787,30
2025-08-09 18:14:36.509,True,-1.770265416867039,1.8323227255816399,-0.028311097015836787,30
2025-08-09 18:14:37.512,True,-1.770265416867039,1.8323227255816399,-0.028311097015836787,-98
2025-08-09 18:14:38.514,True,-1.770265416867039,1.8323227255816399,-0.028311097015836787,-98
2025-08-09 18:14:39.518,True,-1.770265416867039,1.8323227255816399,-0.028311097015836787,30
2025-08-09 18:14:40.523,True,-1.770265416867039,1.8323227255816399,-0.028311097015836787,30
2025-08-09 18:14:41.526,True,-1.770265416867039,1.8323227255816399,-0.028311097015836787,30
2025-08-09 18:14:42.529,True,-1.777264750610734,1.8323227255816399,-0.028422998566746887,-98
2025-08-09 18:14:43.531,True,-1.777264750610734,1.8323227255816399,-0.028422998566746887,-98
2025-08-09 18:14:44.533,True,-1.777264750610734,1.8323227255816399,-0.028422998566746887,30
2025-08-09 18:14:45.537,True,-1.777264750610734,1.8323227255816399,-0.028422998566746887,30
2025-08-09 18:14:46.540,True,-1.777264750610734,1.8323227255816399,-0.028422998566746887,30
2025-08-09 18:14:47.542,True,-1.777264750610734,1.8323227255816399,-0.028422998566746887,30
2025-08-09 18:14:48.545,True,-1.777264750610734,1.8323227255816399,-0.028422998566746887,-98
2025-08-09 18:14:49.547,True,-1.777264750610734,1.8323227255816399,-0.028422998566746887,30
2025-08-09 18:14:50.550,True,-1.777264750610734,1.8323227255816399,-0.028422998566746887,-98
2025-08-09 18:14:51.552,True,-1.777264750610734,1.8323227255816399,-0.028422998566746887,-98
2025-08-09 18:14:52.555,True,-1.777264750610734,1.8323227255816399,-0.028422998566746887,30
2025-08-09 18:14:53.558,True,-1.777264750610734,1.8323227255816399,-0.028422998566746887,30
2025-08-09 18:14:54.561,True,-1.777264750610734,1.8323227255816399,-0.028422998566746887,30
2025-08-09 18:14:55.568,True,-1.777264750610734,1.8323227255816399,-0.028422998566746887,30
2025-08-09 18:14:56.569,True,-1.777264750610734,1.8323227255816399,-0.028422998566746887,-98
2025-08-09 18:14:57.571,True,-1.777264750610734,1.8323227255816399,-0.028422998566746887,-98
2025-08-09 18:14:58.573,True,-1.777264750610734,1.8323227255816399,-0.028422998566746887,-98
2025-08-09 18:14:59.576,True,150.0149651191104,1.8323227255816399,3.6334892159025114,-98
2025-08-09 18:15:00.579,True,-1.777264750610734,1.8323227255816399,-0.028422998566746887,30
2025-08-09 18:15:01.582,True,-1.777264750610734,1.8323227255816399,-0.028422998566746887,30
2025-08-09 18:15:02.586,True,-1.777264750610734,1.8323227255816399,-0.028422998566746887,-98
2025-08-09 18:15:03.588,True,-1.777264750610734,1.8323227255816399,-0.028422998566746887,-98
2025-08-09 18:15:04.590,True,-1.777264750610734,1.8323227255816399,-0.028422998566746887,-98
2025-08-09 18:15:05.593,True,-1.777264750610734,1.8323227255816399,-0.028422998566746887,30
2025-08-09 18:15:06.597,True,-1.777264750610734,1.8323227255816399,-0.028422998566746887,-98
2025-08-09 18:15:07.600,True,-1.777264750610734,1.8323227255816399,-0.028422998566746887,30
2025-08-09 18:15:08.603,True,-1.777264750610734,1.8323227255816399,-0.028422998566746887,30
2025-08-09 18:15:09.606,True,-1.777264750610734,1.8323227255816399,-0.028422998566746887,-98
2025-08-09 18:15:10.608,True,-1.777264750610734,1.8323227255816399,-0.028422998566746887,-98
2025-08-09 18:15:11.610,True,-1.777264750610734,1.8323227255816399,-0.028422998566746887,-98
2025-08-09 18:15:12.613,True,-1.777264750610734,1.8323227255816399,-0.028422998566746887,-98
2025-08-09 18:15:13.615,True,-1.777264750610734,1.8323227255816399,-0.028422998566746887,-98
2025-08-09 18:15:14.619,True,-1.777264750610734,1.8323227255816399,-0.028422998566746887,30
2025-08-09 18:15:15.622,True,-1.777264750610734,1.8323227255816399,-0.028422998566746887,30
2025-08-09 18:15:16.625,True,-1.777264750610734,1.8323227255816399,-0.028422998566746887,-98
2025-08-09 18:15:17.631,True,-1.777264750610734,1.8323227255816399,-0.028422998566746887,30
2025-08-09 18:15:18.633,True,-1.777264750610734,1.8323227255816399,-0.028422998566746887,30
2025-08-09 18:15:19.635,True,-1.777264750610734,1.8323227255816399,-0.028422998566746887,-98
2025-08-09 18:15:20.637,True,-1.777264750610734,1.8323227255816399,-0.028422998566746887,-98
2025-08-09 18:15:21.639,True,-1.777264750610734,1.8323227255816399,-0.028422998566746887,30
2025-08-09 18:15:22.642,True,-1.777264750610734,1.8323227255816399,-0.028422998566746887,30
2025-08-09 18:15:23.645,True,-1.777264750610734,1.8323227255816399,-0.028422998566746887,30
2025-08-09 18:15:24.648,True,-1.777264750610734,1.8323227255816399,-0.028422998566746887,-98
2025-08-09 18:15:25.650,True,-1.777264750610734,1.8323227255816399,-0.028422998566746887,30
2025-08-09 18:15:26.655,True,-1.777264750610734,1.8323227255816399,-0.028422998566746887,-98
2025-08-09 18:15:27.656,True,-1.777264750610734,1.8323227255816399,-0.028422998566746887,30
2025-08-09 18:15:28.658,True,-1.777264750610734,1.8323227255816399,-0.028422998566746887,30
2025-08-09 18:15:29.661,True,-1.777264750610734,1.8323227255816399,-0.028422998566746887,30
2025-08-09 18:15:30.664,True,-1.777264750610734,1.8323227255816399,-0.028422998566746887,30
2025-08-09 18:15:31.666,True,-1.777264750610734,1.8323227255816399,-0.028422998566746887,30
2025-08-09 18:15:32.669,True,-1.777264750610734,1.8323227255816399,-0.028422998566746887,-98
2025-08-09 18:15:33.671,True,-1.777264750610734,1.8323227255816399,-0.028422998566746887,-98
2025-08-09 18:15:34.674,True,-1.777264750610734,1.8323227255816399,-0.028422998566746887,-98
2025-08-09 18:15:35.676,True,-1.777264750610734,1.8323227255816399,-0.028422998566746887,-98
2025-08-09 18:15:36.679,True,-1.777264750610734,1.8323227255816399,-0.028422998566746887,30
2025-08-09 18:15:37.682,True,-1.777264750610734,1.8323227255816399,-0.028422998566746887,30
2025-08-09 18:15:38.686,True,-1.777264750610734,1.8323227255816399,-0.028422998566746887,-98
2025-08-09 18:15:39.688,True,-1.777264750610734,1.8323227255816399,-0.028422998566746887,-98
2025-08-09 18:15:40.691,True,-1.777264750610734,1.8323227255816399,-0.028422998566746887,30
2025-08-09 18:15:41.694,True,-1.777264750610734,1.8323227255816399,-0.028422998566746887,-98
2025-08-09 18:15:42.696,True,-1.777264750610734,1.8323227255816399,-0.028422998566746887,30
2025-08-09 18:15:43.699,True,-1.777264750610734,1.8323227255816399,-0.028422998566746887,30
2025-08-09 18:15:44.702,True,-1.777264750610734,1.8323227255816399,-0.028422998566746887,30
2025-08-09 18:15:45.705,True,-1.777264750610734,1.8323227255816399,-0.028422998566746887,30
2025-08-09 18:15:46.707,True,-1.777264750610734,1.8323227255816399,-0.028422998566746887,-98
2025-08-09 18:15:47.710,True,-1.777264750610734,1.8323227255816399,-0.028422998566746887,-98
2025-08-09 18:15:48.713,True,-1.777264750610734,1.8323227255816399,-0.028422998566746887,-98
2025-08-09 18:15:49.716,True,-1.777264750610734,1.8323227255816399,-0.028422998566746887,-98
2025-08-09 18:15:50.719,True,-1.777264750610734,1.8323227255816399,-0.028422998566746887,-98
2025-08-09 18:15:51.722,True,-1.777264750610734,1.8323227255816399,-0.028422998566746887,30
2025-08-09 18:15:52.725,True,-1.777264750610734,1.8323227255816399,-0.028422998566746887,-98
2025-08-09 18:15:53.727,True,-1.777264750610734,1.8323227255816399,-0.028422998566746887,-98
2025-08-09 18:15:54.729,True,-1.777264750610734,1.8323227255816399,-0.028422998566746887,-98
2025-08-09 18:15:55.732,True,-1.777264750610734,1.8323227255816399,-0.028422998566746887,-98
2025-08-09 18:15:56.736,True,-1.777264750610734,1.8323227255816399,-0.028422998566746887,30
2025-08-09 18:15:57.738,True,-1.777264750610734,1.8323227255816399,-0.028422998566746887,30
2025-08-09 18:15:58.741,True,-1.777264750610734,1.8323227255816399,-0.028422998566746887,30
2025-08-09 18:15:59.745,True,-1.777264750610734,1.8323227255816399,-0.028422998566746887,-98
2025-08-09 18:16:00.747,True,-1.777264750610734,1.8323227255816399,-0.028422998566746887,30
2025-08-09 18:16:01.750,True,-1.777264750610734,1.8323227255816399,-0.028422998566746887,-98
2025-08-09 18:16:02.752,True,-1.777264750610734,1.8323227255816399,-0.028422998566746887,-98
2025-08-09 18:16:03.755,True,-1.777264750610734,1.8323227255816399,-0.028422998566746887,30
2025-08-09 18:16:04.757,True,-1.777264750610734,1.8323227255816399,-0.028422998566746887,30
2025-08-09 18:16:05.761,True,-1.777264750610734,1.8323227255816399,-0.028422998566746887,30
2025-08-09 18:16:06.763,True,-1.777264750610734,1.8323227255816399,-0.028422998566746887,-98
2025-08-09 18:16:07.765,True,1.7781322104867086,-1.8332179383255665,-0.028422998566746887,30
2025-08-09 18:16:08.768,True,-1.777264750610734,1.8323227255816399,-0.028422998566746887,-98
2025-08-09 18:16:09.771,True,-1.777264750610734,1.8323227255816399,-0.028422998566746887,-98
2025-08-09 18:16:10.774,True,-1.777264750610734,1.8323227255816399,-0.028422998566746887,30
2025-08-09 18:16:11.777,True,-1.777264750610734,1.8323227255816399,-0.028422998566746887,30
2025-08-09 18:16:12.780,True,-1.777264750610734,1.8323227255816399,-0.028422998566746887,30
2025-08-09 18:16:13.784,True,-1.777264750610734,1.8323227255816399,-0.028422998566746887,30
2025-08-09 18:16:14.786,True,-1.777264750610734,1.8323227255816399,-0.028422998566746887,-98
2025-08-09 18:16:15.788,True,-1.777264750610734,1.8323227255816399,-0.028422998566746887,-98
2025-08-09 18:16:16.791,True,-1.777264750610734,1.8323227255816399,-0.028422998566746887,-98
2025-08-09 18:16:17.794,True,-1.777264750610734,1.8323227255816399,-0.028422998566746887,30
2025-08-09 18:16:18.797,True,-1.777264750610734,1.8323227255816399,-0.028422998566746887,30
2025-08-09 18:16:19.801,True,-1.777264750610734,1.8323227255816399,-0.028422998566746887,30
2025-08-09 18:16:20.803,True,-1.777264750610734,1.8323227255816399,-0.028422998566746887,30
2025-08-09 18:16:21.806,True,-1.777264750610734,1.8323227255816399,-0.028422998566746887,-98
2025-08-09 18:16:22.808,True,-1.777264750610734,1.8323227255816399,-0.028422998566746887,-98
2025-08-09 18:16:23.810,True,-1.777264750610734,1.8323227255816399,-0.028422998566746887,-98
2025-08-09 18:16:24.812,True,-1.777264750610734,1.8323227255816399,-0.028422998566746887,-98
2025-08-09 18:16:25.814,True,-1.777264750610734,1.8323227255816399,-0.028422998566746887,30
2025-08-09 18:16:26.816,True,-1.777264750610734,1.8323227255816399,-0.028422998566746887,30
2025-08-09 18:16:27.819,True,-1.777264750610734,1.8323227255816399,-0.028422998566746887,-98
2025-08-09 18:16:28.820,True,-1.777264750610734,1.8323227255816399,-0.028422998566746887,-98
2025-08-09 18:16:29.822,True,-1.777264750610734,1.8323227255816399,-0.028422998566746887,30
2025-08-09 18:16:30.824,True,-1.777264750610734,1.8323227255816399,-0.028422998566746887,-98
2025-08-09 18:16:31.826,True,-1.777264750610734,1.8323227255816399,-0.028422998566746887,-98
2025-08-09 18:16:32.828,True,-1.777264750610734,1.8323227255816399,-0.028422998566746887,30
2025-08-09 18:16:33.831,True,-1.777264750610734,1.8323227255816399,-0.028422998566746887,30
2025-08-09 18:16:34.834,True,-1.777264750610734,1.8323227255816399,-0.028422998566746887,30
2025-08-09 18:16:35.836,True,-1.777264750610734,1.8323227255816399,-0.028422998566746887,30
2025-08-09 18:16:36.838,True,-1.777264750610734,1.8323227255816399,-0.028422998566746887,-98
2025-08-09 18:16:37.840,True,-1.777264750610734,1.8323227255816399,-0.028422998566746887,-98
2025-08-09 18:16:38.843,True,-1.777264750610734,1.8323227255816399,-0.028422998566746887,-98
2025-08-09 18:16:39.845,True,-1.777264750610734,1.8323227255816399,-0.028422998566746887,30
2025-08-09 18:16:40.848,True,-1.777264750610734,1.8323227255816399,-0.028422998566746887,30
2025-08-09 18:16:41.850,True,-1.777264750610734,1.8323227255816399,-0.028422998566746887,-98
2025-08-09 18:16:42.852,True,-1.777264750610734,1.8323227255816399,-0.028422998566746887,-98
2025-08-09 18:16:43.853,True,-1.777264750610734,1.8323227255816399,-0.028422998566746887,-98
2025-08-09 18:16:44.855,True,-1.777264750610734,1.8323227255816399,-0.028422998566746887,30
2025-08-09 18:16:45.857,True,-1.777264750610734,1.8323227255816399,-0.028422998566746887,-98
2025-08-09 18:16:46.859,True,-1.777264750610734,1.8323227255816399,-0.028422998566746887,-98
2025-08-09 18:16:47.861,True,-1.777264750610734,1.8323227255816399,-0.028422998566746887,30
2025-08-09 18:16:48.863,True,-1.777264750610734,1.8323227255816399,-0.028422998566746887,30
2025-08-09 18:16:49.865,True,-1.777264750610734,1.8323227255816399,-0.028422998566746887,-98
2025-08-09 18:16:50.867,True,-1.777264750610734,1.8323227255816399,-0.028422998566746887,-98
2025-08-09 18:16:51.869,True,-1.777264750610734,1.8323227255816399,-0.028422998566746887,30
2025-08-09 18:16:52.873,True,-1.777264750610734,1.8323227255816399,-0.028422998566746887,-98
2025-08-09 18:16:53.876,True,-1.777264750610734,1.8323227255816399,-0.028422998566746887,30
2025-08-09 18:16:54.878,True,-1.777264750610734,1.8323227255816399,-0.028422998566746887,-98
2025-08-09 18:16:55.881,True,-1.777264750610734,1.8323227255816399,-0.028422998566746887,30
2025-08-09 18:16:56.883,True,-1.777264750610734,1.8323227255816399,-0.028422998566746887,-98
2025-08-09 18:16:57.885,True,-1.777264750610734,1.8323227255816399,-0.028422998566746887,30
2025-08-09 18:16:58.888,True,-1.777264750610734,1.8323227255816399,-0.028422998566746887,-98
2025-08-09 18:16:59.891,True,-1.777264750610734,1.8323227255816399,-0.028422998566746887,30
2025-08-09 18:17:00.893,True,-1.777264750610734,1.8323227255816399,-0.028422998566746887,-98
2025-08-09 18:17:01.895,True,-1.777264750610734,1.8323227255816399,-0.028422998566746887,-98
2025-08-09 18:17:02.898,True,-1.777264750610734,1.8323227255816399,-0.028422998566746887,-98
2025-08-09 18:17:03.901,True,-1.777264750610734,1.8323227255816399,-0.028422998566746887,-98
2025-08-09 18:17:04.903,True,-1.777264750610734,1.8323227255816399,-0.028422998566746887,30
2025-08-09 18:17:05.905,True,-1.777264750610734,1.8323227255816399,-0.028422998566746887,-98
2025-08-09 18:17:06.907,True,-1.777264750610734,1.8323227255816399,-0.028422998566746887,30
2025-08-09 18:17:07.909,True,-1.777264750610734,1.8323227255816399,-0.028422998566746887,-98
2025-08-09 18:17:08.911,True,-1.777264750610734,1.8323227255816399,-0.028422998566746887,30
2025-08-09 18:17:09.914,True,-1.777264750610734,1.8323227255816399,-0.028422998566746887,30
2025-08-09 18:17:10.917,True,-1.777264750610734,1.8323227255816399,-0.028422998566746887,30
2025-08-09 18:17:11.919,True,-1.777264750610734,1.8323227255816399,-0.028422998566746887,30
2025-08-09 18:17:12.920,True,-1.777264750610734,1.8323227255816399,-0.028422998566746887,-98
2025-08-09 18:17:13.923,True,-1.777264750610734,1.8323227255816399,-0.028422998566746887,30
2025-08-09 18:17:14.927,True,-1.777264750610734,1.8323227255816399,-0.028422998566746887,-98
2025-08-09 18:17:15.929,True,-1.777264750610734,1.8323227255816399,-0.028422998566746887,30
2025-08-09 18:17:16.932,True,-1.777264750610734,1.8323227255816399,-0.028422998566746887,30
2025-08-09 18:17:17.934,True,-1.777264750610734,1.8323227255816399,-0.028422998566746887,30
2025-08-09 18:17:18.936,True,-1.777264750610734,1.8323227255816399,-0.028422998566746887,30
2025-08-09 18:17:19.939,True,-1.777264750610734,1.8323227255816399,-0.028422998566746887,30
2025-08-09 18:17:20.941,True,-1.777264750610734,1.8323227255816399,-0.028422998566746887,-98
2025-08-09 18:17:21.943,True,-1.777264750610734,1.8323227255816399,-0.028422998566746887,-98
2025-08-09 18:17:22.945,True,-1.777264750610734,1.8323227255816399,-0.028422998566746887,30
2025-08-09 18:17:23.947,True,-1.777264750610734,1.8323227255816399,-0.028422998566746887,30
2025-08-09 18:17:24.950,True,-1.777264750610734,1.8323227255816399,-0.028422998566746887,30
2025-08-09 18:17:25.952,True,-1.777264750610734,1.8323227255816399,-0.028422998566746887,-98
2025-08-09 18:17:26.954,True,-1.777264750610734,1.8323227255816399,-0.028422998566746887,30
2025-08-09 18:17:27.955,True,-1.777264750610734,1.8323227255816399,-0.028422998566746887,30
2025-08-09 18:17:28.958,True,-1.777264750610734,1.8323227255816399,-0.028422998566746887,-98
2025-08-09 18:17:29.960,True,-1.777264750610734,1.8323227255816399,-0.028422998566746887,30
2025-08-09 18:17:30.963,True,-1.777264750610734,1.8323227255816399,-0.028422998566746887,-98
2025-08-09 18:17:31.966,True,-1.777264750610734,1.8323227255816399,-0.028422998566746887,-98
2025-08-09 18:17:32.968,True,-1.777264750610734,1.8323227255816399,-0.028422998566746887,-98
2025-08-09 18:17:33.970,True,-1.777264750610734,1.8323227255816399,-0.028422998566746887,30
2025-08-09 18:17:34.972,True,-1.777264750610734,1.8323227255816399,-0.028422998566746887,30
2025-08-09 18:17:35.974,True,-1.777264750610734,1.8323227255816399,-0.028422998566746887,-98
2025-08-09 18:17:36.976,True,-1.777264750610734,1.8323227255816399,-0.028422998566746887,30
2025-08-09 18:17:37.979,True,-1.777264750610734,1.8323227255816399,-0.028422998566746887,30
2025-08-09 18:17:38.981,True,-1.777264750610734,1.8323227255816399,-0.028422998566746887,30
2025-08-09 18:17:39.983,True,-1.777264750610734,1.8323227255816399,-0.028422998566746887,30
2025-08-09 18:17:40.985,True,-1.777264750610734,1.8323227255816399,-0.028422998566746887,30
2025-08-09 18:17:41.986,True,-1.777264750610734,1.8323227255816399,-0.028422998566746887,-98
2025-08-09 18:17:42.989,True,-1.777264750610734,1.8323227255816399,-0.028422998566746887,-98
2025-08-09 18:17:43.992,True,-1.777264750610734,1.8323227255816399,-0.028422998566746887,30
2025-08-09 18:17:44.995,True,-1.777264750610734,1.8323227255816399,-0.028422998566746887,30
2025-08-09 18:17:46.000,True,-1.777264750610734,1.8323227255816399,-0.028422998566746887,30
2025-08-09 18:17:47.002,True,-1.777264750610734,1.8323227255816399,-0.028422998566746887,-98
2025-08-09 18:17:48.004,True,-1.777264750610734,1.8323227255816399,-0.028422998566746887,-98
2025-08-09 18:17:49.006,True,-1.777264750610734,1.8323227255816399,-0.028422998566746887,-98
2025-08-09 18:17:50.008,True,-1.777264750610734,1.8323227255816399,-0.028422998566746887,30
2025-08-09 18:17:51.010,True,-1.777264750610734,1.8323227255816399,-0.028422998566746887,30
2025-08-09 18:17:52.013,True,-1.777264750610734,1.8323227255816399,-0.028422998566746887,30
2025-08-09 18:17:53.015,True,-1.777264750610734,1.8323227255816399,-0.028422998566746887,-98
2025-08-09 18:17:54.017,True,-1.777264750610734,1.8323227255816399,-0.028422998566746887,30
2025-08-09 18:17:55.019,True,-1.777264750610734,1.8323227255816399,-0.028422998566746887,-98
2025-08-09 18:17:56.021,True,-1.777264750610734,1.8323227255816399,-0.028422998566746887,-98
2025-08-09 18:17:57.024,True,-1.777264750610734,1.8323227255816399,-0.028422998566746887,30
2025-08-09 18:17:58.026,True,-1.777264750610734,1.8323227255816399,-0.028422998566746887,30
2025-08-09 18:17:59.028,True,-1.777264750610734,1.8323227255816399,-0.028422998566746887,30
2025-08-09 18:18:00.031,True,-1.777264750610734,1.8323227255816399,-0.028422998566746887,30
2025-08-09 18:18:01.034,True,-1.777264750610734,1.8323227255816399,-0.028422998566746887,-98
2025-08-09 18:18:02.036,True,-1.777264750610734,1.8323227255816399,-0.028422998566746887,30
2025-08-09 18:18:03.038,True,-1.777264750610734,1.8323227255816399,-0.028422998566746887,-98
2025-08-09 18:18:04.040,True,-1.777264750610734,1.8323227255816399,-0.028422998566746887,-98
2025-08-09 18:18:05.042,True,-1.777264750610734,1.8323227255816399,-0.028422998566746887,-98
2025-08-09 18:18:06.044,True,-1.777264750610734,1.8323227255816399,-0.028422998566746887,30
2025-08-09 18:18:07.047,True,-1.777264750610734,1.8323227255816399,-0.028422998566746887,30
2025-08-09 18:18:08.050,True,-1.777264750610734,1.8323227255816399,-0.028422998566746887,30
2025-08-09 18:18:09.052,True,-1.777264750610734,1.8323227255816399,-0.028422998566746887,30
2025-08-09 18:18:10.054,True,150.0149651191104,1.8323227255816399,3.6334892159025114,-98
2025-08-09 18:18:11.056,True,-1.777264750610734,1.8323227255816399,-0.028422998566746887,30
2025-08-09 18:18:12.167,True,-1.777264750610734,1.8323227255816399,-0.028422998566746887,-98
2025-08-09 18:18:13.170,True,-1.777264750610734,1.8323227255816399,-0.028422998566746887,-98
2025-08-09 18:18:14.173,True,-1.777264750610734,1.8323227255816399,-0.028422998566746887,30
2025-08-09 18:18:15.175,True,-1.777264750610734,1.8323227255816399,-0.028422998566746887,-98
2025-08-09 18:18:16.176,True,-1.777264750610734,1.8323227255816399,-0.028422998566746887,30
2025-08-09 18:18:17.180,True,-1.777264750610734,1.8323227255816399,-0.028422998566746887,-98
2025-08-09 18:18:18.182,True,-1.777264750610734,1.8323227255816399,-0.028422998566746887,30
2025-08-09 18:18:19.185,True,-1.777264750610734,1.8323227255816399,-0.028422998566746887,30
2025-08-09 18:18:20.187,True,-1.777264750610734,1.8323227255816399,-0.028422998566746887,30
2025-08-09 18:18:21.189,True,-1.777264750610734,1.8323227255816399,-0.028422998566746887,30
2025-08-09 18:18:22.192,True,-1.777264750610734,1.8323227255816399,-0.028422998566746887,-98
2025-08-09 18:18:23.194,True,-1.777264750610734,1.8323227255816399,-0.028422998566746887,-98
2025-08-09 18:18:24.195,True,-1.777264750610734,1.8323227255816399,-0.028422998566746887,-98
2025-08-09 18:18:25.197,True,-1.777264750610734,1.8323227255816399,-0.028422998566746887,30
2025-08-09 18:18:26.199,True,-1.777264750610734,1.8323227255816399,-0.028422998566746887,30
2025-08-09 18:18:27.201,True,-1.777264750610734,1.8323227255816399,-0.028422998566746887,30
2025-08-09 18:18:28.203,True,-1.777264750610734,1.8323227255816399,-0.028422998566746887,30
2025-08-09 18:18:29.206,True,-1.777264750610734,1.8323227255816399,-0.028422998566746887,30
2025-08-09 18:18:30.207,True,-1.777264750610734,1.8323227255816399,-0.028422998566746887,-98
2025-08-09 18:18:31.209,True,-1.777264750610734,1.8323227255816399,-0.028422998566746887,30
2025-08-09 18:18:32.211,True,-1.777264750610734,1.8323227255816399,-0.028422998566746887,-98
2025-08-09 18:18:33.212,True,-1.777264750610734,1.8323227255816399,-0.028422998566746887,30
2025-08-09 18:18:34.215,True,-1.777264750610734,1.8323227255816399,-0.028422998566746887,30
2025-08-09 18:18:35.218,True,-1.777264750610734,1.8323227255816399,-0.028422998566746887,30
2025-08-09 18:18:36.220,True,-1.777264750610734,1.8323227255816399,-0.028422998566746887,-98
2025-08-09 18:18:37.222,True,-1.777264750610734,1.8323227255816399,-0.028422998566746887,-98
2025-08-09 18:18:38.224,True,-1.777264750610734,1.8323227255816399,-0.028422998566746887,-98
2025-08-09 18:18:39.227,True,-1.777264750610734,1.8323227255816399,-0.028422998566746887,-98
2025-08-09 18:18:40.229,True,-1.778370921978857,2.7280690751731775,-0.04233537686228357,-98
2025-08-09 18:18:41.231,True,-1.777264750610734,1.8323227255816399,-0.028422998566746887,30
2025-08-09 18:18:42.233,True,-1.777264750610734,1.8323227255816399,-0.028422998566746887,30
2025-08-09 18:18:43.235,True,-1.777264750610734,1.8323227255816399,-0.028422998566746887,-98
2025-08-09 18:18:44.236,True,-1.777264750610734,1.8323227255816399,-0.028422998566746887,30
2025-08-09 18:18:45.238,True,-1.777264750610734,1.8323227255816399,-0.028422998566746887,-98
2025-08-09 18:18:46.240,True,-1.777264750610734,1.8323227255816399,-0.028422998566746887,30
2025-08-09 18:18:47.243,True,-1.777264750610734,1.8323227255816399,-0.028422998566746887,30
2025-08-09 18:18:48.245,True,-1.777264750610734,1.8323227255816399,-0.028422998566746887,-98
2025-08-09 18:18:49.247,True,-1.777264750610734,1.8323227255816399,-0.028422998566746887,30
2025-08-09 18:18:50.250,True,-1.777264750610734,1.8323227255816399,-0.028422998566746887,-98
2025-08-09 18:18:51.252,True,-1.777264750610734,1.8323227255816399,-0.028422998566746887,30
2025-08-09 18:18:52.254,True,-1.777264750610734,1.8323227255816399,-0.028422998566746887,-98
2025-08-09 18:18:53.256,True,-1.777264750610734,1.8323227255816399,-0.028422998566746887,-98
2025-08-09 18:18:54.257,True,-1.777264750610734,1.8323227255816399,-0.028422998566746887,30
2025-08-09 18:18:55.259,True,-1.777264750610734,1.8323227255816399,-0.028422998566746887,30
2025-08-09 18:18:56.261,True,-1.777264750610734,1.8323227255816399,-0.028422998566746887,30
2025-08-09 18:18:57.263,True,-1.777264750610734,1.8323227255816399,-0.028422998566746887,-98
2025-08-09 18:18:58.265,True,-1.777264750610734,1.8323227255816399,-0.028422998566746887,-98
2025-08-09 18:18:59.267,True,-1.777264750610734,1.8323227255816399,-0.028422998566746887,30
2025-08-09 18:19:00.269,True,-1.777264750610734,1.8323227255816399,-0.028422998566746887,-98
2025-08-09 18:19:01.271,True,-1.777264750610734,1.8323227255816399,-0.028422998566746887,-98
2025-08-09 18:19:02.273,True,-1.777264750610734,1.8323227255816399,-0.028422998566746887,30
2025-08-09 18:19:03.275,True,-1.777264750610734,1.8323227255816399,-0.028422998566746887,30
2025-08-09 18:19:04.277,True,-1.777264750610734,1.8323227255816399,-0.028422998566746887,-98
2025-08-09 18:19:05.279,True,-1.777264750610734,1.8323227255816399,-0.028422998566746887,-98
2025-08-09 18:19:06.281,True,-1.777264750610734,1.8323227255816399,-0.028422998566746887,30
2025-08-09 18:19:07.283,True,-1.777264750610734,1.8323227255816399,-0.028422998566746887,-98
2025-08-09 18:19:08.285,True,-1.777264750610734,1.8323227255816399,-0.028422998566746887,30
2025-08-09 18:19:09.286,True,-1.777264750610734,1.8323227255816399,-0.028422998566746887,30
2025-08-09 18:19:10.288,True,-1.777264750610734,1.8323227255816399,-0.028422998566746887,30
2025-08-09 18:19:11.291,True,-1.777264750610734,1.8323227255816399,-0.028422998566746887,-98
2025-08-09 18:19:12.293,True,-1.777264750610734,1.8323227255816399,-0.028422998566746887,30
2025-08-09 18:19:13.295,True,-1.777264750610734,1.8323227255816399,-0.028422998566746887,-98
2025-08-09 18:19:14.299,True,-1.777264750610734,1.8323227255816399,-0.028422998566746887,-98
2025-08-09 18:19:15.302,True,-1.777264750610734,1.8323227255816399,-0.028422998566746887,30
2025-08-09 18:19:16.305,True,-1.777264750610734,1.8323227255816399,-0.028422998566746887,-98
2025-08-09 18:19:17.307,True,-1.777264750610734,1.8323227255816399,-0.028422998566746887,-98
2025-08-09 18:19:18.309,True,-1.777264750610734,1.8323227255816399,-0.028422998566746887,-98
2025-08-09 18:19:19.312,True,-1.777264750610734,1.8323227255816399,-0.028422998566746887,-98
2025-08-09 18:19:20.315,True,-1.777264750610734,1.8323227255816399,-0.028422998566746887,-98
2025-08-09 18:19:21.319,True,-1.777264750610734,1.8323227255816399,-0.028422998566746887,30
2025-08-09 18:19:22.324,True,-1.777264750610734,1.8323227255816399,-0.028422998566746887,-98
2025-08-09 18:19:23.326,True,-1.777264750610734,1.8323227255816399,-0.028422998566746887,30
2025-08-09 18:19:24.329,True,-1.777264750610734,1.8323227255816399,-0.028422998566746887,-98
2025-08-09 18:19:25.331,True,-1.777264750610734,1.8323227255816399,-0.028422998566746887,30
2025-08-09 18:19:26.334,True,-1.777264750610734,1.8323227255816399,-0.028422998566746887,30
2025-08-09 18:19:27.336,True,-1.777264750610734,1.8323227255816399,-0.028422998566746887,30
2025-08-09 18:19:28.339,True,-1.777264750610734,1.8323227255816399,-0.028422998566746887,-98
2025-08-09 18:19:29.342,True,-1.777264750610734,1.8323227255816399,-0.028422998566746887,30
2025-08-09 18:19:30.345,True,-1.777264750610734,1.8323227255816399,-0.028422998566746887,30
2025-08-09 18:19:31.347,True,-1.777264750610734,1.8323227255816399,-0.028422998566746887,-98
2025-08-09 18:19:32.458,True,-1.777264750610734,1.8323227255816399,-0.028422998566746887,30
2025-08-09 18:19:33.460,True,-1.777264750610734,1.8323227255816399,-0.028422998566746887,-98
2025-08-09 18:19:34.462,True,-1.777264750610734,1.8323227255816399,-0.028422998566746887,-98
2025-08-09 18:19:35.464,True,-1.777264750610734,1.8323227255816399,-0.028422998566746887,-98
2025-08-09 18:19:36.466,True,-1.777264750610734,1.8323227255816399,-0.028422998566746887,30
2025-08-09 18:19:37.468,True,-1.777264750610734,1.8323227255816399,-0.028422998566746887,-98
2025-08-09 18:19:38.470,True,-1.777264750610734,1.8323227255816399,-0.028422998566746887,30
2025-08-09 18:19:39.473,True,-1.777264750610734,1.8323227255816399,-0.028422998566746887,30
2025-08-09 18:19:40.475,True,-1.777264750610734,1.8323227255816399,-0.028422998566746887,-98
2025-08-09 18:19:41.477,True,-1.777264750610734,1.8323227255816399,-0.028422998566746887,30
2025-08-09 18:19:42.479,True,-1.777264750610734,1.8323227255816399,-0.028422998566746887,30
2025-08-09 18:19:43.481,True,-1.777264750610734,1.8323227255816399,-0.028422998566746887,-98
2025-08-09 18:19:44.483,True,-1.777264750610734,1.8323227255816399,-0.028422998566746887,30
2025-08-09 18:19:45.486,True,-1.777264750610734,1.8323227255816399,-0.028422998566746887,30
2025-08-09 18:19:46.489,True,-1.777264750610734,1.8323227255816399,-0.028422998566746887,30
2025-08-09 18:19:47.493,True,-1.777264750610734,1.8323227255816399,-0.028422998566746887,30
2025-08-09 18:19:48.496,True,-1.777264750610734,1.8323227255816399,-0.028422998566746887,-98
2025-08-09 18:19:49.498,True,-1.777264750610734,1.8323227255816399,-0.028422998566746887,-98
2025-08-09 18:19:50.501,True,-1.777264750610734,1.8323227255816399,-0.028422998566746887,-98
2025-08-09 18:19:51.504,True,-1.777264750610734,1.8323227255816399,-0.028422998566746887,30
2025-08-09 18:19:52.506,True,-1.777264750610734,1.8323227255816399,-0.028422998566746887,30
2025-08-09 18:19:53.509,True,-1.777264750610734,1.8323227255816399,-0.028422998566746887,30
2025-08-09 18:19:54.513,True,-1.777264750610734,1.8323227255816399,-0.028422998566746887,30
2025-08-09 18:19:55.515,True,-1.777264750610734,1.8323227255816399,-0.028422998566746887,-98
2025-08-09 18:19:56.518,True,-1.777264750610734,1.8323227255816399,-0.028422998566746887,30
2025-08-09 18:19:57.521,True,-1.777264750610734,1.8323227255816399,-0.028422998566746887,30
2025-08-09 18:19:58.523,True,-1.777264750610734,1.8323227255816399,-0.028422998566746887,30
2025-08-09 18:19:59.526,True,-1.777264750610734,1.8323227255816399,-0.028422998566746887,30
2025-08-09 18:20:00.530,True,-1.777264750610734,1.8323227255816399,-0.028422998566746887,30
2025-08-09 18:20:01.533,True,-1.777264750610734,1.8323227255816399,-0.028422998566746887,30
2025-08-09 18:20:02.535,True,-1.7772786858316216,1.8463147470560217,-0.028640192582418587,-98
2025-08-09 18:20:03.537,True,-1.7772786858316216,1.8463147470560217,-0.028640192582418587,-98
2025-08-09 18:20:04.541,True,-1.7772786858316216,1.8463147470560217,-0.028640192582418587,-98
2025-08-09 18:20:05.544,True,-1.7772786858316216,1.8463147470560217,-0.028640192582418587,-98
2025-08-09 18:20:06.547,True,-1.7772786858316216,1.8463147470560217,-0.028640192582418587,30
2025-08-09 18:20:07.551,True,-1.778391665228543,2.7420698364299834,-0.04255297769918702,30
2025-08-09 18:20:08.553,True,-1.7772786858316216,1.8463147470560217,-0.028640192582418587,30
2025-08-09 18:20:09.555,True,-1.7772786858316216,1.8463147470560217,-0.028640192582418587,-98
2025-08-09 18:20:10.556,True,-1.7772786858316216,1.8463147470560217,-0.028640192582418587,30
2025-08-09 18:20:11.558,True,-1.7772786858316216,1.8463147470560217,-0.028640192582418587,30
2025-08-09 18:20:12.560,True,-1.7772786858316216,1.8463147470560217,-0.028640192582418587,30
2025-08-09 18:20:13.563,True,-1.7772786858316216,1.8463147470560217,-0.028640192582418587,-98
2025-08-09 18:20:14.565,True,-1.7772786858316216,1.8463147470560217,-0.028640192582418587,-98
2025-08-09 18:20:15.568,True,-1.7772786858316216,1.8463147470560217,-0.028640192582418587,30
2025-08-09 18:20:16.571,True,-1.7772786858316216,1.8463147470560217,-0.028640192582418587,30
2025-08-09 18:20:17.573,True,-1.7772786858316216,1.8463147470560217,-0.028640192582418587,-98
2025-08-09 18:20:18.575,True,-1.7772786858316216,1.8463147470560217,-0.028640192582418587,30
2025-08-09 18:20:19.579,True,-1.7772786858316216,1.8463147470560217,-0.028640192582418587,30
2025-08-09 18:20:20.582,True,-1.7772786858316216,1.8463147470560217,-0.028640192582418587,-98
2025-08-09 18:20:21.584,True,-1.7772786858316216,1.8463147470560217,-0.028640192582418587,30
2025-08-09 18:20:22.586,True,-1.7772786858316216,1.8463147470560217,-0.028640192582418587,-98
2025-08-09 18:20:23.589,True,-1.7772786858316216,1.8463147470560217,-0.028640192582418587,-98
2025-08-09 18:20:24.592,True,-1.7772786858316216,1.8463147470560217,-0.028640192582418587,30
2025-08-09 18:20:25.594,True,-1.7772786858316216,1.8463147470560217,-0.028640192582418587,30
2025-08-09 18:20:26.597,True,-1.7772786858316216,1.8463147470560217,-0.028640192582418587,30
2025-08-09 18:20:27.600,True,-1.7772786858316216,1.8463147470560217,-0.028640192582418587,30
2025-08-09 18:20:28.602,True,-1.7772786858316216,1.8463147470560217,-0.028640192582418587,-98
2025-08-09 18:20:29.604,True,-1.7772786858316216,1.8463147470560217,-0.028640192582418587,-98
2025-08-09 18:20:30.607,True,-1.7772786858316216,1.8463147470560217,-0.028640192582418587,30
2025-08-09 18:20:31.610,True,-1.7772786858316216,1.8463147470560217,-0.028640192582418587,30
2025-08-09 18:20:32.612,True,-1.7772786858316216,1.8463147470560217,-0.028640192582418587,-98
2025-08-09 18:20:33.615,True,-1.7772786858316216,1.8463147470560217,-0.028640192582418587,-98
2025-08-09 18:20:34.617,True,-1.7772786858316216,1.8463147470560217,-0.028640192582418587,-98
2025-08-09 18:20:35.619,True,-1.7772786858316216,1.8463147470560217,-0.028640192582418587,30
2025-08-09 18:20:36.623,True,-1.7772786858316216,1.8463147470560217,-0.028640192582418587,-98
2025-08-09 18:20:37.626,True,-1.7772786858316216,1.8463147470560217,-0.028640192582418587,30
2025-08-09 18:20:38.628,True,-1.7772786858316216,1.8463147470560217,-0.028640192582418587,30
2025-08-09 18:20:39.631,True,-1.7772786858316216,1.8463147470560217,-0.028640192582418587,-98
2025-08-09 18:20:40.633,True,-1.7772786858316216,1.8463147470560217,-0.028640192582418587,-98
2025-08-09 18:20:41.636,True,-1.7772717049474631,1.8393187226026915,-0.02853159493618701,30
2025-08-09 18:20:42.639,True,-1.7772717049474631,1.8393187226026915,-0.02853159493618701,30
2025-08-09 18:20:43.640,True,-1.7772717049474631,1.8393187226026915,-0.02853159493618701,30
2025-08-09 18:20:44.643,True,-1.7772717049474631,1.8393187226026915,-0.02853159493618701,30
2025-08-09 18:20:45.647,True,-1.7772717049474631,1.8393187226026915,-0.02853159493618701,30
2025-08-09 18:20:46.649,True,-1.7772717049474631,1.8393187226026915,-0.02853159493618701,-98
2025-08-09 18:20:47.652,True,-1.7772717049474631,1.8393187226026915,-0.02853159493618701,30
2025-08-09 18:20:48.654,True,-1.7772717049474631,1.8393187226026915,-0.02853159493618701,-98
2025-08-09 18:20:49.656,True,-1.7772717049474631,1.8393187226026915,-0.02853159493618701,-98
2025-08-09 18:20:50.659,True,-1.7772717049474631,1.8393187226026915,-0.02853159493618701,-98
2025-08-09 18:20:51.661,True,-1.7772717049474631,1.8393187226026915,-0.02853159493618701,30
2025-08-09 18:20:52.685,True,-1.7772717049474631,1.8393187226026915,-0.02853159493618701,30
2025-08-09 18:20:53.687,True,-1.7772717049474631,1.8393187226026915,-0.02853159493618701,30
2025-08-09 18:20:54.689,True,-1.7772717049474631,1.8393187226026915,-0.02853159493618701,30
2025-08-09 18:20:55.691,True,-1.7772717049474631,1.8393187226026915,-0.02853159493618701,30
2025-08-09 18:20:56.693,True,-1.7772717049474631,1.8393187226026915,-0.02853159493618701,-98
2025-08-09 18:20:57.695,True,-1.7772717049474631,1.8393187226026915,-0.02853159493618701,-98
2025-08-09 18:20:58.697,True,-1.7772717049474631,1.8393187226026915,-0.02853159493618701,-98
2025-08-09 18:20:59.699,True,-1.7772717049474631,1.8393187226026915,-0.02853159493618701,-98
2025-08-09 18:21:00.701,True,-1.7772717049474631,1.8393187226026915,-0.02853159493618701,-98
2025-08-09 18:21:01.702,True,-1.7772717049474631,1.8393187226026915,-0.02853159493618701,30
2025-08-09 18:21:02.706,True,-1.7772717049474631,1.8393187226026915,-0.02853159493618701,-113
2025-08-09 18:21:03.709,True,-1.7772717049474631,1.8393187226026915,-0.02853159493618701,30
2025-08-09 18:21:04.711,True,-1.7772717049474631,1.8393187226026915,-0.02853159493618701,-98
2025-08-09 18:21:05.714,True,-1.7772717049474631,1.8393187226026915,-0.02853159493618701,-98
2025-08-09 18:21:06.716,True,-1.7772717049474631,1.8393187226026915,-0.02853159493618701,-98
2025-08-09 18:21:07.720,True,-1.7772717049474631,1.8393187226026915,-0.02853159493618701,30
2025-08-09 18:21:08.723,True,-1.7772786858316216,1.8463147470560217,-0.028640192582418587,-98
2025-08-09 18:21:09.725,True,-1.7772786858316216,1.8463147470560217,-0.028640192582418587,-98
2025-08-09 18:21:10.727,True,-1.7772786858316216,1.8463147470560217,-0.028640192582418587,30
2025-08-09 18:21:11.729,True,-1.7772786858316216,1.8463147470560217,-0.028640192582418587,-98
2025-08-09 18:21:12.732,True,-1.7772786858316216,1.8463147470560217,-0.028640192582418587,-98
2025-08-09 18:21:13.735,True,-1.7772786858316216,1.8463147470560217,-0.028640192582418587,30
2025-08-09 18:21:14.738,True,-1.7772786858316216,1.8463147470560217,-0.028640192582418587,-98
2025-08-09 18:21:15.741,True,-1.7772786858316216,1.8463147470560217,-0.028640192582418587,-98
2025-08-09 18:21:16.744,True,-1.7772786858316216,1.8463147470560217,-0.028640192582418587,-98
2025-08-09 18:21:17.747,True,-1.7772786858316216,1.8463147470560217,-0.028640192582418587,30
2025-08-09 18:21:18.750,True,-1.7772786858316216,1.8463147470560217,-0.028640192582418587,30
2025-08-09 18:21:19.752,True,-1.7772786858316216,1.8463147470560217,-0.028640192582418587,30
2025-08-09 18:21:20.758,True,-1.7772786858316216,1.8463147470560217,-0.028640192582418587,30
2025-08-09 18:21:21.761,True,-1.7772786858316216,1.8463147470560217,-0.028640192582418587,30
2025-08-09 18:21:22.763,True,-1.7772786858316216,1.8463147470560217,-0.028640192582418587,30
2025-08-09 18:21:23.766,True,-1.7772786858316216,1.8463147470560217,-0.028640192582418587,-98
2025-08-09 18:21:24.768,True,-1.7772786858316216,1.8463147470560217,-0.028640192582418587,-98
2025-08-09 18:21:25.771,True,-1.7772786858316216,1.8463147470560217,-0.028640192582418587,-98
2025-08-09 18:21:26.773,True,-1.7772786858316216,1.8463147470560217,-0.028640192582418587,30
2025-08-09 18:21:27.777,True,-1.7772786858316216,1.8463147470560217,-0.028640192582418587,30
2025-08-09 18:21:28.779,True,-1.7772786858316216,1.8463147470560217,-0.028640192582418587,30
2025-08-09 18:21:29.782,True,-1.7772786858316216,1.8463147470560217,-0.028640192582418587,-98
2025-08-09 18:21:30.785,True,-1.7772786858316216,1.8463147470560217,-0.028640192582418587,-98
2025-08-09 18:21:31.787,True,-1.7772786858316216,1.8463147470560217,-0.028640192582418587,-98
2025-08-09 18:21:32.790,True,-1.7772786858316216,1.8463147470560217,-0.028640192582418587,30
2025-08-09 18:21:33.792,True,-1.7772786858316216,1.8463147470560217,-0.028640192582418587,30
2025-08-09 18:21:34.794,True,-1.7772786858316216,1.8463147470560217,-0.028640192582418587,30
2025-08-09 18:21:35.798,True,-1.7772786858316216,1.8463147470560217,-0.028640192582418587,-98
2025-08-09 18:21:36.801,True,-1.7772786858316216,1.8463147470560217,-0.028640192582418587,-98
2025-08-09 18:21:37.803,True,-1.7772786858316216,1.8463147470560217,-0.028640192582418587,-98
2025-08-09 18:21:38.805,True,-1.7772786858316216,1.8463147470560217,-0.028640192582418587,-98
2025-08-09 18:21:39.808,True,-1.7772786858316216,1.8463147470560217,-0.028640192582418587,-98
2025-08-09 18:21:40.813,True,-1.7772786858316216,1.8463147470560217,-0.028640192582418587,30
2025-08-09 18:21:41.815,True,-1.7772786858316216,1.8463147470560217,-0.028640192582418587,30
2025-08-09 18:21:42.818,True,-1.7772786858316216,1.8463147470560217,-0.028640192582418587,-98
2025-08-09 18:21:43.821,True,-1.7772786858316216,1.8463147470560217,-0.028640192582418587,30
2025-08-09 18:21:44.823,True,-1.7772786858316216,1.8463147470560217,-0.028640192582418587,-98
2025-08-09 18:21:45.826,True,-1.7772786858316216,1.8463147470560217,-0.028640192582418587,-98
2025-08-09 18:21:46.828,True,-1.7772786858316216,1.8463147470560217,-0.028640192582418587,-98
2025-08-09 18:21:47.831,True,-1.7772786858316216,1.8463147470560217,-0.028640192582418587,-98
2025-08-09 18:21:48.835,True,-1.7772786858316216,1.8463147470560217,-0.028640192582418587,30
2025-08-09 18:21:49.838,True,-1.7772786858316216,1.8463147470560217,-0.028640192582418587,30
2025-08-09 18:21:50.841,True,-1.7772786858316216,1.8463147470560217,-0.028640192582418587,-98
2025-08-09 18:21:51.843,True,-1.7772786858316216,1.8463147470560217,-0.028640192582418587,30
2025-08-09 18:21:52.846,True,-1.7772786858316216,1.8463147470560217,-0.028640192582418587,-98
2025-08-09 18:21:53.848,True,-1.7772786858316216,1.8463147470560217,-0.028640192582418587,-98
2025-08-09 18:21:54.852,True,-1.7772786858316216,1.8463147470560217,-0.028640192582418587,-98
2025-08-09 18:21:55.855,True,-1.7772786858316216,1.8463147470560217,-0.028640192582418587,30
2025-08-09 18:21:56.858,True,-1.7772786858316216,1.8463147470560217,-0.028640192582418587,30
2025-08-09 18:21:57.861,True,-1.7772786858316216,1.8463147470560217,-0.028640192582418587,-98
2025-08-09 18:21:58.864,True,-1.7772786858316216,1.8463147470560217,-0.028640192582418587,-98
2025-08-09 18:21:59.866,True,-1.7772786858316216,1.8463147470560217,-0.028640192582418587,-98
2025-08-09 18:22:00.869,True,-1.7772786858316216,1.8463147470560217,-0.028640192582418587,-98
2025-08-09 18:22:01.871,True,-1.7772786858316216,1.8463147470560217,-0.028640192582418587,-98
2025-08-09 18:22:02.874,True,-1.7772786858316216,1.8463147470560217,-0.028640192582418587,30
2025-08-09 18:22:03.878,True,-1.7772786858316216,1.8463147470560217,-0.028640192582418587,30
2025-08-09 18:22:04.881,True,-1.7772786858316216,1.8463147470560217,-0.028640192582418587,-98
2025-08-09 18:22:05.882,True,-1.7772786858316216,1.8463147470560217,-0.028640192582418587,-98
2025-08-09 18:22:06.885,True,-1.7772786858316216,1.8463147470560217,-0.028640192582418587,-98
2025-08-09 18:22:07.888,True,-1.7772786858316216,1.8463147470560217,-0.028640192582418587,-98
2025-08-09 18:22:08.890,True,-1.7772786858316216,1.8463147470560217,-0.028640192582418587,-98
2025-08-09 18:22:09.894,True,-1.7772786858316216,1.8463147470560217,-0.028640192582418587,30
2025-08-09 18:22:10.898,True,-1.7772786858316216,1.8463147470560217,-0.028640192582418587,30
2025-08-09 18:22:11.901,True,-1.7772786858316216,1.8463147470560217,-0.028640192582418587,-98
2025-08-09 18:22:12.903,True,-1.7772786858316216,1.8463147470560217,-0.028640192582418587,30
2025-08-09 18:22:13.906,True,-1.7772786858316216,1.8463147470560217,-0.028640192582418587,-98
2025-08-09 18:22:14.909,True,-1.7772786858316216,1.8463147470560217,-0.028640192582418587,-98
2025-08-09 18:22:15.911,True,-1.7772786858316216,1.8463147470560217,-0.028640192582418587,-98
2025-08-09 18:22:16.915,True,-1.7772786858316216,1.8463147470560217,-0.028640192582418587,-98
2025-08-09 18:22:17.919,True,-1.7772717049474631,1.8393187226026915,-0.02853159493618701,30
2025-08-09 18:22:18.921,True,-1.777264750610734,1.8323227255816399,-0.028422998566746887,30
2025-08-09 18:22:19.924,True,-1.777264750610734,1.8323227255816399,-0.028422998566746887,-98
2025-08-09 18:22:20.926,True,-1.777264750610734,1.8323227255816399,-0.028422998566746887,30
2025-08-09 18:22:21.929,True,-1.777264750610734,1.8323227255816399,-0.028422998566746887,-98
2025-08-09 18:22:22.933,True,-1.777264750610734,1.8323227255816399,-0.028422998566746887,-98
2025-08-09 18:22:23.936,True,-1.777264750610734,1.8323227255816399,-0.028422998566746887,30
2025-08-09 18:22:24.940,True,-1.777264750610734,1.8323227255816399,-0.028422998566746887,30
2025-08-09 18:22:25.943,True,-1.777264750610734,1.8323227255816399,-0.028422998566746887,-98
2025-08-09 18:22:26.945,True,-1.777264750610734,1.8323227255816399,-0.028422998566746887,-98
2025-08-09 18:22:27.948,True,-1.777264750610734,1.8323227255816399,-0.028422998566746887,30
2025-08-09 18:22:28.950,True,-1.777264750610734,1.8323227255816399,-0.028422998566746887,30
2025-08-09 18:22:29.953,True,-1.777264750610734,1.8323227255816399,-0.028422998566746887,-98
2025-08-09 18:22:30.955,True,-1.777264750610734,1.8323227255816399,-0.028422998566746887,30
2025-08-09 18:22:31.959,True,-1.777264750610734,1.8323227255816399,-0.028422998566746887,30
2025-08-09 18:22:32.963,True,-1.777264750610734,1.8323227255816399,-0.028422998566746887,-98
2025-08-09 18:22:33.965,True,-1.777264750610734,1.8323227255816399,-0.028422998566746887,-98
2025-08-09 18:22:34.967,True,-1.777264750610734,1.8323227255816399,-0.028422998566746887,-98
2025-08-09 18:22:35.971,True,-1.777264750610734,1.8323227255816399,-0.028422998566746887,-98
2025-08-09 18:22:36.974,True,-1.777264750610734,1.8323227255816399,-0.028422998566746887,-98
2025-08-09 18:22:37.976,True,-1.777264750610734,1.8323227255816399,-0.028422998566746887,30
2025-08-09 18:22:38.980,True,150.0149651191104,1.8323227255816399,3.6334892159025114,30
2025-08-09 18:22:39.983,True,-1.777264750610734,1.8323227255816399,-0.028422998566746887,30
2025-08-09 18:22:40.985,True,-1.777264750610734,1.8323227255816399,-0.028422998566746887,-98
2025-08-09 18:22:41.988,True,-1.777264750610734,1.8323227255816399,-0.028422998566746887,30
2025-08-09 18:22:42.990,True,-1.777264750610734,1.8323227255816399,-0.028422998566746887,30
2025-08-09 18:22:43.992,True,-1.777264750610734,1.8323227255816399,-0.028422998566746887,30
2025-08-09 18:22:44.996,True,-1.777264750610734,1.8323227255816399,-0.028422998566746887,30
2025-08-09 18:22:45.998,True,-1.777264750610734,1.8323227255816399,-0.028422998566746887,-98
2025-08-09 18:22:47.002,True,-1.777264750610734,1.8323227255816399,-0.028422998566746887,30
2025-08-09 18:22:48.005,True,-1.777264750610734,1.8323227255816399,-0.028422998566746887,30
2025-08-09 18:22:49.007,True,-1.777264750610734,1.8323227255816399,-0.028422998566746887,-98
2025-08-09 18:22:50.010,True,-1.777264750610734,1.8323227255816399,-0.028422998566746887,-98
2025-08-09 18:22:51.012,True,-1.777264750610734,1.8323227255816399,-0.028422998566746887,-98
2025-08-09 18:22:52.014,True,-1.777264750610734,1.8323227255816399,-0.028422998566746887,30
2025-08-09 18:22:53.019,True,-1.777264750610734,1.8323227255816399,-0.028422998566746887,30
2025-08-09 18:22:54.023,True,-1.777264750610734,1.8323227255816399,-0.028422998566746887,-98
2025-08-09 18:22:55.026,True,-1.777264750610734,1.8323227255816399,-0.028422998566746887,-98
2025-08-09 18:22:56.028,True,-1.777264750610734,1.8323227255816399,-0.028422998566746887,-98
2025-08-09 18:22:57.030,True,-1.777264750610734,1.8323227255816399,-0.028422998566746887,30
2025-08-09 18:22:58.033,True,-1.777264750610734,1.8323227255816399,-0.028422998566746887,-98
2025-08-09 18:22:59.036,True,-1.777264750610734,1.8323227255816399,-0.028422998566746887,30
2025-08-09 18:23:00.039,True,-1.777264750610734,1.8323227255816399,-0.028422998566746887,30
2025-08-09 18:23:01.041,True,-1.777264750610734,1.8323227255816399,-0.028422998566746887,-98
2025-08-09 18:23:02.043,True,-1.777264750610734,1.8323227255816399,-0.028422998566746887,30
2025-08-09 18:23:03.045,True,-1.777264750610734,1.8323227255816399,-0.028422998566746887,-98
2025-08-09 18:23:04.048,True,-1.777264750610734,1.8323227255816399,-0.028422998566746887,30
2025-08-09 18:23:05.053,True,-1.777264750610734,1.8323227255816399,-0.028422998566746887,-98
2025-08-09 18:23:06.055,True,-1.777264750610734,1.8323227255816399,-0.028422998566746887,-98
2025-08-09 18:23:07.058,True,150.0149651191104,1.8323227255816399,3.6334892159025114,30
2025-08-09 18:23:08.061,True,-1.777264750610734,1.8323227255816399,-0.028422998566746887,30
2025-08-09 18:23:09.062,True,-1.7562599823955976,1.825326755888241,-0.0279799814344938,-98
2025-08-09 18:23:10.065,True,-1.7562599823955976,1.825326755888241,-0.0279799814344938,30
2025-08-09 18:23:11.068,True,-1.7562599823955976,1.825326755888241,-0.0279799814344938,30
2025-08-09 18:23:12.071,True,-1.7562599823955976,1.825326755888241,-0.0279799814344938,-98
2025-08-09 18:23:13.073,True,-1.7562599823955976,1.825326755888241,-0.0279799814344938,30
2025-08-09 18:23:14.076,True,-1.7772509215770758,1.8183308134178724,-0.028205809638755977,30
2025-08-09 18:23:15.078,True,-1.798221256251685,1.7903473136743815,-0.028099456052894285,-98
2025-08-09 18:23:16.083,True,-1.8052205344020866,1.7903473136743815,-0.028208792440135206,30
2025-08-09 18:23:17.085,True,-1.8052205344020866,1.7903473136743815,-0.028208792440135206,-98
2025-08-09 18:23:18.088,True,-1.8052205344020866,1.7903473136743815,-0.028208792440135206,30
2025-08-09 18:23:19.090,True,-1.8052205344020866,1.7903473136743815,-0.028208792440135206,-98
2025-08-09 18:23:20.093,True,-1.8052205344020866,1.7903473136743815,-0.028208792440135206,-98
2025-08-09 18:23:21.096,True,-1.8052068111369648,1.7763557244209025,-0.027988198481624378,30
2025-08-09 18:23:22.099,True,-1.8052068111369648,1.7763557244209025,-0.027988198481624378,30
2025-08-09 18:23:23.101,True,-1.8052068111369648,1.7763557244209025,-0.027988198481624378,-98
2025-08-09 18:23:24.103,True,-1.805199989944553,1.7693599695826243,-0.027877903383392275,30
2025-08-09 18:23:25.106,True,-1.805199989944553,1.7693599695826243,-0.027877903383392275,-98
2025-08-09 18:23:26.109,True,-1.791194878116116,1.7623642411305276,-0.027552356778820036,30
2025-08-09 18:23:27.114,True,-1.7981940235248395,1.7623642411305276,-0.027659983155797922,-98
2025-08-09 18:23:28.116,True,-1.7981940235248395,1.7623642411305276,-0.027659983155797922,30
2025-08-09 18:23:29.119,True,-1.7981940235248395,1.7623642411305276,-0.027659983155797922,30
2025-08-09 18:23:30.122,True,-1.7981940235248395,1.7623642411305276,-0.027659983155797922,-98
2025-08-09 18:23:31.125,True,-1.7981940235248395,1.7623642411305276,-0.027659983155797922,-98
2025-08-09 18:23:32.128,True,-1.7981940235248395,1.7623642411305276,-0.027659983155797922,-98
2025-08-09 18:23:33.130,True,-1.7981738809507963,1.741377213045444,-0.02733039149565287,-98
2025-08-09 18:23:34.132,True,-1.7981539800482171,1.7203904186709646,-0.027000810841432743,-98
2025-08-09 18:23:35.134,True,-1.7981539800482171,1.7203904186709646,-0.027000810841432743,30
2025-08-09 18:23:36.137,True,-1.7981539800482171,1.7203904186709646,-0.027000810841432743,30
2025-08-09 18:23:37.141,True,-1.7981539800482171,1.7203904186709646,-0.027000810841432743,-98
2025-08-09 18:23:38.144,True,-1.7981539800482171,1.7203904186709646,-0.027000810841432743,30
2025-08-09 18:23:39.146,True,-1.7981539800482171,1.7203904186709646,-0.027000810841432743,30
2025-08-09 18:23:40.150,True,-1.7981539800482171,1.7203904186709646,-0.027000810841432743,30
2025-08-09 18:23:41.152,True,-1.7981539800482171,1.7203904186709646,-0.027000810841432743,-98
2025-08-09 18:23:42.155,True,-1.7981539800482171,1.7203904186709646,-0.027000810841432743,30
2025-08-09 18:23:43.158,True,-1.7981539800482171,1.7203904186709646,-0.027000810841432743,30
2025-08-09 18:23:44.161,True,-1.7981539800482171,1.7203904186709646,-0.027000810841432743,-98
2025-08-09 18:23:45.164,True,-1.7981539800482171,1.7203904186709646,-0.027000810841432743,30
2025-08-09 18:23:46.167,True,-1.7981539800482171,1.7203904186709646,-0.027000810841432743,30
2025-08-09 18:23:47.169,True,-1.7981539800482171,1.7203904186709646,-0.027000810841432743,-98
2025-08-09 18:23:48.173,True,-1.7981539800482171,1.7203904186709646,-0.027000810841432743,-98
2025-08-09 18:23:49.175,True,-1.7981539800482171,1.7203904186709646,-0.027000810841432743,30
2025-08-09 18:23:50.179,True,-1.7981539800482171,1.7203904186709646,-0.027000810841432743,30
2025-08-09 18:23:51.181,True,-1.7981539800482171,1.7203904186709646,-0.027000810841432743,30
2025-08-09 18:23:52.184,True,-1.7981539800482171,1.7203904186709646,-0.027000810841432743,30
2025-08-09 18:23:53.187,True,-1.7981539800482171,1.7203904186709646,-0.027000810841432743,-98
2025-08-09 18:23:54.190,True,-1.7981539800482171,1.7203904186709646,-0.027000810841432743,30
2025-08-09 18:23:55.192,True,-1.7981539800482171,1.7203904186709646,-0.027000810841432743,-98
2025-08-09 18:23:56.195,True,-1.7981539800482171,1.7203904186709646,-0.027000810841432743,30
2025-08-09 18:23:57.198,True,-1.7981539800482171,1.7203904186709646,-0.027000810841432743,30
2025-08-09 18:23:58.202,True,-1.7981539800482171,1.7203904186709646,-0.027000810841432743,-98
2025-08-09 18:23:59.205,True,-1.7981539800482171,1.7203904186709646,-0.027000810841432743,-98
2025-08-09 18:24:00.208,True,-1.7981539800482171,1.7203904186709646,-0.027000810841432743,-98
2025-08-09 18:24:01.211,True,-1.7981539800482171,1.7203904186709646,-0.027000810841432743,30
2025-08-09 18:24:02.213,True,-1.7981539800482171,1.7203904186709646,-0.027000810841432743,30
2025-08-09 18:24:03.216,True,-1.7981539800482171,1.7203904186709646,-0.027000810841432743,-98
2025-08-09 18:24:04.218,True,-1.7981539800482171,1.7203904186709646,-0.027000810841432743,30
2025-08-09 18:24:05.220,True,-1.7981605868310189,1.7273859910022393,-0.027110669844835907,-98
2025-08-09 18:24:06.224,True,-1.7981605868310189,1.7273859910022393,-0.027110669844835907,-98
2025-08-09 18:24:07.227,True,-1.7981605868310189,1.7273859910022393,-0.027110669844835907,30
2025-08-09 18:24:08.230,True,-1.7981605868310189,1.7273859910022393,-0.027110669844835907,30
2025-08-09 18:24:09.233,True,-1.7981605868310189,1.7273859910022393,-0.027110669844835907,-98
2025-08-09 18:24:10.236,True,-1.7981605868310189,1.7273859910022393,-0.027110669844835907,30
2025-08-09 18:24:11.238,True,-1.7981605868310189,1.7273859910022393,-0.027110669844835907,-98
2025-08-09 18:24:12.241,True,-1.7981605868310189,1.7273859910022393,-0.027110669844835907,-98
2025-08-09 18:24:13.243,True,-1.7981605868310189,1.7273859910022393,-0.027110669844835907,-98
2025-08-09 18:24:14.247,True,-1.7981605868310189,1.7273859910022393,-0.027110669844835907,30
2025-08-09 18:24:15.250,True,-1.7981605868310189,1.7273859910022393,-0.027110669844835907,30
2025-08-09 18:24:16.253,True,-1.7981605868310189,1.7273859910022393,-0.027110669844835907,30
2025-08-09 18:24:17.255,True,-1.7981605868310189,1.7273859910022393,-0.027110669844835907,-98
2025-08-09 18:24:18.257,True,-1.7981605868310189,1.7273859910022393,-0.027110669844835907,-98
2025-08-09 18:24:19.260,True,-1.7981605868310189,1.7273859910022393,-0.027110669844835907,-98
2025-08-09 18:24:20.264,True,-1.7981605868310189,1.7273859910022393,-0.027110669844835907,-98
2025-08-09 18:24:21.267,True,-1.7981605868310189,1.7273859910022393,-0.027110669844835907,30
2025-08-09 18:24:22.269,True,-1.7981605868310189,1.7273859910022393,-0.027110669844835907,-98
2025-08-09 18:24:23.271,True,-1.7981605868310189,1.7273859910022393,-0.027110669844835907,30
2025-08-09 18:24:24.274,True,-1.7981605868310189,1.7273859910022393,-0.027110669844835907,-98
2025-08-09 18:24:25.277,True,-1.7981805682889622,1.748372862966522,-0.027440254152918887,30
2025-08-09 18:24:26.281,True,-1.7981805682889622,1.748372862966522,-0.027440254152918887,30
2025-08-09 18:24:27.285,True,-1.7981805682889622,1.748372862966522,-0.027440254152918887,30
2025-08-09 18:24:28.287,True,-1.7981805682889622,1.748372862966522,-0.027440254152918887,30
2025-08-09 18:24:29.289,True,-1.7796642743433706,1.7110822472606746,0.27423589651490515,-113
2025-08-09 18:24:30.293,True,-2.1792628201244173,1.17456488435878,-21.890851998056316,-98
2025-08-09 18:24:31.296,True,-1.7213933049598285,-0.2916063671245776,-64.96145294043559,30
2025-08-09 18:24:32.298,True,-1.4937680936738753,-0.6049926866163277,-100.56336060638849,30
2025-08-09 18:24:33.302,True,-1.3796076325421236,-0.649312171357579,-117.20210906275828,30
2025-08-09 18:24:34.306,True,-1.7348031703740066,-0.10701845435060302,-162.90197949646748,30
2025-08-09 18:24:35.308,True,-1.7914037609849414,-0.6096280841359526,158.13536686196562,30
2025-08-09 18:24:36.310,True,-2.6965911900344786,0.20975984684477614,156.1484104734639,-98
2025-08-09 18:24:37.312,True,-2.992116241034271,0.4121939460192985,155.876310989345,-98
2025-08-09 18:24:38.316,True,-2.7363621747119313,-0.7437618944979303,126.25261079986255,-98
2025-08-09 18:24:39.319,True,-3.0615357258105003,0.10030308674151991,138.3494337580519,30
2025-08-09 18:24:40.322,True,-3.1575545610673075,0.24813471800717976,139.36327866429536,30
2025-08-09 18:24:41.327,True,-3.2712821121568973,0.44096734256045517,140.0457019052761,-98
2025-08-09 18:24:42.329,True,-2.1024432056875093,2.809697630576582,-167.3241665428295,-98
2025-08-09 18:24:43.332,True,0.9982253306802408,2.372759308687428,-101.54054992150908,-98
2025-08-09 18:24:44.335,True,1.984295532120997,1.6897024514396435,-50.964684466938394,-98
2025-08-09 18:24:45.337,True,0.5922536472953284,1.586659362236481,-26.838695472794104,-98
2025-08-09 18:24:46.340,True,-0.49712418227725313,1.696263577731484,-24.042968481666907,30
2025-08-09 18:24:47.343,True,-1.1456525965668383,1.400496856058238,-56.72906307412963,30
2025-08-09 18:24:48.346,True,-1.7105295653780763,1.845517335554313,-58.97300360054734,30
2025-08-09 18:24:49.348,True,-2.1774486304091947,1.984817916662878,-64.45618759551886,30
2025-08-09 18:24:50.350,True,-2.7862586339522175,1.7128866495140365,-82.76201068111162,30
2025-08-09 18:24:51.352,True,-3.1369393008251762,0.7121739885006806,-115.82152221075809,-98
2025-08-09 18:24:52.354,True,-3.1913758459218413,0.22588860140611028,-114.40167182652685,-98
2025-08-09 18:24:53.356,True,-2.6709596636276625,2.771529239260943,-90.17644711931464,30
2025-08-09 18:24:54.359,True,-2.7500331373849223,2.7118350631890706,-90.17739416536082,30
2025-08-09 18:24:55.361,True,-3.400878370564469,1.1354336094778352,-118.75628297534854,-98
2025-08-09 18:24:56.363,True,-3.512127293615935,0.17966713990514022,-149.33379040976334,-98
2025-08-09 18:24:57.365,True,-3.0856242532432856,-1.2741786285213115,-176.8934990120015,30
2025-08-09 18:24:58.366,True,-3.3710518578426307,-0.059052972245397344,177.9933106692096,30
2025-08-09 18:24:59.368,True,-2.134895026510084,3.2406271226155865,-117.56372429879147,30
2025-08-09 18:25:00.371,True,-1.3261829079964436,3.314683359908881,-85.87165409540458,30
2025-08-09 18:25:01.373,True,-2.1886442295091943,2.9045635234438074,-85.91945118435149,30
2025-08-09 18:25:02.375,True,-2.465483738923379,2.780620217614718,-85.92600597792502,-98
2025-08-09 18:25:03.378,True,-2.5159983133681583,2.7527316371005086,-85.92704183577432,30
2025-08-09 18:25:04.379,True,-2.3660014646000875,2.792603012853907,-83.17150203168273,30
2025-08-09 18:25:05.381,True,-56.14736723518518,11.477076135533181,-18.05057557077895,-98
2025-08-09 18:25:06.383,True,-45.71234622363654,-3.745435608907899,110.95984351239605,-98
2025-08-09 18:25:07.387,True,-49.79965246539864,-2.175933990965591,115.55202088303061,-98
2025-08-09 18:25:08.389,True,-45.80118253291661,-17.759058138891053,109.66130193007517,-98
2025-08-09 18:25:09.390,True,-48.27097431076865,-3.107642063520076,121.41387021130924,-98
2025-08-09 18:25:10.392,True,-68.70784145443855,-24.48631921502757,122.54829861030498,-98
2025-08-09 18:25:11.394,True,-28.37397673512183,-51.54645366053176,89.43544856935388,-98
2025-08-09 18:25:12.396,True,-13.376160078864832,-53.4523795332552,75.31431513653071,30
2025-08-09 18:25:13.398,True,-29.148011681046714,-23.233115672032113,103.1359842028446,-98
2025-08-09 18:25:14.400,True,-42.776710841357534,31.2608870855114,153.44356860894158,-98
2025-08-09 18:25:15.402,True,-19.88092384153542,47.29801325571738,173.03801314622348,-98
2025-08-09 18:25:16.404,True,-30.631043794932125,46.57562784301039,167.4968405036218,-98
2025-08-09 18:25:17.406,True,-20.473955756948392,55.90370166606,-175.62157222345422,-113
2025-08-09 18:25:18.408,True,-10.575908337924373,51.54463255641505,-166.73454640279937,30
2025-08-09 18:25:19.410,True,-13.982700103936503,-30.793513143875792,69.44175707811785,-98
2025-08-09 18:25:20.412,True,-2.560904106722663,-57.44724833115069,42.65034212520408,-98
2025-08-09 18:25:21.414,True,-17.17741988506979,-47.54287612124597,62.29093968611922,-98
2025-08-09 18:25:22.416,True,-19.91377262647754,-58.356776178072735,65.75958542791955,-98
2025-08-09 18:25:23.419,True,17.3124374579362,-53.31126083937551,21.16604934652788,-98
2025-08-09 18:25:24.421,True,-20.048177201009086,-44.53075412592649,71.76577922147924,-98
2025-08-09 18:25:25.423,True,4.732914419549977,-56.16305762360258,26.308172373334532,-98
2025-08-09 18:25:26.425,True,43.77765826387563,-48.31657462562661,-16.642418913109303,30
2025-08-09 18:25:27.426,True,-27.148423619800315,-34.07456874677235,83.66962291458631,-98
2025-08-09 18:25:28.428,True,51.80150255690894,54.24109572548767,-128.58017901514896,-98
2025-08-09 18:25:29.430,True,60.84524914167758,32.640747125421285,-93.76750957949768,30
2025-08-09 18:25:30.433,True,17.99979984520416,58.18775639989917,-135.52034460139828,30
2025-08-09 18:25:31.435,True,-11.971456050601606,53.68592191099056,-172.82268231039458,-98
2025-08-09 18:25:32.437,True,52.75190756482698,54.46057669037951,-92.89680474348768,-98
2025-08-09 18:25:33.439,True,44.860950197915386,56.79886488354315,-105.9247088411593,-98
2025-08-09 18:25:34.441,True,46.15872374758309,60.90283129038127,-107.08693536156191,-98
2025-08-09 18:25:35.444,True,25.30908505156133,68.97577754190917,-127.90711962180347,30
2025-08-09 18:25:36.446,True,16.824823783063454,54.73684658684076,-136.4682334396017,30
2025-08-09 18:25:37.449,True,14.985696271966662,48.70856811482383,-179.97669181552138,-98
2025-08-09 18:25:38.451,True,17.973892008540645,33.32871526883839,172.14534880058733,-98
2025-08-09 18:25:39.452,True,19.63642305755013,44.28156681933794,179.80776144061784,-98
2025-08-09 18:25:40.454,True,-1.3961845239224935,4.459448409588662,151.08266375307838,-98
2025-08-09 18:25:41.456,True,0.34316477191744,-0.5775338638320863,147.5064203176644,-98
2025-08-09 18:25:42.458,True,0.5300970445374178,-0.5063067413002658,146.85829805979523,30
2025-08-09 18:25:43.460,True,0.6654909109855953,-0.6321271946178474,146.436338368433,30
2025-08-09 18:25:44.464,True,0.6612222854556434,-0.6316311219622649,145.9990427045135,30
2025-08-09 18:25:45.465,True,0.6612222854556434,-0.6316311219622649,145.9990427045135,30
2025-08-09 18:25:46.467,True,0.6612222854556434,-0.6316311219622649,145.9990427045135,-98
2025-08-09 18:25:47.469,True,0.6612222854556434,-0.6316311219622649,145.9990427045135,-98
2025-08-09 18:25:48.471,True,0.6612222854556434,-0.6316311219622649,145.9990427045135,-98
2025-08-09 18:25:49.473,True,0.6766463259322434,-0.6342301675209652,145.9990007252205,-98
2025-08-09 18:25:50.475,True,0.7186782765177736,-0.6287417771766791,146.01556619248169,-98
2025-08-09 18:25:51.477,True,0.7669742774282149,-0.6433200066695378,146.0267536203302,-98
2025-08-09 18:25:52.479,True,0.7987539143233199,-0.6994377075347485,146.02648914516038,30
2025-08-09 18:25:53.481,True,0.8054436075990508,-0.6973944754013364,146.02648188346583,30
2025-08-09 18:25:54.483,True,0.8121333070674959,-0.6953512441548554,146.02647509888908,30
2025-08-09 18:25:55.486,True,0.8121333070674959,-0.6953512441548554,146.02647509888908,30
2025-08-09 18:25:56.488,True,0.8121333070674959,-0.6953512441548554,146.02647509888908,-98
2025-08-09 18:25:57.490,True,0.8121333070674959,-0.6953512441548554,146.02647509888908,-98
2025-08-09 18:25:58.492,True,0.8121333070674959,-0.6953512441548554,146.02647509888908,30
2025-08-09 18:25:59.494,True,0.8121333070674959,-0.6953512441548554,146.02647509888908,30
2025-08-09 18:26:00.496,True,0.8121333070674959,-0.6953512441548554,146.02647509888908,-98
2025-08-09 18:26:01.500,True,0.8121333070674959,-0.6953512441548554,146.02647509888908,30
2025-08-09 18:26:02.501,True,0.8121333070674959,-0.6953512441548554,146.02647509888908,30
2025-08-09 18:26:03.504,True,0.8121333070674959,-0.6953512441548554,146.02647509888908,-98
2025-08-09 18:26:04.506,True,0.8121333070674959,-0.6953512441548554,146.02647509888908,-98
2025-08-09 18:26:05.508,True,0.8121333070674959,-0.6953512441548554,146.02647509888908,30
2025-08-09 18:26:06.510,True,0.8121333070674959,-0.6953512441548554,146.02647509888908,-98
2025-08-09 18:26:07.512,True,0.8121333070674959,-0.6953512441548554,146.02647509888908,-98
2025-08-09 18:26:08.513,True,0.8121333070674959,-0.6953512441548554,146.02647509888908,30
2025-08-09 18:26:09.515,True,0.7832753620531248,-0.6968680849850519,146.03208016570522,30
2025-08-09 18:26:10.517,True,0.7832753620531248,-0.6968680849850519,146.03208016570522,30
2025-08-09 18:26:11.520,True,0.7832753620531248,-0.6968680849850519,146.03208016570522,30
2025-08-09 18:26:12.523,True,0.7832753620531248,-0.6968680849850519,146.03208016570522,-98
2025-08-09 18:26:13.525,True,0.7832753620531248,-0.6968680849850519,146.03208016570522,-98
2025-08-09 18:26:14.527,True,0.8289318129790677,-0.7268258995572398,146.0374173694452,-98
2025-08-09 18:26:15.530,True,0.8740864595455722,-0.7788614936672633,146.03711249510195,30
2025-08-09 18:26:16.533,True,0.8740864595455722,-0.7788614936672633,146.03711249510195,-98
2025-08-09 18:26:17.536,True,0.8740864595455722,-0.7788614936672633,146.03711249510195,30
2025-08-09 18:26:18.620,True,0.8740864595455722,-0.7788614936672633,146.03711249510195,30
2025-08-09 18:26:19.623,True,0.8740864595455722,-0.7788614936672633,146.03711249510195,30
2025-08-09 18:26:20.624,True,0.8740864595455722,-0.7788614936672633,146.03711249510195,-98
2025-08-09 18:26:21.627,True,0.8740864595455722,-0.7788614936672633,146.03711249510195,30
2025-08-09 18:26:22.630,True,0.8740864595455722,-0.7788614936672633,146.03711249510195,-98
2025-08-09 18:26:23.639,True,0.8740864595455722,-0.7788614936672633,146.03711249510195,-98
2025-08-09 18:26:24.640,True,0.8828203850355908,-0.7835085886623235,146.03707243728712,30
2025-08-09 18:26:25.642,True,0.8828203850355908,-0.7835085886623235,146.03707243728712,30
2025-08-09 18:26:26.644,True,0.8828203850355908,-0.7835085886623235,146.03707243728712,30
2025-08-09 18:26:27.647,True,0.8828203850355908,-0.7835085886623235,146.03707243728712,-98
2025-08-09 18:26:28.662,True,0.8828203850355908,-0.7835085886623235,146.03707243728712,-98
2025-08-09 18:26:29.665,True,0.8828203850355908,-0.7835085886623235,146.03707243728712,-98
2025-08-09 18:26:30.667,True,0.8828203850355908,-0.7835085886623235,146.03707243728712,30
2025-08-09 18:26:31.669,True,0.8828203850355908,-0.7835085886623235,146.03707243728712,30
2025-08-09 18:26:32.671,True,0.8828203850355908,-0.7835085886623235,146.03707243728712,30
2025-08-09 18:26:33.673,True,0.8828203850355908,-0.7835085886623235,146.03707243728712,30
2025-08-09 18:26:34.677,True,0.8828203850355908,-0.7835085886623235,146.03707243728712,30
2025-08-09 18:26:35.679,True,0.8828203850355908,-0.7835085886623235,146.03707243728712,-98
2025-08-09 18:26:36.681,True,0.8828203850355908,-0.7835085886623235,146.03707243728712,-98
2025-08-09 18:26:37.682,True,0.8365492807694493,-0.7756945557989204,146.0372222091918,-98
2025-08-09 18:26:38.685,True,0.8365492807694493,-0.7756945557989204,146.0372222091918,-98
2025-08-09 18:26:39.687,True,0.8365492807694493,-0.7756945557989204,146.0372222091918,30
2025-08-09 18:26:40.690,True,0.8365492807694493,-0.7756945557989204,146.0372222091918,30
2025-08-09 18:26:41.692,True,0.8365492807694493,-0.7756945557989204,146.0372222091918,-98
2025-08-09 18:26:42.694,True,0.8365492807694493,-0.7756945557989204,146.0372222091918,-98
2025-08-09 18:26:43.696,True,0.8365492807694493,-0.7756945557989204,146.0372222091918,-98
2025-08-09 18:26:44.698,True,0.8365492807694493,-0.7756945557989204,146.0372222091918,-98
2025-08-09 18:26:45.700,True,0.8365492807694493,-0.7756945557989204,146.0372222091918,-98
2025-08-09 18:26:46.703,True,0.792322758266015,-0.7745700330014181,146.0373494972041,30
2025-08-09 18:26:47.705,True,0.7789432514884052,-0.7786548613585801,146.03737638535694,30
2025-08-09 18:26:48.709,True,0.7789432514884052,-0.7786548613585801,146.03737638535694,-98
2025-08-09 18:26:49.711,True,0.7790025887521873,-0.7786232688164098,146.03182821164162,-98
2025-08-09 18:26:50.713,True,0.7856923393969234,-0.7765804272336264,146.03181453824314,30
2025-08-09 18:26:51.714,True,-0.14150008511090217,-1.9623900658758469,144.4090946647843,-98
2025-08-09 18:26:52.716,True,0.9907901145317349,-1.1056555468061549,116.35473320105945,-98
2025-08-09 18:26:53.719,True,-30.021792280189356,0.1863317309851544,110.26621903960525,30
2025-08-09 18:26:54.721,True,-29.28978126886405,35.625320838361944,142.68122994427125,30
2025-08-09 18:26:55.723,True,-26.932696234755912,29.380384383025515,138.7318585498186,-98
2025-08-09 18:26:56.725,True,-23.711579406679178,27.630838515247607,141.02452067674182,30
2025-08-09 18:26:57.727,True,-23.944623337870606,27.236800392025227,143.17160089473805,30
2025-08-09 18:26:58.730,True,-27.685738325970693,26.949813115579328,143.4645663638058,-98
2025-08-09 18:26:59.732,True,-26.38593341254176,18.140644508953773,136.50149149694195,-113
2025-08-09 18:27:00.735,True,-24.82077697978946,30.687673311048513,154.6994155189985,30
2025-08-09 18:27:01.738,True,-0.08074884275163484,31.825726696227026,-168.16918416036427,30
2025-08-09 18:27:02.741,True,9.242387714746453,24.774196264647344,-151.150083065507,30
2025-08-09 18:27:03.743,True,3.5963432209573463,37.8468226000818,-166.41976122166216,-98
2025-08-09 18:27:04.745,True,-4.049692441971609,34.71033591877616,-178.95641036138505,-98
2025-08-09 18:27:05.747,True,-5.857062058750653,36.903007334448205,179.2254167120705,-98
2025-08-09 18:27:06.750,True,-7.19692104165974,33.556031331579156,174.79023236941373,-98
2025-08-09 18:27:07.753,True,-5.920774717675013,27.577081900349405,175.1491307750975,-98
2025-08-09 18:27:08.756,True,-14.717959896137684,10.436535295911963,126.14703287644257,30
2025-08-09 18:27:09.760,True,-10.825522176895358,0.9444850473428358,105.74568248104148,30
2025-08-09 18:27:10.765,True,-8.656140024980381,-10.177166257546135,87.84249021093291,-98
2025-08-09 18:27:11.767,True,-5.70762923721056,-13.633061814049718,88.84944516516263,-98
2025-08-09 18:27:12.769,True,-6.336710334766017,-14.16317637085188,91.91598937463115,30
2025-08-09 18:27:13.771,True,-7.918756474986519,-12.58384118530891,85.98694423550731,-98
2025-08-09 18:27:14.773,True,-6.717748792061245,6.4315911836033886,105.19256016028125,30
2025-08-09 18:27:15.775,True,-7.145907765300855,-4.58407577501199,87.96410955376052,-98
2025-08-09 18:27:16.777,True,0.6081223551921519,-13.79045581216361,71.48816632353861,-98
2025-08-09 18:27:17.779,True,-14.312181781728672,48.628179101525056,179.88206659607894,-98
2025-08-09 18:27:18.782,True,1.1130959380731453,48.2274773319083,-146.57078460859242,30
2025-08-09 18:27:19.784,True,-7.4357061250263605,41.50175418275148,-161.63796063964378,30
2025-08-09 18:27:20.787,True,27.757958825897436,32.78952444948869,-114.71201072782836,-98
2025-08-09 18:27:21.789,True,36.57719288039264,-13.146499157842829,-68.41101321141473,-98
2025-08-09 18:27:22.791,True,31.875630153153324,-6.065501475693133,-73.02236494749765,30
2025-08-09 18:27:23.870,True,9.157781848939322,25.663356172544177,-133.5309125953341,-98
2025-08-09 18:27:24.873,True,-25.69345014028184,21.825931283949974,160.2404005127662,30
2025-08-09 18:27:25.875,True,-36.49840359256731,37.53257493690009,159.09395770454208,30
2025-08-09 18:27:26.879,True,-11.213960686834012,40.44688205677108,-167.85380146403185,-98
2025-08-09 18:27:27.881,True,-18.55994269951327,41.43474415919526,-173.01681773263363,-98
2025-08-09 18:27:28.883,True,-36.25197287431765,27.744549877097718,-178.58951478529926,-98
2025-08-09 18:27:29.886,True,-36.48537505486733,19.565521521261864,178.36036270930435,-98
2025-08-09 18:27:30.888,True,-45.83776238817926,24.383300328867822,171.08417510974476,-98
2025-08-09 18:27:31.890,True,-43.83137655230364,18.83122253497292,170.3752916162447,30
2025-08-09 18:27:32.893,True,-43.19068846241864,9.072725690318885,165.2604702493783,30
2025-08-09 18:27:33.894,True,-35.54346609689562,26.91013521448051,-179.54404088608018,-98
2025-08-09 18:27:34.897,True,-41.567868352584846,31.235173902357836,177.0197548357687,-98
2025-08-09 18:27:35.899,True,-35.15448074854828,31.185753495968903,-177.0939968245717,30
2025-08-09 18:27:36.901,True,-32.627459771099296,35.712297608096094,-172.58484458399914,30
2025-08-09 18:27:37.903,True,-39.42325536788942,47.10684124462746,-172.12432058877891,-98
2025-08-09 18:27:38.905,True,-51.73197952522747,53.209631421234356,169.80407505610637,30
2025-08-09 18:27:39.907,True,-62.91547598536511,60.77936761572847,159.9898580549149,30
2025-08-09 18:27:40.910,True,-75.50945383693383,66.0014518195519,152.93580728335905,-98
2025-08-09 18:27:41.912,True,-80.3600617250496,65.81975568061713,144.85733064261177,-98
2025-08-09 18:27:42.914,True,126.63769705838864,84.52141488877767,-3.9486256447281454,30
2025-08-09 18:27:43.917,True,-61.40858563331057,81.95881841835607,161.87976139943413,-98
2025-08-09 18:27:44.919,True,-76.59599382288548,67.74559385136504,160.44721623711246,-98
2025-08-09 18:27:45.921,True,-77.01072905988178,62.00823943183361,166.60313497907438,30
2025-08-09 18:27:46.924,True,-74.13386114192049,71.49033148731714,167.18509093761114,30
2025-08-09 18:27:47.927,True,-76.11207456191343,65.22855067355938,165.00373676750996,-98
2025-08-09 18:27:48.930,True,-76.71950926984697,62.501097642134134,172.18156825806642,-98
2025-08-09 18:27:49.932,True,-76.71317618577977,62.49225762853634,171.9640930194219,-98
2025-08-09 18:27:50.934,True,-76.70285927282278,62.48501877349795,172.23998559058046,-98
2025-08-09 18:27:51.936,True,-76.70317296558349,62.48724578431718,172.25670582176355,30
2025-08-09 18:27:52.938,True,-76.63049691708514,62.49832509196909,170.49885270328778,30
2025-08-09 18:27:53.941,True,-76.50639771389012,62.39593228556748,170.7293130969169,30
2025-08-09 18:27:54.944,True,-76.59224321373384,62.348928212769785,171.84484599902132,30
2025-08-09 18:27:55.946,True,-76.59276134664435,62.29588715193349,171.97195452194356,-98
2025-08-09 18:27:56.948,True,-76.81468508171264,62.24238030965079,174.15882303767268,-98
2025-08-09 18:27:57.950,True,-76.91055363606115,61.93208621800143,177.33353377941705,-98
2025-08-09 18:27:58.953,True,-76.92424974346481,61.89553963835796,177.65275867335336,-98
2025-08-09 18:27:59.955,True,-76.9724287228577,61.85524901878704,177.81289954763815,30
2025-08-09 18:28:00.957,True,-76.9724287228577,61.85524901878704,177.81289954763815,30
2025-08-09 18:28:01.959,True,-76.9724287228577,61.85524901878704,177.81289954763815,30
2025-08-09 18:28:02.962,True,-76.9724287228577,61.85524901878704,177.81289954763815,30
2025-08-09 18:28:03.965,True,-76.9724287228577,61.85524901878704,177.81289954763815,30
2025-08-09 18:28:04.967,True,-76.9724287228577,61.85524901878704,177.81289954763815,-98
2025-08-09 18:28:05.968,True,-76.9724287228577,61.85524901878704,177.81289954763815,-98
2025-08-09 18:28:06.971,True,-76.9724287228577,61.85524901878704,177.81289954763815,-98
2025-08-09 18:28:07.973,True,-76.9724287228577,61.85524901878704,177.81289954763815,30
2025-08-09 18:28:08.976,True,-76.9724287228577,61.85524901878704,177.81289954763815,30
2025-08-09 18:28:09.977,True,-76.9724287228577,61.85524901878704,177.81289954763815,30
2025-08-09 18:28:10.979,True,-76.9724287228577,61.85524901878704,177.81289954763815,-98
2025-08-09 18:28:11.983,True,-76.9724287228577,61.85524901878704,177.81289954763815,30
2025-08-09 18:28:12.985,True,-76.9724287228577,61.85524901878704,177.81289954763815,-98
2025-08-09 18:28:13.986,True,-76.9724287228577,61.85524901878704,177.81289954763815,30
2025-08-09 18:28:14.988,True,-76.9724287228577,61.85524901878704,177.81289954763815,30
2025-08-09 18:28:15.990,True,-76.9724287228577,61.85524901878704,177.81289954763815,30
2025-08-09 18:28:16.993,True,-76.9724287228577,61.85524901878704,177.81289954763815,-98
2025-08-09 18:28:17.995,True,-76.9724287228577,61.85524901878704,177.81289954763815,-98
2025-08-09 18:28:18.997,True,-76.9724287228577,61.85524901878704,177.81289954763815,30
2025-08-09 18:28:20.000,True,-76.9724287228577,61.85524901878704,177.81289954763815,-98
2025-08-09 18:28:21.002,True,-76.9724287228577,61.85524901878704,177.81289954763815,30
2025-08-09 18:28:22.004,True,-76.9724287228577,61.85524901878704,177.81289954763815,30
2025-08-09 18:28:23.007,True,-76.9724287228577,61.85524901878704,177.81289954763815,-98
2025-08-09 18:28:24.009,True,-76.9724287228577,61.85524901878704,177.81289954763815,-98
2025-08-09 18:28:25.011,True,-76.9724287228577,61.85524901878704,177.81289954763815,30
2025-08-09 18:28:26.013,True,-76.9724287228577,61.85524901878704,177.81289954763815,-98
2025-08-09 18:28:27.014,True,-76.9724287228577,61.85524901878704,177.81289954763815,-98
2025-08-09 18:28:28.016,True,-76.9724287228577,61.85524901878704,177.81289954763815,-98
2025-08-09 18:28:29.020,True,-76.9724287228577,61.85524901878704,177.81289954763815,30
2025-08-09 18:28:30.023,True,-76.9724287228577,61.85524901878704,177.81289954763815,30
2025-08-09 18:28:31.025,True,-76.9724287228577,61.85524901878704,177.81289954763815,30
2025-08-09 18:28:32.027,True,-76.9724287228577,61.85524901878704,177.81289954763815,30
2025-08-09 18:28:33.029,True,-76.9724287228577,61.85524901878704,177.81289954763815,30
2025-08-09 18:28:34.031,True,-76.9724287228577,61.85524901878704,177.81289954763815,30
2025-08-09 18:28:35.033,True,-76.9724287228577,61.85524901878704,177.81289954763815,-98
2025-08-09 18:28:36.035,True,-76.9724287228577,61.85524901878704,177.81289954763815,30
2025-08-09 18:28:37.038,True,-76.9724287228577,61.85524901878704,177.81289954763815,30
2025-08-09 18:28:38.040,True,-76.9724287228577,61.85524901878704,177.81289954763815,-98
2025-08-09 18:28:39.042,True,-76.9724287228577,61.85524901878704,177.81289954763815,-98
2025-08-09 18:28:40.043,True,-76.96271669950974,61.862427375171755,177.8153448392068,-98
2025-08-09 18:28:41.045,True,-76.9724287228577,61.85524901878704,177.81289954763815,30
2025-08-09 18:28:42.047,True,-76.9724287228577,61.85524901878704,177.81289954763815,-98
2025-08-09 18:28:43.050,True,-76.96271669950974,61.862427375171755,177.8153448392068,30
2025-08-09 18:28:44.052,True,-76.96271669950974,61.862427375171755,177.8153448392068,30
2025-08-09 18:28:45.055,True,-76.96271669950974,61.862427375171755,177.8153448392068,-98
2025-08-09 18:28:46.056,True,-76.96271669950974,61.862427375171755,177.8153448392068,30
2025-08-09 18:28:47.058,True,-76.96271669950974,61.862427375171755,177.8153448392068,-98
2025-08-09 18:28:48.060,True,-76.9803787382582,61.84195661859985,177.80514557002192,-98
2025-08-09 18:28:49.062,True,-76.9803787382582,61.84195661859985,177.80514557002192,-98
2025-08-09 18:28:50.064,True,-76.9803787382582,61.84195661859985,177.80514557002192,-98
2025-08-09 18:28:51.067,True,-76.9803787382582,61.84195661859985,177.80514557002192,30
2025-08-09 18:28:52.069,True,-76.9803787382582,61.84195661859985,177.80514557002192,-98
2025-08-09 18:28:53.071,True,-76.9803787382582,61.84195661859985,177.80514557002192,-98
2025-08-09 18:28:54.073,True,-76.9803787382582,61.84195661859985,177.80514557002192,-98
2025-08-09 18:28:55.076,True,-76.9803787382582,61.84195661859985,177.80514557002192,-98
2025-08-09 18:28:56.079,True,-76.9803787382582,61.84195661859985,177.80514557002192,30
2025-08-09 18:28:57.081,True,-76.9803787382582,61.84195661859985,177.80514557002192,30
2025-08-09 18:28:58.083,True,-76.9803787382582,61.84195661859985,177.80514557002192,30
2025-08-09 18:28:59.086,True,-76.9803787382582,61.84195661859985,177.80514557002192,30
2025-08-09 18:29:00.087,True,-76.9803787382582,61.84195661859985,177.80514557002192,-98
2025-08-09 18:29:01.089,True,-76.9803787382582,61.84195661859985,177.80514557002192,30
2025-08-09 18:29:02.091,True,-76.9803787382582,61.84195661859985,177.80514557002192,-98
2025-08-09 18:29:03.093,True,-76.9803787382582,61.84195661859985,177.80514557002192,-98
2025-08-09 18:29:04.095,True,-76.9803787382582,61.84195661859985,177.80514557002192,30
2025-08-09 18:29:05.097,True,-76.9803787382582,61.84195661859985,177.80514557002192,30
2025-08-09 18:29:06.099,True,-76.9803787382582,61.84195661859985,177.80514557002192,-98
2025-08-09 18:29:07.102,True,-76.9803787382582,61.84195661859985,177.80514557002192,30
2025-08-09 18:29:08.104,True,-76.9803787382582,61.84195661859985,177.80514557002192,-98
2025-08-09 18:29:09.105,True,-76.9803787382582,61.84195661859985,177.80514557002192,30
2025-08-09 18:29:10.107,True,-76.9803787382582,61.84195661859985,177.80514557002192,30
2025-08-09 18:29:11.109,True,-76.9803787382582,61.84195661859985,177.80514557002192,30
2025-08-09 18:29:12.112,True,-76.9803787382582,61.84195661859985,177.80514557002192,30
2025-08-09 18:29:13.115,True,-76.9803787382582,61.84195661859985,177.80514557002192,30
2025-08-09 18:29:14.120,True,-76.9803787382582,61.84195661859985,177.80514557002192,-98
2025-08-09 18:29:15.122,True,-76.9803787382582,61.84195661859985,177.80514557002192,-98
2025-08-09 18:29:16.125,True,-76.9803787382582,61.84195661859985,177.80514557002192,-98
2025-08-09 18:29:17.127,True,-76.9803787382582,61.84195661859985,177.80514557002192,-98
2025-08-09 18:29:18.129,True,-76.9803787382582,61.84195661859985,177.80514557002192,30
2025-08-09 18:29:19.135,True,-77.15429012489976,60.85954101621276,176.52224871764383,30
2025-08-09 18:29:20.137,True,-76.9803787382582,61.84195661859985,177.80514557002192,30
2025-08-09 18:29:21.140,True,-76.9803787382582,61.84195661859985,177.80514557002192,-98
2025-08-09 18:29:22.142,True,-76.9803787382582,61.84195661859985,177.80514557002192,30
2025-08-09 18:29:23.145,True,-76.9803787382582,61.84195661859985,177.80514557002192,-98
2025-08-09 18:29:24.146,True,-76.9803787382582,61.84195661859985,177.80514557002192,-98
2025-08-09 18:29:25.149,True,-76.9803787382582,61.84195661859985,177.80514557002192,-98
2025-08-09 18:29:26.152,True,-76.9803787382582,61.84195661859985,177.80514557002192,30
2025-08-09 18:29:27.155,True,-76.9803787382582,61.84195661859985,177.80514557002192,30
2025-08-09 18:29:28.159,True,-76.9803787382582,61.84195661859985,177.80514557002192,-98
2025-08-09 18:29:29.162,True,-76.9803787382582,61.84195661859985,177.80514557002192,30
2025-08-09 18:29:30.163,True,-76.9803787382582,61.84195661859985,177.80514557002192,-98
2025-08-09 18:29:31.166,True,-76.9803787382582,61.84195661859985,177.80514557002192,-98
2025-08-09 18:29:32.168,True,-74.72998134818134,61.26518270749336,178.53651890652884,-98
2025-08-09 18:29:33.170,True,-76.9803787382582,61.84195661859985,177.80514557002192,30
2025-08-09 18:29:34.179,True,-76.9803787382582,61.84195661859985,177.80514557002192,30
2025-08-09 18:29:35.181,True,-76.9803787382582,61.84195661859985,177.80514557002192,-98
2025-08-09 18:29:36.182,True,-76.9803787382582,61.84195661859985,177.80514557002192,-98
2025-08-09 18:29:37.184,True,-76.9803787382582,61.84195661859985,177.80514557002192,-98
2025-08-09 18:29:38.187,True,-76.97380683607362,61.84744985864385,177.80286385956694,30
2025-08-09 18:29:39.191,True,-76.97380683607362,61.84744985864385,177.80286385956694,-98
2025-08-09 18:29:40.193,True,-76.97380683607362,61.84744985864385,177.80286385956694,-98
2025-08-09 18:29:41.196,True,-77.01353377120435,61.84494195306595,177.78881680709026,30
2025-08-09 18:29:42.198,True,-76.94131987726533,61.85625086468637,177.84628659236606,-98
2025-08-09 18:29:43.201,True,-76.95220595821935,61.86629828507319,177.83849244077882,30
2025-08-09 18:29:44.203,True,-76.95220595821935,61.86629828507319,177.83849244077882,30
2025-08-09 18:29:45.206,True,-76.95220595821935,61.86629828507319,177.83849244077882,30
2025-08-09 18:29:46.208,True,-76.95220595821935,61.86629828507319,177.83849244077882,-98
2025-08-09 18:29:47.211,True,-76.95220595821935,61.86629828507319,177.83849244077882,-98
2025-08-09 18:29:48.213,True,-76.95220595821935,61.86629828507319,177.83849244077882,-98
2025-08-09 18:29:49.216,True,-76.95220595821935,61.86629828507319,177.83849244077882,30
2025-08-09 18:29:50.218,True,-76.95220595821935,61.86629828507319,177.83849244077882,-98
2025-08-09 18:29:51.220,True,-76.95220595821935,61.86629828507319,177.83849244077882,-98
2025-08-09 18:29:52.224,True,-76.95220595821935,61.86629828507319,177.83849244077882,-98
2025-08-09 18:29:53.226,True,-76.95702430752947,61.854689736945524,177.835456789892,-98
2025-08-09 18:29:54.233,True,-76.95702430752947,61.854689736945524,177.835456789892,30
2025-08-09 18:29:55.235,True,-76.95702430752947,61.854689736945524,177.835456789892,30
2025-08-09 18:29:56.238,True,-76.95702430752947,61.854689736945524,177.835456789892,-98
2025-08-09 18:29:57.240,True,-76.95702430752947,61.854689736945524,177.835456789892,-98
2025-08-09 18:29:58.242,True,-76.95702430752947,61.854689736945524,177.835456789892,30
2025-08-09 18:29:59.266,True,-76.95702430752947,61.854689736945524,177.835456789892,-98
2025-08-09 18:30:00.268,True,-76.95702430752947,61.854689736945524,177.835456789892,-98
2025-08-09 18:30:01.271,True,-76.95702430752947,61.854689736945524,177.835456789892,30
2025-08-09 18:30:02.272,True,-76.95702430752947,61.854689736945524,177.835456789892,30
2025-08-09 18:30:03.275,True,-76.95702430752947,61.854689736945524,177.835456789892,-98
2025-08-09 18:30:04.277,True,-76.95702430752947,61.854689736945524,177.835456789892,-98
2025-08-09 18:30:05.280,True,-76.95702430752947,61.854689736945524,177.835456789892,-98
2025-08-09 18:30:06.283,True,-76.92882390174411,61.87903246698911,177.8688406509911,-98
2025-08-09 18:30:07.285,True,-76.92223795344458,61.88452601763478,177.86657727696522,30
2025-08-09 18:30:08.287,True,-76.92223795344458,61.88452601763478,177.86657727696522,30
2025-08-09 18:30:09.290,True,-76.92223795344458,61.88452601763478,177.86657727696522,30
2025-08-09 18:30:10.292,True,-76.92223795344458,61.88452601763478,177.86657727696522,30
2025-08-09 18:30:11.294,True,-76.92223795344458,61.88452601763478,177.86657727696522,30
2025-08-09 18:30:12.296,True,-76.92223795344458,61.88452601763478,177.86657727696522,30
2025-08-09 18:30:13.298,True,-76.92223795344458,61.88452601763478,177.86657727696522,-98
2025-08-09 18:30:14.299,True,-76.92223795344458,61.88452601763478,177.86657727696522,-98
2025-08-09 18:30:15.301,True,-76.92223795344458,61.88452601763478,177.86657727696522,30
2025-08-09 18:30:16.304,True,-76.92223795344458,61.88452601763478,177.86657727696522,-98
2025-08-09 18:30:17.306,True,-76.92223795344458,61.88452601763478,177.86657727696522,-98
2025-08-09 18:30:18.308,True,-76.92223795344458,61.88452601763478,177.86657727696522,30
2025-08-09 18:30:19.310,True,-76.92223795344458,61.88452601763478,177.86657727696522,-98
2025-08-09 18:30:20.313,True,-76.92223795344458,61.88452601763478,177.86657727696522,-98
2025-08-09 18:30:21.316,True,-76.92223795344458,61.88452601763478,177.86657727696522,-98
2025-08-09 18:30:22.318,True,-76.92223795344458,61.88452601763478,177.86657727696522,30
2025-08-09 18:30:23.320,True,-76.92223795344458,61.88452601763478,177.86657727696522,30
2025-08-09 18:30:24.323,True,-76.92223795344458,61.88452601763478,177.86657727696522,-98
2025-08-09 18:30:25.325,True,-76.92223795344458,61.88452601763478,177.86657727696522,30
2025-08-09 18:30:26.327,True,-76.92223795344458,61.88452601763478,177.86657727696522,-98
2025-08-09 18:30:27.329,True,-76.92223795344458,61.88452601763478,177.86657727696522,-98
2025-08-09 18:30:28.331,True,-76.92223795344458,61.88452601763478,177.86657727696522,-98
2025-08-09 18:30:29.333,True,-76.92223795344458,61.88452601763478,177.86657727696522,30
2025-08-09 18:30:30.337,True,-76.92223795344458,61.88452601763478,177.86657727696522,30
2025-08-09 18:30:31.340,True,-76.92223795344458,61.88452601763478,177.86657727696522,30
2025-08-09 18:30:32.347,True,-76.92223795344458,61.88452601763478,177.86657727696522,30
2025-08-09 18:30:33.348,True,-76.92223795344458,61.88452601763478,177.86657727696522,30
2025-08-09 18:30:34.356,True,-76.92223795344458,61.88452601763478,177.86657727696522,-98
2025-08-09 18:30:35.358,True,-76.92223795344458,61.88452601763478,177.86657727696522,-98
2025-08-09 18:30:36.360,True,-76.92223795344458,61.88452601763478,177.86657727696522,-98
2025-08-09 18:30:37.362,True,-76.92223795344458,61.88452601763478,177.86657727696522,-98
2025-08-09 18:30:38.364,True,-76.92223795344458,61.88452601763478,177.86657727696522,-98
2025-08-09 18:30:39.366,True,-76.92223795344458,61.88452601763478,177.86657727696522,30
2025-08-09 18:30:40.368,True,-76.92223795344458,61.88452601763478,177.86657727696522,-98
2025-08-09 18:30:41.370,True,-76.92223795344458,61.88452601763478,177.86657727696522,30
2025-08-09 18:30:42.372,True,-76.92223795344458,61.88452601763478,177.86657727696522,-98
2025-08-09 18:30:43.375,True,-76.92223795344458,61.88452601763478,177.86657727696522,-98
2025-08-09 18:30:44.377,True,-76.92223795344458,61.88452601763478,177.86657727696522,-98
2025-08-09 18:30:45.379,True,-76.92223795344458,61.88452601763478,177.86657727696522,-98
2025-08-09 18:30:46.382,True,-76.92223795344458,61.88452601763478,177.86657727696522,30
2025-08-09 18:30:47.384,True,-76.92223795344458,61.88452601763478,177.86657727696522,30
2025-08-09 18:30:48.386,True,-76.92223795344458,61.88452601763478,177.86657727696522,-98
2025-08-09 18:30:49.388,True,-76.92223795344458,61.88452601763478,177.86657727696522,-98
2025-08-09 18:30:50.391,True,-76.92223795344458,61.88452601763478,177.86657727696522,30
2025-08-09 18:30:51.393,True,-76.92223795344458,61.88452601763478,177.86657727696522,30
2025-08-09 18:30:52.395,True,-76.92223795344458,61.88452601763478,177.86657727696522,-98
2025-08-09 18:30:53.399,True,-76.92223795344458,61.88452601763478,177.86657727696522,30
2025-08-09 18:30:54.401,True,-76.92223795344458,61.88452601763478,177.86657727696522,-98
2025-08-09 18:30:55.403,True,-76.93020775271057,61.871229062389666,177.85879613103447,30
2025-08-09 18:30:56.405,True,-76.93020775271057,61.871229062389666,177.85879613103447,-98
2025-08-09 18:30:57.410,True,-76.93020775271057,61.871229062389666,177.85879613103447,-98
2025-08-09 18:30:58.411,True,-76.93020775271057,61.871229062389666,177.85879613103447,30
2025-08-09 18:30:59.414,True,-76.93020775271057,61.871229062389666,177.85879613103447,30
2025-08-09 18:31:00.417,True,-76.93020775271057,61.871229062389666,177.85879613103447,30
2025-08-09 18:31:01.420,True,-76.93020775271057,61.871229062389666,177.85879613103447,30
2025-08-09 18:31:02.422,True,-76.93020775271057,61.871229062389666,177.85879613103447,-98
2025-08-09 18:31:03.425,True,-76.93020775271057,61.871229062389666,177.85879613103447,-98
2025-08-09 18:31:04.431,True,-76.93020775271057,61.871229062389666,177.85879613103447,-98
2025-08-09 18:31:05.433,True,-76.93020775271057,61.871229062389666,177.85879613103447,30
2025-08-09 18:31:06.435,True,-76.93020775271057,61.871229062389666,177.85879613103447,30
2025-08-09 18:31:07.437,True,-76.93020775271057,61.871229062389666,177.85879613103447,30
2025-08-09 18:31:08.439,True,-76.93020775271057,61.871229062389666,177.85879613103447,30
2025-08-09 18:31:09.446,True,-76.93020775271057,61.871229062389666,177.85879613103447,-113
2025-08-09 18:31:10.448,True,-76.93020775271057,61.871229062389666,177.85879613103447,-98
2025-08-09 18:31:11.450,True,-76.93020775271057,61.871229062389666,177.85879613103447,30
2025-08-09 18:31:12.452,True,-76.93020775271057,61.871229062389666,177.85879613103447,30
2025-08-09 18:31:13.455,True,-76.93020775271057,61.871229062389666,177.85879613103447,30
2025-08-09 18:31:14.458,True,-76.93020775271057,61.871229062389666,177.85879613103447,-98
2025-08-09 18:31:15.461,True,-76.93020775271057,61.871229062389666,177.85879613103447,-98
2025-08-09 18:31:16.463,True,-76.93020775271057,61.871229062389666,177.85879613103447,-98
2025-08-09 18:31:17.465,True,-76.93020775271057,61.871229062389666,177.85879613103447,-98
2025-08-09 18:31:18.468,True,-76.93020775271057,61.871229062389666,177.85879613103447,-98
2025-08-09 18:31:19.471,True,-76.93020775271057,61.871229062389666,177.85879613103447,30
2025-08-09 18:31:20.473,True,-76.93020775271057,61.871229062389666,177.85879613103447,30
2025-08-09 18:31:21.476,True,-76.93020775271057,61.871229062389666,177.85879613103447,-113
2025-08-09 18:31:22.479,True,-76.93020775271057,61.871229062389666,177.85879613103447,30
2025-08-09 18:31:23.481,True,-76.93020775271057,61.871229062389666,177.85879613103447,-98
2025-08-09 18:31:24.484,True,-76.93020775271057,61.871229062389666,177.85879613103447,-98
2025-08-09 18:31:25.487,True,-76.93020775271057,61.871229062389666,177.85879613103447,-98
2025-08-09 18:31:26.490,True,-76.93020775271057,61.871229062389666,177.85879613103447,30
2025-08-09 18:31:27.493,True,-76.93020775271057,61.871229062389666,177.85879613103447,30
2025-08-09 18:31:28.495,True,-76.93020775271057,61.871229062389666,177.85879613103447,-98
2025-08-09 18:31:29.499,True,0.0010561180160309955,0.0010552642268266304,0.0010561180160309955,-98
2025-08-09 18:31:30.502,True,-76.93020775271057,61.871229062389666,177.85879613103447,-98
2025-08-09 18:31:31.505,True,-76.93020775271057,61.871229062389666,177.85879613103447,30
2025-08-09 18:31:32.507,True,-76.93020775271057,61.871229062389666,177.85879613103447,-98
2025-08-09 18:31:33.510,True,-76.93020775271057,61.871229062389666,177.85879613103447,30
2025-08-09 18:31:34.519,True,-76.93020775271057,61.871229062389666,177.85879613103447,-98
2025-08-09 18:31:35.525,True,-76.93020775271057,61.871229062389666,177.85879613103447,30
2025-08-09 18:31:36.527,True,-76.93020775271057,61.871229062389666,177.85879613103447,-98
2025-08-09 18:31:37.529,True,-76.93020775271057,61.871229062389666,177.85879613103447,-98
2025-08-09 18:31:38.531,True,-76.93020775271057,61.871229062389666,177.85879613103447,30
2025-08-09 18:31:39.542,True,-76.93020775271057,61.871229062389666,177.85879613103447,-98
2025-08-09 18:31:40.544,True,-76.93020775271057,61.871229062389666,177.85879613103447,30
2025-08-09 18:31:41.546,True,-76.93020775271057,61.871229062389666,177.85879613103447,-98
2025-08-09 18:31:42.549,True,-76.93020775271057,61.871229062389666,177.85879613103447,-98
2025-08-09 18:31:43.553,True,-76.93020775271057,61.871229062389666,177.85879613103447,-98
2025-08-09 18:31:44.555,True,-76.93020775271057,61.871229062389666,177.85879613103447,-98
2025-08-09 18:31:45.557,True,-76.93020775271057,61.871229062389666,177.85879613103447,30
2025-08-09 18:31:46.559,True,-76.93020775271057,61.871229062389666,177.85879613103447,30
2025-08-09 18:31:47.561,True,-76.93020775271057,61.871229062389666,177.85879613103447,30
2025-08-09 18:31:48.564,True,-76.93020775271057,61.871229062389666,177.85879613103447,30
2025-08-09 18:31:49.568,True,-76.93197211880322,61.877347915209675,177.86410021543634,-98
2025-08-09 18:31:50.570,True,-76.93197211880322,61.877347915209675,177.86410021543634,-98
2025-08-09 18:31:51.572,True,-76.93197211880322,61.877347915209675,177.86410021543634,-98
2025-08-09 18:31:52.573,True,-76.93197211880322,61.877347915209675,177.86410021543634,-98
2025-08-09 18:31:53.576,True,-76.93197211880322,61.877347915209675,177.86410021543634,30
2025-08-09 18:31:54.578,True,-76.93197211880322,61.877347915209675,177.86410021543634,-98
2025-08-09 18:31:55.580,True,-76.93197211880322,61.877347915209675,177.86410021543634,30
2025-08-09 18:31:56.584,True,-76.93197211880322,61.877347915209675,177.86410021543634,-98
2025-08-09 18:31:57.588,True,-76.93197211880322,61.877347915209675,177.86410021543634,-98
2025-08-09 18:31:58.590,True,-76.93197211880322,61.877347915209675,177.86410021543634,-98
2025-08-09 18:31:59.600,True,-76.93197211880322,61.877347915209675,177.86410021543634,-98
2025-08-09 18:32:00.602,True,-76.93197211880322,61.877347915209675,177.86410021543634,-98
2025-08-09 18:32:01.604,True,-76.93197211880322,61.877347915209675,177.86410021543634,30
2025-08-09 18:32:02.607,True,-76.93197211880322,61.877347915209675,177.86410021543634,-98
2025-08-09 18:32:03.609,True,-76.93197211880322,61.877347915209675,177.86410021543634,30
2025-08-09 18:32:04.614,True,-76.93197211880322,61.877347915209675,177.86410021543634,-98
2025-08-09 18:32:05.616,True,-76.93197211880322,61.877347915209675,177.86410021543634,-98
2025-08-09 18:32:06.619,True,-76.93197211880322,61.877347915209675,177.86410021543634,30
2025-08-09 18:32:07.621,True,-76.93197211880322,61.877347915209675,177.86410021543634,30
2025-08-09 18:32:08.623,True,-76.93197211880322,61.877347915209675,177.86410021543634,-98
2025-08-09 18:32:09.625,True,-76.93197211880322,61.877347915209675,177.86410021543634,-98
2025-08-09 18:32:10.627,True,-76.93197211880322,61.877347915209675,177.86410021543634,-98
2025-08-09 18:32:11.629,True,-76.93197211880322,61.877347915209675,177.86410021543634,30
2025-08-09 18:32:12.631,True,-76.93197211880322,61.877347915209675,177.86410021543634,30
2025-08-09 18:32:13.633,True,-76.93197211880322,61.877347915209675,177.86410021543634,-98
2025-08-09 18:32:14.635,True,-76.93197211880322,61.877347915209675,177.86410021543634,-98
2025-08-09 18:32:15.638,True,-76.93197211880322,61.877347915209675,177.86410021543634,-98
2025-08-09 18:32:16.640,True,-76.93197211880322,61.877347915209675,177.86410021543634,-98
2025-08-09 18:32:17.643,True,-76.93197211880322,61.877347915209675,177.86410021543634,30
2025-08-09 18:32:18.648,True,-76.93197211880322,61.877347915209675,177.86410021543634,-98
2025-08-09 18:32:19.650,True,-76.93197211880322,61.877347915209675,177.86410021543634,30
2025-08-09 18:32:20.652,True,-76.93197211880322,61.877347915209675,177.86410021543634,-98
2025-08-09 18:32:21.655,True,-76.93197211880322,61.877347915209675,177.86410021543634,30
2025-08-09 18:32:22.658,True,-76.93197211880322,61.877347915209675,177.86410021543634,30
2025-08-09 18:32:23.661,True,-76.93020775271057,61.871229062389666,177.85879613103447,30
2025-08-09 18:32:24.668,True,-76.93020775271057,61.871229062389666,177.85879613103447,30
2025-08-09 18:32:25.670,True,-76.93020775271057,61.871229062389666,177.85879613103447,30
2025-08-09 18:32:26.673,True,-76.93020775271057,61.871229062389666,177.85879613103447,-98
2025-08-09 18:32:27.675,True,-76.93020775271057,61.871229062389666,177.85879613103447,-98
2025-08-09 18:32:28.678,True,-76.93020775271057,61.871229062389666,177.85879613103447,-98
2025-08-09 18:32:29.681,True,-76.93020775271057,61.871229062389666,177.85879613103447,-98
2025-08-09 18:32:30.684,True,-76.93020775271057,61.871229062389666,177.85879613103447,30
2025-08-09 18:32:31.686,True,-76.93020775271057,61.871229062389666,177.85879613103447,30
2025-08-09 18:32:32.688,True,-76.93020775271057,61.871229062389666,177.85879613103447,-98
2025-08-09 18:32:33.691,True,-76.91273172056407,61.866672185106225,177.86432956129295,-98
2025-08-09 18:32:34.694,True,-74.65964036606448,61.28887410923189,178.5991133608888,-98
2025-08-09 18:32:35.695,True,-76.91273172056407,61.866672185106225,177.86432956129295,-98
2025-08-09 18:32:36.698,True,-76.91273172056407,61.866672185106225,177.86432956129295,-98
2025-08-09 18:32:37.701,True,-76.91273172056407,61.866672185106225,177.86432956129295,30
2025-08-09 18:32:38.704,True,-76.91273172056407,61.866672185106225,177.86432956129295,30
2025-08-09 18:32:39.956,True,-76.91273172056407,61.866672185106225,177.86432956129295,30
2025-08-09 18:32:40.959,True,-76.91273172056407,61.866672185106225,177.86432956129295,-98
2025-08-09 18:32:41.961,True,-76.91273172056407,61.866672185106225,177.86432956129295,-98
2025-08-09 18:32:42.963,True,-76.91273172056407,61.866672185106225,177.86432956129295,30
2025-08-09 18:32:43.965,True,-76.91273172056407,61.866672185106225,177.86432956129295,30
2025-08-09 18:32:44.967,True,-76.91273172056407,61.866672185106225,177.86432956129295,30
2025-08-09 18:32:45.969,True,-76.91273172056407,61.866672185106225,177.86432956129295,-98
2025-08-09 18:32:46.972,True,-76.91273172056407,61.866672185106225,177.86432956129295,-98
2025-08-09 18:32:47.974,True,-76.91273172056407,61.866672185106225,177.86432956129295,30
2025-08-09 18:32:48.976,True,-76.91273172056407,61.866672185106225,177.86432956129295,-98
2025-08-09 18:32:49.978,True,-76.91273172056407,61.866672185106225,177.86432956129295,30
2025-08-09 18:32:50.980,True,-76.91273172056407,61.866672185106225,177.86432956129295,30
2025-08-09 18:32:51.982,True,-76.91273172056407,61.866672185106225,177.86432956129295,30
2025-08-09 18:32:52.984,True,-76.91273172056407,61.866672185106225,177.86432956129295,30
2025-08-09 18:32:53.987,True,-76.91273172056407,61.866672185106225,177.86432956129295,-98
2025-08-09 18:32:54.989,True,-76.91273172056407,61.866672185106225,177.86432956129295,30
2025-08-09 18:32:55.991,True,-76.91134590009027,61.87447352307921,177.87437689220258,-98
2025-08-09 18:32:56.993,True,-76.91134590009027,61.87447352307921,177.87437689220258,-98
2025-08-09 18:32:57.995,True,-76.91134590009027,61.87447352307921,177.87437689220258,30
2025-08-09 18:32:58.997,True,-77.08641732902723,60.89150126461718,176.58959608010642,30
2025-08-09 18:32:59.999,True,-76.91134590009027,61.87447352307921,177.87437689220258,30
2025-08-09 18:33:01.002,True,-76.91134590009027,61.87447352307921,177.87437689220258,-98
2025-08-09 18:33:02.004,True,-76.91134590009027,61.87447352307921,177.87437689220258,-98
2025-08-09 18:33:03.006,True,-76.93197211880322,61.877347915209675,177.86410021543634,-98
2025-08-09 18:33:04.008,True,-76.93197211880322,61.877347915209675,177.86410021543634,30
2025-08-09 18:33:05.010,True,-76.93197211880322,61.877347915209675,177.86410021543634,-98
2025-08-09 18:33:06.012,True,-76.93197211880322,61.877347915209675,177.86410021543634,-98
2025-08-09 18:33:07.013,True,-76.93197211880322,61.877347915209675,177.86410021543634,-98
2025-08-09 18:33:08.015,True,-76.93197211880322,61.877347915209675,177.86410021543634,-98
2025-08-09 18:33:09.017,True,-76.93197211880322,61.877347915209675,177.86410021543634,30
2025-08-09 18:33:10.019,True,-76.93197211880322,61.877347915209675,177.86410021543634,-98
2025-08-09 18:33:11.021,True,-76.93197211880322,61.877347915209675,177.86410021543634,30
2025-08-09 18:33:12.024,True,-76.93197211880322,61.877347915209675,177.86410021543634,-98
2025-08-09 18:33:13.026,True,-76.93197211880322,61.877347915209675,177.86410021543634,-98
2025-08-09 18:33:14.027,True,-76.93197211880322,61.877347915209675,177.86410021543634,29
2025-08-09 18:33:15.029,True,-76.93197211880322,61.877347915209675,177.86410021543634,-98
2025-08-09 18:33:16.031,True,-76.93197211880322,61.877347915209675,177.86410021543634,-98
2025-08-09 18:33:17.034,True,-76.93197211880322,61.877347915209675,177.86410021543634,30
2025-08-09 18:33:18.036,True,-76.93197211880322,61.877347915209675,177.86410021543634,-98
2025-08-09 18:33:19.037,True,-76.93197211880322,61.877347915209675,177.86410021543634,30
2025-08-09 18:33:20.039,True,-76.93197211880322,61.877347915209675,177.86410021543634,30
2025-08-09 18:33:21.041,True,-76.93197211880322,61.877347915209675,177.86410021543634,-99
2025-08-09 18:33:22.042,True,-76.93197211880322,61.877347915209675,177.86410021543634,-98
2025-08-09 18:33:23.044,True,-76.93197211880322,61.877347915209675,177.86410021543634,30
2025-08-09 18:33:24.046,True,-76.93197211880322,61.877347915209675,177.86410021543634,-98
2025-08-09 18:33:25.048,True,-76.93197211880322,61.877347915209675,177.86410021543634,-98
2025-08-09 18:33:26.051,True,-76.93197211880322,61.877347915209675,177.86410021543634,-98
2025-08-09 18:33:27.053,True,-76.93197211880322,61.877347915209675,177.86410021543634,-98
2025-08-09 18:33:28.056,True,-76.93197211880322,61.877347915209675,177.86410021543634,30
2025-08-09 18:33:29.060,True,-76.93197211880322,61.877347915209675,177.86410021543634,-99
2025-08-09 18:33:30.061,True,-76.93197211880322,61.877347915209675,177.86410021543634,30
2025-08-09 18:33:31.063,True,-76.93197211880322,61.877347915209675,177.86410021543634,30
2025-08-09 18:33:32.065,True,-76.93197211880322,61.877347915209675,177.86410021543634,-99
2025-08-09 18:33:33.067,True,-76.93197211880322,61.877347915209675,177.86410021543634,-99
2025-08-09 18:33:34.069,True,-76.93197211880322,61.877347915209675,177.86410021543634,-99
2025-08-09 18:33:35.072,True,-76.93197211880322,61.877347915209675,177.86410021543634,29
2025-08-09 18:33:36.075,True,-76.93197211880322,61.877347915209675,177.86410021543634,29
2025-08-09 18:33:37.077,True,-76.93197211880322,61.877347915209675,177.86410021543634,29
2025-08-09 18:33:38.079,True,-76.93197211880322,61.877347915209675,177.86410021543634,29
2025-08-09 18:33:39.081,True,-76.93197211880322,61.877347915209675,177.86410021543634,29
2025-08-09 18:33:40.083,True,-76.93197211880322,61.877347915209675,177.86410021543634,30
2025-08-09 18:33:41.085,True,-76.93197211880322,61.877347915209675,177.86410021543634,-98
2025-08-09 18:33:42.088,True,-76.93197211880322,61.877347915209675,177.86410021543634,30
2025-08-09 18:33:43.091,True,-76.93197211880322,61.877347915209675,177.86410021543634,30
2025-08-09 18:33:44.094,True,-76.93197211880322,61.877347915209675,177.86410021543634,30
2025-08-09 18:33:45.097,True,-76.93197211880322,61.877347915209675,177.86410021543634,-98
2025-08-09 18:33:46.100,True,-76.93197211880322,61.877347915209675,177.86410021543634,-98
2025-08-09 18:33:47.103,True,-76.93197211880322,61.877347915209675,177.86410021543634,-98
2025-08-09 18:33:48.105,True,-76.93197211880322,61.877347915209675,177.86410021543634,-98
2025-08-09 18:33:49.107,True,-76.93197211880322,61.877347915209675,177.86410021543634,29
2025-08-09 18:33:50.111,True,-76.93197211880322,61.877347915209675,177.86410021543634,30
2025-08-09 18:33:51.113,True,-76.93197211880322,61.877347915209675,177.86410021543634,-98
2025-08-09 18:33:52.115,True,-76.93197211880322,61.877347915209675,177.86410021543634,30
2025-08-09 18:33:53.117,True,-76.93197211880322,61.877347915209675,177.86410021543634,-98
2025-08-09 18:33:54.120,True,-76.93197211880322,61.877347915209675,177.86410021543634,-99
2025-08-09 18:33:55.122,True,-76.93197211880322,61.877347915209675,177.86410021543634,30
2025-08-09 18:33:56.126,True,-76.93197211880322,61.877347915209675,177.86410021543634,30
2025-08-09 18:33:57.129,True,-76.93197211880322,61.877347915209675,177.86410021543634,30
2025-08-09 18:33:58.132,True,-76.93197211880322,61.877347915209675,177.86410021543634,30
2025-08-09 18:33:59.134,True,-76.93197211880322,61.877347915209675,177.86410021543634,-98
2025-08-09 18:34:00.137,True,-76.93197211880322,61.877347915209675,177.86410021543634,30
2025-08-09 18:34:01.140,True,-76.93197211880322,61.877347915209675,177.86410021543634,-98
2025-08-09 18:34:02.143,True,-76.93197211880322,61.877347915209675,177.86410021543634,-98
2025-08-09 18:34:03.146,True,-76.93197211880322,61.877347915209675,177.86410021543634,30
2025-08-09 18:34:04.150,True,-76.93197211880322,61.877347915209675,177.86410021543634,30
2025-08-09 18:34:05.153,True,-76.93197211880322,61.877347915209675,177.86410021543634,30
2025-08-09 18:34:06.155,True,-76.91134590009027,61.87447352307921,177.87437689220258,29
2025-08-09 18:34:07.157,True,-76.91134590009027,61.87447352307921,177.87437689220258,-99
2025-08-09 18:34:08.160,True,-76.91134590009027,61.87447352307921,177.87437689220258,30
2025-08-09 18:34:09.162,True,-76.91134590009027,61.87447352307921,177.87437689220258,-99
2025-08-09 18:34:10.166,True,-76.91134590009027,61.87447352307921,177.87437689220258,29
2025-08-09 18:34:11.169,True,-76.91134590009027,61.87447352307921,177.87437689220258,30
2025-08-09 18:34:12.171,True,-76.91134590009027,61.87447352307921,177.87437689220258,-99
2025-08-09 18:34:13.174,True,-76.91134590009027,61.87447352307921,177.87437689220258,-98
2025-08-09 18:34:14.177,True,-76.91134590009027,61.87447352307921,177.87437689220258,-99
2025-08-09 18:34:15.181,True,-76.91134590009027,61.87447352307921,177.87437689220258,-99
2025-08-09 18:34:16.184,True,-76.91134590009027,61.87447352307921,177.87437689220258,30
2025-08-09 18:34:17.187,True,-76.91134590009027,61.87447352307921,177.87437689220258,30
2025-08-09 18:34:18.190,True,-76.91134590009027,61.87447352307921,177.87437689220258,29
2025-08-09 18:34:19.192,True,-76.91134590009027,61.87447352307921,177.87437689220258,-98
2025-08-09 18:34:20.195,True,-76.91134590009027,61.87447352307921,177.87437689220258,-98
2025-08-09 18:34:21.198,True,-76.91134590009027,61.87447352307921,177.87437689220258,30
2025-08-09 18:34:22.200,True,-76.91134590009027,61.87447352307921,177.87437689220258,-99
2025-08-09 18:34:23.203,True,-76.95220595821935,61.86629828507319,177.83849244077882,-99
2025-08-09 18:34:24.206,True,-76.95220595821935,61.86629828507319,177.83849244077882,29
2025-08-09 18:34:25.210,True,-76.95220595821935,61.86629828507319,177.83849244077882,29
2025-08-09 18:34:26.217,True,-76.95220595821935,61.86629828507319,177.83849244077882,-98
2025-08-09 18:34:27.219,True,-76.95220595821935,61.86629828507319,177.83849244077882,-99
2025-08-09 18:34:28.221,True,-76.95220595821935,61.86629828507319,177.83849244077882,-99
2025-08-09 18:34:29.223,True,-76.95220595821935,61.86629828507319,177.83849244077882,-114
2025-08-09 18:34:30.317,True,-76.95220595821935,61.86629828507319,177.83849244077882,-99
2025-08-09 18:34:31.320,True,-76.95220595821935,61.86629828507319,177.83849244077882,29
2025-08-09 18:34:32.323,True,-76.95220595821935,61.86629828507319,177.83849244077882,29
2025-08-09 18:34:33.325,True,-76.95220595821935,61.86629828507319,177.83849244077882,-98
2025-08-09 18:34:34.328,True,-76.95220595821935,61.86629828507319,177.83849244077882,29
2025-08-09 18:34:35.331,True,-76.95220595821935,61.86629828507319,177.83849244077882,29
2025-08-09 18:34:36.333,True,-76.95220595821935,61.86629828507319,177.83849244077882,29
2025-08-09 18:34:37.335,True,-76.95220595821935,61.86629828507319,177.83849244077882,-98
2025-08-09 18:34:38.337,True,-76.95220595821935,61.86629828507319,177.83849244077882,30
2025-08-09 18:34:39.339,True,-76.95220595821935,61.86629828507319,177.83849244077882,-98
2025-08-09 18:34:40.341,True,-76.95220595821935,61.86629828507319,177.83849244077882,29
2025-08-09 18:34:41.343,True,-76.95220595821935,61.86629828507319,177.83849244077882,-99
2025-08-09 18:34:42.345,True,-76.95220595821935,61.86629828507319,177.83849244077882,30
2025-08-09 18:34:43.347,True,-76.95220595821935,61.86629828507319,177.83849244077882,-98
2025-08-09 18:34:44.349,True,-76.95220595821935,61.86629828507319,177.83849244077882,-98
2025-08-09 18:34:45.352,True,-76.95220595821935,61.86629828507319,177.83849244077882,-98
2025-08-09 18:34:46.355,True,-76.95220595821935,61.86629828507319,177.83849244077882,-98
2025-08-09 18:34:47.358,True,-76.95220595821935,61.86629828507319,177.83849244077882,-99
2025-08-09 18:34:48.360,True,-76.95220595821935,61.86629828507319,177.83849244077882,29
2025-08-09 18:34:49.362,True,-76.95220595821935,61.86629828507319,177.83849244077882,30
2025-08-09 18:34:50.364,True,-76.95220595821935,61.86629828507319,177.83849244077882,-99
2025-08-09 18:34:51.366,True,-76.95220595821935,61.86629828507319,177.83849244077882,-98
2025-08-09 18:34:52.368,True,-76.95220595821935,61.86629828507319,177.83849244077882,-98
2025-08-09 18:34:53.370,True,-76.95220595821935,61.86629828507319,177.83849244077882,30
2025-08-09 18:34:54.372,True,-76.95220595821935,61.86629828507319,177.83849244077882,29
2025-08-09 18:34:55.374,True,-76.95220595821935,61.86629828507319,177.83849244077882,-98
2025-08-09 18:34:56.376,True,-76.95220595821935,61.86629828507319,177.83849244077882,-98
2025-08-09 18:34:57.378,True,-76.95220595821935,61.86629828507319,177.83849244077882,-98
2025-08-09 18:34:58.381,True,-76.95220595821935,61.86629828507319,177.83849244077882,30
2025-08-09 18:34:59.383,True,-76.94131987726533,61.85625086468637,177.84628659236606,29
2025-08-09 18:35:00.386,True,-76.94131987726533,61.85625086468637,177.84628659236606,30
2025-08-09 18:35:01.389,True,-77.11583564838666,60.87361786105345,176.5626008517878,30
2025-08-09 18:35:02.392,True,-76.9236230200069,61.87672211877478,177.85653004801097,30
2025-08-09 18:35:03.394,True,-76.90652501099463,61.88608776086513,177.87741866298026,29
2025-08-09 18:35:04.396,True,-76.90652501099463,61.88608776086513,177.87741866298026,-99
2025-08-09 18:35:05.399,True,-76.90652501099463,61.88608776086513,177.87741866298026,29
2025-08-09 18:35:06.401,True,-76.90652501099463,61.88608776086513,177.87741866298026,30
2025-08-09 18:35:07.403,True,-76.90652501099463,61.88608776086513,177.87741866298026,30
2025-08-09 18:35:08.407,True,-76.90652501099463,61.88608776086513,177.87741866298026,29
2025-08-09 18:35:09.410,True,-76.90652501099463,61.88608776086513,177.87741866298026,-98
2025-08-09 18:35:10.413,True,-76.90652501099463,61.88608776086513,177.87741866298026,-113
2025-08-09 18:35:11.415,True,-76.90652501099463,61.88608776086513,177.87741866298026,29
2025-08-09 18:35:12.417,True,-76.90652501099463,61.88608776086513,177.87741866298026,-99
2025-08-09 18:35:13.419,True,-76.90652501099463,61.88608776086513,177.87741866298026,30
2025-08-09 18:35:14.422,True,-76.90652501099463,61.88608776086513,177.87741866298026,-98
2025-08-09 18:35:15.424,True,-76.90652501099463,61.88608776086513,177.87741866298026,-98
2025-08-09 18:35:16.426,True,-76.90652501099463,61.88608776086513,177.87741866298026,-99
2025-08-09 18:35:17.428,True,-76.90652501099463,61.88608776086513,177.87741866298026,-99
2025-08-09 18:35:18.430,True,-76.90652501099463,61.88608776086513,177.87741866298026,-99
2025-08-09 18:35:19.431,True,-76.8969261840906,61.888368918814564,176.63063754621578,30
2025-08-09 18:35:20.433,True,-76.89366990232105,61.88145983360782,175.69563273066203,30
2025-08-09 18:35:21.435,True,-76.90924558638152,61.89332590488457,175.02388056008488,30
2025-08-09 18:35:22.438,True,148.84713054867356,-15.94903043279095,-159.0902133316999,29
2025-08-09 18:35:23.440,True,-76.90338535075232,61.89324797858488,174.75513905991676,-99
2025-08-09 18:35:24.442,True,-76.8930998183175,61.88773383751168,174.6182107664763,30
2025-08-09 18:35:25.444,True,-76.8930998183175,61.88773383751168,174.6182107664763,30
2025-08-09 18:35:26.445,True,-76.8930998183175,61.88773383751168,174.6182107664763,-99
2025-08-09 18:35:27.447,True,-76.8930998183175,61.88773383751168,174.6182107664763,-98
2025-08-09 18:35:28.450,True,-76.8930998183175,61.88773383751168,174.6182107664763,30
2025-08-09 18:35:29.453,True,-76.8930998183175,61.88773383751168,174.6182107664763,30
2025-08-09 18:35:30.456,True,-76.8930998183175,61.88773383751168,174.6182107664763,-98
2025-08-09 18:35:31.458,True,-76.8930998183175,61.88773383751168,174.6182107664763,30
2025-08-09 18:35:32.460,True,-76.8930998183175,61.88773383751168,174.6182107664763,29
2025-08-09 18:35:33.462,True,-76.8930998183175,61.88773383751168,174.6182107664763,30
2025-08-09 18:35:34.464,True,-76.8930998183175,61.88773383751168,174.6182107664763,-98
2025-08-09 18:35:35.466,True,-76.8930998183175,61.88773383751168,174.6182107664763,-98
2025-08-09 18:35:36.469,True,-76.8930998183175,61.88773383751168,174.6182107664763,-98
2025-08-09 18:35:37.470,True,-76.8930998183175,61.88773383751168,174.6182107664763,-99
2025-08-09 18:35:38.473,True,-76.8930998183175,61.88773383751168,174.6182107664763,-99
2025-08-09 18:35:39.475,True,-76.8930998183175,61.88773383751168,174.6182107664763,-98
2025-08-09 18:35:40.478,True,-76.8930998183175,61.88773383751168,174.6182107664763,29
2025-08-09 18:35:41.480,True,-76.8930998183175,61.88773383751168,174.6182107664763,-98
2025-08-09 18:35:42.482,True,-76.8930998183175,61.88773383751168,174.6182107664763,-99
2025-08-09 18:35:43.484,True,-76.8930998183175,61.88773383751168,174.6182107664763,-98
2025-08-09 18:35:44.487,True,-76.8930998183175,61.88773383751168,174.6182107664763,30
2025-08-09 18:35:45.489,True,-76.8930998183175,61.88773383751168,174.6182107664763,30
2025-08-09 18:35:46.491,True,-76.8930998183175,61.88773383751168,174.6182107664763,-99
2025-08-09 18:35:47.493,True,-76.8930998183175,61.88773383751168,174.6182107664763,-99
2025-08-09 18:35:48.495,True,-76.8930998183175,61.88773383751168,174.6182107664763,-98
2025-08-09 18:35:49.497,True,-76.8930998183175,61.88773383751168,174.6182107664763,30
2025-08-09 18:35:50.500,True,-76.8930998183175,61.88773383751168,174.6182107664763,-98
2025-08-09 18:35:51.503,True,-76.8930998183175,61.88773383751168,174.6182107664763,-98
2025-08-09 18:35:52.505,True,-76.8930998183175,61.88773383751168,174.6182107664763,30
2025-08-09 18:35:53.507,True,-76.8930998183175,61.88773383751168,174.6182107664763,-98
2025-08-09 18:35:54.509,True,-76.8930998183175,61.88773383751168,174.6182107664763,-98
2025-08-09 18:35:55.511,True,-76.8930998183175,61.88773383751168,174.6182107664763,-98
2025-08-09 18:35:56.513,True,-76.8930998183175,61.88773383751168,174.6182107664763,-98
2025-08-09 18:35:57.515,True,-76.8930998183175,61.88773383751168,174.6182107664763,30
2025-08-09 18:35:58.518,True,-76.8930998183175,61.88773383751168,174.6182107664763,30
2025-08-09 18:35:59.519,True,-76.8930998183175,61.88773383751168,174.6182107664763,-98
2025-08-09 18:36:00.521,True,-76.8930998183175,61.88773383751168,174.6182107664763,-98
2025-08-09 18:36:01.524,True,-76.8930998183175,61.88773383751168,174.6182107664763,30
2025-08-09 18:36:02.527,True,-76.8930998183175,61.88773383751168,174.6182107664763,-98
2025-08-09 18:36:03.529,True,-76.8930998183175,61.88773383751168,174.6182107664763,29
2025-08-09 18:36:04.531,True,-76.8930998183175,61.88773383751168,174.6182107664763,30
2025-08-09 18:36:05.534,True,-76.8930998183175,61.88773383751168,174.6182107664763,-99
2025-08-09 18:36:06.536,True,-76.8930998183175,61.88773383751168,174.6182107664763,-98
2025-08-09 18:36:07.538,True,-76.8930998183175,61.88773383751168,174.6182107664763,-98
2025-08-09 18:36:08.541,True,-76.8930998183175,61.88773383751168,174.6182107664763,-99
2025-08-09 18:36:09.542,True,-76.8930998183175,61.88773383751168,174.6182107664763,-99
2025-08-09 18:36:10.545,True,-76.8930998183175,61.88773383751168,174.6182107664763,30
2025-08-09 18:36:11.547,True,-76.8930998183175,61.88773383751168,174.6182107664763,30
2025-08-09 18:36:12.553,True,-76.8930998183175,61.88773383751168,174.6182107664763,29
2025-08-09 18:36:13.555,True,-76.8930998183175,61.88773383751168,174.6182107664763,29
2025-08-09 18:36:14.557,True,-76.8930998183175,61.88773383751168,174.6182107664763,-98
2025-08-09 18:36:15.559,True,-76.8930998183175,61.88773383751168,174.6182107664763,-98
2025-08-09 18:36:16.560,True,-76.8930998183175,61.88773383751168,174.6182107664763,-98
2025-08-09 18:36:17.562,True,-76.8930998183175,61.88773383751168,174.6182107664763,29
2025-08-09 18:36:18.565,True,-76.8930998183175,61.88773383751168,174.6182107664763,30
2025-08-09 18:36:19.567,True,-76.8930998183175,61.88773383751168,174.6182107664763,30
2025-08-09 18:36:20.570,True,-76.8930998183175,61.88773383751168,174.6182107664763,-98
2025-08-09 18:36:21.572,True,-76.8930998183175,61.88773383751168,174.6182107664763,-98
2025-08-09 18:36:22.574,True,-76.8930998183175,61.88773383751168,174.6182107664763,-99
2025-08-09 18:36:23.576,True,-76.8930998183175,61.88773383751168,174.6182107664763,30
2025-08-09 18:36:24.578,True,-76.8930998183175,61.88773383751168,174.6182107664763,30
2025-08-09 18:36:25.580,True,-76.90276000989388,61.89157261113531,174.6044488985121,30
2025-08-09 18:36:26.583,True,-76.90276000989388,61.89157261113531,174.6044488985121,30
2025-08-09 18:36:27.585,True,-76.90276000989388,61.89157261113531,174.6044488985121,-99
2025-08-09 18:36:28.587,True,-76.90276000989388,61.89157261113531,174.6044488985121,29
2025-08-09 18:36:29.589,True,-76.90276000989388,61.89157261113531,174.6044488985121,29
2025-08-09 18:36:30.591,True,-76.90276000989388,61.89157261113531,174.6044488985121,-99
2025-08-09 18:36:31.594,True,-76.90276000989388,61.89157261113531,174.6044488985121,-99
2025-08-09 18:36:32.596,True,-76.90276000989388,61.89157261113531,174.6044488985121,-99
2025-08-09 18:36:33.598,True,-76.90276000989388,61.89157261113531,174.6044488985121,30
2025-08-09 18:36:34.602,True,-76.90276000989388,61.89157261113531,174.6044488985121,29
2025-08-09 18:36:35.604,True,-76.90276000989388,61.89157261113531,174.6044488985121,-99
2025-08-09 18:36:36.607,True,-76.90276000989388,61.89157261113531,174.6044488985121,29
2025-08-09 18:36:37.609,True,-76.90276000989388,61.89157261113531,174.6044488985121,-98
2025-08-09 18:36:38.611,True,-76.90276000989388,61.89157261113531,174.6044488985121,29
2025-08-09 18:36:39.613,True,-76.90276000989388,61.89157261113531,174.6044488985121,29
2025-08-09 18:36:40.615,True,-76.90132196328291,61.899200850743455,174.61458921304157,29
2025-08-09 18:36:41.618,True,-76.90132196328291,61.899200850743455,174.61458921304157,-99
2025-08-09 18:36:42.620,True,-76.90132196328291,61.899200850743455,174.61458921304157,-98
2025-08-09 18:36:43.622,True,-76.90132196328291,61.899200850743455,174.61458921304157,-99
2025-08-09 18:36:44.624,True,-76.90132196328291,61.899200850743455,174.61458921304157,-99
2025-08-09 18:36:45.626,True,-76.90132196328291,61.899200850743455,174.61458921304157,-99
2025-08-09 18:36:46.628,True,-76.90132196328291,61.899200850743455,174.61458921304157,29
2025-08-09 18:36:47.630,True,-76.90132196328291,61.899200850743455,174.61458921304157,30
2025-08-09 18:36:48.632,True,-76.90132196328291,61.899200850743455,174.61458921304157,-113
2025-08-09 18:36:49.634,True,-76.90132196328291,61.899200850743455,174.61458921304157,29
2025-08-09 18:36:50.637,True,-76.90132196328291,61.899200850743455,174.61458921304157,-99
2025-08-09 18:36:51.639,True,-76.90132196328291,61.899200850743455,174.61458921304157,29
2025-08-09 18:36:52.641,True,-76.90132196328291,61.899200850743455,174.61458921304157,29
2025-08-09 18:36:53.642,True,-76.90132196328291,61.899200850743455,174.61458921304157,30
2025-08-09 18:36:54.645,True,-76.90132196328291,61.899200850743455,174.61458921304157,-98
2025-08-09 18:36:55.648,True,-76.90132196328291,61.899200850743455,174.61458921304157,-98
2025-08-09 18:36:56.649,True,-76.90132196328291,61.899200850743455,174.61458921304157,30
2025-08-09 18:36:57.651,True,-76.90132196328291,61.899200850743455,174.61458921304157,-99
2025-08-09 18:36:58.653,True,-76.90132196328291,61.899200850743455,174.61458921304157,30
2025-08-09 18:36:59.654,True,-76.90132196328291,61.899200850743455,174.61458921304157,-98
2025-08-09 18:37:00.657,True,-76.90132196328291,61.899200850743455,174.61458921304157,29
2025-08-09 18:37:01.659,True,-76.90132196328291,61.899200850743455,174.61458921304157,29
2025-08-09 18:37:02.662,True,-76.90132196328291,61.899200850743455,174.61458921304157,-99
2025-08-09 18:37:03.664,True,-76.90132196328291,61.899200850743455,174.61458921304157,-114
2025-08-09 18:37:04.666,True,-76.90132196328291,61.899200850743455,174.61458921304157,29
2025-08-09 18:37:05.668,True,-76.90132196328291,61.899200850743455,174.61458921304157,29
2025-08-09 18:37:06.670,True,-76.90132196328291,61.899200850743455,174.61458921304157,-99
2025-08-09 18:37:07.672,True,-76.90132196328291,61.899200850743455,174.61458921304157,29
2025-08-09 18:37:08.676,True,-76.90132196328291,61.899200850743455,174.61458921304157,30
2025-08-09 18:37:09.680,True,-76.90132196328291,61.899200850743455,174.61458921304157,-99
2025-08-09 18:37:10.682,True,-76.90132196328291,61.899200850743455,174.61458921304157,-99
                                                                                                                                                                                                                                                                                                                                                                                                                                                                                                                                                                                                                                                                                                                                                                                                                                                                                                                                                                                                                                                                                                                                                                                                                       2025-08-09 18:37:07.820,True,0.0,0.0,0.0,0.0
2025-08-09 18:37:08.843,True,-2.6859600342938292,0.3705774853124126,-0.008688182389862697,-103
2025-08-09 18:37:09.845,True,-2.6859600342938292,0.3705774853124126,-0.008688182389862697,-103
2025-08-09 18:37:10.847,True,-2.6859600342938292,0.3705774853124126,-0.008688182389862697,-103
2025-08-09 18:37:11.849,True,-2.6859600342938292,0.3705774853124126,-0.008688182389862697,25
2025-08-09 18:37:12.851,True,-2.6859600342938292,0.3705774853124126,-0.008688182389862697,-103
2025-08-09 18:37:14.133,True,-2.6859600342938292,0.3705774853124126,-0.008688182389862697,-102
2025-08-09 18:37:15.136,True,-2.6859600342938292,0.3705774853124126,-0.008688182389862697,26
2025-08-09 18:37:16.138,True,-2.6859600342938292,0.3705774853124126,-0.008688182389862697,26
2025-08-09 18:37:17.140,True,-2.6859600342938292,0.3705774853124126,-0.008688182389862697,26
2025-08-09 18:37:18.881,True,-2.6859600342938292,0.3705774853124126,-0.008688182389862697,-102
2025-08-09 18:37:28.577,True,-2.6859600342938292,0.3705774853124126,-0.008688182389862697,-102
2025-08-09 18:37:29.580,True,-2.6859600342938292,0.3705774853124126,-0.008688182389862697,-102
2025-08-09 18:37:30.653,True,-2.6859600342938292,0.3705774853124126,-0.008688182389862697,-102
2025-08-09 18:37:31.654,True,-2.6859600342938292,0.3705774853124126,-0.008688182389862697,-102
2025-08-09 18:37:32.657,True,-2.6859600342938292,0.3705774853124126,-0.008688182389862697,26
2025-08-09 20:17:03.822,True,-2.6859600342938292,0.3705774853124126,-0.008688182389862697,-102
2025-08-09 20:17:04.895,True,-2.6859600342938292,0.3705774853124126,-0.008688182389862697,-102
2025-08-09 20:17:05.897,True,2.6875975109465027,-0.37080374006393246,-0.008688182389862697,26
2025-08-09 20:24:52.304,True,0.0,0.0,0.0,0.0
2025-08-09 20:24:53.311,True,-2.671950447864395,0.3356169245090715,-0.007827531108614637,-101
2025-08-09 20:24:54.313,True,-2.671950447864395,0.3356169245090715,-0.007827531108614637,-101
2025-08-09 20:24:57.778,True,-2.671948557298289,0.3286248277597471,-0.007664452120786136,-101
2025-08-09 20:24:58.781,True,-2.671948557298289,0.3286248277597471,-0.007664452120786136,27
2025-08-09 20:24:59.783,True,-2.671948557298289,0.3286248277597471,-0.007664452120786136,27
2025-08-09 20:25:00.786,True,-2.671948557298289,0.3286248277597471,-0.007664452120786136,27
2025-08-09 20:25:02.034,True,-2.671948557298289,0.3286248277597471,-0.007664452120786136,-101
2025-08-09 20:25:03.037,True,-2.671948557298289,0.3286248277597471,-0.007664452120786136,27
2025-08-09 20:25:04.039,True,-2.671950447864395,0.3356169245090715,-0.007827531108614637,-101
2025-08-09 20:25:05.041,True,-2.671950447864395,0.3356169245090715,-0.007827531108614637,27
2025-08-09 20:25:06.043,True,-2.671950447864395,0.3356169245090715,-0.007827531108614637,-101
2025-08-09 20:25:07.045,True,-2.671950447864395,0.3356169245090715,-0.007827531108614637,-101
2025-08-09 20:25:08.048,True,-2.671948557298289,0.3286248277597471,-0.007664452120786136,27
2025-08-09 20:25:09.051,True,-2.671948557298289,0.3286248277597471,-0.007664452120786136,-101
2025-08-09 20:25:10.053,True,-2.671948557298289,0.3286248277597471,-0.007664452120786136,27
2025-08-09 20:25:11.056,True,-2.671948557298289,0.3286248277597471,-0.007664452120786136,27
2025-08-09 20:25:18.514,True,-2.6649488799842826,0.3286248277597471,-0.007644388110237152,-101
2025-08-09 20:25:19.517,True,-2.6649488799842826,0.3286248277597471,-0.007644388110237152,27
2025-08-09 20:25:20.522,True,-2.6649488799842826,0.3286248277597471,-0.007644388110237152,-101
2025-08-09 20:25:21.524,True,-2.6649488799842826,0.3286248277597471,-0.007644388110237152,-101
2025-08-09 20:25:22.525,True,-2.6649488799842826,0.3286248277597471,-0.007644388110237152,27
2025-08-09 20:25:23.528,True,-2.6649488799842826,0.3286248277597471,-0.007644388110237152,-101
2025-08-09 20:25:24.530,True,-2.6649488799842826,0.3286248277597471,-0.007644388110237152,-101
2025-08-09 20:25:25.533,True,-2.6649488799842826,0.3286248277597471,-0.007644388110237152,27
2025-08-09 20:25:26.537,True,-2.6649488799842826,0.3286248277597471,-0.007644388110237152,27
2025-08-09 20:25:27.539,True,-2.6649488799842826,0.3286248277597471,-0.007644388110237152,-101
2025-08-09 20:25:28.541,True,-2.6649488799842826,0.3286248277597471,-0.007644388110237152,27
2025-08-09 20:25:29.544,True,-2.6649488799842826,0.3286248277597471,-0.007644388110237152,27
2025-08-09 20:25:30.546,True,-2.6649488799842826,0.3286248277597471,-0.007644388110237152,-101
2025-08-09 20:25:31.548,True,-2.6649488799842826,0.3286248277597471,-0.007644388110237152,-101
2025-08-09 20:25:32.550,True,-2.6649488799842826,0.3286248277597471,-0.007644388110237152,-101
2025-08-09 20:25:33.552,True,-2.6649488799842826,0.3286248277597471,-0.007644388110237152,-101
2025-08-09 20:25:34.557,True,-2.6649488799842826,0.3286248277597471,-0.007644388110237152,-101
2025-08-09 20:25:35.559,True,-2.6649488799842826,0.3286248277597471,-0.007644388110237152,27
2025-08-09 20:25:36.561,True,-2.6649488799842826,0.3286248277597471,-0.007644388110237152,-101
2025-08-09 20:25:37.563,True,-2.6649488799842826,0.3286248277597471,-0.007644388110237152,-101
2025-08-09 20:25:38.565,True,-2.6649488799842826,0.3286248277597471,-0.007644388110237152,-101
2025-08-09 20:25:39.567,True,-2.6649488799842826,0.3286248277597471,-0.007644388110237152,27
2025-08-09 20:25:40.569,True,-2.6649488799842826,0.3286248277597471,-0.007644388110237152,-101
2025-08-09 20:25:41.570,True,-2.6649488799842826,0.3286248277597471,-0.007644388110237152,-101
2025-08-09 20:25:42.572,True,-2.6649488799842826,0.3286248277597471,-0.007644388110237152,-101
2025-08-09 20:25:43.574,True,-2.6649488799842826,0.3286248277597471,-0.007644388110237152,27
2025-08-09 20:25:44.576,True,-2.6649488799842826,0.3286248277597471,-0.007644388110237152,27
2025-08-09 20:25:45.579,True,-2.6649488799842826,0.3286248277597471,-0.007644388110237152,27
2025-08-09 20:25:46.581,True,-2.664947034067074,0.32163273590454056,-0.007481736372358901,27
2025-08-09 20:25:47.584,True,-2.664947034067074,0.32163273590454056,-0.007481736372358901,-101
2025-08-09 20:25:48.586,True,-2.664947034067074,0.32163273590454056,-0.007481736372358901,27
2025-08-09 20:25:49.587,True,-2.664947034067074,0.32163273590454056,-0.007481736372358901,-101
2025-08-09 20:25:50.591,True,-2.664947034067074,0.32163273590454056,-0.007481736372358901,27
2025-08-09 20:25:51.593,True,-2.664947034067074,0.32163273590454056,-0.007481736372358901,27
2025-08-09 20:25:52.597,True,-2.664947034067074,0.32163273590454056,-0.007481736372358901,27
2025-08-09 20:25:53.599,True,-2.664947034067074,0.32163273590454056,-0.007481736372358901,-101
2025-08-09 20:25:54.601,True,-2.664947034067074,0.32163273590454056,-0.007481736372358901,27
2025-08-09 20:25:55.603,True,-2.664947034067074,0.32163273590454056,-0.007481736372358901,-101
2025-08-09 20:25:56.605,True,-2.664947034067074,0.32163273590454056,-0.007481736372358901,27
2025-08-09 20:25:57.606,True,-2.664947034067074,0.32163273590454056,-0.007481736372358901,27
2025-08-09 20:25:58.608,True,-2.664947034067074,0.32163273590454056,-0.007481736372358901,27
2025-08-09 20:25:59.611,True,-2.664947034067074,0.32163273590454056,-0.007481736372358901,27
2025-08-09 20:26:00.613,True,-2.664947034067074,0.32163273590454056,-0.007481736372358901,-101
2025-08-09 20:26:01.615,True,-2.678952105313131,0.34260902625665457,-0.008011528274369259,27
2025-08-09 20:26:02.617,True,-2.6859518722572844,0.34260902625665457,-0.008032446102488147,27
2025-08-09 20:26:03.619,True,-2.6859518722572844,0.34260902625665457,-0.008032446102488147,27
2025-08-09 20:26:04.621,True,-2.6859518722572844,0.34260902625665457,-0.008032446102488147,27
2025-08-09 20:26:05.624,True,-2.6859518722572844,0.34260902625665457,-0.008032446102488147,27
2025-08-09 20:26:06.627,True,-2.6859518722572844,0.34260902625665457,-0.008032446102488147,27
2025-08-09 20:26:07.630,True,-2.6859518722572844,0.34260902625665457,-0.008032446102488147,27
2025-08-09 20:26:08.632,True,-2.6859518722572844,0.34260902625665457,-0.008032446102488147,-101
2025-08-09 20:26:09.634,True,-2.6859518722572844,0.34260902625665457,-0.008032446102488147,-101
2025-08-09 20:26:10.636,True,-2.6859518722572844,0.34260902625665457,-0.008032446102488147,27
2025-08-09 20:26:11.638,True,-2.6859518722572844,0.34260902625665457,-0.008032446102488147,27
2025-08-09 20:26:12.640,True,-2.6859518722572844,0.34260902625665457,-0.008032446102488147,27
2025-08-09 20:26:13.644,True,-2.6859518722572844,0.34260902625665457,-0.008032446102488147,27
2025-08-09 20:26:14.646,True,-2.6859518722572844,0.34260902625665457,-0.008032446102488147,-101
2025-08-09 20:26:15.648,True,-2.6859518722572844,0.34260902625665457,-0.008032446102488147,-101
2025-08-09 20:26:16.650,True,-2.6859518722572844,0.34260902625665457,-0.008032446102488147,27
2025-08-09 20:26:17.652,True,-2.6859518722572844,0.34260902625665457,-0.008032446102488147,27
2025-08-09 20:26:18.655,True,-2.6859518722572844,0.34260902625665457,-0.008032446102488147,27
2025-08-09 20:26:19.657,True,-2.6859518722572844,0.34260902625665457,-0.008032446102488147,27
2025-08-09 20:26:20.660,True,-2.6859518722572844,0.34260902625665457,-0.008032446102488147,27
2025-08-09 20:26:21.664,True,-2.6859518722572844,0.34260902625665457,-0.008032446102488147,-101
2025-08-09 20:26:22.666,True,-2.6859518722572844,0.34260902625665457,-0.008032446102488147,-101
2025-08-09 20:26:23.668,True,-2.6859518722572844,0.34260902625665457,-0.008032446102488147,-101
2025-08-09 20:26:24.669,True,-2.6859518722572844,0.34260902625665457,-0.008032446102488147,27
2025-08-09 20:26:25.672,True,-2.699953516961766,0.3496011331066377,-0.008239069094160278,-101
2025-08-09 20:26:26.675,True,-2.6999555479876984,0.3565932451631631,-0.008403856797795862,27
2025-08-09 20:26:27.679,True,-2.6999555479876984,0.3565932451631631,-0.008403856797795862,27
2025-08-09 20:26:28.681,True,-2.6999555479876984,0.3565932451631631,-0.008403856797795862,-101
2025-08-09 20:26:29.684,True,-2.6999555479876984,0.3565932451631631,-0.008403856797795862,-100
2025-08-09 20:26:30.686,True,-2.6999555479876984,0.3565932451631631,-0.008403856797795862,28
2025-08-09 20:26:31.688,True,-2.6999555479876984,0.3565932451631631,-0.008403856797795862,-101
2025-08-09 20:26:32.691,True,-2.6999555479876984,0.3565932451631631,-0.008403856797795862,-100
2025-08-09 20:26:33.694,True,-2.6999555479876984,0.3565932451631631,-0.008403856797795862,27
2025-08-09 20:26:34.696,True,-2.6999555479876984,0.3565932451631631,-0.008403856797795862,27
2025-08-09 20:26:35.699,True,-2.6999555479876984,0.3565932451631631,-0.008403856797795862,-101
2025-08-09 20:27:55.608,True,0.0,0.0,0.0,0.0
2025-08-09 20:27:56.613,True,-2.6581041603098665,0.3006748450483674,-0.006975426749754108,27
2025-08-09 20:27:57.906,True,-2.6581041603098665,0.3006748450483674,-0.006975426749754108,27
2025-08-09 20:27:58.908,True,-2.6581041603098665,0.3006748450483674,-0.006975426749754108,-101
2025-08-09 20:28:00.751,True,-2.6581041603098665,0.3006748450483674,-0.006975426749754108,-101
2025-08-09 20:28:01.753,True,-2.6581041603098665,0.3006748450483674,-0.006975426749754108,27
2025-08-09 20:28:02.756,True,-2.6581041603098665,0.3006748450483674,-0.006975426749754108,27
2025-08-09 20:28:03.760,True,-2.6581041603098665,0.3006748450483674,-0.006975426749754108,27
2025-08-09 20:28:07.315,True,-2.6581041603098665,0.3006748450483674,-0.006975426749754108,27
2025-08-09 20:28:08.321,True,-2.6581041603098665,0.3006748450483674,-0.006975426749754108,-101
2025-08-09 20:28:09.323,True,-2.6581041603098665,0.3006748450483674,-0.006975426749754108,-101
2025-08-09 20:28:10.325,True,-2.6581041603098665,0.3006748450483674,-0.006975426749754108,28
2025-08-09 20:28:11.328,True,-2.6581041603098665,0.3006748450483674,-0.006975426749754108,27
2025-08-09 20:28:12.330,True,-2.6581041603098665,0.3006748450483674,-0.006975426749754108,-101
2025-08-09 20:28:13.332,True,-2.6581041603098665,0.3006748450483674,-0.006975426749754108,-101
2025-08-09 20:28:14.335,True,-2.6581041603098665,0.3006748450483674,-0.006975426749754108,27
2025-08-09 20:28:15.829,True,-2.6581041603098665,0.3006748450483674,-0.006975426749754108,27
2025-08-09 20:28:16.832,True,-2.6581041603098665,0.3006748450483674,-0.006975426749754108,-101
2025-08-09 20:28:17.834,True,-2.6581041603098665,0.3006748450483674,-0.006975426749754108,27
2025-08-09 20:28:18.836,True,-2.6581041603098665,0.3006748450483674,-0.006975426749754108,-101
2025-08-09 20:28:19.839,True,-2.6581041603098665,0.3006748450483674,-0.006975426749754108,-101
2025-08-09 20:28:20.841,True,-2.6581041603098665,0.3006748450483674,-0.006975426749754108,-101
2025-08-09 20:28:21.843,True,-2.6581041603098665,0.3006748450483674,-0.006975426749754108,27
2025-08-09 20:28:22.845,True,-2.6581041603098665,0.3006748450483674,-0.006975426749754108,27
2025-08-09 20:28:23.847,True,-2.6581041603098665,0.3006748450483674,-0.006975426749754108,27
2025-08-09 20:28:24.849,True,-2.6581041603098665,0.3006748450483674,-0.006975426749754108,-101
2025-08-09 20:28:25.851,True,-2.6581041603098665,0.3006748450483674,-0.006975426749754108,-101
2025-08-09 20:28:26.853,True,-2.6581041603098665,0.3006748450483674,-0.006975426749754108,-101
2025-08-09 20:28:27.856,True,-2.6581041603098665,0.3006748450483674,-0.006975426749754108,27
2025-08-09 20:28:28.859,True,-2.6581041603098665,0.3006748450483674,-0.006975426749754108,27
2025-08-09 20:28:29.862,True,-2.6581041603098665,0.3006748450483674,-0.006975426749754108,27
2025-08-09 20:28:30.864,True,-2.6581041603098665,0.3006748450483674,-0.006975426749754108,-101
2025-08-09 20:28:31.866,True,-2.6581041603098665,0.3006748450483674,-0.006975426749754108,27
2025-08-09 20:28:32.868,True,-2.6581041603098665,0.3006748450483674,-0.006975426749754108,27
2025-08-09 20:28:33.870,True,-2.6581041603098665,0.3006748450483674,-0.006975426749754108,-101
2025-08-09 20:28:34.872,True,-2.6581041603098665,0.3006748450483674,-0.006975426749754108,-101
2025-08-09 20:28:35.875,True,-2.6581041603098665,0.3006748450483674,-0.006975426749754108,27
2025-08-09 20:28:36.878,True,-2.6581041603098665,0.3006748450483674,-0.006975426749754108,27
2025-08-09 20:28:37.880,True,-2.6581041603098665,0.3006748450483674,-0.006975426749754108,27
2025-08-09 20:28:38.882,True,-2.6581041603098665,0.3006748450483674,-0.006975426749754108,-101
2025-08-09 20:28:39.886,True,-2.6581041603098665,0.3006748450483674,-0.006975426749754108,-100
2025-08-09 20:28:40.887,True,-2.6581041603098665,0.3006748450483674,-0.006975426749754108,27
2025-08-09 20:28:41.889,True,-2.6581041603098665,0.3006748450483674,-0.006975426749754108,-100
2025-08-09 20:28:42.893,True,-2.6581041603098665,0.3006748450483674,-0.006975426749754108,28
2025-08-09 20:28:43.896,True,-2.6581041603098665,0.3006748450483674,-0.006975426749754108,27
2025-08-09 20:28:44.898,True,-2.6581041603098665,0.3006748450483674,-0.006975426749754108,-100
2025-08-09 20:28:45.900,True,-2.6581041603098665,0.3006748450483674,-0.006975426749754108,-100
2025-08-09 20:28:46.902,True,-2.6581041603098665,0.3006748450483674,-0.006975426749754108,27
2025-08-09 20:28:47.905,True,-2.6581041603098665,0.3006748450483674,-0.006975426749754108,-100
2025-08-09 20:28:48.911,True,-2.6581041603098665,0.3006748450483674,-0.006975426749754108,-101
2025-08-09 20:28:49.913,True,-2.6581041603098665,0.3006748450483674,-0.006975426749754108,27
2025-08-09 20:28:50.917,True,-2.6581041603098665,0.3006748450483674,-0.006975426749754108,27
2025-08-09 20:28:51.919,True,-2.6581041603098665,0.3006748450483674,-0.006975426749754108,27
2025-08-09 20:28:52.921,True,-2.6511076306565595,0.3146598590360279,-0.007280664575709545,-101
2025-08-09 20:28:53.923,True,-2.6511076306565595,0.3146598590360279,-0.007280664575709545,-101
2025-08-09 20:28:54.924,True,-2.6511076306565595,0.3146598590360279,-0.007280664575709545,-101
2025-08-09 20:28:55.926,True,-2.6511076306565595,0.3146598590360279,-0.007280664575709545,-100
2025-08-09 20:28:56.928,True,-2.6511076306565595,0.3146598590360279,-0.007280664575709545,28
2025-08-09 20:28:57.932,True,-2.6511076306565595,0.3146598590360279,-0.007280664575709545,28
2025-08-09 20:28:58.936,True,-2.6511076306565595,0.3146598590360279,-0.007280664575709545,-101
2025-08-09 20:28:59.937,True,-2.6511076306565595,0.3146598590360279,-0.007280664575709545,27
2025-08-09 20:29:00.940,True,-2.6511076306565595,0.3146598590360279,-0.007280664575709545,-101
2025-08-09 20:29:01.943,True,-2.6511076306565595,0.3146598590360279,-0.007280664575709545,27
2025-08-09 20:29:02.945,True,-2.6511076306565595,0.3146598590360279,-0.007280664575709545,-101
2025-08-09 20:29:03.948,True,-2.6511058733046395,0.3076673497509283,-0.007118867310662706,27
2025-08-09 20:29:05.069,True,-2.6511058733046395,0.3076673497509283,-0.007118867310662706,27
2025-08-09 20:29:06.073,True,-2.651104155446024,0.3006748450483674,-0.00695707036375121,27
2025-08-09 20:29:07.075,True,-2.651104155446024,0.3006748450483674,-0.00695707036375121,27
2025-08-09 20:29:08.078,True,-2.651104155446024,0.3006748450483674,-0.00695707036375121,28
2025-08-09 20:29:09.080,True,-2.651104155446024,0.3006748450483674,-0.00695707036375121,-101
2025-08-09 20:29:10.083,True,-2.651104155446024,0.3006748450483674,-0.00695707036375121,27
2025-08-09 20:29:11.087,True,-2.651104155446024,0.3006748450483674,-0.00695707036375121,27
2025-08-09 20:29:12.091,True,-2.651104155446024,0.3006748450483674,-0.00695707036375121,27
2025-08-09 20:29:13.093,True,-2.651104155446024,0.3006748450483674,-0.00695707036375121,27
2025-08-09 20:30:22.145,True,0.0,0.0,0.0,0.0
2025-08-09 20:30:23.171,True,-2.7349709818781127,0.4055381840901121,-0.009681181929469276,27
2025-08-09 20:30:24.176,True,-2.7349709818781127,0.4055381840901121,-0.009681181929469276,-101
2025-08-09 20:30:25.178,True,-2.7349709818781127,0.4055381840901121,-0.009681181929469276,-101
2025-08-09 20:30:26.181,True,-2.7349709818781127,0.4055381840901121,-0.009681181929469276,27
2025-08-09 20:30:27.183,True,-2.7349709818781127,0.4055381840901121,-0.009681181929469276,-101
2025-08-09 20:30:28.185,True,-2.7349709818781127,0.4055381840901121,-0.009681181929469276,27
2025-08-09 20:30:31.687,True,-2.7349709818781127,0.4055381840901121,-0.009681181929469276,27
2025-08-09 20:30:32.690,True,-2.7349709818781127,0.4055381840901121,-0.009681181929469276,27
2025-08-09 20:30:33.692,True,-2.7349709818781127,0.4055381840901121,-0.009681181929469276,27
2025-08-09 20:30:34.693,True,-2.7349709818781127,0.4055381840901121,-0.009681181929469276,-101
2025-08-09 20:30:35.696,True,-2.7349709818781127,0.4055381840901121,-0.009681181929469276,-101
2025-08-09 20:30:36.698,True,-2.7349709818781127,0.4055381840901121,-0.009681181929469276,27
2025-08-09 20:30:37.700,True,-2.7349709818781127,0.4055381840901121,-0.009681181929469276,-101
2025-08-09 20:30:38.703,True,-2.7349709818781127,0.4055381840901121,-0.009681181929469276,27
2025-08-09 20:30:39.706,True,-2.7349709818781127,0.4055381840901121,-0.009681181929469276,27
2025-08-09 20:30:40.708,True,-2.734980759462695,0.43350685120210497,-0.010348886646119647,28
2025-08-09 20:30:41.710,True,-2.734980759462695,0.43350685120210497,-0.010348886646119647,-101
2025-08-09 20:30:42.712,True,-2.734980759462695,0.43350685120210497,-0.010348886646119647,-101
2025-08-09 20:30:43.715,True,-2.734980759462695,0.43350685120210497,-0.010348886646119647,-101
2025-08-09 20:30:44.717,True,-2.734980759462695,0.43350685120210497,-0.010348886646119647,-101
2025-08-09 20:30:45.721,True,-2.734980759462695,0.43350685120210497,-0.010348886646119647,27
2025-08-09 20:30:46.722,True,-2.734980759462695,0.43350685120210497,-0.010348886646119647,27
2025-08-09 20:30:47.726,True,-2.734980759462695,0.43350685120210497,-0.010348886646119647,-101
2025-08-09 20:30:48.728,True,-2.734980759462695,0.43350685120210497,-0.010348886646119647,-101
2025-08-09 20:30:49.731,True,-2.734980759462695,0.43350685120210497,-0.010348886646119647,-101
2025-08-09 20:30:50.735,True,-2.734980759462695,0.43350685120210497,-0.010348886646119647,27
2025-08-09 20:30:51.738,True,-2.734980759462695,0.43350685120210497,-0.010348886646119647,27
2025-08-09 20:30:52.741,True,-2.734980759462695,0.43350685120210497,-0.010348886646119647,27
2025-08-09 20:30:53.744,True,-2.734980759462695,0.43350685120210497,-0.010348886646119647,-100
2025-08-09 20:30:54.747,True,-2.734980759462695,0.43350685120210497,-0.010348886646119647,-101
2025-08-09 20:30:55.750,True,-2.734980759462695,0.43350685120210497,-0.010348886646119647,27
2025-08-09 20:30:56.754,True,-2.734980759462695,0.43350685120210497,-0.010348886646119647,27
2025-08-09 20:30:57.757,True,-2.734980759462695,0.43350685120210497,-0.010348886646119647,27
2025-08-09 20:30:58.760,True,-2.734980759462695,0.43350685120210497,-0.010348886646119647,27
2025-08-09 20:30:59.764,True,-2.734980759462695,0.43350685120210497,-0.010348886646119647,27
2025-08-09 20:31:00.766,True,-2.734980759462695,0.43350685120210497,-0.010348886646119647,27
2025-08-09 20:31:01.769,True,-2.734980759462695,0.43350685120210497,-0.010348886646119647,-100
2025-08-09 20:31:02.772,True,-2.734980759462695,0.43350685120210497,-0.010348886646119647,27
2025-08-09 20:31:03.775,True,-2.734980759462695,0.43350685120210497,-0.010348886646119647,27
2025-08-09 20:31:04.777,True,-2.734980759462695,0.43350685120210497,-0.010348886646119647,27
2025-08-09 20:31:05.780,True,-2.734980759462695,0.43350685120210497,-0.010348886646119647,28
2025-08-09 20:31:06.785,True,-2.734980759462695,0.43350685120210497,-0.010348886646119647,-101
2025-08-09 20:31:07.787,True,-2.734980759462695,0.43350685120210497,-0.010348886646119647,27
2025-08-09 20:31:08.789,True,-2.734980759462695,0.43350685120210497,-0.010348886646119647,-101
2025-08-09 20:31:09.792,True,-2.734980759462695,0.43350685120210497,-0.010348886646119647,-101
2025-08-09 20:31:10.795,True,-2.734980759462695,0.43350685120210497,-0.010348886646119647,-101
2025-08-09 20:31:11.797,True,-2.734980759462695,0.43350685120210497,-0.010348886646119647,27
2025-08-09 20:31:12.800,True,-2.734980759462695,0.43350685120210497,-0.010348886646119647,27
2025-08-09 20:31:13.803,True,-2.734980759462695,0.43350685120210497,-0.010348886646119647,-101
2025-08-09 20:31:14.807,True,-2.734980759462695,0.43350685120210497,-0.010348886646119647,27
2025-08-09 20:31:15.809,True,-2.734980759462695,0.43350685120210497,-0.010348886646119647,-101
2025-08-09 20:31:16.812,True,-2.734980759462695,0.43350685120210497,-0.010348886646119647,-101
2025-08-09 20:31:17.815,True,-2.734980759462695,0.43350685120210497,-0.010348886646119647,27
2025-08-09 20:31:18.818,True,-2.734980759462695,0.43350685120210497,-0.010348886646119647,27
2025-08-09 20:31:19.824,True,-2.734980759462695,0.43350685120210497,-0.010348886646119647,27
2025-08-09 20:31:20.827,True,-2.734980759462695,0.43350685120210497,-0.010348886646119647,-101
2025-08-09 20:31:21.828,True,-2.734980759462695,0.43350685120210497,-0.010348886646119647,-100
2025-08-09 20:31:22.831,True,-2.734980759462695,0.43350685120210497,-0.010348886646119647,27
2025-08-09 20:31:23.833,True,-2.734980759462695,0.43350685120210497,-0.010348886646119647,-101
2025-08-09 20:31:24.836,True,-2.734980759462695,0.43350685120210497,-0.010348886646119647,-100
2025-08-09 20:31:25.839,True,-2.734980759462695,0.43350685120210497,-0.010348886646119647,27
2025-08-09 20:31:26.842,True,-2.734980759462695,0.43350685120210497,-0.010348886646119647,27
2025-08-09 20:31:27.849,True,-2.734980759462695,0.43350685120210497,-0.010348886646119647,27
2025-08-09 20:31:28.851,True,-2.734980759462695,0.43350685120210497,-0.010348886646119647,-101
2025-08-09 20:31:29.853,True,-2.734980759462695,0.43350685120210497,-0.010348886646119647,-101
2025-08-09 20:31:30.856,True,-2.734980759462695,0.43350685120210497,-0.010348886646119647,28
2025-08-09 20:31:31.858,True,-2.734980759462695,0.43350685120210497,-0.010348886646119647,-101
2025-08-09 20:31:32.861,True,-2.734980759462695,0.43350685120210497,-0.010348886646119647,27
2025-08-09 20:31:33.864,True,-2.734980759462695,0.43350685120210497,-0.010348886646119647,27
2025-08-09 20:31:34.866,True,-2.7349833057201445,0.44049903386049116,-0.010515813962846487,27
2025-08-09 20:31:35.869,True,-2.7349833057201445,0.44049903386049116,-0.010515813962846487,-101
2025-08-09 20:31:36.872,True,-2.741978412317358,0.42651467500002493,-0.01020800060921101,-101
2025-08-09 20:31:37.874,True,-2.7419759412454336,0.4195225051500997,-0.010040647288285853,-101
2025-08-09 20:33:28.915,True,0.0,0.0,0.0,0.0
2025-08-09 20:33:30.065,True,-2.8051087088423676,0.6922227881629772,-0.0169482171090281,-101
2025-08-09 20:33:31.070,True,-2.8051087088423676,0.6922227881629772,-0.0169482171090281,28
2025-08-09 20:33:32.072,True,-2.8051087088423676,0.6922227881629772,-0.0169482171090281,27
2025-08-09 20:33:33.075,True,-2.8051087088423676,0.6922227881629772,-0.0169482171090281,27
2025-08-09 20:33:34.080,True,-2.8051087088423676,0.6922227881629772,-0.0169482171090281,-101
2025-08-09 20:33:35.083,True,-2.8051087088423676,0.6922227881629772,-0.0169482171090281,-101
2025-08-09 20:33:36.085,True,-2.784090204008167,0.6642529111505042,-0.0161416757456909,27
2025-08-09 20:33:37.087,True,-2.7770779191658708,0.6432756076414812,-0.015592597238844853,-100
2025-08-09 20:33:38.089,True,-2.7770779191658708,0.6432756076414812,-0.015592597238844853,-101
2025-08-09 20:33:46.515,True,-2.7700999780535636,0.6151369463539389,-0.021869392194017255,-115
2025-08-09 20:33:47.559,True,-2.7700999780535636,0.6151369463539389,-0.021869392194017255,-101
2025-08-09 20:33:49.910,True,-2.7700999780535636,0.6151369463539389,-0.021869392194017255,-101
2025-08-09 20:33:50.917,True,-2.7700999780535636,0.6151369463539389,-0.021869392194017255,-101
2025-08-09 20:33:51.920,True,-2.7700999780535636,0.6151369463539389,-0.021869392194017255,-101
2025-08-09 20:33:52.925,True,-2.7700999780535636,0.6151369463539389,-0.021869392194017255,-101
2025-08-09 20:33:53.929,True,-2.7700999780535636,0.6151369463539389,-0.021869392194017255,-101
2025-08-09 20:33:54.931,True,-2.7700999780535636,0.6151369463539389,-0.021869392194017255,-101
2025-08-09 20:33:55.934,True,-2.7700999780535636,0.6151369463539389,-0.021869392194017255,-101
2025-08-09 20:33:56.937,True,-2.7700999780535636,0.6151369463539389,-0.021869392194017255,-101
2025-08-09 20:33:57.939,True,-2.7700999780535636,0.6151369463539389,-0.021869392194017255,28
2025-08-09 20:33:58.942,True,-2.7700999780535636,0.6151369463539389,-0.021869392194017255,28
2025-08-09 20:34:00.113,True,-2.7700999780535636,0.6151369463539389,-0.021869392194017255,28
2025-08-09 20:34:01.116,True,-2.7700999780535636,0.6151369463539389,-0.021869392194017255,28
2025-08-09 20:34:02.119,True,-2.7700999780535636,0.6151369463539389,-0.021869392194017255,-100
2025-08-09 20:34:03.123,True,-2.7700999780535636,0.6151369463539389,-0.021869392194017255,-100
2025-08-09 20:34:04.127,True,-2.7700999780535636,0.6151369463539389,-0.021869392194017255,27
2025-08-09 20:34:05.131,True,-2.7700999780535636,0.6151369463539389,-0.021869392194017255,-100
2025-08-09 20:34:06.133,True,-2.7700999780535636,0.6151369463539389,-0.021869392194017255,-101
2025-08-09 20:34:07.136,True,-2.7700999780535636,0.6151369463539389,-0.021869392194017255,-100
2025-08-09 20:34:08.138,True,-2.7700999780535636,0.6151369463539389,-0.021869392194017255,28
2025-08-09 20:34:09.140,True,-2.7700999780535636,0.6151369463539389,-0.021869392194017255,-100
2025-08-09 20:34:10.144,True,-2.7700999780535636,0.6151369463539389,-0.021869392194017255,-101
2025-08-09 20:34:11.146,True,-2.7700999780535636,0.6151369463539389,-0.021869392194017255,-100
2025-08-09 20:34:12.149,True,-2.7700999780535636,0.6151369463539389,-0.021869392194017255,28
2025-08-09 20:34:13.152,True,-2.7700999780535636,0.6151369463539389,-0.021869392194017255,-100
2025-08-09 20:34:14.156,True,-2.7700999780535636,0.6151369463539389,-0.021869392194017255,-100
2025-08-09 20:34:15.158,True,-2.777088536585236,0.5941594134204184,-0.021398426173741915,-100
2025-08-09 20:34:16.160,True,-2.777088536585236,0.5941594134204184,-0.021398426173741915,28
2025-08-09 20:34:17.162,True,-2.7700763751145328,0.5731828139522969,-0.020854892213166006,-100
2025-08-09 20:34:18.167,True,-2.7700763751145328,0.5731828139522969,-0.020854892213166006,28
2025-08-09 20:34:19.171,True,-2.7700763751145328,0.5731828139522969,-0.020854892213166006,28
2025-08-09 20:34:20.173,True,-2.7700763751145328,0.5731828139522969,-0.020854892213166006,-100
2025-08-09 20:34:21.175,True,-2.7700763751145328,0.5731828139522969,-0.020854892213166006,27
2025-08-09 20:34:22.177,True,-2.7700763751145328,0.5731828139522969,-0.020854892213166006,-101
2025-08-09 20:35:04.280,True,0.0,0.0,0.0,0.0
2025-08-09 20:35:05.281,True,0.0,0.0,0.0,0.0
2025-08-09 20:35:06.283,True,0.0,0.0,0.0,0.0
2025-08-09 20:35:07.285,True,0.0,0.0,0.0,0.0
2025-08-09 20:35:08.287,True,0.0,0.0,0.0,0.0
2025-08-09 20:35:09.288,True,0.0,0.0,0.0,0.0
2025-08-09 20:35:10.290,True,0.0,0.0,0.0,0.0
2025-08-09 20:35:11.291,True,0.0,0.0,0.0,0.0
2025-08-09 20:35:12.293,True,0.0,0.0,0.0,0.0
2025-08-09 20:35:13.295,True,0.0,0.0,0.0,0.0
2025-08-09 20:35:14.296,True,0.0,0.0,0.0,0.0
2025-08-09 20:35:15.298,True,0.0,0.0,0.0,0.0
2025-08-09 20:35:16.300,True,0.0,0.0,0.0,0.0
2025-08-09 20:35:17.301,True,0.0,0.0,0.0,0.0
2025-08-09 20:35:18.303,True,0.0,0.0,0.0,0.0
2025-08-09 20:35:19.304,True,0.0,0.0,0.0,0.0
2025-08-09 20:35:20.306,True,0.0,0.0,0.0,0.0
2025-08-09 20:35:21.308,True,0.0,0.0,0.0,0.0
2025-08-09 20:35:22.310,True,0.0,0.0,0.0,0.0
2025-08-09 20:35:23.312,True,0.0,0.0,0.0,0.0
2025-08-09 20:35:24.313,True,0.0,0.0,0.0,0.0
2025-08-09 20:35:25.315,True,0.0,0.0,0.0,0.0
2025-08-09 20:35:26.317,True,0.0,0.0,0.0,0.0
2025-08-09 20:35:27.318,True,0.0,0.0,0.0,0.0
2025-08-09 20:35:28.320,True,0.0,0.0,0.0,0.0
2025-08-09 20:35:29.322,True,0.0,0.0,0.0,0.0
2025-08-09 20:35:30.324,True,0.0,0.0,0.0,0.0
2025-08-09 20:35:31.325,True,0.0,0.0,0.0,0.0
2025-08-09 20:35:32.327,True,0.0,0.0,0.0,0.0
2025-08-09 20:35:33.329,True,0.0,0.0,0.0,0.0
2025-08-09 20:35:34.330,True,0.0,0.0,0.0,0.0
2025-08-09 20:35:35.332,True,0.0,0.0,0.0,0.0
2025-08-09 20:35:36.334,True,0.0,0.0,0.0,0.0
2025-08-09 20:35:37.337,True,0.0,0.0,0.0,0.0
2025-08-09 20:35:38.339,True,0.0,0.0,0.0,0.0
2025-08-09 20:35:39.340,True,0.0,0.0,0.0,0.0
2025-08-09 20:35:40.342,True,0.0,0.0,0.0,0.0
2025-08-09 20:35:41.344,True,0.0,0.0,0.0,0.0
2025-08-09 20:35:42.346,True,0.0,0.0,0.0,0.0
2025-08-09 20:35:43.348,True,0.0,0.0,0.0,0.0
2025-08-09 20:35:44.350,True,0.0,0.0,0.0,0.0
2025-08-09 20:35:45.352,True,0.0,0.0,0.0,0.0
2025-08-09 20:35:46.353,True,0.0,0.0,0.0,0.0
2025-08-09 20:35:47.355,True,0.0,0.0,0.0,0.0
2025-08-09 20:36:10.051,True,0.0,0.0,0.0,0.0
2025-08-09 20:36:11.091,True,-2.71394018305915,0.3006564886622303,-0.007122277837725422,27
2025-08-09 20:36:12.093,True,-2.71394018305915,0.3006564886622303,-0.007122277837725422,-101
2025-08-09 20:36:13.096,True,-2.71394018305915,0.3006564886622303,-0.007122277837725422,-101
2025-08-09 20:36:14.099,True,-2.71394018305915,0.3006564886622303,-0.007122277837725422,-101
2025-08-09 20:36:15.102,True,-2.71394018305915,0.3006564886622303,-0.007122277837725422,27
2025-08-09 20:36:16.203,True,-2.713941941604245,0.30764856645992134,-0.007287916928374861,-101
2025-08-09 20:36:17.207,True,-2.713941941604245,0.30764856645992134,-0.007287916928374861,-101
2025-08-09 20:36:18.213,True,-2.713941941604245,0.30764856645992134,-0.007287916928374861,27
2025-08-09 20:36:19.216,True,-2.713941941604245,0.30764856645992134,-0.007287916928374861,27
2025-08-09 20:36:20.218,True,-2.713941941604245,0.30764856645992134,-0.007287916928374861,27
2025-08-09 20:36:21.219,True,-2.713941941604245,0.30764856645992134,-0.007287916928374861,-101
2025-08-09 20:36:28.429,True,-2.713941941604245,0.30764856645992134,-0.007287916928374861,27
2025-08-09 20:36:29.434,True,-2.713941941604245,0.30764856645992134,-0.007287916928374861,-101
2025-08-09 20:36:30.441,True,-2.713941941604245,0.30764856645992134,-0.007287916928374861,27
2025-08-09 20:36:31.444,True,-2.713941941604245,0.30764856645992134,-0.007287916928374861,-115
2025-08-09 20:36:32.446,True,-2.713941941604245,0.30764856645992134,-0.007287916928374861,27
2025-08-09 20:37:49.756,True,-2.713941941604245,0.30764856645992134,-0.007287916928374861,-101
2025-08-09 20:37:50.758,True,-2.713941941604245,0.30764856645992134,-0.007287916928374861,-101
2025-08-09 20:38:09.939,True,-2.699942175447346,0.30764856645992134,-0.007250350346671911,27
2025-08-09 20:38:10.973,True,-2.699943965148082,0.3146406488393118,-0.0074151359516094134,-101
2025-08-09 20:38:11.996,True,-2.699943965148082,0.3146406488393118,-0.0074151359516094134,-101
2025-08-09 20:38:13.005,True,-2.699943965148082,0.3146406488393118,-0.0074151359516094134,27
2025-08-09 20:38:14.011,True,-2.699943965148082,0.3146406488393118,-0.0074151359516094134,27
2025-08-09 20:38:20.432,True,-2.699943965148082,0.3146406488393118,-0.0074151359516094134,27
2025-08-09 20:38:21.443,True,-2.699943965148082,0.3146406488393118,-0.0074151359516094134,-101
2025-08-09 20:38:22.446,True,-2.699943965148082,0.3146406488393118,-0.0074151359516094134,27
2025-08-09 20:38:23.448,True,-2.699943965148082,0.3146406488393118,-0.0074151359516094134,27
2025-08-09 20:38:24.450,True,-2.699943965148082,0.3146406488393118,-0.0074151359516094134,27
2025-08-09 20:38:26.526,True,-2.692942352685538,0.30764856645992134,-0.007231567055818095,27
2025-08-09 20:38:28.011,True,-2.685942569996662,0.30764856645992134,-0.007212783764962727,-101
2025-08-09 20:38:29.580,True,-2.685942569996662,0.30764856645992134,-0.007212783764962727,-101
2025-08-09 20:38:30.585,True,-2.685942569996662,0.30764856645992134,-0.007212783764962727,-101
2025-08-09 20:38:31.588,True,-2.685942569996662,0.30764856645992134,-0.007212783764962727,27
2025-08-09 20:38:32.591,True,-2.685942569996662,0.30764856645992134,-0.007212783764962727,-101
2025-08-09 20:38:33.593,True,-2.685940829580857,0.3006564886622303,-0.00704885229375134,27
2025-08-09 20:38:34.595,True,-2.685940829580857,0.3006564886622303,-0.00704885229375134,-101
2025-08-09 20:38:41.080,True,-3.5822734796115308,0.3006564886622303,-0.009398469688122461,27
2025-08-09 20:38:42.082,True,-2.685940829580857,0.3006564886622303,-0.00704885229375134,27
2025-08-09 20:38:43.496,True,-2.685940829580857,0.3006564886622303,-0.00704885229375134,-101
2025-08-09 20:38:44.499,True,-2.685940829580857,0.3006564886622303,-0.00704885229375134,-101
2025-08-09 20:38:45.501,True,-2.685940829580857,0.3006564886622303,-0.00704885229375134,-101
2025-08-09 20:38:46.504,True,-2.685940829580857,0.3006564886622303,-0.00704885229375134,27
2025-08-09 20:38:47.508,True,-2.6859374687843016,0.2866723463953942,-0.0067209902890112,-101
2025-08-09 20:38:48.511,True,-2.6859374687843016,0.2866723463953942,-0.0067209902890112,-101
2025-08-09 20:38:49.515,True,-2.6859374687843016,0.2866723463953942,-0.0067209902890112,-128
2025-08-09 20:38:49.776,True,0.0,0.0,0.0,0.0
2025-08-09 20:38:50.522,True,-2.8469343239250344,0.25171206361843945,-0.006254806103702699,27
2025-08-09 20:38:50.788,True,-2.8399352130431605,0.25870411226007234,-0.006412759239367822,27
2025-08-09 20:38:51.525,True,-2.8399352130431605,0.25870411226007234,-0.006412759239367822,-101
2025-08-09 20:38:51.792,True,-2.8399352130431605,0.25870411226007234,-0.006412759239367822,-101
2025-08-09 20:38:52.572,True,-2.8399352130431605,0.25870411226007234,-0.006412759239367822,27
2025-08-09 20:38:52.796,True,-2.8399352130431605,0.25870411226007234,-0.006412759239367822,-101
2025-08-09 20:38:53.578,True,-2.8399352130431605,0.25870411226007234,-0.006412759239367822,-101
2025-08-09 20:38:53.799,True,-2.8399352130431605,0.25870411226007234,-0.006412759239367822,-101
2025-08-09 20:38:54.582,True,-2.8399352130431605,0.25870411226007234,-0.006412759239367822,27
2025-08-09 20:38:54.802,True,-2.8399352130431605,0.25870411226007234,-0.006412759239367822,-101
2025-08-09 20:38:55.583,True,-2.8399352130431605,0.25870411226007234,-0.006412759239367822,-101
2025-08-09 20:38:55.805,True,-2.8399352130431605,0.25870411226007234,-0.006412759239367822,-101
2025-08-09 20:38:59.290,True,-2.8399352130431605,0.25870411226007234,-0.006412759239367822,27
2025-08-09 20:38:59.288,True,-2.8399352130431605,0.25870411226007234,-0.006412759239367822,-101
2025-08-09 20:39:01.019,True,-2.8399352130431605,0.25870411226007234,-0.006412759239367822,-101
2025-08-09 20:39:02.151,True,-2.8399352130431605,0.25870411226007234,-0.006412759239367822,27
2025-08-09 20:39:02.241,True,-2.8399352130431605,0.25870411226007234,-0.006412759239367822,27
2025-08-09 20:39:03.154,True,-2.8399352130431605,0.25870411226007234,-0.006412759239367822,-101
2025-08-09 20:39:03.243,True,-2.8399352130431605,0.25870411226007234,-0.006412759239367822,-101
2025-08-09 20:39:04.245,True,-2.8399352130431605,0.25870411226007234,-0.006412759239367822,-101
2025-08-09 20:39:05.249,True,-2.8399352130431605,0.25870411226007234,-0.006412759239367822,-100
2025-08-09 20:39:05.375,True,-2.8399352130431605,0.25870411226007234,-0.006412759239367822,-100
2025-08-09 20:39:06.252,True,-2.8399352130431605,0.25870411226007234,-0.006412759239367822,27
2025-08-09 20:39:06.380,True,-2.8399352130431605,0.25870411226007234,-0.006412759239367822,-101
2025-08-09 20:39:07.255,True,-2.8399352130431605,0.25870411226007234,-0.006412759239367822,27
2025-08-09 20:39:07.383,True,-2.8399352130431605,0.25870411226007234,-0.006412759239367822,27
2025-08-09 20:39:08.260,True,-2.8399352130431605,0.25870411226007234,-0.006412759239367822,-101
2025-08-09 20:39:08.386,True,-2.8399352130431605,0.25870411226007234,-0.006412759239367822,27
2025-08-09 20:39:09.265,True,-2.8399352130431605,0.25870411226007234,-0.006412759239367822,-101
2025-08-09 20:39:09.388,True,-2.8399352130431605,0.25870411226007234,-0.006412759239367822,27
2025-08-09 20:39:10.269,True,-2.8399352130431605,0.25870411226007234,-0.006412759239367822,-101
2025-08-09 20:39:10.407,True,-2.8399352130431605,0.25870411226007234,-0.006412759239367822,-101
2025-08-09 20:39:11.272,True,-2.8399352130431605,0.25870411226007234,-0.006412759239367822,27
2025-08-09 20:39:11.409,True,-2.8399352130431605,0.25870411226007234,-0.006412759239367822,-101
2025-08-09 20:39:13.079,True,-2.8399352130431605,0.25870411226007234,-0.006412759239367822,27
2025-08-09 20:39:13.079,True,-2.8399352130431605,0.25870411226007234,-0.006412759239367822,27
2025-08-09 20:39:14.082,True,-2.8399352130431605,0.25870411226007234,-0.006412759239367822,27
2025-08-09 20:39:14.085,True,-2.8399352130431605,0.25870411226007234,-0.006412759239367822,-101
2025-08-09 20:39:15.087,True,-2.8399352130431605,0.25870411226007234,-0.006412759239367822,-101
2025-08-09 20:39:15.088,True,-2.8399352130431605,0.25870411226007234,-0.006412759239367822,27
2025-08-09 20:39:16.092,True,-2.8399352130431605,0.25870411226007234,-0.006412759239367822,27
2025-08-09 20:39:16.500,True,-2.8399352130431605,0.25870411226007234,-0.006412759239367822,27
2025-08-09 20:39:17.102,True,-2.8399352130431605,0.25870411226007234,-0.006412759239367822,-101
2025-08-09 20:39:17.503,True,-2.8399352130431605,0.25870411226007234,-0.006412759239367822,27
2025-08-09 20:39:18.105,True,-2.8399352130431605,0.25870411226007234,-0.006412759239367822,-101
2025-08-09 20:39:18.506,True,-2.8399352130431605,0.25870411226007234,-0.006412759239367822,-101
2025-08-09 20:39:19.108,True,-2.8399352130431605,0.25870411226007234,-0.006412759239367822,27
2025-08-09 20:39:19.510,True,-2.8399352130431605,0.25870411226007234,-0.006412759239367822,-101
2025-08-09 20:39:20.205,True,-2.8399352130431605,0.25870411226007234,-0.006412759239367822,-101
2025-08-09 20:39:20.525,True,-2.8399352130431605,0.25870411226007234,-0.006412759239367822,27
2025-08-09 20:39:21.527,True,-2.8399352130431605,0.25870411226007234,-0.006412759239367822,-101
2025-08-09 20:39:21.225,True,-2.8399352130431605,0.25870411226007234,-0.006412759239367822,27
2025-08-09 20:39:22.530,True,-2.8399352130431605,0.25870411226007234,-0.006412759239367822,-100
2025-08-09 20:39:22.535,True,-2.8399352130431605,0.25870411226007234,-0.006412759239367822,28
2025-08-09 20:39:23.535,True,-2.8399352130431605,0.25870411226007234,-0.006412759239367822,28
2025-08-09 20:39:24.644,True,-2.8399352130431605,0.25870411226007234,-0.006412759239367822,-100
2025-08-09 20:39:25.481,True,-2.8399352130431605,0.25870411226007234,-0.006412759239367822,28
2025-08-09 20:39:25.647,True,-2.8399352130431605,0.25870411226007234,-0.006412759239367822,28
2025-08-09 20:39:26.509,True,2.841666259989466,-0.25886206199569994,-0.006412759239367822,27
2025-08-09 20:39:26.650,True,-2.8399352130431605,0.25870411226007234,-0.006412759239367822,-101
2025-08-09 20:39:27.652,True,-2.8399352130431605,0.25870411226007234,-0.006412759239367822,-101
2025-08-09 20:39:27.511,True,-2.8399352130431605,0.25870411226007234,-0.006412759239367822,27
2025-08-09 20:39:28.988,True,-2.8399352130431605,0.25870411226007234,-0.006412759239367822,27
2025-08-09 20:39:29.076,True,-2.8399352130431605,0.25870411226007234,-0.006412759239367822,-101
2025-08-09 20:39:29.991,True,-2.8399352130431605,0.25870411226007234,-0.006412759239367822,-101
2025-08-09 20:39:30.081,True,-2.8399352130431605,0.25870411226007234,-0.006412759239367822,27
2025-08-09 20:39:30.999,True,-2.8399352130431605,0.25870411226007234,-0.006412759239367822,27
2025-08-09 20:39:31.085,True,-2.8399352130431605,0.25870411226007234,-0.006412759239367822,-101
2025-08-09 20:39:32.000,True,-2.8399352130431605,0.25870411226007234,-0.006412759239367822,-101
2025-08-09 20:39:32.571,True,-2.8399352130431605,0.25870411226007234,-0.006412759239367822,-101
2025-08-09 20:39:33.002,True,-2.8399352130431605,0.25870411226007234,-0.006412759239367822,27
2025-08-09 20:39:34.322,True,-2.8399352130431605,0.25870411226007234,-0.006412759239367822,-101
2025-08-09 20:39:34.479,True,-2.8399352130431605,0.25870411226007234,-0.006412759239367822,-101
2025-08-09 20:39:35.326,True,-2.8399352130431605,0.25870411226007234,-0.006412759239367822,-101
2025-08-09 20:39:35.483,True,-2.8399352130431605,0.25870411226007234,-0.006412759239367822,27
2025-08-09 20:39:36.331,True,-2.8399352130431605,0.25870411226007234,-0.006412759239367822,-101
2025-08-09 20:39:36.488,True,-2.8399352130431605,0.25870411226007234,-0.006412759239367822,27
2025-08-09 20:39:37.334,True,-2.8399352130431605,0.25870411226007234,-0.006412759239367822,27
2025-08-09 20:39:37.491,True,-2.8399352130431605,0.25870411226007234,-0.006412759239367822,27
2025-08-09 20:39:38.339,True,-2.8399352130431605,0.25870411226007234,-0.006412759239367822,-101
2025-08-09 20:39:38.495,True,-2.8399352130431605,0.25870411226007234,-0.006412759239367822,27
2025-08-09 20:39:39.345,True,-2.8399352130431605,0.25870411226007234,-0.006412759239367822,27
2025-08-09 20:39:39.502,True,-2.8399352130431605,0.25870411226007234,-0.006412759239367822,27
2025-08-09 20:39:40.348,True,-2.8399352130431605,0.25870411226007234,-0.006412759239367822,-101
2025-08-09 20:39:40.506,True,-2.8399352130431605,0.25870411226007234,-0.006412759239367822,27
2025-08-09 20:39:41.350,True,-2.8399352130431605,0.25870411226007234,-0.006412759239367822,27
2025-08-09 20:39:42.122,True,-2.8399352130431605,0.25870411226007234,-0.006412759239367822,-100
2025-08-09 20:39:42.353,True,-2.8399352130431605,0.25870411226007234,-0.006412759239367822,-100
2025-08-09 20:39:43.126,True,-2.8399352130431605,0.25870411226007234,-0.006412759239367822,28
2025-08-09 20:39:43.355,True,-2.8399352130431605,0.25870411226007234,-0.006412759239367822,-100
2025-08-09 20:39:44.131,True,-2.8399352130431605,0.25870411226007234,-0.006412759239367822,-101
2025-08-09 20:39:44.360,True,-2.8399352130431605,0.25870411226007234,-0.006412759239367822,27
2025-08-09 20:39:45.134,True,-2.8399352130431605,0.25870411226007234,-0.006412759239367822,27
2025-08-09 20:39:45.363,True,-2.832931558406438,0.24472001872541613,-0.006051175924157979,27
2025-08-09 20:39:46.137,True,-2.832931558406438,0.24472001872541613,-0.006051175924157979,27
2025-08-09 20:39:46.368,True,-2.832931558406438,0.24472001872541613,-0.006051175924157979,-101
2025-08-09 20:39:48.710,True,-2.832931558406438,0.24472001872541613,-0.006051175924157979,-101
2025-08-09 20:39:48.732,True,-2.832931558406438,0.24472001872541613,-0.006051175924157979,-101
2025-08-09 20:39:50.845,True,-2.832931558406438,0.24472001872541613,-0.006051175924157979,-101
2025-08-09 20:39:50.846,True,-2.832931558406438,0.24472001872541613,-0.006051175924157979,-101
2025-08-09 20:39:51.847,True,-2.832931558406438,0.24472001872541613,-0.006051175924157979,27
2025-08-09 20:39:51.851,True,-2.832931558406438,0.24472001872541613,-0.006051175924157979,27
2025-08-09 20:39:52.855,True,-2.832931558406438,0.24472001872541613,-0.006051175924157979,-101
2025-08-09 20:39:53.856,True,-2.832931558406438,0.24472001872541613,-0.006051175924157979,27
2025-08-09 20:39:52.850,True,-2.832931558406438,0.24472001872541613,-0.006051175924157979,27
2025-08-09 20:39:56.456,True,-2.832931558406438,0.24472001872541613,-0.006051175924157979,-100
2025-08-09 20:39:56.459,True,-2.832931558406438,0.24472001872541613,-0.006051175924157979,28
2025-08-09 20:39:57.458,True,-2.832931558406438,0.24472001872541613,-0.006051175924157979,-101
2025-08-09 20:39:57.462,True,-2.832931558406438,0.24472001872541613,-0.006051175924157979,-101
2025-08-09 20:39:58.466,True,-2.832931558406438,0.24472001872541613,-0.006051175924157979,28
2025-08-09 20:39:58.462,True,-2.832931558406438,0.24472001872541613,-0.006051175924157979,28
2025-08-09 20:40:03.726,True,-2.832931558406438,0.24472001872541613,-0.006051175924157979,-101
2025-08-09 20:40:03.726,True,-2.832931558406438,0.24472001872541613,-0.006051175924157979,-101
2025-08-09 20:40:04.728,True,-2.832931558406438,0.24472001872541613,-0.006051175924157979,-100
2025-08-09 20:40:04.728,True,-2.832931558406438,0.24472001872541613,-0.006051175924157979,-101
2025-08-09 20:40:06.300,True,-2.832933056406281,0.25171206361843945,-0.006224069956015356,-100
2025-08-09 20:40:06.301,True,-2.832933056406281,0.25171206361843945,-0.006224069956015356,-100
2025-08-09 20:40:07.560,True,-2.8329301026052898,0.23772797747686855,-0.0058782821627048065,-100
2025-08-09 20:40:07.451,True,-2.832931558406438,0.24472001872541613,-0.006051175924157979,-100
2025-08-09 20:40:08.562,True,-2.8329301026052898,0.23772797747686855,-0.0058782821627048065,27
2025-08-09 20:40:08.655,True,-2.8329301026052898,0.23772797747686855,-0.0058782821627048065,27
2025-08-09 20:40:09.565,True,-2.8329301026052898,0.23772797747686855,-0.0058782821627048065,27
2025-08-09 20:40:19.800,True,-2.8329286890027072,0.2307359397686634,-0.005705388663929555,27
2025-08-09 20:40:19.989,True,-2.8329286890027072,0.2307359397686634,-0.005705388663929555,-101
2025-08-09 20:40:20.802,True,-2.8329286890027072,0.2307359397686634,-0.005705388663929555,27
2025-08-09 20:40:20.993,True,-2.8329286890027072,0.2307359397686634,-0.005705388663929555,28
2025-08-09 20:40:21.804,True,-2.8329286890027072,0.2307359397686634,-0.005705388663929555,-100
2025-08-09 20:40:22.182,True,-2.8329286890027072,0.2307359397686634,-0.005705388663929555,-100
2025-08-09 20:40:24.574,True,-2.8329286890027072,0.2307359397686634,-0.005705388663929555,28
2025-08-09 20:40:25.675,True,-2.8329286890027072,0.2307359397686634,-0.005705388663929555,28
2025-08-09 20:40:28.280,True,-2.8259478353006666,0.2515395996787413,-0.013200748562098474,-101
2025-08-09 20:40:28.278,True,-2.8259478353006666,0.2515395996787413,-0.013200748562098474,-101
2025-08-09 20:40:29.284,True,-2.797951940842631,0.2725174645437638,-0.013651568264239905,-100
2025-08-09 20:40:29.282,True,-2.797951940842631,0.2725174645437638,-0.013651568264239905,28
2025-08-09 20:40:31.850,True,-2.797951940842631,0.2725174645437638,-0.013651568264239905,27
2025-08-09 20:40:32.872,True,-2.797951940842631,0.2725174645437638,-0.013651568264239905,27
2025-08-09 20:40:32.949,True,-2.797951940842631,0.2725174645437638,-0.013651568264239905,-101
2025-08-09 20:40:33.902,True,-2.797951940842631,0.2725174645437638,-0.013651568264239905,-100
2025-08-09 20:40:33.952,True,-2.797951940842631,0.2725174645437638,-0.013651568264239905,-100
2025-08-09 20:40:34.908,True,-2.797951940842631,0.2725174645437638,-0.013651568264239905,28
2025-08-09 20:40:34.959,True,-2.797951940842631,0.2725174645437638,-0.013651568264239905,28
2025-08-09 20:40:35.911,True,-2.797951940842631,0.2725174645437638,-0.013651568264239905,-100
2025-08-09 20:40:35.962,True,-2.797951940842631,0.2725174645437638,-0.013651568264239905,28
2025-08-09 20:40:36.913,True,-2.797951940842631,0.2725174645437638,-0.013651568264239905,-100
2025-08-09 20:40:37.003,True,-2.797951940842631,0.2725174645437638,-0.013651568264239905,-100
2025-08-09 20:40:37.925,True,-2.797951940842631,0.2725174645437638,-0.013651568264239905,-101
2025-08-09 20:40:38.005,True,-2.797951940842631,0.2725174645437638,-0.013651568264239905,27
2025-08-09 20:40:38.928,True,-2.797951940842631,0.2725174645437638,-0.013651568264239905,28
2025-08-09 20:40:39.014,True,-2.797951940842631,0.2725174645437638,-0.013651568264239905,28
2025-08-09 20:40:39.932,True,-2.797951940842631,0.2725174645437638,-0.013651568264239905,-100
2025-08-09 20:40:40.017,True,-2.797951940842631,0.2725174645437638,-0.013651568264239905,28
2025-08-09 20:40:40.947,True,-2.797951940842631,0.2725174645437638,-0.013651568264239905,28
2025-08-09 20:40:41.019,True,-2.797951940842631,0.2725174645437638,-0.013651568264239905,28
2025-08-09 20:40:41.950,True,-2.797951940842631,0.2725174645437638,-0.013651568264239905,27
2025-08-09 20:40:42.028,True,-2.797951940842631,0.2725174645437638,-0.013651568264239905,-101
2025-08-09 20:40:42.953,True,-2.797951940842631,0.2725174645437638,-0.013651568264239905,-100
2025-08-09 20:40:43.030,True,-2.797951940842631,0.2725174645437638,-0.013651568264239905,-100
2025-08-09 20:40:43.955,True,-2.797951940842631,0.2725174645437638,-0.013651568264239905,-100
2025-08-09 20:40:44.037,True,-2.797951940842631,0.2725174645437638,-0.013651568264239905,-100
2025-08-09 20:40:45.042,True,-2.797951940842631,0.2725174645437638,-0.013651568264239905,28
2025-08-09 20:40:44.958,True,-2.797951940842631,0.2725174645437638,-0.013651568264239905,-100
2025-08-09 20:40:46.329,True,-2.797951940842631,0.2725174645437638,-0.013651568264239905,28
2025-08-09 20:40:46.045,True,-2.797951940842631,0.2725174645437638,-0.013651568264239905,-100
2025-08-09 20:40:47.411,True,-2.797951940842631,0.2725174645437638,-0.013651568264239905,28
2025-08-09 20:40:48.707,True,-2.797951940842631,0.2725174645437638,-0.013651568264239905,28
2025-08-09 20:40:49.715,True,-2.797951940842631,0.2725174645437638,-0.013651568264239905,-100
2025-08-09 20:40:48.415,True,-2.797951940842631,0.2725174645437638,-0.013651568264239905,28
2025-08-09 20:40:51.167,True,-2.797951940842631,0.2725174645437638,-0.013651568264239905,-100
2025-08-09 20:40:51.167,True,-2.797951940842631,0.2725174645437638,-0.013651568264239905,-100
2025-08-09 20:41:20.389,True,-2.797951940842631,0.2725174645437638,-0.013651568264239905,28
2025-08-09 20:41:20.774,True,-2.797951940842631,0.2725174645437638,-0.013651568264239905,-100
2025-08-09 20:41:21.433,True,-2.797951940842631,0.2725174645437638,-0.013651568264239905,-100
2025-08-09 20:41:21.777,True,-2.797951940842631,0.2725174645437638,-0.013651568264239905,-100
2025-08-09 20:41:22.436,True,-2.797951940842631,0.2725174645437638,-0.013651568264239905,-100
2025-08-09 20:41:22.780,True,-2.797951940842631,0.2725174645437638,-0.013651568264239905,-100
2025-08-09 20:41:23.445,True,-2.797951940842631,0.2725174645437638,-0.013651568264239905,-100
2025-08-09 20:41:23.802,True,-2.797951940842631,0.2725174645437638,-0.013651568264239905,28
2025-08-09 20:41:24.448,True,-2.797951940842631,0.2725174645437638,-0.013651568264239905,28
2025-08-09 20:41:24.822,True,-2.797951940842631,0.2725174645437638,-0.013651568264239905,-100
2025-08-09 20:41:25.452,True,-2.797951940842631,0.2725174645437638,-0.013651568264239905,28
2025-08-09 20:41:25.837,True,-2.797951940842631,0.2725174645437638,-0.013651568264239905,-100
2025-08-09 20:41:26.455,True,-2.797951940842631,0.2725174645437638,-0.013651568264239905,-100
2025-08-09 20:41:26.840,True,-2.797951940842631,0.2725174645437638,-0.013651568264239905,-100
2025-08-09 20:41:27.460,True,-2.797951940842631,0.2725174645437638,-0.013651568264239905,-100
2025-08-09 20:41:27.845,True,-2.797951940842631,0.2725174645437638,-0.013651568264239905,-100
2025-08-09 20:41:28.472,True,-2.797951940842631,0.2725174645437638,-0.013651568264239905,28
2025-08-09 20:41:28.855,True,-2.797951940842631,0.2725174645437638,-0.013651568264239905,28
2025-08-09 20:41:29.480,True,-2.797951940842631,0.2725174645437638,-0.013651568264239905,-100
2025-08-09 20:41:29.863,True,-2.797951940842631,0.2725174645437638,-0.013651568264239905,-100
2025-08-09 20:41:30.492,True,-2.797951940842631,0.2725174645437638,-0.013651568264239905,-100
2025-08-09 20:41:30.870,True,-2.797951940842631,0.2725174645437638,-0.013651568264239905,28
2025-08-09 20:41:31.497,True,-2.797951940842631,0.2725174645437638,-0.013651568264239905,-100
2025-08-09 20:41:31.872,True,-2.797951940842631,0.2725174645437638,-0.013651568264239905,-100
2025-08-09 20:41:32.500,True,-2.797951940842631,0.2725174645437638,-0.013651568264239905,28
2025-08-09 20:41:32.875,True,-2.797951940842631,0.2725174645437638,-0.013651568264239905,28
2025-08-09 20:41:33.507,True,-2.797951940842631,0.2725174645437638,-0.013651568264239905,-100
2025-08-09 20:41:33.880,True,-2.797951940842631,0.2725174645437638,-0.013651568264239905,28
2025-08-09 20:41:34.510,True,-2.797951940842631,0.2725174645437638,-0.013651568264239905,-100
2025-08-09 20:41:34.884,True,-2.797951940842631,0.2725174645437638,-0.013651568264239905,-100
2025-08-09 20:41:35.514,True,-2.797951940842631,0.2725174645437638,-0.013651568264239905,-100
2025-08-09 20:41:35.889,True,-2.797951940842631,0.2725174645437638,-0.013651568264239905,28
2025-08-09 20:41:36.520,True,-2.797951940842631,0.2725174645437638,-0.013651568264239905,-100
2025-08-09 20:41:36.894,True,-2.797951940842631,0.2725174645437638,-0.013651568264239905,-100
2025-08-09 20:41:37.523,True,-2.797951940842631,0.2725174645437638,-0.013651568264239905,28
2025-08-09 20:41:37.913,True,-2.797951940842631,0.2725174645437638,-0.013651568264239905,28
2025-08-09 20:41:38.528,True,-2.797951940842631,0.2725174645437638,-0.013651568264239905,-100
2025-08-09 20:41:38.916,True,-2.797951940842631,0.2725174645437638,-0.013651568264239905,-100
2025-08-09 20:41:39.537,True,-2.797951940842631,0.2725174645437638,-0.013651568264239905,28
2025-08-09 20:41:39.927,True,-2.797951940842631,0.2725174645437638,-0.013651568264239905,28
2025-08-09 20:41:40.539,True,-2.797951940842631,0.2725174645437638,-0.013651568264239905,-100
2025-08-09 20:41:40.929,True,-2.797951940842631,0.2725174645437638,-0.013651568264239905,28
2025-08-09 20:41:41.544,True,-2.797951940842631,0.2725174645437638,-0.013651568264239905,28
2025-08-09 20:41:41.933,True,-2.797951940842631,0.2725174645437638,-0.013651568264239905,-100
2025-08-09 20:41:42.546,True,-2.797951940842631,0.2725174645437638,-0.013651568264239905,-100
2025-08-09 20:41:42.936,True,-2.797951940842631,0.2725174645437638,-0.013651568264239905,-100
2025-08-09 20:41:43.551,True,2.7996242116076013,-0.2730254656201551,0.00033681752288021915,-100
2025-08-09 20:41:43.939,True,-2.797951940842631,0.2725174645437638,-0.013651568264239905,-100
2025-08-09 20:41:44.555,True,-2.797951940842631,0.2725174645437638,-0.013651568264239905,28
2025-08-09 20:41:44.943,True,-2.797951940842631,0.2725174645437638,-0.013651568264239905,28
2025-08-09 20:41:45.557,True,-2.797951940842631,0.2725174645437638,-0.013651568264239905,28
2025-08-09 20:41:45.947,True,-2.797951940842631,0.2725174645437638,-0.013651568264239905,-100
2025-08-09 20:41:46.560,True,-2.797951940842631,0.2725174645437638,-0.013651568264239905,-100
2025-08-09 20:41:46.949,True,-2.797951940842631,0.2725174645437638,-0.013651568264239905,-100
2025-08-09 20:41:47.564,True,-2.797951940842631,0.2725174645437638,-0.013651568264239905,-100
2025-08-09 20:41:47.953,True,-2.797951940842631,0.2725174645437638,-0.013651568264239905,28
2025-08-09 20:41:48.569,True,-2.797951940842631,0.2725174645437638,-0.013651568264239905,28
2025-08-09 20:41:48.957,True,-2.797951940842631,0.2725174645437638,-0.013651568264239905,-100
2025-08-09 20:41:49.571,True,-2.797951940842631,0.2725174645437638,-0.013651568264239905,28
2025-08-09 20:41:49.959,True,-2.797951940842631,0.2725174645437638,-0.013651568264239905,-100
2025-08-09 20:41:50.573,True,-2.797949909910562,0.2655254081903817,-0.013480803874265836,28
2025-08-09 20:41:50.963,True,-2.797949909910562,0.2655254081903817,-0.013480803874265836,28
2025-08-09 20:41:51.579,True,-2.797949909910562,0.2655254081903817,-0.013480803874265836,-100
2025-08-09 20:41:51.965,True,-2.7979459730828276,0.2515413072424896,-0.013139276268784717,28
2025-08-09 20:41:52.581,True,-2.7979459730828276,0.2515413072424896,-0.013139276268784717,-100
2025-08-09 20:41:52.967,True,-2.7979459730828276,0.2515413072424896,-0.013139276268784717,28
2025-08-09 20:41:53.585,True,-2.7979459730828276,0.2515413072424896,-0.013139276268784717,-100
2025-08-09 20:41:53.970,True,-2.7979459730828276,0.2515413072424896,-0.013139276268784717,-100
2025-08-09 20:41:54.587,True,-2.7979459730828276,0.2515413072424896,-0.013139276268784717,28
2025-08-09 20:41:54.972,True,-2.7979459730828276,0.2515413072424896,-0.013139276268784717,28
2025-08-09 20:41:55.589,True,-2.7979459730828276,0.2515413072424896,-0.013139276268784717,-100
2025-08-09 20:41:55.974,True,-2.7979459730828276,0.2515413072424896,-0.013139276268784717,28
2025-08-09 20:41:57.099,True,-2.7979459730828276,0.2515413072424896,-0.013139276268784717,28
2025-08-09 20:41:57.114,True,-2.7979459730828276,0.2515413072424896,-0.013139276268784717,-100
2025-08-09 20:41:58.101,True,-2.7979459730828276,0.2515413072424896,-0.013139276268784717,28
2025-08-09 20:41:58.117,True,-2.7979459730828276,0.2515413072424896,-0.013139276268784717,-100
2025-08-09 20:41:59.103,True,-2.7979459730828276,0.2515413072424896,-0.013139276268784717,28
2025-08-09 20:41:59.121,True,-2.7979459730828276,0.2515413072424896,-0.013139276268784717,-100
2025-08-09 20:42:00.106,True,-2.7979459730828276,0.2515413072424896,-0.013139276268784717,-100
2025-08-09 20:42:00.124,True,-2.7979459730828276,0.2515413072424896,-0.013139276268784717,28
2025-08-09 20:42:01.111,True,-2.7979459730828276,0.2515413072424896,-0.013139276268784717,-100
2025-08-09 20:42:01.128,True,-2.7979459730828276,0.2515413072424896,-0.013139276268784717,-100
2025-08-09 20:42:02.114,True,-2.7979459730828276,0.2515413072424896,-0.013139276268784717,28
2025-08-09 20:42:02.134,True,-2.7979459730828276,0.2515413072424896,-0.013139276268784717,-100
2025-08-09 20:42:03.118,True,-2.7979459730828276,0.2515413072424896,-0.013139276268784717,28
2025-08-09 20:42:03.138,True,-2.7979459730828276,0.2515413072424896,-0.013139276268784717,-100
2025-08-09 20:42:04.120,True,-2.7979459730828276,0.2515413072424896,-0.013139276268784717,28
2025-08-09 20:42:04.140,True,-2.7979459730828276,0.2515413072424896,-0.013139276268784717,-100
2025-08-09 20:42:05.122,True,-2.7979459730828276,0.2515413072424896,-0.013139276268784717,-100
2025-08-09 20:42:05.151,True,-2.7979459730828276,0.2515413072424896,-0.013139276268784717,-100
2025-08-09 20:42:06.127,True,-2.7979459730828276,0.2515413072424896,-0.013139276268784717,-100
2025-08-09 20:42:06.157,True,-2.7979459730828276,0.2515413072424896,-0.013139276268784717,-100
2025-08-09 20:42:07.129,True,-2.7979459730828276,0.2515413072424896,-0.013139276268784717,28
2025-08-09 20:42:07.160,True,-2.7979459730828276,0.2515413072424896,-0.013139276268784717,28
2025-08-09 20:42:08.132,True,-2.7979459730828276,0.2515413072424896,-0.013139276268784717,-100
2025-08-09 20:42:08.167,True,-2.7979459730828276,0.2515413072424896,-0.013139276268784717,-100
2025-08-09 20:42:09.134,True,-2.7979459730828276,0.2515413072424896,-0.013139276268784717,28
2025-08-09 20:42:09.171,True,-2.7979459730828276,0.2515413072424896,-0.013139276268784717,28
2025-08-09 20:42:10.140,True,-2.7979459730828276,0.2515413072424896,-0.013139276268784717,28
2025-08-09 20:42:10.179,True,-2.7979459730828276,0.2515413072424896,-0.013139276268784717,-100
2025-08-09 20:42:11.145,True,-2.7979459730828276,0.2515413072424896,-0.013139276268784717,28
2025-08-09 20:42:11.182,True,-2.7979459730828276,0.2515413072424896,-0.013139276268784717,-100
2025-08-09 20:42:12.148,True,-2.7979459730828276,0.2515413072424896,-0.013139276268784717,-100
2025-08-09 20:42:12.186,True,-2.7979459730828276,0.2515413072424896,-0.013139276268784717,28
2025-08-09 20:42:13.152,True,-2.7979459730828276,0.2515413072424896,-0.013139276268784717,28
2025-08-09 20:42:13.192,True,-2.7979459730828276,0.2515413072424896,-0.013139276268784717,28
2025-08-09 20:42:14.156,True,-2.7979459730828276,0.2515413072424896,-0.013139276268784717,-100
2025-08-09 20:42:14.195,True,-2.7979459730828276,0.2515413072424896,-0.013139276268784717,28
2025-08-09 20:42:15.159,True,-2.7979459730828276,0.2515413072424896,-0.013139276268784717,28
2025-08-09 20:42:15.198,True,-2.7979459730828276,0.2515413072424896,-0.013139276268784717,-100
2025-08-09 20:42:16.162,True,-2.7979459730828276,0.2515413072424896,-0.013139276268784717,28
2025-08-09 20:42:16.201,True,-2.7979459730828276,0.2515413072424896,-0.013139276268784717,28
2025-08-09 20:42:17.164,True,-2.7979459730828276,0.2515413072424896,-0.013139276268784717,-100
2025-08-09 20:42:17.203,True,-2.7979459730828276,0.2515413072424896,-0.013139276268784717,-100
2025-08-09 20:42:18.165,True,-2.7979459730828276,0.2515413072424896,-0.013139276268784717,28
2025-08-09 20:42:18.206,True,-2.7979459730828276,0.2515413072424896,-0.013139276268784717,-100
2025-08-09 20:42:19.170,True,-2.7979459730828276,0.2515413072424896,-0.013139276268784717,28
2025-08-09 20:42:19.209,True,-2.7979459730828276,0.2515413072424896,-0.013139276268784717,28
2025-08-09 20:42:20.173,True,-2.7979459730828276,0.2515413072424896,-0.013139276268784717,28
2025-08-09 20:42:20.213,True,-2.7979459730828276,0.2515413072424896,-0.013139276268784717,28
2025-08-09 20:42:21.175,True,-2.7979459730828276,0.2515413072424896,-0.013139276268784717,-100
2025-08-09 20:42:21.215,True,-2.7979459730828276,0.2515413072424896,-0.013139276268784717,-100
2025-08-09 20:42:22.177,True,-2.7979459730828276,0.2515413072424896,-0.013139276268784717,-100
2025-08-09 20:42:22.216,True,-2.7979459730828276,0.2515413072424896,-0.013139276268784717,28
2025-08-09 20:42:23.178,True,-2.7979459730828276,0.2515413072424896,-0.013139276268784717,-100
2025-08-09 20:42:23.219,True,-2.7979459730828276,0.2515413072424896,-0.013139276268784717,-100
2025-08-09 20:42:24.181,True,-2.7979459730828276,0.2515413072424896,-0.013139276268784717,28
2025-08-09 20:42:24.224,True,-2.7979459730828276,0.2515413072424896,-0.013139276268784717,-100
2025-08-09 20:42:25.183,True,-2.7979459730828276,0.2515413072424896,-0.013139276268784717,-100
2025-08-09 20:42:25.226,True,-2.7979459730828276,0.2515413072424896,-0.013139276268784717,-100
2025-08-09 20:42:26.229,True,-2.797944067186849,0.24454926243971034,-0.012968513038014827,-100
2025-08-09 20:42:26.185,True,-2.797944067186849,0.24454926243971034,-0.012968513038014827,28
2025-08-09 20:42:27.231,True,-2.797944067186849,0.24454926243971034,-0.012968513038014827,-100
2025-08-09 20:42:27.278,True,-2.797944067186849,0.24454926243971034,-0.012968513038014827,-100
2025-08-09 20:42:28.233,True,-2.797944067186849,0.24454926243971034,-0.012968513038014827,-100
2025-08-09 20:42:28.282,True,-2.797944067186849,0.24454926243971034,-0.012968513038014827,-100
2025-08-09 20:42:29.237,True,-2.797944067186849,0.24454926243971034,-0.012968513038014827,-100
2025-08-09 20:42:29.284,True,-2.797944067186849,0.24454926243971034,-0.012968513038014827,-100
2025-08-09 20:42:30.240,True,-2.797944067186849,0.24454926243971034,-0.012968513038014827,28
2025-08-09 20:42:30.287,True,-2.797944067186849,0.24454926243971034,-0.012968513038014827,28
2025-08-09 20:42:31.243,True,-2.797944067186849,0.24454926243971034,-0.012968513038014827,-100
2025-08-09 20:42:31.290,True,-2.797944067186849,0.24454926243971034,-0.012968513038014827,-100
2025-08-09 20:42:32.246,True,-2.797944067186849,0.24454926243971034,-0.012968513038014827,-100
2025-08-09 20:42:32.294,True,-2.797944067186849,0.24454926243971034,-0.012968513038014827,-100
2025-08-09 20:42:33.248,True,-2.797944067186849,0.24454926243971034,-0.012968513038014827,-100
2025-08-09 20:42:33.297,True,-2.797944067186849,0.24454926243971034,-0.012968513038014827,28
2025-08-09 20:42:34.254,True,-2.797944067186849,0.24454926243971034,-0.012968513038014827,28
2025-08-09 20:42:35.257,True,-2.797944067186849,0.24454926243971034,-0.012968513038014827,28
2025-08-09 20:42:35.850,True,-2.797944067186849,0.24454926243971034,-0.012968513038014827,28
2025-08-09 20:42:36.261,True,-2.797944067186849,0.24454926243971034,-0.012968513038014827,-100
2025-08-09 20:42:36.853,True,-2.797944067186849,0.24454926243971034,-0.012968513038014827,-100
2025-08-09 20:42:37.262,True,-2.797944067186849,0.24454926243971034,-0.012968513038014827,-100
2025-08-09 20:42:37.856,True,-2.797944067186849,0.24454926243971034,-0.012968513038014827,-100
2025-08-09 20:42:38.266,True,-2.797944067186849,0.24454926243971034,-0.012968513038014827,-100
2025-08-09 20:42:38.859,True,-2.797944067186849,0.24454926243971034,-0.012968513038014827,28
2025-08-09 20:42:39.270,True,-2.797944067186849,0.24454926243971034,-0.012968513038014827,28
2025-08-09 20:42:39.862,True,-2.797944067186849,0.24454926243971034,-0.012968513038014827,-100
2025-08-09 20:42:40.273,True,-2.797944067186849,0.24454926243971034,-0.012968513038014827,-100
2025-08-09 20:42:40.864,True,-2.797944067186849,0.24454926243971034,-0.012968513038014827,28
2025-08-09 20:42:41.277,True,-2.797944067186849,0.24454926243971034,-0.012968513038014827,28
2025-08-09 20:42:41.868,True,-2.797944067186849,0.24454926243971034,-0.012968513038014827,28
2025-08-09 20:42:42.279,True,-2.797944067186849,0.24454926243971034,-0.012968513038014827,28
2025-08-09 20:42:42.871,True,-2.797944067186849,0.24454926243971034,-0.012968513038014827,28
2025-08-09 20:42:43.281,True,-2.797944067186849,0.24454926243971034,-0.012968513038014827,-100
2025-08-09 20:42:43.874,True,-2.797944067186849,0.24454926243971034,-0.012968513038014827,28
2025-08-09 20:42:44.284,True,-2.797944067186849,0.24454926243971034,-0.012968513038014827,28
2025-08-09 20:42:44.877,True,-2.797944067186849,0.24454926243971034,-0.012968513038014827,-100
2025-08-09 20:42:45.287,True,-2.797944067186849,0.24454926243971034,-0.012968513038014827,-100
2025-08-09 20:42:45.880,True,-2.797944067186849,0.24454926243971034,-0.012968513038014827,28
2025-08-09 20:42:46.290,True,-2.797944067186849,0.24454926243971034,-0.012968513038014827,28
2025-08-09 20:42:46.883,True,-2.797944067186849,0.24454926243971034,-0.012968513038014827,28
2025-08-09 20:42:47.296,True,-2.797944067186849,0.24454926243971034,-0.012968513038014827,-100
2025-08-09 20:42:47.885,True,-2.797944067186849,0.24454926243971034,-0.012968513038014827,28
2025-08-09 20:42:48.299,True,-2.797944067186849,0.24454926243971034,-0.012968513038014827,-100
2025-08-09 20:42:48.888,True,-2.797944067186849,0.24454926243971034,-0.012968513038014827,-100
2025-08-09 20:42:49.302,True,-2.797944067186849,0.24454926243971034,-0.012968513038014827,-100
2025-08-09 20:42:49.891,True,-2.797944067186849,0.24454926243971034,-0.012968513038014827,-100
2025-08-09 20:42:50.305,True,-2.797944067186849,0.24454926243971034,-0.012968513038014827,-100
2025-08-09 20:42:50.893,True,-2.797944067186849,0.24454926243971034,-0.012968513038014827,-100
2025-08-09 20:42:51.307,True,-2.797944067186849,0.24454926243971034,-0.012968513038014827,28
2025-08-09 20:42:51.897,True,-2.797944067186849,0.24454926243971034,-0.012968513038014827,-100
2025-08-09 20:42:52.310,True,-2.797944067186849,0.24454926243971034,-0.012968513038014827,-100
2025-08-09 20:42:52.902,True,-2.797944067186849,0.24454926243971034,-0.012968513038014827,-100
2025-08-09 20:42:53.312,True,-2.797944067186849,0.24454926243971034,-0.012968513038014827,-100
2025-08-09 20:42:53.904,True,-2.776934317255675,0.2726882212057048,-0.006609563554913636,28
2025-08-09 20:42:54.314,True,-2.769935698229158,0.2796802817179745,-0.006761967855856961,-100
2025-08-09 20:42:54.906,True,-2.7699373692469917,0.2866723463953942,-0.006931021233524849,-100
2025-08-09 20:42:55.316,True,-2.7699373692469917,0.2866723463953942,-0.006931021233524849,-100
2025-08-09 20:42:55.909,True,-2.7699373692469917,0.2866723463953942,-0.006931021233524849,28
2025-08-09 20:42:56.319,True,-2.7699373692469917,0.2866723463953942,-0.006931021233524849,-100
2025-08-09 20:42:56.911,True,-2.7699373692469917,0.2866723463953942,-0.006931021233524849,-100
2025-08-09 20:42:57.324,True,-2.7699373692469917,0.2866723463953942,-0.006931021233524849,-100
2025-08-09 20:42:57.914,True,-2.7699373692469917,0.2866723463953942,-0.006931021233524849,28
2025-08-09 20:42:58.327,True,-2.7699373692469917,0.2866723463953942,-0.006931021233524849,28
2025-08-09 20:42:58.917,True,-2.7699373692469917,0.2866723463953942,-0.006931021233524849,-100
2025-08-09 20:42:59.329,True,-2.7699373692469917,0.2866723463953942,-0.006931021233524849,28
2025-08-09 20:42:59.919,True,-2.7699340684729643,0.2726882212057048,-0.006592914780363266,28
2025-08-09 20:43:00.332,True,-2.7699340684729643,0.2726882212057048,-0.006592914780363266,-100
2025-08-09 20:43:00.922,True,-2.7699340684729643,0.2726882212057048,-0.006592914780363266,-100
2025-08-09 20:43:01.336,True,-2.7699340684729643,0.2726882212057048,-0.006592914780363266,-100
2025-08-09 20:43:01.926,True,-2.7699265386116343,0.23772797747686855,-0.005747653671086574,28
2025-08-09 20:43:02.339,True,-2.7699265386116343,0.23772797747686855,-0.005747653671086574,28
2025-08-09 20:43:02.929,True,-2.769923815493773,0.2237439054966678,-0.005409551078175885,28
2025-08-09 20:43:03.342,True,-2.769923815493773,0.2237439054966678,-0.005409551078175885,28
2025-08-09 20:43:03.931,True,-2.769923815493773,0.2237439054966678,-0.005409551078175885,28
2025-08-09 20:43:04.344,True,-2.769923815493773,0.2237439054966678,-0.005409551078175885,-100
2025-08-09 20:43:04.934,True,-2.769923815493773,0.2237439054966678,-0.005409551078175885,-100
2025-08-09 20:43:05.346,True,-2.769923815493773,0.2237439054966678,-0.005409551078175885,-100
2025-08-09 20:43:05.935,True,-2.769923815493773,0.2237439054966678,-0.005409551078175885,-100
2025-08-09 20:43:06.348,True,-2.769923815493773,0.2237439054966678,-0.005409551078175885,28
2025-08-09 20:43:06.937,True,-2.769923815493773,0.2237439054966678,-0.005409551078175885,28
2025-08-09 20:43:07.352,True,-2.769923815493773,0.2237439054966678,-0.005409551078175885,-100
2025-08-09 20:43:07.940,True,-2.769923815493773,0.2237439054966678,-0.005409551078175885,-100
2025-08-09 20:43:08.354,True,-2.769923815493773,0.2237439054966678,-0.005409551078175885,28
2025-08-09 20:43:08.942,True,-2.769923815493773,0.2237439054966678,-0.005409551078175885,-100
2025-08-09 20:43:09.357,True,-2.769923815493773,0.2237439054966678,-0.005409551078175885,-100
2025-08-09 20:43:09.945,True,-2.769923815493773,0.2237439054966678,-0.005409551078175885,-100
2025-08-09 20:43:10.359,True,-2.769923815493773,0.2237439054966678,-0.005409551078175885,-100
2025-08-09 20:43:10.947,True,-2.769923815493773,0.2237439054966678,-0.005409551078175885,-100
2025-08-09 20:43:11.950,True,-2.7629277699117956,0.24472001872541613,-0.005901764174014426,28
2025-08-09 20:43:12.724,True,-2.762924971357343,0.2307359397686634,-0.0055645148706554935,-100
2025-08-09 20:43:12.952,True,-2.7629277699117956,0.24472001872541613,-0.005901764174014426,-100
2025-08-09 20:43:13.729,True,-2.7629277699117956,0.24472001872541613,-0.005901764174014426,-100
2025-08-09 20:43:13.956,True,-2.7629277699117956,0.24472001872541613,-0.005901764174014426,28
2025-08-09 20:43:14.731,True,-2.7629277699117956,0.24472001872541613,-0.005901764174014426,-100
2025-08-09 20:43:14.961,True,-2.7629277699117956,0.24472001872541613,-0.005901764174014426,28
2025-08-09 20:43:15.733,True,-2.7629277699117956,0.24472001872541613,-0.005901764174014426,28
2025-08-09 20:43:15.964,True,-2.7629277699117956,0.24472001872541613,-0.005901764174014426,-100
2025-08-09 20:43:16.735,True,-2.7629277699117956,0.24472001872541613,-0.005901764174014426,-100
2025-08-09 20:43:16.966,True,-2.7629277699117956,0.24472001872541613,-0.005901764174014426,-100
2025-08-09 20:43:17.738,True,-2.7629277699117956,0.24472001872541613,-0.005901764174014426,-100
2025-08-09 20:43:17.968,True,-2.7629277699117956,0.24472001872541613,-0.005901764174014426,28
2025-08-09 20:43:18.740,True,-2.7629277699117956,0.24472001872541613,-0.005901764174014426,28
2025-08-09 20:43:18.971,True,-2.7629277699117956,0.24472001872541613,-0.005901764174014426,-100
2025-08-09 20:43:19.743,True,-2.7629277699117956,0.24472001872541613,-0.005901764174014426,-100
2025-08-09 20:43:19.974,True,-2.7629277699117956,0.24472001872541613,-0.005901764174014426,28
2025-08-09 20:43:20.745,True,-2.7629277699117956,0.24472001872541613,-0.005901764174014426,-100
2025-08-09 20:43:20.977,True,-2.7629277699117956,0.24472001872541613,-0.005901764174014426,-100
2025-08-09 20:43:21.747,True,-2.7629277699117956,0.24472001872541613,-0.005901764174014426,28
2025-08-09 20:43:21.979,True,-2.7629277699117956,0.24472001872541613,-0.005901764174014426,28
2025-08-09 20:43:22.750,True,-2.7629277699117956,0.24472001872541613,-0.005901764174014426,28
2025-08-09 20:43:22.981,True,-2.7629277699117956,0.24472001872541613,-0.005901764174014426,-114
2025-08-09 20:43:23.753,True,-2.7629277699117956,0.24472001872541613,-0.005901764174014426,-100
2025-08-09 20:43:23.984,True,-2.7629277699117956,0.24472001872541613,-0.005901764174014426,28
2025-08-09 20:43:24.756,True,-2.7629277699117956,0.24472001872541613,-0.005901764174014426,-100
2025-08-09 20:43:24.988,True,-2.7629277699117956,0.24472001872541613,-0.005901764174014426,28
2025-08-09 20:43:25.760,True,-2.7629263500562553,0.23772797747686855,-0.00573313939423639,28
2025-08-09 20:43:25.991,True,-2.7629263500562553,0.23772797747686855,-0.00573313939423639,-100
2025-08-09 20:43:26.762,True,-2.7629277699117956,0.24472001872541613,-0.005901764174014426,-100
2025-08-09 20:43:26.993,True,-2.7629307330932735,0.25870411226007234,-0.006239014532304599,-100
2025-08-09 20:43:27.765,True,-2.7629307330932735,0.25870411226007234,-0.006239014532304599,-100
2025-08-09 20:43:27.996,True,-2.7629307330932735,0.25870411226007234,-0.006239014532304599,-100
2025-08-09 20:43:28.767,True,-2.7629307330932735,0.25870411226007234,-0.006239014532304599,28
2025-08-09 20:43:28.998,True,-2.7629307330932735,0.25870411226007234,-0.006239014532304599,-100
2025-08-09 20:43:29.768,True,-2.7629307330932735,0.25870411226007234,-0.006239014532304599,28
2025-08-09 20:43:30.002,True,-2.7629307330932735,0.25870411226007234,-0.006239014532304599,-100
2025-08-09 20:43:30.771,True,-2.755942542765533,0.24455182378397985,-0.012878865990846379,-100
2025-08-09 20:43:31.005,True,-2.755942542765533,0.24455182378397985,-0.012878865990846379,28
2025-08-09 20:43:31.774,True,-2.755942542765533,0.24455182378397985,-0.012878865990846379,-100
2025-08-09 20:43:32.007,True,-2.755942542765533,0.24455182378397985,-0.012878865990846379,-100
2025-08-09 20:43:32.776,True,-2.755942542765533,0.24455182378397985,-0.012878865990846379,-100
2025-08-09 20:43:33.009,True,-2.755942542765533,0.24455182378397985,-0.012878865990846379,28
2025-08-09 20:43:33.779,True,-2.755942542765533,0.24455182378397985,-0.012878865990846379,28
2025-08-09 20:43:34.011,True,-2.755942542765533,0.24455182378397985,-0.012878865990846379,28
2025-08-09 20:43:34.782,True,-2.755942542765533,0.24455182378397985,-0.012878865990846379,28
2025-08-09 20:43:35.016,True,-2.755942542765533,0.24455182378397985,-0.012878865990846379,28
2025-08-09 20:43:35.786,True,-2.755942542765533,0.24455182378397985,-0.012878865990846379,28
2025-08-09 20:43:36.020,True,-2.755942542765533,0.24455182378397985,-0.012878865990846379,28
2025-08-09 20:43:36.788,True,-2.755942542765533,0.24455182378397985,-0.012878865990846379,28
2025-08-09 20:43:37.022,True,-2.755942542765533,0.24455182378397985,-0.012878865990846379,-100
2025-08-09 20:43:37.791,True,-2.755942542765533,0.24455182378397985,-0.012878865990846379,-100
2025-08-09 20:43:38.024,True,-2.755942542765533,0.24455182378397985,-0.012878865990846379,-100
2025-08-09 20:43:38.793,True,-2.755942542765533,0.24455182378397985,-0.012878865990846379,28
2025-08-09 20:43:39.027,True,-2.755942542765533,0.24455182378397985,-0.012878865990846379,-100
2025-08-09 20:43:39.795,True,-2.755942542765533,0.24455182378397985,-0.012878865990846379,-100
2025-08-09 20:43:40.029,True,-2.755942542765533,0.24455182378397985,-0.012878865990846379,28
2025-08-09 20:43:40.797,True,-2.755942542765533,0.24455182378397985,-0.012878865990846379,-100
2025-08-09 20:43:41.031,True,-2.755942542765533,0.24455182378397985,-0.012878865990846379,-100
2025-08-09 20:43:41.800,True,-2.755942542765533,0.24455182378397985,-0.012878865990846379,-100
2025-08-09 20:43:42.034,True,-2.755942542765533,0.24455182378397985,-0.012878865990846379,28
2025-08-09 20:43:42.802,True,-2.755942542765533,0.24455182378397985,-0.012878865990846379,-100
2025-08-09 20:43:43.038,True,-2.755942542765533,0.24455182378397985,-0.012878865990846379,-100
2025-08-09 20:43:43.804,True,-2.755942542765533,0.24455182378397985,-0.012878865990846379,-100
2025-08-09 20:43:44.040,True,-2.755942542765533,0.24455182378397985,-0.012878865990846379,-100
2025-08-09 20:43:44.806,True,-2.755942542765533,0.24455182378397985,-0.012878865990846379,-100
2025-08-09 20:43:45.043,True,-2.755942542765533,0.24455182378397985,-0.012878865990846379,28
2025-08-09 20:43:45.809,True,-2.755942542765533,0.24455182378397985,-0.012878865990846379,28
2025-08-09 20:43:46.047,True,-2.755942542765533,0.24455182378397985,-0.012878865990846379,28
2025-08-09 20:43:46.812,True,-2.755942542765533,0.24455182378397985,-0.012878865990846379,28
2025-08-09 20:43:47.051,True,-2.7489387956199143,0.23056817188777376,-0.01252837603003135,28
2025-08-09 20:43:47.815,True,-2.7489387956199143,0.23056817188777376,-0.01252837603003135,-100
2025-08-09 20:43:48.053,True,-2.7489387956199143,0.23056817188777376,-0.01252837603003135,-100
2025-08-09 20:43:48.818,True,-2.7489387956199143,0.23056817188777376,-0.01252837603003135,-100
2025-08-09 20:43:49.056,True,-2.7489387956199143,0.23056817188777376,-0.01252837603003135,28
2025-08-09 20:43:49.822,True,-2.7489387956199143,0.23056817188777376,-0.01252837603003135,-100
2025-08-09 20:43:50.058,True,-2.7489387956199143,0.23056817188777376,-0.01252837603003135,-100
2025-08-09 20:43:50.825,True,-2.7489387956199143,0.23056817188777376,-0.01252837603003135,-100
2025-08-09 20:43:51.061,True,-2.7489387956199143,0.23056817188777376,-0.01252837603003135,-100
2025-08-09 20:43:51.829,True,-2.7489387956199143,0.23056817188777376,-0.01252837603003135,28
2025-08-09 20:43:52.065,True,-2.7489387956199143,0.23056817188777376,-0.01252837603003135,28
2025-08-09 20:43:52.833,True,-2.7489387956199143,0.23056817188777376,-0.01252837603003135,28
2025-08-09 20:43:53.067,True,-2.7489387956199143,0.23056817188777376,-0.01252837603003135,-100
2025-08-09 20:43:53.835,True,-2.7489387956199143,0.23056817188777376,-0.01252837603003135,28
2025-08-09 20:43:54.069,True,-2.7489387956199143,0.23056817188777376,-0.01252837603003135,28
2025-08-09 20:43:54.837,True,-2.7489387956199143,0.23056817188777376,-0.01252837603003135,-100
2025-08-09 20:43:55.072,True,-2.7489387956199143,0.23056817188777376,-0.01252837603003135,-100
2025-08-09 20:43:55.840,True,-2.7489387956199143,0.23056817188777376,-0.01252837603003135,-100
2025-08-09 20:43:56.074,True,-2.7489387956199143,0.23056817188777376,-0.01252837603003135,-100
2025-08-09 20:43:56.842,True,-2.7489387956199143,0.23056817188777376,-0.01252837603003135,-100
2025-08-09 20:43:57.077,True,-2.7489387956199143,0.23056817188777376,-0.01252837603003135,28
2025-08-09 20:43:57.844,True,-2.7489387956199143,0.23056817188777376,-0.01252837603003135,28
2025-08-09 20:43:58.081,True,-2.7489387956199143,0.23056817188777376,-0.01252837603003135,-100
2025-08-09 20:43:58.846,True,-2.7489387956199143,0.23056817188777376,-0.01252837603003135,-100
2025-08-09 20:43:59.083,True,-2.7489387956199143,0.23056817188777376,-0.01252837603003135,-100
2025-08-09 20:43:59.848,True,-2.7489387956199143,0.23056817188777376,-0.01252837603003135,28
2025-08-09 20:44:00.085,True,-2.7419387336536007,0.23056859877805339,-0.012514288651135517,28
2025-08-09 20:44:00.850,True,-2.7419387336536007,0.23056859877805339,-0.012514288651135517,28
2025-08-09 20:44:01.087,True,2.7435820830121034,-0.23104415455754107,0.001474052170901672,-100
2025-08-09 20:44:01.852,True,-2.7419387336536007,0.23056859877805339,-0.012514288651135517,-100
2025-08-09 20:44:02.090,True,-2.7419387336536007,0.23056859877805339,-0.012514288651135517,-100
2025-08-09 20:44:02.855,True,-2.7419387336536007,0.23056859877805339,-0.012514288651135517,28
2025-08-09 20:44:03.093,True,-2.7419387336536007,0.23056859877805339,-0.012514288651135517,-100
2025-08-09 20:44:03.857,True,-2.7419387336536007,0.23056859877805339,-0.012514288651135517,28
2025-08-09 20:44:04.096,True,-2.7419387336536007,0.23056859877805339,-0.012514288651135517,-100
2025-08-09 20:44:04.859,True,-2.7419387336536007,0.23056859877805339,-0.012514288651135517,-100
2025-08-09 20:44:05.099,True,-2.7419387336536007,0.23056859877805339,-0.012514288651135517,-100
2025-08-09 20:44:05.862,True,-2.7419387336536007,0.23056859877805339,-0.012514288651135517,-100
2025-08-09 20:44:06.101,True,-2.7419387336536007,0.23056859877805339,-0.012514288651135517,28
2025-08-09 20:44:06.864,True,-2.7419387336536007,0.23056859877805339,-0.012514288651135517,-100
2025-08-09 20:44:07.104,True,-2.7419387336536007,0.23056859877805339,-0.012514288651135517,28
2025-08-09 20:44:07.866,True,-2.7419387336536007,0.23056859877805339,-0.012514288651135517,28
2025-08-09 20:44:08.107,True,-2.7419387336536007,0.23056859877805339,-0.012514288651135517,-100
2025-08-09 20:44:08.868,True,-2.7419387336536007,0.23056859877805339,-0.012514288651135517,-100
2025-08-09 20:44:09.109,True,-2.7419387336536007,0.23056859877805339,-0.012514288651135517,-100
2025-08-09 20:44:09.870,True,-2.7419387336536007,0.23056859877805339,-0.012514288651135517,28
2025-08-09 20:44:10.111,True,-2.7419387336536007,0.23056859877805339,-0.012514288651135517,-100
2025-08-09 20:44:10.873,True,-2.7279461264730953,0.25853762470302566,-0.01315209014995145,-100
2025-08-09 20:44:11.113,True,-2.7279520990047423,0.27951379387464553,-0.013651576299592112,-100
2025-08-09 20:44:11.876,True,-2.7279520990047423,0.27951379387464553,-0.013651576299592112,-100
2025-08-09 20:44:12.115,True,-2.7279520990047423,0.27951379387464553,-0.013651576299592112,-100
2025-08-09 20:44:12.878,True,-2.7279520990047423,0.27951379387464553,-0.013651576299592112,28
2025-08-09 20:44:13.118,True,-2.7279520990047423,0.27951379387464553,-0.013651576299592112,28
2025-08-09 20:44:13.880,True,-2.7279520990047423,0.27951379387464553,-0.013651576299592112,28
2025-08-09 20:44:14.121,True,-2.7279520990047423,0.27951379387464553,-0.013651576299592112,28
2025-08-09 20:44:14.882,True,-2.7279520990047423,0.27951379387464553,-0.013651576299592112,-100
2025-08-09 20:44:15.123,True,-2.7279520990047423,0.27951379387464553,-0.013651576299592112,-100
2025-08-09 20:44:15.884,True,-2.7279520990047423,0.27951379387464553,-0.013651576299592112,-100
2025-08-09 20:44:16.126,True,-2.7279520990047423,0.27951379387464553,-0.013651576299592112,28
2025-08-09 20:44:16.886,True,-2.727948076680021,0.26552967710445463,-0.013318585143889256,-100
2025-08-09 20:44:17.129,True,-2.727948076680021,0.26552967710445463,-0.013318585143889256,-100
2025-08-09 20:44:17.888,True,-2.727948076680021,0.26552967710445463,-0.013318585143889256,28
2025-08-09 20:44:18.133,True,-2.727948076680021,0.26552967710445463,-0.013318585143889256,-100
2025-08-09 20:44:18.891,True,-2.727948076680021,0.26552967710445463,-0.013318585143889256,-100
2025-08-09 20:44:19.135,True,-2.727948076680021,0.26552967710445463,-0.013318585143889256,28
2025-08-09 20:44:19.893,True,-2.727948076680021,0.26552967710445463,-0.013318585143889256,28
2025-08-09 20:44:20.139,True,-2.727948076680021,0.26552967710445463,-0.013318585143889256,-100
2025-08-09 20:44:20.895,True,-2.727948076680021,0.26552967710445463,-0.013318585143889256,28
2025-08-09 20:44:21.142,True,-2.727948076680021,0.26552967710445463,-0.013318585143889256,-100
2025-08-09 20:44:21.897,True,-2.727948076680021,0.26552967710445463,-0.013318585143889256,-100
2025-08-09 20:44:22.144,True,-2.727948076680021,0.26552967710445463,-0.013318585143889256,-100
2025-08-09 20:44:22.900,True,-2.727948076680021,0.26552967710445463,-0.013318585143889256,-100
2025-08-09 20:44:23.147,True,-2.727948076680021,0.26552967710445463,-0.013318585143889256,28
2025-08-09 20:44:23.902,True,-2.727948076680021,0.26552967710445463,-0.013318585143889256,28
2025-08-09 20:44:24.151,True,-2.727948076680021,0.26552967710445463,-0.013318585143889256,28
2025-08-09 20:44:24.905,True,-2.727948076680021,0.26552967710445463,-0.013318585143889256,-100
2025-08-09 20:44:25.153,True,-2.727948076680021,0.26552967710445463,-0.013318585143889256,28
2025-08-09 20:44:25.908,True,-2.727948076680021,0.26552967710445463,-0.013318585143889256,28
2025-08-09 20:44:26.156,True,-2.727948076680021,0.26552967710445463,-0.013318585143889256,28
2025-08-09 20:44:26.911,True,-2.727948076680021,0.26552967710445463,-0.013318585143889256,-100
2025-08-09 20:44:27.158,True,-2.727948076680021,0.26552967710445463,-0.013318585143889256,28
2025-08-09 20:44:27.913,True,-2.727948076680021,0.26552967710445463,-0.013318585143889256,-100
2025-08-09 20:44:28.160,True,-2.727948076680021,0.26552967710445463,-0.013318585143889256,28
2025-08-09 20:44:28.915,True,-2.727948076680021,0.26552967710445463,-0.013318585143889256,-100
2025-08-09 20:44:29.162,True,-2.727948076680021,0.26552967710445463,-0.013318585143889256,28
2025-08-09 20:44:29.917,True,-2.727948076680021,0.26552967710445463,-0.013318585143889256,-100
2025-08-09 20:44:30.166,True,-2.727948076680021,0.26552967710445463,-0.013318585143889256,28
2025-08-09 20:44:30.919,True,-2.727948076680021,0.26552967710445463,-0.013318585143889256,-100
2025-08-09 20:44:31.168,True,-2.727948076680021,0.26552967710445463,-0.013318585143889256,28
2025-08-09 20:44:31.921,True,-2.727948076680021,0.26552967710445463,-0.013318585143889256,28
2025-08-09 20:44:32.170,True,-2.727948076680021,0.26552967710445463,-0.013318585143889256,28
2025-08-09 20:44:32.923,True,-2.727948076680021,0.26552967710445463,-0.013318585143889256,-100
2025-08-09 20:44:33.173,True,-2.727948076680021,0.26552967710445463,-0.013318585143889256,-100
2025-08-09 20:44:33.926,True,-2.727948076680021,0.26552967710445463,-0.013318585143889256,-100
2025-08-09 20:44:34.175,True,-2.727948076680021,0.26552967710445463,-0.013318585143889256,-100
2025-08-09 20:44:34.928,True,-2.727948076680021,0.26552967710445463,-0.013318585143889256,28
2025-08-09 20:44:35.178,True,-2.727948076680021,0.26552967710445463,-0.013318585143889256,-100
2025-08-09 20:44:35.930,True,-2.727948076680021,0.26552967710445463,-0.013318585143889256,-100
2025-08-09 20:44:36.181,True,-2.727948076680021,0.26552967710445463,-0.013318585143889256,-100
2025-08-09 20:44:36.933,True,-2.727948076680021,0.26552967710445463,-0.013318585143889256,-100
2025-08-09 20:44:37.185,True,-2.727948076680021,0.26552967710445463,-0.013318585143889256,-100
2025-08-09 20:44:37.934,True,-2.727948076680021,0.26552967710445463,-0.013318585143889256,-100
2025-08-09 20:44:38.188,True,-2.727948076680021,0.26552967710445463,-0.013318585143889256,-100
2025-08-09 20:44:38.936,True,-2.727948076680021,0.26552967710445463,-0.013318585143889256,28
2025-08-09 20:44:39.192,True,-2.727948076680021,0.26552967710445463,-0.013318585143889256,-100
2025-08-09 20:44:39.939,True,-2.727948076680021,0.26552967710445463,-0.013318585143889256,-100
2025-08-09 20:44:40.195,True,-2.727948076680021,0.26552967710445463,-0.013318585143889256,-100
2025-08-09 20:44:40.942,True,-2.727948076680021,0.26552967710445463,-0.013318585143889256,28
2025-08-09 20:44:41.199,True,-2.727948076680021,0.26552967710445463,-0.013318585143889256,-100
2025-08-09 20:44:41.944,True,-2.727948076680021,0.26552967710445463,-0.013318585143889256,-100
2025-08-09 20:44:42.201,True,-2.727948076680021,0.26552967710445463,-0.013318585143889256,-100
2025-08-09 20:44:42.947,True,-2.727948076680021,0.26552967710445463,-0.013318585143889256,-100
2025-08-09 20:44:43.204,True,-2.727948076680021,0.26552967710445463,-0.013318585143889256,-100
2025-08-09 20:44:43.948,True,-2.727948076680021,0.26552967710445463,-0.013318585143889256,28
2025-08-09 20:44:44.206,True,-2.727948076680021,0.26552967710445463,-0.013318585143889256,28
2025-08-09 20:44:44.950,True,-2.727948076680021,0.26552967710445463,-0.013318585143889256,28
2025-08-09 20:44:45.209,True,-2.727948076680021,0.26552967710445463,-0.013318585143889256,28
2025-08-09 20:44:45.952,True,-2.727948076680021,0.26552967710445463,-0.013318585143889256,-100
2025-08-09 20:44:46.213,True,-2.727948076680021,0.26552967710445463,-0.013318585143889256,28
2025-08-09 20:44:46.954,True,-2.727948076680021,0.26552967710445463,-0.013318585143889256,-100
2025-08-09 20:44:47.216,True,-2.727948076680021,0.26552967710445463,-0.013318585143889256,-100
2025-08-09 20:44:47.957,True,-2.727948076680021,0.26552967710445463,-0.013318585143889256,28
2025-08-09 20:44:48.218,True,-2.727948076680021,0.26552967710445463,-0.013318585143889256,-100
2025-08-09 20:44:48.962,True,-2.7349461215236914,0.2585371978118565,-0.0131678851227978,-100
2025-08-09 20:44:49.221,True,-2.7349461215236914,0.2585371978118565,-0.0131678851227978,28
2025-08-09 20:44:49.965,True,-2.7349461215236914,0.2585371978118565,-0.0131678851227978,-100
2025-08-09 20:44:50.223,True,-2.7349461215236914,0.2585371978118565,-0.0131678851227978,-100
2025-08-09 20:44:50.970,True,-2.7349461215236914,0.2585371978118565,-0.0131678851227978,-100
2025-08-09 20:44:51.226,True,-2.7349461215236914,0.2585371978118565,-0.0131678851227978,28
2025-08-09 20:44:51.972,True,-2.7349461215236914,0.2585371978118565,-0.0131678851227978,28
2025-08-09 20:44:52.229,True,-2.7349461215236914,0.2585371978118565,-0.0131678851227978,28
2025-08-09 20:44:52.974,True,-2.7349461215236914,0.2585371978118565,-0.0131678851227978,-100
2025-08-09 20:44:53.232,True,-2.7349461215236914,0.2585371978118565,-0.0131678851227978,28
2025-08-09 20:44:53.978,True,-2.7349461215236914,0.2585371978118565,-0.0131678851227978,-100
2025-08-09 20:44:54.236,True,-2.7349461215236914,0.2585371978118565,-0.0131678851227978,-100
2025-08-09 20:44:54.980,True,-2.7349461215236914,0.2585371978118565,-0.0131678851227978,28
2025-08-09 20:44:55.239,True,-2.7349461215236914,0.2585371978118565,-0.0131678851227978,-100
2025-08-09 20:44:55.983,True,-2.7349461215236914,0.2585371978118565,-0.0131678851227978,28
2025-08-09 20:44:56.241,True,-2.7349461215236914,0.2585371978118565,-0.0131678851227978,-100
2025-08-09 20:44:56.985,True,-2.7349461215236914,0.2585371978118565,-0.0131678851227978,-100
2025-08-09 20:44:57.244,True,-2.7349461215236914,0.2585371978118565,-0.0131678851227978,-100
2025-08-09 20:44:57.987,True,-2.7349461215236914,0.2585371978118565,-0.0131678851227978,28
2025-08-09 20:44:58.246,True,-2.7349461215236914,0.2585371978118565,-0.0131678851227978,-100
2025-08-09 20:44:58.989,True,-2.7349461215236914,0.2585371978118565,-0.0131678851227978,-100
2025-08-09 20:44:59.248,True,-2.7349461215236914,0.2585371978118565,-0.0131678851227978,-100
2025-08-09 20:44:59.992,True,-2.7349461215236914,0.2585371978118565,-0.0131678851227978,-100
2025-08-09 20:45:00.252,True,-2.7349461215236914,0.2585371978118565,-0.0131678851227978,-100
2025-08-09 20:45:00.994,True,-2.7349461215236914,0.2585371978118565,-0.0131678851227978,28
2025-08-09 20:45:01.254,True,-2.7349461215236914,0.2585371978118565,-0.0131678851227978,-100
2025-08-09 20:45:01.996,True,-2.7349461215236914,0.2585371978118565,-0.0131678851227978,28
2025-08-09 20:45:02.258,True,-2.7349461215236914,0.2585371978118565,-0.0131678851227978,28
2025-08-09 20:45:02.999,True,-2.7349461215236914,0.2585371978118565,-0.0131678851227978,-100
2025-08-09 20:45:03.261,True,-2.7349461215236914,0.2585371978118565,-0.0131678851227978,28
2025-08-09 20:45:04.001,True,-2.7349461215236914,0.2585371978118565,-0.0131678851227978,28
2025-08-09 20:45:04.264,True,-2.7349461215236914,0.2585371978118565,-0.0131678851227978,28
2025-08-09 20:45:05.003,True,-2.7349461215236914,0.2585371978118565,-0.0131678851227978,-100
2025-08-09 20:45:05.267,True,-2.7349461215236914,0.2585371978118565,-0.0131678851227978,28
2025-08-09 20:45:06.004,True,-2.7349461215236914,0.2585371978118565,-0.0131678851227978,-100
2025-08-09 20:45:06.269,True,-2.7349461215236914,0.2585371978118565,-0.0131678851227978,28
2025-08-09 20:45:07.006,True,-2.7349461215236914,0.2585371978118565,-0.0131678851227978,-100
2025-08-09 20:45:07.273,True,-2.7349461215236914,0.2585371978118565,-0.0131678851227978,-100
2025-08-09 20:45:08.008,True,-2.7349461215236914,0.2585371978118565,-0.0131678851227978,-100
2025-08-09 20:45:08.275,True,-2.7349461215236914,0.2585371978118565,-0.0131678851227978,28
2025-08-09 20:45:09.010,True,-2.7349461215236914,0.2585371978118565,-0.0131678851227978,28
2025-08-09 20:45:09.278,True,-2.7349461215236914,0.2585371978118565,-0.0131678851227978,28
2025-08-09 20:45:10.014,True,-2.7349461215236914,0.2585371978118565,-0.0131678851227978,28
2025-08-09 20:45:10.280,True,-2.7349461215236914,0.2585371978118565,-0.0131678851227978,-100
2025-08-09 20:45:11.017,True,-2.7349461215236914,0.2585371978118565,-0.0131678851227978,28
2025-08-09 20:45:11.281,True,-2.7349461215236914,0.2585371978118565,-0.0131678851227978,-100
2025-08-09 20:45:12.019,True,-2.7349461215236914,0.2585371978118565,-0.0131678851227978,-100
2025-08-09 20:45:12.284,True,-2.7349461215236914,0.2585371978118565,-0.0131678851227978,-100
2025-08-09 20:45:13.022,True,-2.7349461215236914,0.2585371978118565,-0.0131678851227978,28
2025-08-09 20:45:13.286,True,-2.7349461215236914,0.2585371978118565,-0.0131678851227978,-100
2025-08-09 20:45:14.024,True,-2.7349461215236914,0.2585371978118565,-0.0131678851227978,-100
2025-08-09 20:45:14.289,True,-2.7349461215236914,0.2585371978118565,-0.0131678851227978,-100
2025-08-09 20:45:15.027,True,-2.7349461215236914,0.2585371978118565,-0.0131678851227978,-100
2025-08-09 20:45:15.291,True,-2.7349461215236914,0.2585371978118565,-0.0131678851227978,28
2025-08-09 20:45:16.030,True,-2.7349461215236914,0.2585371978118565,-0.0131678851227978,-100
2025-08-09 20:45:16.294,True,-2.7349461215236914,0.2585371978118565,-0.0131678851227978,28
2025-08-09 20:45:17.032,True,-2.7349461215236914,0.2585371978118565,-0.0131678851227978,-100
2025-08-09 20:45:17.296,True,-2.7349461215236914,0.2585371978118565,-0.0131678851227978,28
2025-08-09 20:45:18.036,True,-2.7349461215236914,0.2585371978118565,-0.0131678851227978,-100
2025-08-09 20:45:18.298,True,-2.7349461215236914,0.2585371978118565,-0.0131678851227978,28
2025-08-09 20:45:19.039,True,-2.7349461215236914,0.2585371978118565,-0.0131678851227978,-100
2025-08-09 20:45:19.300,True,-2.7349461215236914,0.2585371978118565,-0.0131678851227978,-100
2025-08-09 20:45:20.042,True,-2.7349461215236914,0.2585371978118565,-0.0131678851227978,-100
2025-08-09 20:45:20.302,True,-2.7349461215236914,0.2585371978118565,-0.0131678851227978,-100
2025-08-09 20:45:21.044,True,-2.7349461215236914,0.2585371978118565,-0.0131678851227978,28
2025-08-09 20:45:21.304,True,-2.7349461215236914,0.2585371978118565,-0.0131678851227978,-100
2025-08-09 20:45:22.047,True,-2.7349461215236914,0.2585371978118565,-0.0131678851227978,-100
2025-08-09 20:45:22.306,True,-2.7349461215236914,0.2585371978118565,-0.0131678851227978,-100
2025-08-09 20:45:23.052,True,-2.7349461215236914,0.2585371978118565,-0.0131678851227978,28
2025-08-09 20:45:23.308,True,-2.7349461215236914,0.2585371978118565,-0.0131678851227978,-100
2025-08-09 20:45:24.054,True,-2.7349461215236914,0.2585371978118565,-0.0131678851227978,-100
2025-08-09 20:45:24.310,True,-2.7349461215236914,0.2585371978118565,-0.0131678851227978,-100
2025-08-09 20:45:25.056,True,-2.7349461215236914,0.2585371978118565,-0.0131678851227978,28
2025-08-09 20:45:25.312,True,2.7365818086404716,-0.25902897644819034,0.0008204848489229363,-100
2025-08-09 20:45:26.059,True,-2.7349461215236914,0.2585371978118565,-0.0131678851227978,28
2025-08-09 20:45:26.314,True,-2.7349461215236914,0.2585371978118565,-0.0131678851227978,-100
2025-08-09 20:45:27.061,True,-2.7349461215236914,0.2585371978118565,-0.0131678851227978,28
2025-08-09 20:45:27.317,True,-2.7349461215236914,0.2585371978118565,-0.0131678851227978,-100
2025-08-09 20:45:28.065,True,-2.7349461215236914,0.2585371978118565,-0.0131678851227978,28
2025-08-09 20:45:28.321,True,-2.7349461215236914,0.2585371978118565,-0.0131678851227978,-100
2025-08-09 20:45:29.068,True,-2.7349461215236914,0.2585371978118565,-0.0131678851227978,-100
2025-08-09 20:45:29.323,True,-2.7349461215236914,0.2585371978118565,-0.0131678851227978,-100
2025-08-09 20:45:30.071,True,-2.7349461215236914,0.2585371978118565,-0.0131678851227978,-100
2025-08-09 20:45:30.325,True,-2.7349461215236914,0.2585371978118565,-0.0131678851227978,-100
2025-08-09 20:45:31.074,True,-2.7349461215236914,0.2585371978118565,-0.0131678851227978,28
2025-08-09 20:45:31.328,True,-2.7349461215236914,0.2585371978118565,-0.0131678851227978,-100
2025-08-09 20:45:32.076,True,-2.7349461215236914,0.2585371978118565,-0.0131678851227978,-100
2025-08-09 20:45:32.330,True,-2.7349461215236914,0.2585371978118565,-0.0131678851227978,-100
2025-08-09 20:45:33.079,True,-2.7349461215236914,0.2585371978118565,-0.0131678851227978,-100
2025-08-09 20:45:33.332,True,-2.7349461215236914,0.2585371978118565,-0.0131678851227978,-100
2025-08-09 20:45:34.085,True,-2.7349461215236914,0.2585371978118565,-0.0131678851227978,-100
2025-08-09 20:45:34.337,True,-2.7349461215236914,0.2585371978118565,-0.0131678851227978,28
2025-08-09 20:45:35.087,True,-2.7349461215236914,0.2585371978118565,-0.0131678851227978,28
2025-08-09 20:45:35.340,True,-2.7349461215236914,0.2585371978118565,-0.0131678851227978,-100
2025-08-09 20:45:36.089,True,-2.7349461215236914,0.2585371978118565,-0.0131678851227978,-100
2025-08-09 20:45:36.343,True,-2.7349461215236914,0.2585371978118565,-0.0131678851227978,-100
2025-08-09 20:45:37.092,True,-2.7349461215236914,0.2585371978118565,-0.0131678851227978,-100
2025-08-09 20:45:37.346,True,-2.7349461215236914,0.2585371978118565,-0.0131678851227978,28
2025-08-09 20:45:38.095,True,-2.7349461215236914,0.2585371978118565,-0.0131678851227978,-100
2025-08-09 20:45:38.348,True,-2.7349461215236914,0.2585371978118565,-0.0131678851227978,-100
2025-08-09 20:45:39.098,True,-2.7279442169029187,0.251545576151861,-0.012985595535368294,28
2025-08-09 20:45:39.350,True,-2.7279442169029187,0.251545576151861,-0.012985595535368294,-100
2025-08-09 20:45:40.100,True,-2.7279442169029187,0.251545576151861,-0.012985595535368294,-100
2025-08-09 20:45:40.352,True,-2.7279442169029187,0.251545576151861,-0.012985595535368294,-100
2025-08-09 20:45:41.102,True,-2.7279442169029187,0.251545576151861,-0.012985595535368294,28
2025-08-09 20:45:41.355,True,-2.7279442169029187,0.251545576151861,-0.012985595535368294,-100
2025-08-09 20:45:42.104,True,-2.7279442169029187,0.251545576151861,-0.012985595535368294,-100
2025-08-09 20:45:42.357,True,-2.7279442169029187,0.251545576151861,-0.012985595535368294,-100
2025-08-09 20:45:43.108,True,-2.7279442169029187,0.251545576151861,-0.012985595535368294,-100
2025-08-09 20:45:43.359,True,-2.7279442169029187,0.251545576151861,-0.012985595535368294,28
2025-08-09 20:45:44.110,True,-2.7279442169029187,0.251545576151861,-0.012985595535368294,-100
2025-08-09 20:45:44.362,True,-2.7279442169029187,0.251545576151861,-0.012985595535368294,-100
2025-08-09 20:45:45.112,True,-2.72794234796934,0.2445535313468265,-0.01281910129269902,28
2025-08-09 20:45:45.367,True,-2.72794234796934,0.2445535313468265,-0.01281910129269902,-100
2025-08-09 20:45:46.117,True,-2.72794234796934,0.2445535313468265,-0.01281910129269902,28
2025-08-09 20:45:46.369,True,-2.72794234796934,0.2445535313468265,-0.01281910129269902,-100
2025-08-09 20:45:47.120,True,-2.72794234796934,0.2445535313468265,-0.01281910129269902,-100
2025-08-09 20:45:47.371,True,-2.72794234796934,0.2445535313468265,-0.01281910129269902,28
2025-08-09 20:45:48.124,True,-2.72794234796934,0.2445535313468265,-0.01281910129269902,-100
2025-08-09 20:45:48.373,True,-2.72794234796934,0.2445535313468265,-0.01281910129269902,-100
2025-08-09 20:45:49.126,True,-2.72794234796934,0.2445535313468265,-0.01281910129269902,-100
2025-08-09 20:45:49.376,True,-2.72794234796934,0.2445535313468265,-0.01281910129269902,28
2025-08-09 20:45:50.130,True,-2.72794234796934,0.2445535313468265,-0.01281910129269902,-100
2025-08-09 20:45:50.377,True,-2.72794234796934,0.2445535313468265,-0.01281910129269902,28
2025-08-09 20:45:51.132,True,-2.72794234796934,0.2445535313468265,-0.01281910129269902,-100
2025-08-09 20:45:51.380,True,-2.72794234796934,0.2445535313468265,-0.01281910129269902,-100
2025-08-09 20:45:52.135,True,-2.72794234796934,0.2445535313468265,-0.01281910129269902,28
2025-08-09 20:45:52.382,True,-2.72794234796934,0.2445535313468265,-0.01281910129269902,-100
2025-08-09 20:45:53.137,True,-2.72794234796934,0.2445535313468265,-0.01281910129269902,-100
2025-08-09 20:45:53.384,True,-2.72794234796934,0.2445535313468265,-0.01281910129269902,-100
2025-08-09 20:45:54.140,True,-2.72794234796934,0.2445535313468265,-0.01281910129269902,-100
2025-08-09 20:45:54.387,True,-2.72794234796934,0.2445535313468265,-0.01281910129269902,-100
2025-08-09 20:45:55.143,True,-2.72794234796934,0.2445535313468265,-0.01281910129269902,-100
2025-08-09 20:45:55.390,True,-2.72794234796934,0.2445535313468265,-0.01281910129269902,28
2025-08-09 20:45:56.147,True,-2.72794234796934,0.2445535313468265,-0.01281910129269902,-100
2025-08-09 20:45:56.392,True,-2.72794234796934,0.2445535313468265,-0.01281910129269902,-100
2025-08-09 20:45:57.150,True,-2.72794234796934,0.2445535313468265,-0.01281910129269902,-100
2025-08-09 20:45:57.395,True,-2.72794234796934,0.2445535313468265,-0.01281910129269902,28
2025-08-09 20:45:58.152,True,-2.72794234796934,0.2445535313468265,-0.01281910129269902,-100
2025-08-09 20:45:58.397,True,-2.72794234796934,0.2445535313468265,-0.01281910129269902,-100
2025-08-09 20:45:59.155,True,-2.72794234796934,0.2445535313468265,-0.01281910129269902,-100
2025-08-09 20:45:59.399,True,-2.72794234796934,0.2445535313468265,-0.01281910129269902,-100
2025-08-09 20:46:00.158,True,-2.72794234796934,0.2445535313468265,-0.01281910129269902,28
2025-08-09 20:46:00.401,True,-2.72794234796934,0.2445535313468265,-0.01281910129269902,-100
2025-08-09 20:46:01.160,True,-2.72794234796934,0.2445535313468265,-0.01281910129269902,-100
2025-08-09 20:46:01.404,True,-2.72794234796934,0.2445535313468265,-0.01281910129269902,28
2025-08-09 20:46:02.163,True,-2.72794234796934,0.2445535313468265,-0.01281910129269902,28
2025-08-09 20:46:02.406,True,-2.72794234796934,0.2445535313468265,-0.01281910129269902,28
2025-08-09 20:46:03.165,True,-2.72794234796934,0.2445535313468265,-0.01281910129269902,-100
2025-08-09 20:46:03.409,True,-2.72794234796934,0.2445535313468265,-0.01281910129269902,28
2025-08-09 20:46:04.168,True,-2.72794234796934,0.2445535313468265,-0.01281910129269902,-100
2025-08-09 20:46:04.411,True,-2.72794234796934,0.2445535313468265,-0.01281910129269902,-100
2025-08-09 20:46:05.171,True,-2.72794234796934,0.2445535313468265,-0.01281910129269902,28
2025-08-09 20:46:05.414,True,-2.72794234796934,0.2445535313468265,-0.01281910129269902,28
2025-08-09 20:46:06.176,True,-2.72794234796934,0.2445535313468265,-0.01281910129269902,-100
2025-08-09 20:46:06.416,True,-2.72794234796934,0.2445535313468265,-0.01281910129269902,-100
2025-08-09 20:46:07.181,True,-2.72794234796934,0.2445535313468265,-0.01281910129269902,28
2025-08-09 20:46:07.419,True,-2.72794234796934,0.2445535313468265,-0.01281910129269902,-100
2025-08-09 20:46:08.185,True,-2.72794234796934,0.2445535313468265,-0.01281910129269902,-100
2025-08-09 20:46:08.421,True,-2.72794234796934,0.2445535313468265,-0.01281910129269902,-100
2025-08-09 20:46:09.187,True,-2.72794234796934,0.2445535313468265,-0.01281910129269902,-100
2025-08-09 20:46:09.424,True,-2.72794234796934,0.2445535313468265,-0.01281910129269902,-100
2025-08-09 20:46:10.189,True,-2.72794234796934,0.2445535313468265,-0.01281910129269902,-100
2025-08-09 20:46:10.428,True,-2.72794234796934,0.2445535313468265,-0.01281910129269902,-100
2025-08-09 20:46:11.191,True,-2.72794234796934,0.2445535313468265,-0.01281910129269902,-100
2025-08-09 20:46:11.431,True,-2.72794234796934,0.2445535313468265,-0.01281910129269902,-100
2025-08-09 20:46:12.195,True,-2.72794234796934,0.2445535313468265,-0.01281910129269902,-100
2025-08-09 20:46:12.432,True,-2.72794234796934,0.2445535313468265,-0.01281910129269902,28
2025-08-09 20:46:13.198,True,-2.72794234796934,0.2445535313468265,-0.01281910129269902,-100
2025-08-09 20:46:13.435,True,-2.72794234796934,0.2445535313468265,-0.01281910129269902,28
2025-08-09 20:46:14.200,True,-2.72794234796934,0.2445535313468265,-0.01281910129269902,-100
2025-08-09 20:46:14.437,True,-2.72794234796934,0.2445535313468265,-0.01281910129269902,28
2025-08-09 20:46:15.203,True,-2.72794234796934,0.2445535313468265,-0.01281910129269902,-100
2025-08-09 20:46:15.439,True,-2.72794234796934,0.2445535313468265,-0.01281910129269902,28
2025-08-09 20:46:16.206,True,-2.72794234796934,0.2445535313468265,-0.01281910129269902,28
2025-08-09 20:46:16.442,True,-2.72794234796934,0.2445535313468265,-0.01281910129269902,28
2025-08-09 20:46:17.211,True,-2.72794234796934,0.2445535313468265,-0.01281910129269902,-100
2025-08-09 20:46:17.447,True,-2.72794234796934,0.2445535313468265,-0.01281910129269902,28
2025-08-09 20:46:18.214,True,-2.72794234796934,0.2445535313468265,-0.01281910129269902,-100
2025-08-09 20:46:18.449,True,-2.72794234796934,0.2445535313468265,-0.01281910129269902,-100
2025-08-09 20:46:19.218,True,-2.72794234796934,0.2445535313468265,-0.01281910129269902,-100
2025-08-09 20:46:19.451,True,-2.72794234796934,0.2445535313468265,-0.01281910129269902,-100
2025-08-09 20:46:20.220,True,-2.72794234796934,0.2445535313468265,-0.01281910129269902,28
2025-08-09 20:46:20.453,True,-2.72794234796934,0.2445535313468265,-0.01281910129269902,28
2025-08-09 20:46:21.223,True,-2.72794234796934,0.2445535313468265,-0.01281910129269902,-100
2025-08-09 20:46:21.455,True,-2.72794234796934,0.2445535313468265,-0.01281910129269902,-100
2025-08-09 20:46:22.226,True,-2.72794234796934,0.2445535313468265,-0.01281910129269902,28
2025-08-09 20:46:22.457,True,-2.72794234796934,0.2445535313468265,-0.01281910129269902,28
2025-08-09 20:46:23.229,True,-2.72794234796934,0.2445535313468265,-0.01281910129269902,-100
2025-08-09 20:46:23.459,True,-2.72794234796934,0.2445535313468265,-0.01281910129269902,28
2025-08-09 20:46:24.233,True,-2.72794234796934,0.2445535313468265,-0.01281910129269902,-100
2025-08-09 20:46:24.461,True,-2.72794234796934,0.2445535313468265,-0.01281910129269902,28
2025-08-09 20:46:25.235,True,-2.72794234796934,0.2445535313468265,-0.01281910129269902,-100
2025-08-09 20:46:25.463,True,-2.72794234796934,0.2445535313468265,-0.01281910129269902,28
2025-08-09 20:46:26.239,True,-2.72794234796934,0.2445535313468265,-0.01281910129269902,-100
2025-08-09 20:46:26.465,True,-2.72794234796934,0.2445535313468265,-0.01281910129269902,-114
2025-08-09 20:46:27.242,True,-2.72794234796934,0.2445535313468265,-0.01281910129269902,-100
2025-08-09 20:46:27.467,True,-2.72794234796934,0.2445535313468265,-0.01281910129269902,28
2025-08-09 20:46:28.247,True,-2.72794234796934,0.2445535313468265,-0.01281910129269902,-100
2025-08-09 20:46:28.471,True,-2.72794234796934,0.2445535313468265,-0.01281910129269902,28
2025-08-09 20:46:29.250,True,-2.72794234796934,0.2445535313468265,-0.01281910129269902,-100
2025-08-09 20:46:29.473,True,-2.72794234796934,0.2445535313468265,-0.01281910129269902,-100
2025-08-09 20:46:30.252,True,-2.72794234796934,0.2445535313468265,-0.01281910129269902,-100
2025-08-09 20:46:30.476,True,-2.72794234796934,0.2445535313468265,-0.01281910129269902,-100
2025-08-09 20:46:31.255,True,-2.72794234796934,0.2445535313468265,-0.01281910129269902,-100
2025-08-09 20:46:31.479,True,-2.72794234796934,0.2445535313468265,-0.01281910129269902,-100
2025-08-09 20:46:32.258,True,-2.72794234796934,0.2445535313468265,-0.01281910129269902,-100
2025-08-09 20:46:32.482,True,-2.72794234796934,0.2445535313468265,-0.01281910129269902,28
2025-08-09 20:46:33.260,True,-2.72794234796934,0.2445535313468265,-0.01281910129269902,28
2025-08-09 20:46:33.485,True,-2.72794234796934,0.2445535313468265,-0.01281910129269902,28
2025-08-09 20:46:34.263,True,-2.72794234796934,0.2445535313468265,-0.01281910129269902,28
2025-08-09 20:46:34.487,True,-2.72794234796934,0.2445535313468265,-0.01281910129269902,28
2025-08-09 20:46:35.266,True,-2.72794234796934,0.2445535313468265,-0.01281910129269902,28
2025-08-09 20:46:35.490,True,-2.72794234796934,0.2445535313468265,-0.01281910129269902,28
2025-08-09 20:46:36.270,True,-2.72794234796934,0.2445535313468265,-0.01281910129269902,28
2025-08-09 20:46:36.493,True,-2.72794234796934,0.2445535313468265,-0.01281910129269902,-100
2025-08-09 20:46:37.272,True,-2.72794234796934,0.2445535313468265,-0.01281910129269902,-100
2025-08-09 20:46:37.495,True,-2.72794234796934,0.2445535313468265,-0.01281910129269902,28
2025-08-09 20:46:38.274,True,-2.72794234796934,0.2445535313468265,-0.01281910129269902,-100
2025-08-09 20:46:38.498,True,-2.72794234796934,0.2445535313468265,-0.01281910129269902,-100
2025-08-09 20:46:39.277,True,-2.72794234796934,0.2445535313468265,-0.01281910129269902,-100
2025-08-09 20:46:39.502,True,-2.72794234796934,0.2445535313468265,-0.01281910129269902,-100
2025-08-09 20:46:40.280,True,-2.72794234796934,0.2445535313468265,-0.01281910129269902,-100
2025-08-09 20:46:40.503,True,-2.72794234796934,0.2445535313468265,-0.01281910129269902,28
2025-08-09 20:46:41.284,True,-2.72794234796934,0.2445535313468265,-0.01281910129269902,28
2025-08-09 20:46:41.506,True,-2.72794234796934,0.2445535313468265,-0.01281910129269902,-100
2025-08-09 20:46:42.286,True,-2.72794234796934,0.2445535313468265,-0.01281910129269902,-100
2025-08-09 20:46:42.508,True,-2.72794234796934,0.2445535313468265,-0.01281910129269902,-100
2025-08-09 20:46:43.288,True,-2.72794234796934,0.2445535313468265,-0.01281910129269902,-100
2025-08-09 20:46:43.510,True,-2.72794234796934,0.2445535313468265,-0.01281910129269902,28
2025-08-09 20:46:44.290,True,-2.72794234796934,0.2445535313468265,-0.01281910129269902,-100
2025-08-09 20:46:44.512,True,-2.72794234796934,0.2445535313468265,-0.01281910129269902,-100
2025-08-09 20:46:45.292,True,-2.72794234796934,0.2445535313468265,-0.01281910129269902,-100
2025-08-09 20:46:45.515,True,-2.72794234796934,0.2445535313468265,-0.01281910129269902,-100
2025-08-09 20:46:46.295,True,-2.72794234796934,0.2445535313468265,-0.01281910129269902,-100
2025-08-09 20:46:46.518,True,-2.72794234796934,0.2445535313468265,-0.01281910129269902,-100
2025-08-09 20:46:47.297,True,-2.72794234796934,0.2445535313468265,-0.01281910129269902,-100
2025-08-09 20:46:47.520,True,-2.72794234796934,0.2445535313468265,-0.01281910129269902,-100
2025-08-09 20:46:48.300,True,-2.72794234796934,0.2445535313468265,-0.01281910129269902,28
2025-08-09 20:46:48.522,True,-2.72794234796934,0.2445535313468265,-0.01281910129269902,-100
2025-08-09 20:46:49.306,True,-2.72794234796934,0.2445535313468265,-0.01281910129269902,-100
2025-08-09 20:46:49.525,True,-2.72794234796934,0.2445535313468265,-0.01281910129269902,-100
2025-08-09 20:46:50.308,True,-2.72794234796934,0.2445535313468265,-0.01281910129269902,28
2025-08-09 20:46:50.527,True,-2.72794234796934,0.2445535313468265,-0.01281910129269902,28
2025-08-09 20:46:51.310,True,-2.72794234796934,0.2445535313468265,-0.01281910129269902,-100
2025-08-09 20:46:51.529,True,-2.72794234796934,0.2445535313468265,-0.01281910129269902,28
2025-08-09 20:46:52.313,True,-2.72794234796934,0.2445535313468265,-0.01281910129269902,28
2025-08-09 20:46:52.531,True,-2.72794234796934,0.2445535313468265,-0.01281910129269902,-100
2025-08-09 20:46:53.315,True,-2.72794234796934,0.2445535313468265,-0.01281910129269902,-100
2025-08-09 20:46:53.533,True,-2.72794234796934,0.2445535313468265,-0.01281910129269902,-100
2025-08-09 20:46:54.318,True,-2.72794234796934,0.2445535313468265,-0.01281910129269902,-100
2025-08-09 20:46:54.536,True,-2.72794234796934,0.2445535313468265,-0.01281910129269902,-100
2025-08-09 20:46:55.322,True,-2.72794234796934,0.2445535313468265,-0.01281910129269902,28
2025-08-09 20:46:55.539,True,-2.7349521060819,0.27951336698274254,-0.013668651975231693,28
2025-08-09 20:46:56.324,True,-2.6719555333309954,0.2865092735889614,-0.013678051851594224,-100
2025-08-09 20:46:56.541,True,-2.6789615900410864,0.3074850664509617,-0.014186080459731758,-100
2025-08-09 20:46:57.327,True,-2.685961332653208,0.30748463955799116,-0.01420486374987253,-100
2025-08-09 20:46:57.543,True,-2.6859657863948807,0.3214688087829519,-0.014532737031124772,-100
2025-08-09 20:46:58.329,True,-2.6859657863948807,0.3214688087829519,-0.014532737031124772,-100
2025-08-09 20:46:58.545,True,-2.6859657863948807,0.3214688087829519,-0.014532737031124772,28
2025-08-09 20:46:59.332,True,-2.6859657863948807,0.3214688087829519,-0.014532737031124772,28
2025-08-09 20:46:59.547,True,-2.6859657863948807,0.3214688087829519,-0.014532737031124772,-100
2025-08-09 20:47:00.336,True,-2.6859657863948807,0.3214688087829519,-0.014532737031124772,-100
2025-08-09 20:47:00.552,True,-2.6859657863948807,0.3214688087829519,-0.014532737031124772,-100
2025-08-09 20:47:01.339,True,-2.6859657863948807,0.3214688087829519,-0.014532737031124772,28
2025-08-09 20:47:01.553,True,-2.6859657863948807,0.3214688087829519,-0.014532737031124772,28
2025-08-09 20:47:02.343,True,-2.6859657863948807,0.3214688087829519,-0.014532737031124772,28
2025-08-09 20:47:02.555,True,-2.6859657863948807,0.3214688087829519,-0.014532737031124772,28
2025-08-09 20:47:03.345,True,-2.6859657863948807,0.3214688087829519,-0.014532737031124772,-100
2025-08-09 20:47:03.557,True,-2.6859657863948807,0.3214688087829519,-0.014532737031124772,28
2025-08-09 20:47:04.347,True,-2.6859657863948807,0.3214688087829519,-0.014532737031124772,-100
2025-08-09 20:47:04.559,True,-2.6859657863948807,0.3214688087829519,-0.014532737031124772,-100
2025-08-09 20:47:05.350,True,-2.6859657863948807,0.3214688087829519,-0.014532737031124772,-100
2025-08-09 20:47:05.562,True,-2.6859657863948807,0.3214688087829519,-0.014532737031124772,-100
2025-08-09 20:47:06.353,True,-2.6859657863948807,0.3214688087829519,-0.014532737031124772,-100
2025-08-09 20:47:06.565,True,-2.6859657863948807,0.3214688087829519,-0.014532737031124772,28
2025-08-09 20:47:07.358,True,-2.6859657863948807,0.3214688087829519,-0.014532737031124772,-100
2025-08-09 20:47:07.567,True,-2.6859657863948807,0.3214688087829519,-0.014532737031124772,28
2025-08-09 20:47:08.362,True,-2.6859657863948807,0.3214688087829519,-0.014532737031124772,-100
2025-08-09 20:47:08.570,True,-2.6859657863948807,0.3214688087829519,-0.014532737031124772,-100
2025-08-09 20:47:09.365,True,-2.6859657863948807,0.3214688087829519,-0.014532737031124772,-100
2025-08-09 20:47:09.572,True,-2.6859657863948807,0.3214688087829519,-0.014532737031124772,-100
2025-08-09 20:47:10.367,True,-2.6859657863948807,0.3214688087829519,-0.014532737031124772,-100
2025-08-09 20:47:10.574,True,-2.6859657863948807,0.3214688087829519,-0.014532737031124772,28
2025-08-09 20:47:11.369,True,-2.6859657863948807,0.3214688087829519,-0.014532737031124772,-100
2025-08-09 20:47:11.576,True,-2.6859657863948807,0.3214688087829519,-0.014532737031124772,-100
2025-08-09 20:47:12.371,True,-2.6859657863948807,0.3214688087829519,-0.014532737031124772,-100
2025-08-09 20:47:12.578,True,-2.6859657863948807,0.3214688087829519,-0.014532737031124772,28
2025-08-09 20:47:13.373,True,-2.6859657863948807,0.3214688087829519,-0.014532737031124772,28
2025-08-09 20:47:13.581,True,-2.6859657863948807,0.3214688087829519,-0.014532737031124772,28
2025-08-09 20:47:14.376,True,-2.6859657863948807,0.3214688087829519,-0.014532737031124772,28
2025-08-09 20:47:14.585,True,-2.6859657863948807,0.3214688087829519,-0.014532737031124772,28
2025-08-09 20:47:15.379,True,-2.6859657863948807,0.3214688087829519,-0.014532737031124772,28
2025-08-09 20:47:15.588,True,-2.6859657863948807,0.3214688087829519,-0.014532737031124772,28
2025-08-09 20:47:16.382,True,-2.6859657863948807,0.3214688087829519,-0.014532737031124772,28
2025-08-09 20:47:16.592,True,-2.6859657863948807,0.3214688087829519,-0.014532737031124772,-100
2025-08-09 20:47:17.385,True,-2.6859657863948807,0.3214688087829519,-0.014532737031124772,-100
2025-08-09 20:47:17.595,True,-2.6859657863948807,0.3214688087829519,-0.014532737031124772,28
2025-08-09 20:47:18.388,True,-2.6859657863948807,0.3214688087829519,-0.014532737031124772,-100
2025-08-09 20:47:18.597,True,-2.6859657863948807,0.3214688087829519,-0.014532737031124772,-100
2025-08-09 20:47:19.391,True,-2.6859657863948807,0.3214688087829519,-0.014532737031124772,-100
2025-08-09 20:47:19.600,True,-2.6859657863948807,0.3214688087829519,-0.014532737031124772,-100
2025-08-09 20:47:20.394,True,-2.6859657863948807,0.3214688087829519,-0.014532737031124772,-100
2025-08-09 20:47:20.603,True,-2.6859657863948807,0.3214688087829519,-0.014532737031124772,-100
2025-08-09 20:47:21.401,True,-2.6859657863948807,0.3214688087829519,-0.014532737031124772,-100
2025-08-09 20:47:21.606,True,-2.6859657863948807,0.3214688087829519,-0.014532737031124772,-100
2025-08-09 20:47:22.404,True,-2.6859657863948807,0.3214688087829519,-0.014532737031124772,-100
2025-08-09 20:47:22.610,True,-2.6859657863948807,0.3214688087829519,-0.014532737031124772,28
2025-08-09 20:47:23.407,True,-2.6859657863948807,0.3214688087829519,-0.014532737031124772,-100
2025-08-09 20:47:23.612,True,-2.6859657863948807,0.3214688087829519,-0.014532737031124772,28
2025-08-09 20:47:24.409,True,-2.6859657863948807,0.3214688087829519,-0.014532737031124772,28
2025-08-09 20:47:24.615,True,-2.6859657863948807,0.3214688087829519,-0.014532737031124772,-100
2025-08-09 20:47:25.413,True,-2.6859657863948807,0.3214688087829519,-0.014532737031124772,-100
2025-08-09 20:47:25.617,True,-2.6859657863948807,0.3214688087829519,-0.014532737031124772,-100
2025-08-09 20:47:26.415,True,-2.6859657863948807,0.3214688087829519,-0.014532737031124772,28
2025-08-09 20:47:26.621,True,-2.6859657863948807,0.3214688087829519,-0.014532737031124772,-100
2025-08-09 20:47:27.418,True,-2.6859657863948807,0.3214688087829519,-0.014532737031124772,-100
2025-08-09 20:47:27.623,True,-2.6859657863948807,0.3214688087829519,-0.014532737031124772,-100
2025-08-09 20:47:28.421,True,-2.6859657863948807,0.3214688087829519,-0.014532737031124772,-100
2025-08-09 20:47:28.626,True,-2.6859657863948807,0.3214688087829519,-0.014532737031124772,-100
2025-08-09 20:47:29.424,True,-2.6859657863948807,0.3214688087829519,-0.014532737031124772,-100
2025-08-09 20:47:29.628,True,-2.6999609378881506,0.3074837857720502,-0.014242430330144905,28
2025-08-09 20:47:30.427,True,-2.6999609378881506,0.3074837857720502,-0.014242430330144905,28
2025-08-09 20:47:30.630,True,-2.6999609378881506,0.3074837857720502,-0.014242430330144905,-100
2025-08-09 20:47:31.429,True,-2.6999609378881506,0.3074837857720502,-0.014242430330144905,-100
2025-08-09 20:47:31.633,True,-2.6999609378881506,0.3074837857720502,-0.014242430330144905,28
2025-08-09 20:47:32.432,True,-2.6999609378881506,0.3074837857720502,-0.014242430330144905,-100
2025-08-09 20:47:32.636,True,-2.6999609378881506,0.3074837857720502,-0.014242430330144905,-100
2025-08-09 20:47:33.436,True,-2.6999609378881506,0.3074837857720502,-0.014242430330144905,-100
2025-08-09 20:47:33.639,True,-2.6999609378881506,0.3074837857720502,-0.014242430330144905,28
2025-08-09 20:47:34.439,True,-2.6999609378881506,0.3074837857720502,-0.014242430330144905,-100
2025-08-09 20:47:34.641,True,-2.6999609378881506,0.3074837857720502,-0.014242430330144905,28
2025-08-09 20:47:35.442,True,-2.6999609378881506,0.3074837857720502,-0.014242430330144905,28
2025-08-09 20:47:35.643,True,-2.6999609378881506,0.3074837857720502,-0.014242430330144905,-100
2025-08-09 20:47:36.445,True,-2.6999609378881506,0.3074837857720502,-0.014242430330144905,28
2025-08-09 20:47:36.645,True,-2.6999609378881506,0.3074837857720502,-0.014242430330144905,28
2025-08-09 20:47:37.448,True,-2.6999609378881506,0.3074837857720502,-0.014242430330144905,28
2025-08-09 20:47:37.649,True,-2.6999566262862986,0.29349963486521474,-0.013912851136858995,28
2025-08-09 20:47:38.450,True,-2.6999566262862986,0.29349963486521474,-0.013912851136858995,-100
2025-08-09 20:47:38.651,True,-2.6999566262862986,0.29349963486521474,-0.013912851136858995,-100
2025-08-09 20:47:39.453,True,-2.6999566262862986,0.29349963486521474,-0.013912851136858995,-100
2025-08-09 20:47:39.654,True,-2.6999566262862986,0.29349963486521474,-0.013912851136858995,-100
2025-08-09 20:47:40.455,True,-2.6999566262862986,0.29349963486521474,-0.013912851136858995,28
2025-08-09 20:47:40.656,True,-2.6999566262862986,0.29349963486521474,-0.013912851136858995,28
2025-08-09 20:47:41.459,True,-2.6999566262862986,0.29349963486521474,-0.013912851136858995,-100
2025-08-09 20:47:41.659,True,-2.6999566262862986,0.29349963486521474,-0.013912851136858995,-100
2025-08-09 20:47:42.462,True,-2.6999566262862986,0.29349963486521474,-0.013912851136858995,28
2025-08-09 20:47:42.662,True,-2.6999566262862986,0.29349963486521474,-0.013912851136858995,-100
2025-08-09 20:47:43.465,True,-2.6999566262862986,0.29349963486521474,-0.013912851136858995,-100
2025-08-09 20:47:43.666,True,-2.6999566262862986,0.29349963486521474,-0.013912851136858995,-100
2025-08-09 20:47:44.467,True,-2.692952670408041,0.27951592833416045,-0.013566197921357891,28
2025-08-09 20:47:44.670,True,-2.692952670408041,0.27951592833416045,-0.013566197921357891,28
2025-08-09 20:47:45.471,True,-2.692952670408041,0.27951592833416045,-0.013566197921357891,28
2025-08-09 20:47:45.673,True,-2.692952670408041,0.27951592833416045,-0.013566197921357891,28
2025-08-09 20:47:46.474,True,-2.678955222800651,0.286508846696801,-0.013695554429683784,-100
2025-08-09 20:47:46.676,True,-2.678955222800651,0.286508846696801,-0.013695554429683784,28
2025-08-09 20:47:47.476,True,-2.6651225412512507,0.30051219893041325,-0.013986285489271416,28
2025-08-09 20:47:47.679,True,-2.6651225412512507,0.30051219893041325,-0.013986285489271416,28
2025-08-09 20:47:48.479,True,-2.6651225412512507,0.30051219893041325,-0.013986285489271416,-100
2025-08-09 20:47:48.682,True,-2.6651225412512507,0.30051219893041325,-0.013986285489271416,-100
2025-08-09 20:47:49.482,True,-2.6651225412512507,0.30051219893041325,-0.013986285489271416,-100
2025-08-09 20:47:49.684,True,-2.6651225412512507,0.30051219893041325,-0.013986285489271416,28
2025-08-09 20:47:50.485,True,-2.6651225412512507,0.30051219893041325,-0.013986285489271416,28
2025-08-09 20:47:50.686,True,-2.6651225412512507,0.30051219893041325,-0.013986285489271416,-100
2025-08-09 20:47:51.489,True,-2.6651225412512507,0.30051219893041325,-0.013986285489271416,-100
2025-08-09 20:47:51.689,True,-2.6651225412512507,0.30051219893041325,-0.013986285489271416,-100
2025-08-09 20:47:52.491,True,-2.6651225412512507,0.30051219893041325,-0.013986285489271416,-100
2025-08-09 20:47:52.690,True,-2.6651225412512507,0.30051219893041325,-0.013986285489271416,28
2025-08-09 20:47:53.496,True,-2.6651225412512507,0.30051219893041325,-0.013986285489271416,-100
2025-08-09 20:47:53.693,True,-2.6651225412512507,0.30051219893041325,-0.013986285489271416,-100
2025-08-09 20:47:54.499,True,-2.6651225412512507,0.30051219893041325,-0.013986285489271416,28
2025-08-09 20:47:54.696,True,-2.6651225412512507,0.30051219893041325,-0.013986285489271416,28
2025-08-09 20:47:55.502,True,-2.6651225412512507,0.30051219893041325,-0.013986285489271416,-100
2025-08-09 20:47:55.698,True,-2.6651225412512507,0.30051219893041325,-0.013986285489271416,28
2025-08-09 20:47:56.506,True,-2.6651225412512507,0.30051219893041325,-0.013986285489271416,-100
2025-08-09 20:47:56.701,True,-2.6651225412512507,0.30051219893041325,-0.013986285489271416,-100
2025-08-09 20:47:57.509,True,-2.6651225412512507,0.30051219893041325,-0.013986285489271416,28
2025-08-09 20:47:57.704,True,-2.6651225412512507,0.30051219893041325,-0.013986285489271416,-100
2025-08-09 20:47:58.512,True,-2.6651225412512507,0.30051219893041325,-0.013986285489271416,-100
2025-08-09 20:47:58.707,True,-2.6651225412512507,0.30051219893041325,-0.013986285489271416,28
2025-08-09 20:47:59.515,True,-2.6651225412512507,0.30051219893041325,-0.013986285489271416,-100
2025-08-09 20:47:59.711,True,-2.6651225412512507,0.30051219893041325,-0.013986285489271416,-100
2025-08-09 20:48:00.517,True,-2.6651225412512507,0.30051219893041325,-0.013986285489271416,28
2025-08-09 20:48:00.715,True,-2.6651225412512507,0.30051219893041325,-0.013986285489271416,28
2025-08-09 20:48:01.521,True,-2.665720972716029,1.195625581962814,-0.03481208979920653,-100
2025-08-09 20:48:01.718,True,-2.6651225412512507,0.30051219893041325,-0.013986285489271416,28
2025-08-09 20:48:02.524,True,-2.6651225412512507,0.30051219893041325,-0.013986285489271416,-100
2025-08-09 20:48:02.721,True,-2.6651225412512507,0.30051219893041325,-0.013986285489271416,-100
2025-08-09 20:48:03.527,True,-2.6651225412512507,0.30051219893041325,-0.013986285489271416,28
2025-08-09 20:48:03.723,True,-2.6651225412512507,0.30051219893041325,-0.013986285489271416,28
2025-08-09 20:48:04.532,True,-2.6651225412512507,0.30051219893041325,-0.013986285489271416,-100
2025-08-09 20:48:04.728,True,-2.6651225412512507,0.30051219893041325,-0.013986285489271416,-100
2025-08-09 20:48:05.534,True,-2.6651225412512507,0.30051219893041325,-0.013986285489271416,-100
2025-08-09 20:48:05.730,True,-2.6651225412512507,0.30051219893041325,-0.013986285489271416,-100
2025-08-09 20:48:06.537,True,-2.6651225412512507,0.30051219893041325,-0.013986285489271416,-100
2025-08-09 20:48:06.733,True,-2.6651225412512507,0.30051219893041325,-0.013986285489271416,28
2025-08-09 20:48:07.539,True,-2.6651225412512507,0.30051219893041325,-0.013986285489271416,-100
2025-08-09 20:48:07.736,True,-2.6651225412512507,0.30051219893041325,-0.013986285489271416,-100
2025-08-09 20:48:08.542,True,-2.6651225412512507,0.30051219893041325,-0.013986285489271416,-100
2025-08-09 20:48:08.739,True,-2.6651225412512507,0.30051219893041325,-0.013986285489271416,-100
2025-08-09 20:48:09.544,True,-2.6651225412512507,0.30051219893041325,-0.013986285489271416,28
2025-08-09 20:48:09.742,True,-2.6651225412512507,0.30051219893041325,-0.013986285489271416,-100
2025-08-09 20:48:10.547,True,-2.6651225412512507,0.30051219893041325,-0.013986285489271416,-100
2025-08-09 20:48:10.746,True,-2.6651225412512507,0.30051219893041325,-0.013986285489271416,28
2025-08-09 20:48:11.551,True,-2.6651225412512507,0.30051219893041325,-0.013986285489271416,28
2025-08-09 20:48:11.750,True,-2.6651225412512507,0.30051219893041325,-0.013986285489271416,-100
2025-08-09 20:48:12.554,True,-2.6651225412512507,0.30051219893041325,-0.013986285489271416,28
2025-08-09 20:48:12.752,True,-2.6651225412512507,0.30051219893041325,-0.013986285489271416,28
2025-08-09 20:48:13.557,True,-2.6651225412512507,0.30051219893041325,-0.013986285489271416,28
2025-08-09 20:48:13.755,True,-2.6651225412512507,0.30051219893041325,-0.013986285489271416,-100
2025-08-09 20:48:14.561,True,-2.6651225412512507,0.30051219893041325,-0.013986285489271416,28
2025-08-09 20:48:14.758,True,-2.6651225412512507,0.30051219893041325,-0.013986285489271416,-100
2025-08-09 20:48:15.568,True,-2.6651225412512507,0.30051219893041325,-0.013986285489271416,-100
2025-08-09 20:48:15.763,True,-2.6651225412512507,0.30051219893041325,-0.013986285489271416,-100
2025-08-09 20:48:16.570,True,-2.6651225412512507,0.30051219893041325,-0.013986285489271416,-100
2025-08-09 20:48:16.768,True,-2.6651225412512507,0.30051219893041325,-0.013986285489271416,28
2025-08-09 20:48:17.573,True,-2.6651225412512507,0.30051219893041325,-0.013986285489271416,28
2025-08-09 20:48:17.770,True,-2.6651225412512507,0.30051219893041325,-0.013986285489271416,-100
2025-08-09 20:48:18.575,True,-2.6651225412512507,0.30051219893041325,-0.013986285489271416,28
2025-08-09 20:48:18.773,True,-2.6651225412512507,0.30051219893041325,-0.013986285489271416,-100
2025-08-09 20:48:19.577,True,-2.6651225412512507,0.30051219893041325,-0.013986285489271416,-100
2025-08-09 20:48:19.776,True,-2.6651225412512507,0.30051219893041325,-0.013986285489271416,28
2025-08-09 20:48:20.579,True,-2.6651225412512507,0.30051219893041325,-0.013986285489271416,28
2025-08-09 20:48:20.778,True,-2.6651225412512507,0.30051219893041325,-0.013986285489271416,28
2025-08-09 20:48:21.582,True,-2.6651225412512507,0.30051219893041325,-0.013986285489271416,-100
2025-08-09 20:48:21.781,True,-2.6651225412512507,0.30051219893041325,-0.013986285489271416,-100
2025-08-09 20:48:22.585,True,-2.6651225412512507,0.30051219893041325,-0.013986285489271416,-100
2025-08-09 20:48:22.783,True,-2.6651225412512507,0.30051219893041325,-0.013986285489271416,-100
2025-08-09 20:48:23.587,True,-2.6651225412512507,0.30051219893041325,-0.013986285489271416,-114
2025-08-09 20:48:23.787,True,-2.6651225412512507,0.30051219893041325,-0.013986285489271416,-100
2025-08-09 20:48:24.591,True,-2.6651225412512507,0.30051219893041325,-0.013986285489271416,-100
2025-08-09 20:48:24.791,True,-2.6651225412512507,0.30051219893041325,-0.013986285489271416,-100
2025-08-09 20:48:25.594,True,-2.6651225412512507,0.30051219893041325,-0.013986285489271416,-100
2025-08-09 20:48:25.795,True,-2.6651225412512507,0.30051219893041325,-0.013986285489271416,28
2025-08-09 20:48:26.597,True,-2.6651225412512507,0.30051219893041325,-0.013986285489271416,-100
2025-08-09 20:48:26.799,True,-2.6651225412512507,0.30051219893041325,-0.013986285489271416,28
2025-08-09 20:48:27.601,True,-2.6651225412512507,0.30051219893041325,-0.013986285489271416,-100
2025-08-09 20:48:27.802,True,-2.6651225412512507,0.30051219893041325,-0.013986285489271416,-100
2025-08-09 20:48:28.605,True,-2.6651225412512507,0.30051219893041325,-0.013986285489271416,-100
2025-08-09 20:48:28.805,True,-2.6651225412512507,0.30051219893041325,-0.013986285489271416,28
2025-08-09 20:48:29.607,True,-2.6651225412512507,0.30051219893041325,-0.013986285489271416,-100
2025-08-09 20:48:29.807,True,-2.6651225412512507,0.30051219893041325,-0.013986285489271416,28
2025-08-09 20:48:30.610,True,-2.6651225412512507,0.30051219893041325,-0.013986285489271416,28
2025-08-09 20:48:30.809,True,-2.6651225412512507,0.30051219893041325,-0.013986285489271416,28
2025-08-09 20:48:31.612,True,-2.6651225412512507,0.30051219893041325,-0.013986285489271416,-100
2025-08-09 20:48:31.812,True,-2.6651225412512507,0.30051219893041325,-0.013986285489271416,28
2025-08-09 20:48:32.614,True,-2.6651225412512507,0.30051219893041325,-0.013986285489271416,28
2025-08-09 20:48:32.814,True,-2.6651225412512507,0.30051219893041325,-0.013986285489271416,-100
2025-08-09 20:48:33.618,True,-2.6651225412512507,0.30051219893041325,-0.013986285489271416,-100
2025-08-09 20:48:33.818,True,-2.6651225412512507,0.30051219893041325,-0.013986285489271416,-100
2025-08-09 20:48:34.621,True,-2.6651225412512507,0.30051219893041325,-0.013986285489271416,-100
2025-08-09 20:48:34.820,True,-2.6651225412512507,0.30051219893041325,-0.013986285489271416,-100
2025-08-09 20:48:35.623,True,-2.6651225412512507,0.30051219893041325,-0.013986285489271416,28
2025-08-09 20:48:35.823,True,-2.6651225412512507,0.30051219893041325,-0.013986285489271416,28
2025-08-09 20:48:36.628,True,-2.6651225412512507,0.30051219893041325,-0.013986285489271416,-100
2025-08-09 20:48:36.827,True,-2.6651225412512507,0.30051219893041325,-0.013986285489271416,-100
2025-08-09 20:48:37.830,True,-2.6651225412512507,0.30051219893041325,-0.013986285489271416,28
2025-08-09 20:48:38.832,True,-2.6859549521357207,0.28650841980464065,-0.013713057007770786,-100
2025-08-09 20:48:39.834,True,-2.6929589438528225,0.30049213497377303,-0.014059284137835677,-100
2025-08-09 20:48:40.837,True,-2.6929589438528225,0.30049213497377303,-0.014059284137835677,-100
2025-08-09 20:48:41.839,True,-2.6929589438528225,0.30049213497377303,-0.014059284137835677,28
2025-08-09 20:48:42.841,True,-2.6929589438528225,0.30049213497377303,-0.014059284137835677,-100
2025-08-09 20:48:43.843,True,-2.6929589438528225,0.30049213497377303,-0.014059284137835677,28
2025-08-09 20:48:44.845,True,-2.6929589438528225,0.30049213497377303,-0.014059284137835677,28
2025-08-09 20:48:45.847,True,-2.6929589438528225,0.30049213497377303,-0.014059284137835677,28
2025-08-09 20:48:46.849,True,-2.6929589438528225,0.30049213497377303,-0.014059284137835677,28
2025-08-09 20:48:47.851,True,-2.6929589438528225,0.30049213497377303,-0.014059284137835677,-100
2025-08-09 20:48:48.853,True,-2.6929589438528225,0.30049213497377303,-0.014059284137835677,-100
2025-08-09 20:48:49.856,True,-2.6929589438528225,0.30049213497377303,-0.014059284137835677,28
2025-08-09 20:48:50.858,True,-2.6929589438528225,0.30049213497377303,-0.014059284137835677,28
2025-08-09 20:48:51.860,True,-2.6929589438528225,0.30049213497377303,-0.014059284137835677,-100
2025-08-09 20:48:52.863,True,-2.6929589438528225,0.30049213497377303,-0.014059284137835677,28
2025-08-09 20:48:53.865,True,-2.6929589438528225,0.30049213497377303,-0.014059284137835677,28
2025-08-09 20:48:54.869,True,-2.6929589438528225,0.30049213497377303,-0.014059284137835677,28
2025-08-09 20:48:55.871,True,-2.6929589438528225,0.30049213497377303,-0.014059284137835677,28
2025-08-09 20:48:56.873,True,-2.6929589438528225,0.30049213497377303,-0.014059284137835677,-100
2025-08-09 20:48:57.876,True,-2.6929589438528225,0.30049213497377303,-0.014059284137835677,-100
2025-08-09 20:48:58.878,True,-2.6929589438528225,0.30049213497377303,-0.014059284137835677,28
2025-08-09 20:48:59.880,True,-2.6929589438528225,0.30049213497377303,-0.014059284137835677,28
2025-08-09 20:49:00.884,True,-2.6929589438528225,0.30049213497377303,-0.014059284137835677,28
2025-08-09 20:49:01.887,True,-2.6929589438528225,0.30049213497377303,-0.014059284137835677,28
2025-08-09 20:49:02.890,True,-2.6929589438528225,0.30049213497377303,-0.014059284137835677,-100
2025-08-09 20:49:03.893,True,-2.6929589438528225,0.30049213497377303,-0.014059284137835677,-100
2025-08-09 20:49:04.895,True,-2.6929589438528225,0.30049213497377303,-0.014059284137835677,-100
2025-08-09 20:49:05.897,True,-2.6929589438528225,0.30049213497377303,-0.014059284137835677,28
2025-08-09 20:49:06.899,True,-2.6929589438528225,0.30049213497377303,-0.014059284137835677,28
2025-08-09 20:49:07.902,True,-2.6929589438528225,0.30049213497377303,-0.014059284137835677,-100
2025-08-09 20:49:08.905,True,-2.6929589438528225,0.30049213497377303,-0.014059284137835677,-100
2025-08-09 20:49:09.907,True,-2.6929589438528225,0.30049213497377303,-0.014059284137835677,-100
2025-08-09 20:49:10.909,True,-2.6929589438528225,0.30049213497377303,-0.014059284137835677,-100
2025-08-09 20:49:11.911,True,-2.6929589438528225,0.30049213497377303,-0.014059284137835677,-100
2025-08-09 20:49:12.913,True,-2.685950898518751,0.2725242948101949,-0.013385187880742604,28
2025-08-09 20:49:13.916,True,-2.685950898518751,0.2725242948101949,-0.013385187880742604,28
2025-08-09 20:49:14.918,True,-2.685950898518751,0.2725242948101949,-0.013385187880742604,-100
2025-08-09 20:49:15.921,True,-2.685950898518751,0.2725242948101949,-0.013385187880742604,28
2025-08-09 20:49:16.923,True,-2.685950898518751,0.2725242948101949,-0.013385187880742604,28
2025-08-09 20:49:17.925,True,-2.685950898518751,0.2725242948101949,-0.013385187880742604,-100
2025-08-09 20:49:18.927,True,-2.685950898518751,0.2725242948101949,-0.013385187880742604,-100
2025-08-09 20:49:19.929,True,-2.685950898518751,0.2725242948101949,-0.013385187880742604,-100
2025-08-09 20:49:20.931,True,-2.678949214732397,0.2655326653443066,-0.013205032032498447,28
2025-08-09 20:49:21.933,True,-2.678949214732397,0.2655326653443066,-0.013205032032498447,-100
2025-08-09 20:49:22.936,True,-2.678949214732397,0.2655326653443066,-0.013205032032498447,-100
2025-08-09 20:49:23.937,True,-2.678949214732397,0.2655326653443066,-0.013205032032498447,28
2025-08-09 20:49:24.940,True,-2.678949214732397,0.2655326653443066,-0.013205032032498447,28
2025-08-09 20:49:25.943,True,-2.678949214732397,0.2655326653443066,-0.013205032032498447,28
2025-08-09 20:49:26.945,True,-2.678949214732397,0.2655326653443066,-0.013205032032498447,28
2025-08-09 20:49:27.947,True,-2.678949214732397,0.2655326653443066,-0.013205032032498447,-100
2025-08-09 20:49:28.949,True,-2.678949214732397,0.2655326653443066,-0.013205032032498447,-100
2025-08-09 20:49:29.951,True,-2.678949214732397,0.2655326653443066,-0.013205032032498447,-100
2025-08-09 20:49:30.955,True,-2.678949214732397,0.2655326653443066,-0.013205032032498447,28
2025-08-09 20:49:31.957,True,-2.678949214732397,0.2655326653443066,-0.013205032032498447,-100
2025-08-09 20:49:32.959,True,-2.678949214732397,0.2655326653443066,-0.013205032032498447,28
2025-08-09 20:49:33.961,True,-2.678949214732397,0.2655326653443066,-0.013205032032498447,-100
2025-08-09 20:49:34.963,True,-2.678949214732397,0.2655326653443066,-0.013205032032498447,-100
2025-08-09 20:49:35.966,True,-2.678949214732397,0.2655326653443066,-0.013205032032498447,28
2025-08-09 20:49:36.969,True,-2.678949214732397,0.2655326653443066,-0.013205032032498447,-114
2025-08-09 20:49:37.971,True,-2.678949214732397,0.2655326653443066,-0.013205032032498447,-100
2025-08-09 20:49:38.973,True,-2.678949214732397,0.2655326653443066,-0.013205032032498447,28
2025-08-09 20:49:39.975,True,-2.678949214732397,0.2655326653443066,-0.013205032032498447,28
2025-08-09 20:49:40.977,True,-2.678949214732397,0.2655326653443066,-0.013205032032498447,28
2025-08-09 20:49:41.981,True,-2.678949214732397,0.2655326653443066,-0.013205032032498447,28
2025-08-09 20:49:42.983,True,-2.678949214732397,0.2655326653443066,-0.013205032032498447,-100
2025-08-09 20:49:43.985,True,-2.678949214732397,0.2655326653443066,-0.013205032032498447,-100
2025-08-09 20:49:44.987,True,-2.678949214732397,0.2655326653443066,-0.013205032032498447,28
2025-08-09 20:49:45.989,True,-2.678949214732397,0.2655326653443066,-0.013205032032498447,28
2025-08-09 20:49:46.991,True,-2.678949214732397,0.2655326653443066,-0.013205032032498447,28
2025-08-09 20:49:47.993,True,-2.678949214732397,0.2655326653443066,-0.013205032032498447,28
2025-08-09 20:49:48.995,True,-2.678949214732397,0.2655326653443066,-0.013205032032498447,-100
2025-08-09 20:49:49.997,True,-2.678949214732397,0.2655326653443066,-0.013205032032498447,-100
2025-08-09 20:49:50.999,True,-2.678949214732397,0.2655326653443066,-0.013205032032498447,-100
2025-08-09 20:49:52.001,True,-2.678949214732397,0.2655326653443066,-0.013205032032498447,-100
2025-08-09 20:49:53.003,True,-2.6789472918582655,0.25854061294120984,-0.01304152533997117,28
2025-08-09 20:49:54.005,True,-2.6789472918582655,0.25854061294120984,-0.01304152533997117,28
2025-08-09 20:49:55.007,True,-2.6789472918582655,0.25854061294120984,-0.01304152533997117,28
2025-08-09 20:49:56.010,True,-2.6789472918582655,0.25854061294120984,-0.01304152533997117,-100
2025-08-09 20:49:57.011,True,-2.6789472918582655,0.25854061294120984,-0.01304152533997117,28
2025-08-09 20:49:58.013,True,-2.6789472918582655,0.25854061294120984,-0.01304152533997117,-100
2025-08-09 20:49:59.015,True,-2.6789472918582655,0.25854061294120984,-0.01304152533997117,28
2025-08-09 20:50:00.017,True,-2.6789472918582655,0.25854061294120984,-0.01304152533997117,-100
2025-08-09 20:50:01.019,True,-2.6789472918582655,0.25854061294120984,-0.01304152533997117,28
2025-08-09 20:50:02.022,True,-2.6789472918582655,0.25854061294120984,-0.01304152533997117,28
2025-08-09 20:50:03.025,True,-2.6789472918582655,0.25854061294120984,-0.01304152533997117,-100
2025-08-09 20:50:04.027,True,-2.6789472918582655,0.25854061294120984,-0.01304152533997117,-114
2025-08-09 20:50:05.029,True,-2.6789472918582655,0.25854061294120984,-0.01304152533997117,-100
2025-08-09 20:50:06.031,True,-2.6789472918582655,0.25854061294120984,-0.01304152533997117,-100
2025-08-09 20:50:07.034,True,-2.6789472918582655,0.25854061294120984,-0.01304152533997117,28
2025-08-09 20:50:08.035,True,-2.6789472918582655,0.25854061294120984,-0.01304152533997117,-100
2025-08-09 20:50:09.037,True,-2.6789472918582655,0.25854061294120984,-0.01304152533997117,28
2025-08-09 20:50:10.039,True,-2.6789472918582655,0.25854061294120984,-0.01304152533997117,28
2025-08-09 20:50:11.041,True,-2.6859549521357207,0.28650841980464065,-0.013713057007770786,-100
2025-08-09 20:50:12.042,True,-2.69295681258804,0.29350006175763876,-0.013894921655565926,28
2025-08-09 20:50:13.045,True,-2.69295681258804,0.29350006175763876,-0.013894921655565926,28
2025-08-09 20:50:14.047,True,-2.69295681258804,0.29350006175763876,-0.013894921655565926,-100
2025-08-09 20:50:15.049,True,-2.69295681258804,0.29350006175763876,-0.013894921655565926,28
2025-08-09 20:50:16.051,True,-2.69295681258804,0.29350006175763876,-0.013894921655565926,-100
2025-08-09 20:50:17.053,True,-2.69295681258804,0.29350006175763876,-0.013894921655565926,28
2025-08-09 20:50:18.055,True,-2.69295681258804,0.29350006175763876,-0.013894921655565926,28
2025-08-09 20:50:19.057,True,-2.69295681258804,0.29350006175763876,-0.013894921655565926,28
2025-08-09 20:50:20.059,True,-2.69295681258804,0.29350006175763876,-0.013894921655565926,-100
2025-08-09 20:50:21.061,True,-2.69295681258804,0.29350006175763876,-0.013894921655565926,-100
2025-08-09 20:50:22.063,True,-2.69295681258804,0.29350006175763876,-0.013894921655565926,-100
2025-08-09 20:50:23.065,True,-2.69295681258804,0.29350006175763876,-0.013894921655565926,-100
2025-08-09 20:50:24.067,True,-2.69295681258804,0.29350006175763876,-0.013894921655565926,-100
2025-08-09 20:50:25.069,True,-2.69295681258804,0.29350006175763876,-0.013894921655565926,28
2025-08-09 20:50:26.071,True,-2.69295681258804,0.29350006175763876,-0.013894921655565926,28
2025-08-09 20:50:27.073,True,-2.69295681258804,0.29350006175763876,-0.013894921655565926,28
2025-08-09 20:50:28.075,True,-2.69295681258804,0.29350006175763876,-0.013894921655565926,28
2025-08-09 20:50:29.077,True,-2.69295681258804,0.29350006175763876,-0.013894921655565926,-100
2025-08-09 20:50:30.079,True,-2.69295681258804,0.29350006175763876,-0.013894921655565926,-100
2025-08-09 20:50:31.080,True,-2.69295681258804,0.29350006175763876,-0.013894921655565926,-100
2025-08-09 20:50:32.082,True,-2.69295681258804,0.29350006175763876,-0.013894921655565926,28
2025-08-09 20:50:33.084,True,-2.69295681258804,0.29350006175763876,-0.013894921655565926,28
2025-08-09 20:50:34.086,True,-2.69295681258804,0.29350006175763876,-0.013894921655565926,28
2025-08-09 20:50:35.089,True,-2.69295681258804,0.29350006175763876,-0.013894921655565926,-100
2025-08-09 20:50:36.091,True,-2.69295681258804,0.29350006175763876,-0.013894921655565926,-100
2025-08-09 20:50:37.093,True,-2.69295681258804,0.29350006175763876,-0.013894921655565926,-100
2025-08-09 20:50:38.095,True,-2.69295681258804,0.29350006175763876,-0.013894921655565926,-100
2025-08-09 20:50:39.098,True,-2.69295681258804,0.29350006175763876,-0.013894921655565926,28
2025-08-09 20:50:40.101,True,-2.69295681258804,0.29350006175763876,-0.013894921655565926,28
2025-08-09 20:50:41.103,True,-2.69295681258804,0.29350006175763876,-0.013894921655565926,-100
2025-08-09 20:50:42.105,True,-2.69295681258804,0.29350006175763876,-0.013894921655565926,-100
2025-08-09 20:50:43.107,True,-2.69295681258804,0.29350006175763876,-0.013894921655565926,-100
2025-08-09 20:50:44.109,True,-2.69295681258804,0.29350006175763876,-0.013894921655565926,28
2025-08-09 20:50:45.111,True,-2.69295681258804,0.29350006175763876,-0.013894921655565926,-100
2025-08-09 20:50:46.114,True,-2.69295681258804,0.29350006175763876,-0.013894921655565926,28
2025-08-09 20:50:47.116,True,-2.69295681258804,0.29350006175763876,-0.013894921655565926,28
2025-08-09 20:50:48.121,True,-2.69295681258804,0.29350006175763876,-0.013894921655565926,-100
2025-08-09 20:50:49.122,True,-2.69295681258804,0.29350006175763876,-0.013894921655565926,-100
2025-08-09 20:50:50.124,True,-2.69295681258804,0.29350006175763876,-0.013894921655565926,-100
2025-08-09 20:50:51.126,True,-2.69295681258804,0.29350006175763876,-0.013894921655565926,28
2025-08-09 20:50:52.128,True,-2.69295681258804,0.29350006175763876,-0.013894921655565926,28
2025-08-09 20:50:53.133,True,-2.69295681258804,0.29350006175763876,-0.013894921655565926,28
2025-08-09 20:50:54.135,True,-2.69295681258804,0.29350006175763876,-0.013894921655565926,28
2025-08-09 20:50:55.138,True,-2.69295681258804,0.29350006175763876,-0.013894921655565926,-100
2025-08-09 20:50:56.140,True,-2.69295681258804,0.29350006175763876,-0.013894921655565926,-100
2025-08-09 20:50:57.142,True,-2.69295681258804,0.29350006175763876,-0.013894921655565926,-100
2025-08-09 20:50:58.145,True,-2.69295681258804,0.29350006175763876,-0.013894921655565926,28
2025-08-09 20:50:59.148,True,-2.69295681258804,0.29350006175763876,-0.013894921655565926,-100
2025-08-09 20:51:00.150,True,-2.69295681258804,0.29350006175763876,-0.013894921655565926,28
2025-08-09 20:51:01.153,True,-2.69295681258804,0.29350006175763876,-0.013894921655565926,28
2025-08-09 20:51:02.158,True,-2.69295681258804,0.29350006175763876,-0.013894921655565926,28
2025-08-09 20:51:03.160,True,-2.69295681258804,0.29350006175763876,-0.013894921655565926,28
2025-08-09 20:51:04.162,True,-2.69295681258804,0.29350006175763876,-0.013894921655565926,-100
2025-08-09 20:51:05.165,True,-2.69295681258804,0.29350006175763876,-0.013894921655565926,28
2025-08-09 20:51:06.168,True,-2.69295681258804,0.29350006175763876,-0.013894921655565926,-100
2025-08-09 20:51:07.170,True,-2.69295681258804,0.29350006175763876,-0.013894921655565926,28
2025-08-09 20:51:08.173,True,-2.69295681258804,0.29350006175763876,-0.013894921655565926,28
2025-08-09 20:51:09.175,True,-2.69295681258804,0.29350006175763876,-0.013894921655565926,28
2025-08-09 20:51:10.178,True,-2.69295681258804,0.29350006175763876,-0.013894921655565926,28
2025-08-09 20:51:11.180,True,-2.69295681258804,0.29350006175763876,-0.013894921655565926,-100
2025-08-09 20:51:12.183,True,-2.69295681258804,0.29350006175763876,-0.013894921655565926,-100
2025-08-09 20:51:13.186,True,-2.699942175447346,0.30764856645992134,-0.007250350346671911,28
2025-08-09 20:51:14.188,True,-2.699942175447346,0.30764856645992134,-0.007250350346671911,-100
2025-08-09 20:51:15.192,True,-2.699942175447346,0.30764856645992134,-0.007250350346671911,28
2025-08-09 20:51:16.198,True,-2.699942175447346,0.30764856645992134,-0.007250350346671911,28
2025-08-09 20:51:17.204,True,-2.699942175447346,0.30764856645992134,-0.007250350346671911,28
2025-08-09 20:51:18.206,True,-2.699942175447346,0.30764856645992134,-0.007250350346671911,-100
2025-08-09 20:51:19.208,True,-2.699942175447346,0.30764856645992134,-0.007250350346671911,-100
2025-08-09 20:51:20.210,True,-2.699942175447346,0.30764856645992134,-0.007250350346671911,-100
2025-08-09 20:51:21.213,True,-2.699942175447346,0.30764856645992134,-0.007250350346671911,28
2025-08-09 20:51:22.216,True,-2.699942175447346,0.30764856645992134,-0.007250350346671911,28
2025-08-09 20:51:23.220,True,-2.699942175447346,0.30764856645992134,-0.007250350346671911,28
2025-08-09 20:51:24.222,True,-2.699942175447346,0.30764856645992134,-0.007250350346671911,-100
2025-08-09 20:51:25.225,True,-2.699942175447346,0.30764856645992134,-0.007250350346671911,-100
2025-08-09 20:51:26.230,True,-2.699942175447346,0.30764856645992134,-0.007250350346671911,-100
2025-08-09 20:51:27.232,True,-2.699942175447346,0.30764856645992134,-0.007250350346671911,-100
2025-08-09 20:51:28.235,True,-2.7004982630540333,1.2027087587784349,-0.02834811608269646,-100
2025-08-09 20:51:29.238,True,-2.699942175447346,0.30764856645992134,-0.007250350346671911,28
2025-08-09 20:51:30.242,True,-2.699942175447346,0.30764856645992134,-0.007250350346671911,28
2025-08-09 20:51:31.244,True,-2.699942175447346,0.30764856645992134,-0.007250350346671911,28
2025-08-09 20:51:32.246,True,-2.699942175447346,0.30764856645992134,-0.007250350346671911,-100
2025-08-09 20:51:33.249,True,-2.699942175447346,0.30764856645992134,-0.007250350346671911,28
2025-08-09 20:51:34.251,True,-2.699942175447346,0.30764856645992134,-0.007250350346671911,28
2025-08-09 20:51:35.253,True,-2.699942175447346,0.30764856645992134,-0.007250350346671911,-100
2025-08-09 20:51:36.256,True,-2.699942175447346,0.30764856645992134,-0.007250350346671911,28
2025-08-09 20:51:37.260,True,-2.699942175447346,0.30764856645992134,-0.007250350346671911,28
2025-08-09 20:51:38.264,True,-2.699942175447346,0.30764856645992134,-0.007250350346671911,28
2025-08-09 20:51:39.266,True,-2.699942175447346,0.30764856645992134,-0.007250350346671911,-114
2025-08-09 20:51:40.269,True,-2.699942175447346,0.30764856645992134,-0.007250350346671911,-100
2025-08-09 20:51:41.271,True,-2.699942175447346,0.30764856645992134,-0.007250350346671911,-100
2025-08-09 20:51:42.274,True,-2.699942175447346,0.30764856645992134,-0.007250350346671911,-100
2025-08-09 20:51:43.278,True,-2.699942175447346,0.30764856645992134,-0.007250350346671911,28
2025-08-09 20:51:44.280,True,-2.699942175447346,0.30764856645992134,-0.007250350346671911,28
2025-08-09 20:51:45.283,True,-2.699942175447346,0.30764856645992134,-0.007250350346671911,-100
2025-08-09 20:51:46.284,True,-2.699942175447346,0.30764856645992134,-0.007250350346671911,-100
2025-08-09 20:51:47.287,True,-2.699942175447346,0.30764856645992134,-0.007250350346671911,28
2025-08-09 20:51:48.290,True,-2.6999457950692634,0.32163273590454056,-0.007579921887918324,-100
2025-08-09 20:51:49.292,True,-2.6999457950692634,0.32163273590454056,-0.007579921887918324,-100
2025-08-09 20:51:50.295,True,-2.6999457950692634,0.32163273590454056,-0.007579921887918324,28
2025-08-09 20:51:51.299,True,-2.6999457950692634,0.32163273590454056,-0.007579921887918324,28
2025-08-09 20:51:52.301,True,-2.6999457950692634,0.32163273590454056,-0.007579921887918324,28
2025-08-09 20:51:53.303,True,-2.6999457950692634,0.32163273590454056,-0.007579921887918324,28
2025-08-09 20:51:54.307,True,-2.6999457950692634,0.32163273590454056,-0.007579921887918324,28
2025-08-09 20:51:55.309,True,-2.6999457950692634,0.32163273590454056,-0.007579921887918324,-100
2025-08-09 20:51:56.312,True,-2.6999457950692634,0.32163273590454056,-0.007579921887918324,-100
2025-08-09 20:51:57.315,True,-2.6999457950692634,0.32163273590454056,-0.007579921887918324,28
2025-08-09 20:51:58.318,True,-2.6999457950692634,0.32163273590454056,-0.007579921887918324,28
2025-08-09 20:51:59.324,True,-2.6999457950692634,0.32163273590454056,-0.007579921887918324,-100
2025-08-09 20:52:00.328,True,-2.6999457950692634,0.32163273590454056,-0.007579921887918324,-100
2025-08-09 20:52:01.331,True,-2.6999457950692634,0.32163273590454056,-0.007579921887918324,-100
2025-08-09 20:52:02.333,True,-2.6999457950692634,0.32163273590454056,-0.007579921887918324,28
2025-08-09 20:52:03.337,True,-2.6999457950692634,0.32163273590454056,-0.007579921887918324,-100
2025-08-09 20:52:04.340,True,-2.6999457950692634,0.32163273590454056,-0.007579921887918324,28
2025-08-09 20:52:05.343,True,-2.6999457950692634,0.32163273590454056,-0.007579921887918324,28
2025-08-09 20:52:06.346,True,-2.6999457950692634,0.32163273590454056,-0.007579921887918324,28
2025-08-09 20:52:07.348,True,-2.6999457950692634,0.32163273590454056,-0.007579921887918324,-100
2025-08-09 20:52:08.351,True,-2.6999457950692634,0.32163273590454056,-0.007579921887918324,-100
2025-08-09 20:52:09.354,True,-2.6999457950692634,0.32163273590454056,-0.007579921887918324,-100
2025-08-09 20:52:10.356,True,-2.6999457950692634,0.32163273590454056,-0.007579921887918324,28
2025-08-09 20:52:11.360,True,-2.6999457950692634,0.32163273590454056,-0.007579921887918324,-100
2025-08-09 20:52:12.364,True,-2.6999457950692634,0.32163273590454056,-0.007579921887918324,-100
2025-08-09 20:52:13.367,True,-2.6999457950692634,0.32163273590454056,-0.007579921887918324,-100
2025-08-09 20:52:14.370,True,-2.6999457950692634,0.32163273590454056,-0.007579921887918324,-100
2025-08-09 20:52:15.372,True,-2.6999457950692634,0.32163273590454056,-0.007579921887918324,-100
2025-08-09 20:52:16.374,True,-2.6999457950692634,0.32163273590454056,-0.007579921887918324,28
2025-08-09 20:52:17.377,True,-2.6999457950692634,0.32163273590454056,-0.007579921887918324,-100
2025-08-09 20:52:18.379,True,-2.6999457950692634,0.32163273590454056,-0.007579921887918324,28
2025-08-09 20:52:19.382,True,-2.6999457950692634,0.32163273590454056,-0.007579921887918324,28
2025-08-09 20:52:20.386,True,-2.6999457950692634,0.32163273590454056,-0.007579921887918324,28
2025-08-09 20:52:21.389,True,-2.6999457950692634,0.32163273590454056,-0.007579921887918324,28
2025-08-09 20:52:22.391,True,-2.6999457950692634,0.32163273590454056,-0.007579921887918324,-100
2025-08-09 20:52:23.394,True,-2.6999457950692634,0.32163273590454056,-0.007579921887918324,28
2025-08-09 20:52:24.396,True,-2.6999457950692634,0.32163273590454056,-0.007579921887918324,-100
2025-08-09 20:52:25.399,True,-2.6999457950692634,0.32163273590454056,-0.007579921887918324,28
2025-08-09 20:52:26.402,True,-2.6999457950692634,0.32163273590454056,-0.007579921887918324,28
2025-08-09 20:52:27.405,True,-2.6999457950692634,0.32163273590454056,-0.007579921887918324,28
2025-08-09 20:52:28.408,True,-2.6999457950692634,0.32163273590454056,-0.007579921887918324,-100
2025-08-09 20:52:29.411,True,-2.6999457950692634,0.32163273590454056,-0.007579921887918324,-100
2025-08-09 20:52:30.414,True,-2.6999457950692634,0.32163273590454056,-0.007579921887918324,-100
2025-08-09 20:52:31.418,True,-2.6999457950692634,0.32163273590454056,-0.007579921887918324,-100
2025-08-09 20:52:32.421,True,-2.6999457950692634,0.32163273590454056,-0.007579921887918324,-100
2025-08-09 20:52:33.424,True,-2.6999457950692634,0.32163273590454056,-0.007579921887918324,28
2025-08-09 20:52:34.427,True,2.701591772825965,-0.32182910693907646,-0.007579921887918324,28
2025-08-09 20:52:35.429,True,-2.6999457950692634,0.32163273590454056,-0.007579921887918324,-100
2025-08-09 20:52:36.431,True,-2.6999457950692634,0.32163273590454056,-0.007579921887918324,-100
2025-08-09 20:52:37.433,True,-2.6999457950692634,0.32163273590454056,-0.007579921887918324,28
2025-08-09 20:52:38.436,True,-2.6999457950692634,0.32163273590454056,-0.007579921887918324,-100
2025-08-09 20:52:39.438,True,-2.6999457950692634,0.32163273590454056,-0.007579921887918324,-100
2025-08-09 20:52:40.442,True,-2.6999457950692634,0.32163273590454056,-0.007579921887918324,28
2025-08-09 20:52:41.446,True,-2.699943965148082,0.3146406488393118,-0.0074151359516094134,28
2025-08-09 20:52:42.449,True,-2.699943965148082,0.3146406488393118,-0.0074151359516094134,-100
2025-08-09 20:52:43.450,True,-2.699943965148082,0.3146406488393118,-0.0074151359516094134,28
2025-08-09 20:52:44.452,True,-2.699943965148082,0.3146406488393118,-0.0074151359516094134,28
2025-08-09 20:52:45.455,True,-2.699943965148082,0.3146406488393118,-0.0074151359516094134,28
2025-08-09 20:52:46.458,True,-2.699943965148082,0.3146406488393118,-0.0074151359516094134,28
2025-08-09 20:52:47.461,True,-2.699943965148082,0.3146406488393118,-0.0074151359516094134,28
2025-08-09 20:52:48.464,True,-2.699943965148082,0.3146406488393118,-0.0074151359516094134,28
2025-08-09 20:52:49.469,True,-2.699943965148082,0.3146406488393118,-0.0074151359516094134,28
2025-08-09 20:52:50.471,True,-2.699943965148082,0.3146406488393118,-0.0074151359516094134,28
2025-08-09 20:52:51.474,True,-2.699943965148082,0.3146406488393118,-0.0074151359516094134,-100
2025-08-09 20:52:52.478,True,-2.699943965148082,0.3146406488393118,-0.0074151359516094134,-114
2025-08-09 20:52:53.481,True,-2.699943965148082,0.3146406488393118,-0.0074151359516094134,-100
2025-08-09 20:52:54.484,True,-2.699943965148082,0.3146406488393118,-0.0074151359516094134,28
2025-08-09 20:52:55.486,True,-2.699943965148082,0.3146406488393118,-0.0074151359516094134,28
2025-08-09 20:52:56.490,True,-2.699943965148082,0.3146406488393118,-0.0074151359516094134,-100
2025-08-09 20:52:57.492,True,-2.699943965148082,0.3146406488393118,-0.0074151359516094134,-100
2025-08-09 20:52:58.495,True,-2.699943965148082,0.3146406488393118,-0.0074151359516094134,-100
2025-08-09 20:52:59.497,True,-2.699943965148082,0.3146406488393118,-0.0074151359516094134,-100
2025-08-09 20:53:00.499,True,-2.699943965148082,0.3146406488393118,-0.0074151359516094134,-100
2025-08-09 20:53:01.502,True,-2.699943965148082,0.3146406488393118,-0.0074151359516094134,28
2025-08-09 20:53:02.506,True,-2.699943965148082,0.3146406488393118,-0.0074151359516094134,28
2025-08-09 20:53:03.513,True,-2.699943965148082,0.3146406488393118,-0.0074151359516094134,-114
2025-08-09 20:53:04.515,True,-2.699943965148082,0.3146406488393118,-0.0074151359516094134,28
2025-08-09 20:53:05.517,True,-2.699943965148082,0.3146406488393118,-0.0074151359516094134,-100
2025-08-09 20:53:06.519,True,-2.699943965148082,0.3146406488393118,-0.0074151359516094134,-100
2025-08-09 20:53:07.521,True,-2.699943965148082,0.3146406488393118,-0.0074151359516094134,28
2025-08-09 20:53:08.523,True,-2.699943965148082,0.3146406488393118,-0.0074151359516094134,28
2025-08-09 20:53:09.525,True,-2.699943965148082,0.3146406488393118,-0.0074151359516094134,-100
2025-08-09 20:53:10.527,True,-2.699943965148082,0.3146406488393118,-0.0074151359516094134,-100
2025-08-09 20:53:11.529,True,-2.699943965148082,0.3146406488393118,-0.0074151359516094134,28
2025-08-09 20:53:12.532,True,-2.699943965148082,0.3146406488393118,-0.0074151359516094134,28
2025-08-09 20:53:13.535,True,-2.699943965148082,0.3146406488393118,-0.0074151359516094134,-100
2025-08-09 20:53:14.537,True,-2.699943965148082,0.3146406488393118,-0.0074151359516094134,-114
2025-08-09 20:53:15.539,True,-2.699943965148082,0.3146406488393118,-0.0074151359516094134,-100
2025-08-09 20:53:16.541,True,-2.699943965148082,0.3146406488393118,-0.0074151359516094134,-100
2025-08-09 20:53:17.543,True,-2.699943965148082,0.3146406488393118,-0.0074151359516094134,-100
2025-08-09 20:53:18.545,True,-2.699943965148082,0.3146406488393118,-0.0074151359516094134,28
2025-08-09 20:53:19.547,True,-2.699943965148082,0.3146406488393118,-0.0074151359516094134,28
2025-08-09 20:53:20.549,True,-2.699943965148082,0.3146406488393118,-0.0074151359516094134,-100
2025-08-09 20:53:21.551,True,-2.699943965148082,0.3146406488393118,-0.0074151359516094134,-100
2025-08-09 20:53:22.553,True,-2.699943965148082,0.3146406488393118,-0.0074151359516094134,-100
2025-08-09 20:53:23.555,True,-2.699943965148082,0.3146406488393118,-0.0074151359516094134,-100
2025-08-09 20:53:24.557,True,-2.699943965148082,0.3146406488393118,-0.0074151359516094134,-100
2025-08-09 20:53:25.562,True,-2.699943965148082,0.3146406488393118,-0.0074151359516094134,-100
2025-08-09 20:53:26.564,True,-2.699943965148082,0.3146406488393118,-0.0074151359516094134,28
2025-08-09 20:53:27.566,True,-2.699943965148082,0.3146406488393118,-0.0074151359516094134,-100
2025-08-09 20:53:28.569,True,-2.699943965148082,0.3146406488393118,-0.0074151359516094134,-100
2025-08-09 20:53:29.571,True,-2.699943965148082,0.3146406488393118,-0.0074151359516094134,-100
2025-08-09 20:53:30.573,True,-2.699943965148082,0.3146406488393118,-0.0074151359516094134,28
2025-08-09 20:53:31.575,True,-2.699943965148082,0.3146406488393118,-0.0074151359516094134,-100
2025-08-09 20:53:32.577,True,-2.699943965148082,0.3146406488393118,-0.0074151359516094134,-100
2025-08-09 20:53:33.579,True,-2.699943965148082,0.3146406488393118,-0.0074151359516094134,-100
2025-08-09 20:53:34.581,True,-2.699943965148082,0.3146406488393118,-0.0074151359516094134,-100
2025-08-09 20:53:35.583,True,-2.699943965148082,0.3146406488393118,-0.0074151359516094134,28
2025-08-09 20:53:36.585,True,-2.699943965148082,0.3146406488393118,-0.0074151359516094134,28
2025-08-09 20:53:37.587,True,-2.699943965148082,0.3146406488393118,-0.0074151359516094134,28
2025-08-09 20:53:38.590,True,-2.699943965148082,0.3146406488393118,-0.0074151359516094134,28
2025-08-09 20:53:39.591,True,-2.699943965148082,0.3146406488393118,-0.0074151359516094134,28
2025-08-09 20:53:40.593,True,-2.699943965148082,0.3146406488393118,-0.0074151359516094134,-100
2025-08-09 20:53:41.595,True,-2.699943965148082,0.3146406488393118,-0.0074151359516094134,-100
2025-08-09 20:53:42.597,True,-2.699943965148082,0.3146406488393118,-0.0074151359516094134,-100
2025-08-09 20:53:43.599,True,-2.699943965148082,0.3146406488393118,-0.0074151359516094134,28
2025-08-09 20:53:44.602,True,-2.699943965148082,0.3146406488393118,-0.0074151359516094134,28
2025-08-09 20:53:45.605,True,-2.699943965148082,0.3146406488393118,-0.0074151359516094134,28
2025-08-09 20:53:46.606,True,-2.699943965148082,0.3146406488393118,-0.0074151359516094134,-100
2025-08-09 20:53:47.608,True,-2.699943965148082,0.3146406488393118,-0.0074151359516094134,-100
2025-08-09 20:53:48.610,True,-2.699943965148082,0.3146406488393118,-0.0074151359516094134,28
2025-08-09 20:53:49.612,True,-2.699943965148082,0.3146406488393118,-0.0074151359516094134,28
2025-08-09 20:53:50.613,True,-2.699943965148082,0.3146406488393118,-0.0074151359516094134,28
2025-08-09 20:53:51.616,True,-2.699943965148082,0.3146406488393118,-0.0074151359516094134,28
2025-08-09 20:53:52.618,True,-2.699943965148082,0.3146406488393118,-0.0074151359516094134,28
2025-08-09 20:53:53.622,True,-2.699943965148082,0.3146406488393118,-0.0074151359516094134,28
2025-08-09 20:53:54.624,True,-2.699943965148082,0.3146406488393118,-0.0074151359516094134,-100
2025-08-09 20:53:55.625,True,-2.699943965148082,0.3146406488393118,-0.0074151359516094134,-100
2025-08-09 20:53:56.627,True,-2.699943965148082,0.3146406488393118,-0.0074151359516094134,-100
2025-08-09 20:53:57.629,True,-2.699943965148082,0.3146406488393118,-0.0074151359516094134,-100
2025-08-09 20:53:58.632,True,-2.699943965148082,0.3146406488393118,-0.0074151359516094134,28
2025-08-09 20:53:59.634,True,-2.699943965148082,0.3146406488393118,-0.0074151359516094134,28
2025-08-09 20:54:00.636,True,-2.699943965148082,0.3146406488393118,-0.0074151359516094134,28
2025-08-09 20:54:01.638,True,-2.699943965148082,0.3146406488393118,-0.0074151359516094134,28
2025-08-09 20:54:02.640,True,-2.699943965148082,0.3146406488393118,-0.0074151359516094134,-100
2025-08-09 20:54:03.642,True,-2.699943965148082,0.3146406488393118,-0.0074151359516094134,28
2025-08-09 20:54:04.645,True,-2.699943965148082,0.3146406488393118,-0.0074151359516094134,28
2025-08-09 20:54:05.647,True,-2.699943965148082,0.3146406488393118,-0.0074151359516094134,28
2025-08-09 20:54:06.651,True,-2.699943965148082,0.3146406488393118,-0.0074151359516094134,28
2025-08-09 20:54:07.654,True,-2.699943965148082,0.3146406488393118,-0.0074151359516094134,-100
2025-08-09 20:54:08.656,True,-2.699943965148082,0.3146406488393118,-0.0074151359516094134,-100
2025-08-09 20:54:09.658,True,-2.699943965148082,0.3146406488393118,-0.0074151359516094134,28
2025-08-09 20:54:10.660,True,-2.699943965148082,0.3146406488393118,-0.0074151359516094134,-100
2025-08-09 20:54:11.662,True,-2.699943965148082,0.3146406488393118,-0.0074151359516094134,-100
2025-08-09 20:54:12.664,True,-2.699943965148082,0.3146406488393118,-0.0074151359516094134,28
2025-08-09 20:54:13.666,True,-2.699943965148082,0.3146406488393118,-0.0074151359516094134,-100
2025-08-09 20:54:14.668,True,-2.699943965148082,0.3146406488393118,-0.0074151359516094134,28
2025-08-09 20:54:15.670,True,-2.699943965148082,0.3146406488393118,-0.0074151359516094134,28
2025-08-09 20:54:16.672,True,-2.699943965148082,0.3146406488393118,-0.0074151359516094134,-100
2025-08-09 20:54:17.675,True,-2.699943965148082,0.3146406488393118,-0.0074151359516094134,28
2025-08-09 20:54:18.678,True,-2.699943965148082,0.3146406488393118,-0.0074151359516094134,-100
2025-08-09 20:54:19.680,True,-2.699943965148082,0.3146406488393118,-0.0074151359516094134,-100
2025-08-09 20:54:20.682,True,-2.699943965148082,0.3146406488393118,-0.0074151359516094134,-100
2025-08-09 20:54:21.685,True,-2.699943965148082,0.3146406488393118,-0.0074151359516094134,28
2025-08-09 20:54:22.687,True,-2.699943965148082,0.3146406488393118,-0.0074151359516094134,28
2025-08-09 20:54:23.690,True,-2.699943965148082,0.3146406488393118,-0.0074151359516094134,-100
2025-08-09 20:54:24.691,True,-2.699943965148082,0.3146406488393118,-0.0074151359516094134,28
2025-08-09 20:54:25.693,True,-2.699943965148082,0.3146406488393118,-0.0074151359516094134,-100
2025-08-09 20:54:26.695,True,-2.699943965148082,0.3146406488393118,-0.0074151359516094134,-100
2025-08-09 20:54:27.697,True,-2.699943965148082,0.3146406488393118,-0.0074151359516094134,-100
2025-08-09 20:54:28.699,True,-2.699943965148082,0.3146406488393118,-0.0074151359516094134,-100
2025-08-09 20:54:29.701,True,-2.699943965148082,0.3146406488393118,-0.0074151359516094134,28
2025-08-09 20:54:30.703,True,-2.699943965148082,0.3146406488393118,-0.0074151359516094134,-100
2025-08-09 20:54:31.705,True,-2.699943965148082,0.3146406488393118,-0.0074151359516094134,28
2025-08-09 20:54:32.708,True,-2.699943965148082,0.3146406488393118,-0.0074151359516094134,28
2025-08-09 20:54:33.710,True,-2.699943965148082,0.3146406488393118,-0.0074151359516094134,28
2025-08-09 20:54:34.712,True,-2.699943965148082,0.3146406488393118,-0.0074151359516094134,28
2025-08-09 20:54:35.715,True,-2.699943965148082,0.3146406488393118,-0.0074151359516094134,28
2025-08-09 20:54:36.717,True,-2.699943965148082,0.3146406488393118,-0.0074151359516094134,-100
2025-08-09 20:54:37.719,True,-2.699943965148082,0.3146406488393118,-0.0074151359516094134,-100
2025-08-09 20:54:38.721,True,-2.699943965148082,0.3146406488393118,-0.0074151359516094134,-100
2025-08-09 20:54:39.722,True,-2.699943965148082,0.3146406488393118,-0.0074151359516094134,28
2025-08-09 20:54:40.725,True,-2.699943965148082,0.3146406488393118,-0.0074151359516094134,-100
2025-08-09 20:54:41.727,True,-2.699943965148082,0.3146406488393118,-0.0074151359516094134,28
2025-08-09 20:54:42.729,True,-2.699943965148082,0.3146406488393118,-0.0074151359516094134,-100
2025-08-09 20:54:43.731,True,-2.699943965148082,0.3146406488393118,-0.0074151359516094134,-100
2025-08-09 20:54:44.733,True,-2.699943965148082,0.3146406488393118,-0.0074151359516094134,-100
2025-08-09 20:54:45.735,True,-2.699943965148082,0.3146406488393118,-0.0074151359516094134,28
2025-08-09 20:54:46.738,True,-2.699943965148082,0.3146406488393118,-0.0074151359516094134,28
2025-08-09 20:54:47.742,True,-2.699943965148082,0.3146406488393118,-0.0074151359516094134,-100
2025-08-09 20:54:48.744,True,-2.699943965148082,0.3146406488393118,-0.0074151359516094134,-100
2025-08-09 20:54:49.747,True,-2.699943965148082,0.3146406488393118,-0.0074151359516094134,-100
2025-08-09 20:54:50.749,True,-2.699943965148082,0.3146406488393118,-0.0074151359516094134,28
2025-08-09 20:54:51.750,True,-2.699943965148082,0.3146406488393118,-0.0074151359516094134,28
2025-08-09 20:54:52.753,True,-2.699943965148082,0.3146406488393118,-0.0074151359516094134,28
2025-08-09 20:54:53.756,True,-2.699943965148082,0.3146406488393118,-0.0074151359516094134,28
2025-08-09 20:54:54.759,True,-2.699943965148082,0.3146406488393118,-0.0074151359516094134,-100
2025-08-09 20:54:55.761,True,-2.699943965148082,0.3146406488393118,-0.0074151359516094134,-100
2025-08-09 20:54:56.763,True,-2.699943965148082,0.3146406488393118,-0.0074151359516094134,-100
2025-08-09 20:54:57.766,True,-2.699943965148082,0.3146406488393118,-0.0074151359516094134,-100
2025-08-09 20:54:58.769,True,-2.699943965148082,0.3146406488393118,-0.0074151359516094134,-100
2025-08-09 20:54:59.771,True,-2.699943965148082,0.3146406488393118,-0.0074151359516094134,28
2025-08-09 20:55:00.774,True,-2.699943965148082,0.3146406488393118,-0.0074151359516094134,-100
2025-08-09 20:55:01.777,True,-2.699943965148082,0.3146406488393118,-0.0074151359516094134,-100
2025-08-09 20:55:02.779,True,-2.699943965148082,0.3146406488393118,-0.0074151359516094134,-100
2025-08-09 20:55:03.781,True,-2.699943965148082,0.3146406488393118,-0.0074151359516094134,-100
2025-08-09 20:55:04.782,True,-2.699943965148082,0.3146406488393118,-0.0074151359516094134,-100
2025-08-09 20:55:05.785,True,-2.699942175447346,0.30764856645992134,-0.007250350346671911,28
2025-08-09 20:55:06.787,True,-2.699942175447346,0.30764856645992134,-0.007250350346671911,-100
2025-08-09 20:55:07.789,True,-2.699942175447346,0.30764856645992134,-0.007250350346671911,-100
2025-08-09 20:55:08.791,True,-2.699942175447346,0.30764856645992134,-0.007250350346671911,28
2025-08-09 20:55:09.794,True,-2.699942175447346,0.30764856645992134,-0.007250350346671911,28
2025-08-09 20:55:10.796,True,-2.699942175447346,0.30764856645992134,-0.007250350346671911,-100
2025-08-09 20:55:11.798,True,-2.699942175447346,0.30764856645992134,-0.007250350346671911,28
2025-08-09 20:55:12.800,True,-2.699942175447346,0.30764856645992134,-0.007250350346671911,29
2025-08-09 20:55:13.802,True,-2.699942175447346,0.30764856645992134,-0.007250350346671911,28
2025-08-09 20:55:14.804,True,-2.7069769561804304,0.30032607371703784,-0.02108807236373265,-100
2025-08-09 20:55:15.806,True,-2.749007777610739,0.32812151992933386,-0.028861438843286912,28
2025-08-09 20:55:16.808,True,-2.7559954323271008,0.3001519015018874,-0.02820864260345524,-100
2025-08-09 20:55:17.810,True,-2.7559954323271008,0.3001519015018874,-0.02820864260345524,-99
2025-08-09 20:55:18.812,True,-2.7559954323271008,0.3001519015018874,-0.02820864260345524,29
2025-08-09 20:55:19.814,True,-2.7559954323271008,0.3001519015018874,-0.02820864260345524,29
2025-08-09 20:55:20.817,True,-2.7559954323271008,0.3001519015018874,-0.02820864260345524,29
2025-08-09 20:55:21.818,True,-2.7559954323271008,0.3001519015018874,-0.02820864260345524,-99
2025-08-09 20:55:22.820,True,-2.7559954323271008,0.3001519015018874,-0.02820864260345524,-99
2025-08-09 20:55:23.822,True,-2.7559954323271008,0.3001519015018874,-0.02820864260345524,-99
2025-08-09 20:55:24.824,True,-2.7559954323271008,0.3001519015018874,-0.02820864260345524,-99
2025-08-09 20:55:25.826,True,-2.7559954323271008,0.3001519015018874,-0.02820864260345524,29
2025-08-09 20:55:26.829,True,-2.7559954323271008,0.3001519015018874,-0.02820864260345524,29
2025-08-09 20:55:27.831,True,-2.7559954323271008,0.3001519015018874,-0.02820864260345524,29
2025-08-09 20:55:28.942,True,-2.7559954323271008,0.3001519015018874,-0.02820864260345524,-99
2025-08-09 20:55:29.943,True,-2.7559954323271008,0.3001519015018874,-0.02820864260345524,-99
2025-08-09 20:55:30.946,True,-2.7559954323271008,0.3001519015018874,-0.02820864260345524,-99
2025-08-09 20:55:31.949,True,-2.7559954323271008,0.3001519015018874,-0.02820864260345524,29
2025-08-09 20:55:32.951,True,-2.7559954323271008,0.3001519015018874,-0.02820864260345524,-99
2025-08-09 20:55:33.953,True,-2.7559954323271008,0.3001519015018874,-0.02820864260345524,-99
2025-08-09 20:55:34.955,True,-2.7559954323271008,0.3001519015018874,-0.02820864260345524,-99
2025-08-09 20:55:35.957,True,-2.7559954323271008,0.3001519015018874,-0.02820864260345524,29
2025-08-09 20:55:36.959,True,-2.7559954323271008,0.3001519015018874,-0.02820864260345524,29
2025-08-09 20:55:37.961,True,-2.7559954323271008,0.3001519015018874,-0.02820864260345524,29
2025-08-09 20:55:38.964,True,-2.7559954323271008,0.3001519015018874,-0.02820864260345524,29
2025-08-09 20:55:39.966,True,-2.7559954323271008,0.3001519015018874,-0.02820864260345524,-99
2025-08-09 20:55:40.968,True,-2.7559954323271008,0.3001519015018874,-0.02820864260345524,-99
2025-08-09 20:55:41.970,True,-2.7139529643115425,0.2304046729116078,-0.01944997507871553,-99
2025-08-09 20:55:42.973,True,-2.748964398939268,0.26536062810829264,-0.020359305156796577,-99
2025-08-09 20:55:43.974,True,-2.769982841441334,0.31430254938289637,-0.02159140712023707,29
2025-08-09 20:55:44.976,True,-2.7699998412733775,0.35625514425734506,-0.022605802409488042,29
2025-08-09 20:55:45.979,True,-2.7910008796891654,0.3562525828868938,-0.022671117350911933,29
2025-08-09 20:55:46.982,True,-2.7910008796891654,0.3562525828868938,-0.022671117350911933,-114
2025-08-09 20:55:47.985,True,-2.7910008796891654,0.3562525828868938,-0.022671117350911933,-99
2025-08-09 20:55:48.986,True,-2.7910069088985505,0.3702368225087596,-0.02301181525603419,29
2025-08-09 20:55:49.988,True,-2.7910069088985505,0.3702368225087596,-0.02301181525603419,-99
2025-08-09 20:55:50.990,True,-2.7910069088985505,0.3702368225087596,-0.02301181525603419,29
2025-08-09 20:55:51.992,True,-2.7910069088985505,0.3702368225087596,-0.02301181525603419,29
2025-08-09 20:55:52.994,True,-2.7910069088985505,0.3702368225087596,-0.02301181525603419,-99
2025-08-09 20:55:53.997,True,-2.7839917756438415,0.33527711677408717,-0.022139584030028803,-99
2025-08-09 20:55:54.999,True,-2.7839917756438415,0.33527711677408717,-0.022139584030028803,-99
2025-08-09 20:55:56.002,True,-2.7839917756438415,0.33527711677408717,-0.022139584030028803,-99
2025-08-09 20:55:57.003,True,-2.7839917756438415,0.33527711677408717,-0.022139584030028803,-99
2025-08-09 20:55:58.006,True,-2.7839917756438415,0.33527711677408717,-0.022139584030028803,29
2025-08-09 20:55:59.008,True,-2.7839917756438415,0.33527711677408717,-0.022139584030028803,-99
2025-08-09 20:56:00.010,True,-2.7839917756438415,0.33527711677408717,-0.022139584030028803,29
2025-08-09 20:56:01.012,True,-2.783994639677782,0.3422692182763532,-0.022309504005221067,-99
2025-08-09 20:56:02.014,True,-2.7839889530830586,0.3282850202650187,-0.021969664627434497,29
2025-08-09 20:56:03.016,True,-2.7839889530830586,0.3282850202650187,-0.021969664627434497,-99
2025-08-09 20:56:04.019,True,-2.7839889530830586,0.3282850202650187,-0.021969664627434497,-99
2025-08-09 20:56:05.021,True,-2.7839889530830586,0.3282850202650187,-0.021969664627434497,29
2025-08-09 20:56:06.023,True,-2.7839889530830586,0.3282850202650187,-0.021969664627434497,-99
2025-08-09 20:56:07.025,True,-2.7839889530830586,0.3282850202650187,-0.021969664627434497,-99
2025-08-09 20:56:08.026,True,-2.7839889530830586,0.3282850202650187,-0.021969664627434497,-99
2025-08-09 20:56:09.029,True,-2.7839889530830586,0.3282850202650187,-0.021969664627434497,29
2025-08-09 20:56:10.031,True,-2.7839889530830586,0.3282850202650187,-0.021969664627434497,29
2025-08-09 20:56:11.033,True,-2.7839889530830586,0.3282850202650187,-0.021969664627434497,-99
2025-08-09 20:56:12.035,True,-2.7839889530830586,0.3282850202650187,-0.021969664627434497,29
2025-08-09 20:56:13.037,True,-2.7839889530830586,0.3282850202650187,-0.021969664627434497,-99
2025-08-09 20:56:14.039,True,-2.7839889530830586,0.3282850202650187,-0.021969664627434497,-99
2025-08-09 20:56:15.042,True,-2.7839889530830586,0.3282850202650187,-0.021969664627434497,29
2025-08-09 20:56:16.044,True,-2.7839889530830586,0.3282850202650187,-0.021969664627434497,29
2025-08-09 20:56:17.046,True,-2.7839889530830586,0.3282850202650187,-0.021969664627434497,29
2025-08-09 20:56:18.049,True,-2.7839889530830586,0.3282850202650187,-0.021969664627434497,-99
2025-08-09 20:56:19.051,True,-2.7839889530830586,0.3282850202650187,-0.021969664627434497,29
2025-08-09 20:56:20.053,True,-2.7839889530830586,0.3282850202650187,-0.021969664627434497,-99
2025-08-09 20:56:21.054,True,-2.7839889530830586,0.3282850202650187,-0.021969664627434497,29
2025-08-09 20:56:22.057,True,-2.7839889530830586,0.3282850202650187,-0.021969664627434497,29
2025-08-09 20:56:23.059,True,-2.7839889530830586,0.3282850202650187,-0.021969664627434497,29
2025-08-09 20:56:24.061,True,-2.7839889530830586,0.3282850202650187,-0.021969664627434497,29
2025-08-09 20:56:25.064,True,-2.7839889530830586,0.3282850202650187,-0.021969664627434497,-99
2025-08-09 20:56:26.067,True,-2.7839889530830586,0.3282850202650187,-0.021969664627434497,29
2025-08-09 20:56:27.068,True,-2.7839889530830586,0.3282850202650187,-0.021969664627434497,-99
2025-08-09 20:56:28.070,True,-2.7839889530830586,0.3282850202650187,-0.021969664627434497,29
2025-08-09 20:56:29.072,True,-2.7839889530830586,0.3282850202650187,-0.021969664627434497,29
2025-08-09 20:56:30.075,True,-2.7839889530830586,0.3282850202650187,-0.021969664627434497,29
2025-08-09 20:56:31.078,True,-2.7839889530830586,0.3282850202650187,-0.021969664627434497,29
2025-08-09 20:56:32.080,True,-2.7839889530830586,0.3282850202650187,-0.021969664627434497,-99
2025-08-09 20:56:33.082,True,-2.7839889530830586,0.3282850202650187,-0.021969664627434497,29
2025-08-09 20:56:34.084,True,-2.7839889530830586,0.3282850202650187,-0.021969664627434497,29
2025-08-09 20:56:35.085,True,-2.7839889530830586,0.3282850202650187,-0.021969664627434497,29
2025-08-09 20:56:36.088,True,-2.7839889530830586,0.3282850202650187,-0.021969664627434497,-99
2025-08-09 20:56:37.090,True,-2.7839889530830586,0.3282850202650187,-0.021969664627434497,29
2025-08-09 20:56:38.092,True,-2.7839889530830586,0.3282850202650187,-0.021969664627434497,29
2025-08-09 20:56:39.094,True,-2.7839889530830586,0.3282850202650187,-0.021969664627434497,-99
2025-08-09 20:56:40.096,True,-2.7839889530830586,0.3282850202650187,-0.021969664627434497,29
2025-08-09 20:56:41.098,True,-2.7839889530830586,0.3282850202650187,-0.021969664627434497,29
2025-08-09 20:56:42.100,True,-2.7839889530830586,0.3282850202650187,-0.021969664627434497,29
2025-08-09 20:56:43.102,True,-2.7839889530830586,0.3282850202650187,-0.021969664627434497,29
2025-08-09 20:56:44.104,True,-2.7839889530830586,0.3282850202650187,-0.021969664627434497,29
2025-08-09 20:56:45.107,True,-2.7839889530830586,0.3282850202650187,-0.021969664627434497,29
2025-08-09 20:56:46.109,True,-2.7839889530830586,0.3282850202650187,-0.021969664627434497,29
2025-08-09 20:56:47.112,True,-2.7839889530830586,0.3282850202650187,-0.021969664627434497,-99
2025-08-09 20:56:48.114,True,-2.7839889530830586,0.3282850202650187,-0.021969664627434497,-99
2025-08-09 20:56:49.116,True,-2.7839889530830586,0.3282850202650187,-0.021969664627434497,-99
2025-08-09 20:56:50.117,True,-2.7839889530830586,0.3282850202650187,-0.021969664627434497,-99
2025-08-09 20:56:51.119,True,-2.7839889530830586,0.3282850202650187,-0.021969664627434497,29
2025-08-09 20:56:52.121,True,-2.7839889530830586,0.3282850202650187,-0.021969664627434497,29
2025-08-09 20:56:53.124,True,-2.7839889530830586,0.3282850202650187,-0.021969664627434497,-99
2025-08-09 20:56:54.125,True,-2.7839889530830586,0.3282850202650187,-0.021969664627434497,-99
2025-08-09 20:56:55.127,True,-2.7839889530830586,0.3282850202650187,-0.021969664627434497,-99
2025-08-09 20:56:56.129,True,-2.7839889530830586,0.3282850202650187,-0.021969664627434497,29
2025-08-09 20:56:57.131,True,-2.7839889530830586,0.3282850202650187,-0.021969664627434497,-99
2025-08-09 20:56:58.133,True,-2.7839889530830586,0.3282850202650187,-0.021969664627434497,29
2025-08-09 20:56:59.136,True,-2.7839889530830586,0.3282850202650187,-0.021969664627434497,-99
2025-08-09 20:57:00.138,True,-2.7839889530830586,0.3282850202650187,-0.021969664627434497,29
2025-08-09 20:57:01.141,True,-2.7839889530830586,0.3282850202650187,-0.021969664627434497,29
2025-08-09 20:57:02.142,True,-2.7839889530830586,0.3282850202650187,-0.021969664627434497,29
2025-08-09 20:57:03.145,True,-2.7839889530830586,0.3282850202650187,-0.021969664627434497,-99
2025-08-09 20:57:04.146,True,-2.7839889530830586,0.3282850202650187,-0.021969664627434497,29
2025-08-09 20:57:05.148,True,-2.7839889530830586,0.3282850202650187,-0.021969664627434497,29
2025-08-09 20:57:06.150,True,-2.7839889530830586,0.3282850202650187,-0.021969664627434497,-99
2025-08-09 20:57:07.152,True,-2.7839889530830586,0.3282850202650187,-0.021969664627434497,-99
2025-08-09 20:57:08.156,True,-2.7839889530830586,0.3282850202650187,-0.021969664627434497,-99
2025-08-09 20:57:09.158,True,-2.7839889530830586,0.3282850202650187,-0.021969664627434497,29
2025-08-09 20:57:10.160,True,-2.7839889530830586,0.3282850202650187,-0.021969664627434497,29
2025-08-09 20:57:11.162,True,-2.7839889530830586,0.3282850202650187,-0.021969664627434497,29
2025-08-09 20:57:12.164,True,-2.7839889530830586,0.3282850202650187,-0.021969664627434497,29
2025-08-09 20:57:13.166,True,-2.7839889530830586,0.3282850202650187,-0.021969664627434497,29
2025-08-09 20:57:14.168,True,-2.7839834323801127,0.31430084180991197,-0.021629827509662497,-99
2025-08-09 20:57:15.170,True,-2.7839834323801127,0.31430084180991197,-0.021629827509662497,-99
2025-08-09 20:57:16.172,True,-2.7839834323801127,0.31430084180991197,-0.021629827509662497,29
2025-08-09 20:57:17.174,True,-2.7839834323801127,0.31430084180991197,-0.021629827509662497,29
2025-08-09 20:57:18.177,True,-2.7839834323801127,0.31430084180991197,-0.021629827509662497,-99
2025-08-09 20:57:19.179,True,-2.7839834323801127,0.31430084180991197,-0.021629827509662497,29
2025-08-09 20:57:20.180,True,-2.7839834323801127,0.31430084180991197,-0.021629827509662497,-99
2025-08-09 20:57:21.183,True,-2.7839834323801127,0.31430084180991197,-0.021629827509662497,29
2025-08-09 20:57:22.185,True,-2.7839834323801127,0.31430084180991197,-0.021629827509662497,29
2025-08-09 20:57:23.187,True,-2.7839834323801127,0.31430084180991197,-0.021629827509662497,29
2025-08-09 20:57:24.189,True,-2.7839834323801127,0.31430084180991197,-0.021629827509662497,-99
2025-08-09 20:57:25.190,True,-2.7839834323801127,0.31430084180991197,-0.021629827509662497,-99
2025-08-09 20:57:26.192,True,-2.7839834323801127,0.31430084180991197,-0.021629827509662497,-99
2025-08-09 20:57:27.194,True,-2.7839834323801127,0.31430084180991197,-0.021629827509662497,-99
2025-08-09 20:57:28.196,True,-2.7839834323801127,0.31430084180991197,-0.021629827509662497,-99
2025-08-09 20:57:29.199,True,-2.7839834323801127,0.31430084180991197,-0.021629827509662497,-99
2025-08-09 20:57:30.201,True,-2.7839834323801127,0.31430084180991197,-0.021629827509662497,-99
2025-08-09 20:57:31.203,True,-2.7839834323801127,0.31430084180991197,-0.021629827509662497,-99
2025-08-09 20:57:32.205,True,-2.7839834323801127,0.31430084180991197,-0.021629827509662497,29
2025-08-09 20:57:33.207,True,-2.7839834323801127,0.31430084180991197,-0.021629827509662497,-99
2025-08-09 20:57:34.209,True,-2.7839834323801127,0.31430084180991197,-0.021629827509662497,29
2025-08-09 20:57:35.213,True,-2.7839834323801127,0.31430084180991197,-0.021629827509662497,29
2025-08-09 20:57:36.216,True,-2.7839834323801127,0.31430084180991197,-0.021629827509662497,-99
2025-08-09 20:57:37.218,True,-2.7839834323801127,0.31430084180991197,-0.021629827509662497,29
2025-08-09 20:57:38.221,True,-2.7839834323801127,0.31430084180991197,-0.021629827509662497,-99
2025-08-09 20:57:39.224,True,-2.7839834323801127,0.31430084180991197,-0.021629827509662497,-99
2025-08-09 20:57:40.226,True,-2.7839834323801127,0.31430084180991197,-0.021629827509662497,-99
2025-08-09 20:57:41.228,True,-2.7839834323801127,0.31430084180991197,-0.021629827509662497,29
2025-08-09 20:57:42.231,True,-2.7839834323801127,0.31430084180991197,-0.021629827509662497,29
2025-08-09 20:57:43.233,True,-2.7839834323801127,0.31430084180991197,-0.021629827509662497,-99
2025-08-09 20:57:44.235,True,-2.7839834323801127,0.31430084180991197,-0.021629827509662497,-99
2025-08-09 20:57:45.237,True,-2.7839834323801127,0.31430084180991197,-0.021629827509662497,29
2025-08-09 20:57:46.239,True,-2.7839834323801127,0.31430084180991197,-0.021629827509662497,-99
2025-08-09 20:57:47.242,True,-2.7839834323801127,0.31430084180991197,-0.021629827509662497,-99
2025-08-09 20:57:48.244,True,-2.7839834323801127,0.31430084180991197,-0.021629827509662497,29
2025-08-09 20:57:49.246,True,-2.7839834323801127,0.31430084180991197,-0.021629827509662497,29
2025-08-09 20:57:50.249,True,-2.7839834323801127,0.31430084180991197,-0.021629827509662497,29
2025-08-09 20:57:51.251,True,-2.7839834323801127,0.31430084180991197,-0.021629827509662497,29
2025-08-09 20:57:52.253,True,-2.7839834323801127,0.31430084180991197,-0.021629827509662497,-99
2025-08-09 20:57:53.256,True,-2.7839834323801127,0.31430084180991197,-0.021629827509662497,-99
2025-08-09 20:57:54.258,True,-2.7839834323801127,0.31430084180991197,-0.021629827509662497,29
2025-08-09 20:57:55.260,True,-2.7909837899264582,0.31429998802341985,-0.021649037704367918,29
2025-08-09 20:57:56.263,True,-2.797986938081913,0.32129122107086705,-0.02183901999222087,29
2025-08-09 20:57:57.265,True,-2.797986938081913,0.32129122107086705,-0.02183901999222087,29
2025-08-09 20:57:58.267,True,-2.797986938081913,0.32129122107086705,-0.02183901999222087,-99
2025-08-09 20:57:59.270,True,-2.797986938081913,0.32129122107086705,-0.02183901999222087,-99
2025-08-09 20:58:00.272,True,-2.797986938081913,0.32129122107086705,-0.02183901999222087,-99
2025-08-09 20:58:01.276,True,-2.797986938081913,0.32129122107086705,-0.02183901999222087,-99
2025-08-09 20:58:02.278,True,-2.797986938081913,0.32129122107086705,-0.02183901999222087,29
2025-08-09 20:58:03.281,True,-2.797986938081913,0.32129122107086705,-0.02183901999222087,29
2025-08-09 20:58:04.283,True,-2.797986938081913,0.32129122107086705,-0.02183901999222087,29
2025-08-09 20:58:05.286,True,-2.797986938081913,0.32129122107086705,-0.02183901999222087,-99
2025-08-09 20:58:06.288,True,-2.797986938081913,0.32129122107086705,-0.02183901999222087,29
2025-08-09 20:58:07.290,True,-2.797986938081913,0.32129122107086705,-0.02183901999222087,29
2025-08-09 20:58:08.293,True,-2.797986938081913,0.32129122107086705,-0.02183901999222087,29
2025-08-09 20:58:09.294,True,-2.797986938081913,0.32129122107086705,-0.02183901999222087,29
2025-08-09 20:58:10.297,True,-2.797986938081913,0.32129122107086705,-0.02183901999222087,29
2025-08-09 20:58:11.299,True,-2.797986938081913,0.32129122107086705,-0.02183901999222087,-99
2025-08-09 20:58:12.301,True,-2.797986938081913,0.32129122107086705,-0.02183901999222087,-99
2025-08-09 20:58:13.303,True,-2.797986938081913,0.32129122107086705,-0.02183901999222087,-99
2025-08-09 20:58:14.305,True,-2.797986938081913,0.32129122107086705,-0.02183901999222087,-99
2025-08-09 20:58:15.308,True,-2.797986938081913,0.32129122107086705,-0.02183901999222087,29
2025-08-09 20:58:16.309,True,-2.797986938081913,0.32129122107086705,-0.02183901999222087,-99
2025-08-09 20:58:17.313,True,-2.797986938081913,0.32129122107086705,-0.02183901999222087,29
2025-08-09 20:58:18.316,True,-2.797986938081913,0.32129122107086705,-0.02183901999222087,29
2025-08-09 20:58:19.317,True,-2.797986938081913,0.32129122107086705,-0.02183901999222087,-99
2025-08-09 20:58:20.319,True,-2.797986938081913,0.32129122107086705,-0.02183901999222087,-99
2025-08-09 20:58:21.322,True,-2.8119935134577414,0.33527370162103165,-0.022221547697227978,-99
2025-08-09 20:58:22.325,True,-2.8119935134577414,0.33527370162103165,-0.022221547697227978,-99
2025-08-09 20:58:23.327,True,-2.8119935134577414,0.33527370162103165,-0.022221547697227978,-99
2025-08-09 20:58:24.330,True,-2.8119935134577414,0.33527370162103165,-0.022221547697227978,29
2025-08-09 20:58:25.333,True,-2.8119935134577414,0.33527370162103165,-0.022221547697227978,29
2025-08-09 20:58:26.336,True,-2.8119935134577414,0.33527370162103165,-0.022221547697227978,-99
2025-08-09 20:58:27.337,True,-2.8119935134577414,0.33527370162103165,-0.022221547697227978,29
2025-08-09 20:58:28.339,True,-2.8119935134577414,0.33527370162103165,-0.022221547697227978,-99
2025-08-09 20:58:29.341,True,-2.8119935134577414,0.33527370162103165,-0.022221547697227978,-99
2025-08-09 20:58:30.343,True,-2.8119935134577414,0.33527370162103165,-0.022221547697227978,29
2025-08-09 20:58:31.345,True,-2.8119935134577414,0.33527370162103165,-0.022221547697227978,29
2025-08-09 20:58:32.347,True,-2.8119935134577414,0.33527370162103165,-0.022221547697227978,29
2025-08-09 20:58:33.350,True,-2.8119935134577414,0.33527370162103165,-0.022221547697227978,29
2025-08-09 20:58:34.351,True,-2.8119935134577414,0.33527370162103165,-0.022221547697227978,-99
2025-08-09 20:58:35.354,True,-2.8119935134577414,0.33527370162103165,-0.022221547697227978,-99
2025-08-09 20:58:36.356,True,-2.8119935134577414,0.33527370162103165,-0.022221547697227978,-99
2025-08-09 20:58:37.358,True,-2.8119935134577414,0.33527370162103165,-0.022221547697227978,29
2025-08-09 20:58:38.363,True,-2.8119935134577414,0.33527370162103165,-0.022221547697227978,29
2025-08-09 20:58:39.366,True,-2.8119935134577414,0.33527370162103165,-0.022221547697227978,29
2025-08-09 20:58:40.368,True,-2.8119935134577414,0.33527370162103165,-0.022221547697227978,-99
2025-08-09 20:58:41.371,True,-2.8119935134577414,0.33527370162103165,-0.022221547697227978,29
2025-08-09 20:58:42.373,True,-2.8119935134577414,0.33527370162103165,-0.022221547697227978,29
2025-08-09 20:58:43.375,True,-2.8049873835129193,0.3212903672837971,-0.021858657093401707,-99
2025-08-09 20:58:44.377,True,-2.7909784259549406,0.30031582829254044,-0.021308348975435897,29
2025-08-09 20:58:45.381,True,-2.797978815865368,0.3003149745071661,-0.021326705359716154,29
2025-08-09 20:58:46.383,True,-2.797978815865368,0.3003149745071661,-0.021326705359716154,29
2025-08-09 20:58:47.385,True,-2.797978815865368,0.3003149745071661,-0.021326705359716154,-99
2025-08-09 20:58:48.387,True,-2.797978815865368,0.3003149745071661,-0.021326705359716154,-99
2025-08-09 20:58:49.389,True,-2.797978815865368,0.3003149745071661,-0.021326705359716154,29
2025-08-09 20:58:50.391,True,-2.797978815865368,0.3003149745071661,-0.021326705359716154,29
2025-08-09 20:58:51.393,True,-2.797978815865368,0.3003149745071661,-0.021326705359716154,-99
2025-08-09 20:58:52.396,True,-2.797978815865368,0.3003149745071661,-0.021326705359716154,29
2025-08-09 20:58:53.399,True,-2.797978815865368,0.3003149745071661,-0.021326705359716154,29
2025-08-09 20:58:54.402,True,-2.797978815865368,0.3003149745071661,-0.021326705359716154,-99
2025-08-09 20:58:55.404,True,-2.797978815865368,0.3003149745071661,-0.021326705359716154,-99
2025-08-09 20:58:56.406,True,-2.797978815865368,0.3003149745071661,-0.021326705359716154,29
2025-08-09 20:58:57.409,True,-2.797978815865368,0.3003149745071661,-0.021326705359716154,-99
2025-08-09 20:58:58.411,True,-2.797978815865368,0.3003149745071661,-0.021326705359716154,-99
2025-08-09 20:58:59.413,True,-2.797978815865368,0.3003149745071661,-0.021326705359716154,29
2025-08-09 20:59:00.416,True,-2.797978815865368,0.3003149745071661,-0.021326705359716154,29
2025-08-09 20:59:01.419,True,-2.797978815865368,0.3003149745071661,-0.021326705359716154,-99
2025-08-09 20:59:02.422,True,-2.797978815865368,0.3003149745071661,-0.021326705359716154,-99
2025-08-09 20:59:03.425,True,-2.797978815865368,0.3003149745071661,-0.021326705359716154,29
2025-08-09 20:59:04.427,True,-2.797978815865368,0.3003149745071661,-0.021326705359716154,29
2025-08-09 20:59:05.430,True,-2.797978815865368,0.3003149745071661,-0.021326705359716154,-99
2025-08-09 20:59:06.433,True,-2.797978815865368,0.3003149745071661,-0.021326705359716154,-99
2025-08-09 20:59:07.436,True,-2.797978815865368,0.3003149745071661,-0.021326705359716154,29
2025-08-09 20:59:08.438,True,-2.797978815865368,0.3003149745071661,-0.021326705359716154,29
2025-08-09 20:59:09.441,True,-2.797978815865368,0.3003149745071661,-0.021326705359716154,29
2025-08-09 20:59:10.444,True,-2.797978815865368,0.3003149745071661,-0.021326705359716154,29
2025-08-09 20:59:11.446,True,-2.797978815865368,0.3003149745071661,-0.021326705359716154,29
2025-08-09 20:59:12.450,True,-2.797978815865368,0.3003149745071661,-0.021326705359716154,29
2025-08-09 20:59:13.453,True,-2.797978815865368,0.3003149745071661,-0.021326705359716154,-99
2025-08-09 20:59:14.455,True,-2.797978815865368,0.3003149745071661,-0.021326705359716154,29
2025-08-09 20:59:15.457,True,-2.797978815865368,0.3003149745071661,-0.021326705359716154,29
2025-08-09 20:59:16.460,True,-2.797978815865368,0.3003149745071661,-0.021326705359716154,29
2025-08-09 20:59:17.462,True,-2.797978815865368,0.3003149745071661,-0.021326705359716154,-99
2025-08-09 20:59:18.466,True,-2.797978815865368,0.3003149745071661,-0.021326705359716154,29
2025-08-09 20:59:19.469,True,-2.797978815865368,0.3003149745071661,-0.021326705359716154,29
2025-08-09 20:59:20.472,True,-2.797978815865368,0.3003149745071661,-0.021326705359716154,-99
2025-08-09 20:59:21.475,True,-2.797978815865368,0.3003149745071661,-0.021326705359716154,-99
2025-08-09 20:59:22.477,True,-2.797978815865368,0.3003149745071661,-0.021326705359716154,29
2025-08-09 20:59:23.479,True,-2.797978815865368,0.3003149745071661,-0.021326705359716154,-99
2025-08-09 20:59:24.482,True,-2.797978815865368,0.3003149745071661,-0.021326705359716154,-99
2025-08-09 20:59:25.485,True,-2.797978815865368,0.3003149745071661,-0.021326705359716154,29
2025-08-09 20:59:26.489,True,-2.797978815865368,0.3003149745071661,-0.021326705359716154,29
2025-08-09 20:59:27.491,True,-2.797978815865368,0.3003149745071661,-0.021326705359716154,-99
2025-08-09 20:59:28.494,True,-2.797978815865368,0.3003149745071661,-0.021326705359716154,-99
2025-08-09 20:59:29.496,True,-2.797978815865368,0.3003149745071661,-0.021326705359716154,-99
2025-08-09 20:59:30.499,True,-2.797978815865368,0.3003149745071661,-0.021326705359716154,29
2025-08-09 20:59:31.502,True,-2.797978815865368,0.3003149745071661,-0.021326705359716154,29
2025-08-09 20:59:32.504,True,-2.797978815865368,0.3003149745071661,-0.021326705359716154,-99
2025-08-09 20:59:33.507,True,-2.797978815865368,0.3003149745071661,-0.021326705359716154,-99
2025-08-09 20:59:34.510,True,-2.797978815865368,0.3003149745071661,-0.021326705359716154,-99
2025-08-09 20:59:35.512,True,-2.797978815865368,0.3003149745071661,-0.021326705359716154,-99
2025-08-09 20:59:36.515,True,-2.797978815865368,0.3003149745071661,-0.021326705359716154,29
2025-08-09 20:59:37.517,True,-2.797978815865368,0.3003149745071661,-0.021326705359716154,-99
2025-08-09 20:59:38.519,True,-2.790973228288714,0.2863316864516116,-0.020967662388285586,-99
2025-08-09 20:59:39.521,True,-2.790973228288714,0.2863316864516116,-0.020967662388285586,29
2025-08-09 20:59:40.523,True,-2.790973228288714,0.2863316864516116,-0.020967662388285586,29
2025-08-09 20:59:41.525,True,-2.790947555628039,0.2585337826825042,-0.01329424490549634,29
2025-08-09 20:59:42.527,True,-2.790947555628039,0.2585337826825042,-0.01329424490549634,29
2025-08-09 20:59:43.530,True,-2.790947555628039,0.2585337826825042,-0.01329424490549634,29
2025-08-09 20:59:44.532,True,-2.790947555628039,0.2585337826825042,-0.01329424490549634,-99
2025-08-09 20:59:45.534,True,-2.790947555628039,0.2585337826825042,-0.01329424490549634,-99
2025-08-09 20:59:46.536,True,-2.790947555628039,0.2585337826825042,-0.01329424490549634,29
2025-08-09 20:59:47.539,True,-2.790947555628039,0.2585337826825042,-0.01329424490549634,29
2025-08-09 20:59:48.541,True,-2.790947555628039,0.2585337826825042,-0.01329424490549634,29
2025-08-09 20:59:49.544,True,-2.790947555628039,0.2585337826825042,-0.01329424490549634,29
2025-08-09 20:59:50.546,True,-2.790947555628039,0.2585337826825042,-0.01329424490549634,-99
2025-08-09 20:59:51.944,True,0.0,0.0,0.0,0.0
2025-08-09 20:59:53.080,True,-2.9449582506057905,0.2936644153421005,-0.007548311968977945,-99
2025-08-09 20:59:53.078,True,-2.9449582506057905,0.2936644153421005,-0.007548311968977945,-99
2025-08-09 20:59:54.085,True,-2.9449582506057905,0.2936644153421005,-0.007548311968977945,29
2025-08-09 20:59:54.084,True,-2.9449582506057905,0.2936644153421005,-0.007548311968977945,-99
2025-08-09 20:59:55.623,True,-2.9449582506057905,0.2936644153421005,-0.007548311968977945,29
2025-08-09 20:59:55.624,True,-2.9449582506057905,0.2936644153421005,-0.007548311968977945,29
2025-08-09 20:59:56.626,True,-2.9449582506057905,0.2936644153421005,-0.007548311968977945,-114
2025-08-09 20:59:56.626,True,-2.9449582506057905,0.2936644153421005,-0.007548311968977945,29
2025-08-09 20:59:57.629,True,-2.9449582506057905,0.2936644153421005,-0.007548311968977945,-99
2025-08-09 20:59:57.629,True,-2.9449582506057905,0.2936644153421005,-0.007548311968977945,-99
2025-08-09 20:59:58.632,True,-2.9449582506057905,0.2936644153421005,-0.007548311968977945,-99
2025-08-09 20:59:58.633,True,-2.9449582506057905,0.2936644153421005,-0.007548311968977945,29
2025-08-09 20:59:59.634,True,-2.9449582506057905,0.2936644153421005,-0.007548311968977945,29
2025-08-09 20:59:59.636,True,-2.9449582506057905,0.2936644153421005,-0.007548311968977945,29
2025-08-09 21:00:00.636,True,-2.9449582506057905,0.2936644153421005,-0.007548311968977945,29
2025-08-09 21:00:00.638,True,-2.9449582506057905,0.2936644153421005,-0.007548311968977945,29
2025-08-09 21:00:03.024,True,-2.9449582506057905,0.2936644153421005,-0.007548311968977945,-114
2025-08-09 21:00:03.027,True,-2.9449582506057905,0.2936644153421005,-0.007548311968977945,-99
2025-08-09 21:00:04.029,True,-2.9449582506057905,0.2936644153421005,-0.007548311968977945,-114
2025-08-09 21:00:04.029,True,-2.9449582506057905,0.2936644153421005,-0.007548311968977945,29
2025-08-09 21:00:05.031,True,-2.9449582506057905,0.2936644153421005,-0.007548311968977945,-99
2025-08-09 21:00:05.033,True,-2.9449582506057905,0.2936644153421005,-0.007548311968977945,29
2025-08-09 21:00:06.865,True,-2.9449582506057905,0.2936644153421005,-0.007548311968977945,29
2025-08-09 21:00:06.865,True,-2.9449582506057905,0.2936644153421005,-0.007548311968977945,-99
2025-08-09 21:00:07.867,True,-2.9449582506057905,0.2936644153421005,-0.007548311968977945,-99
2025-08-09 21:00:07.868,True,-2.9449582506057905,0.2936644153421005,-0.007548311968977945,-99
2025-08-09 21:00:08.870,True,-2.9449582506057905,0.2936644153421005,-0.007548311968977945,29
2025-08-09 21:00:08.869,True,-2.9449582506057905,0.2936644153421005,-0.007548311968977945,-99
2025-08-09 21:00:09.873,True,-2.9449582506057905,0.2936644153421005,-0.007548311968977945,29
2025-08-09 21:00:09.873,True,-2.9449582506057905,0.2936644153421005,-0.007548311968977945,-99
2025-08-09 21:00:10.877,True,-2.9449582506057905,0.2936644153421005,-0.007548311968977945,29
2025-08-09 21:00:10.877,True,-2.9449582506057905,0.2936644153421005,-0.007548311968977945,29
2025-08-09 21:00:11.881,True,-2.9449582506057905,0.2936644153421005,-0.007548311968977945,29
2025-08-09 21:00:11.881,True,-2.9449582506057905,0.2936644153421005,-0.007548311968977945,29
2025-08-09 21:00:12.883,True,-2.9449582506057905,0.2936644153421005,-0.007548311968977945,29
2025-08-09 21:00:12.884,True,-2.9449582506057905,0.2936644153421005,-0.007548311968977945,29
2025-08-09 21:00:13.886,True,-2.9449582506057905,0.2936644153421005,-0.007548311968977945,-99
2025-08-09 21:00:13.887,True,-2.9449582506057905,0.2936644153421005,-0.007548311968977945,-99
2025-08-09 21:00:14.888,True,-2.9449582506057905,0.2936644153421005,-0.007548311968977945,29
2025-08-09 21:00:14.890,True,-2.9449582506057905,0.2936644153421005,-0.007548311968977945,-99
2025-08-09 21:00:15.895,True,-2.9449582506057905,0.2936644153421005,-0.007548311968977945,29
2025-08-09 21:00:15.898,True,-2.9449582506057905,0.2936644153421005,-0.007548311968977945,29
2025-08-09 21:00:16.899,True,-2.9449582506057905,0.2936644153421005,-0.007548311968977945,-99
2025-08-09 21:00:16.900,True,-2.9449582506057905,0.2936644153421005,-0.007548311968977945,29
2025-08-09 21:00:17.902,True,-2.9449582506057905,0.2936644153421005,-0.007548311968977945,-99
2025-08-09 21:00:17.903,True,-2.9449582506057905,0.2936644153421005,-0.007548311968977945,-99
2025-08-09 21:00:18.905,True,-2.9449582506057905,0.2936644153421005,-0.007548311968977945,29
2025-08-09 21:00:18.907,True,-2.9449582506057905,0.2936644153421005,-0.007548311968977945,29
2025-08-09 21:00:19.909,True,-2.9449582506057905,0.2936644153421005,-0.007548311968977945,-99
2025-08-09 21:00:19.910,True,-2.9449582506057905,0.2936644153421005,-0.007548311968977945,-99
2025-08-09 21:00:20.912,True,-2.9449582506057905,0.2936644153421005,-0.007548311968977945,-99
2025-08-09 21:00:20.915,True,-2.9449582506057905,0.2936644153421005,-0.007548311968977945,-99
2025-08-09 21:00:21.914,True,-2.9449582506057905,0.2936644153421005,-0.007548311968977945,-99
2025-08-09 21:00:21.917,True,-2.9449582506057905,0.2936644153421005,-0.007548311968977945,-99
2025-08-09 21:00:22.916,True,-2.9449582506057905,0.2936644153421005,-0.007548311968977945,-99
2025-08-09 21:00:22.918,True,-2.9449582506057905,0.2936644153421005,-0.007548311968977945,-99
2025-08-09 21:00:23.919,True,-2.9449582506057905,0.2936644153421005,-0.007548311968977945,-99
2025-08-09 21:00:23.922,True,-2.9449582506057905,0.2936644153421005,-0.007548311968977945,29
2025-08-09 21:00:24.921,True,-2.9449582506057905,0.2936644153421005,-0.007548311968977945,-99
2025-08-09 21:00:24.924,True,-2.9449582506057905,0.2936644153421005,-0.007548311968977945,-99
2025-08-09 21:00:25.925,True,-2.9449582506057905,0.2936644153421005,-0.007548311968977945,-99
2025-08-09 21:00:25.927,True,-2.9449582506057905,0.2936644153421005,-0.007548311968977945,-99
2025-08-09 21:00:26.929,True,-2.9449582506057905,0.2936644153421005,-0.007548311968977945,29
2025-08-09 21:00:26.932,True,-2.9449582506057905,0.2936644153421005,-0.007548311968977945,-99
2025-08-09 21:00:27.931,True,-2.9449582506057905,0.2936644153421005,-0.007548311968977945,-99
2025-08-09 21:00:27.934,True,-2.9449582506057905,0.2936644153421005,-0.007548311968977945,29
2025-08-09 21:00:28.933,True,-2.9449582506057905,0.2936644153421005,-0.007548311968977945,-99
2025-08-09 21:00:29.935,True,-2.9449582506057905,0.2936644153421005,-0.007548311968977945,29
2025-08-09 21:00:31.012,True,-2.9449582506057905,0.2936644153421005,-0.007548311968977945,29
2025-08-09 21:00:32.014,True,-2.9449582506057905,0.2936644153421005,-0.007548311968977945,29
2025-08-09 21:00:33.016,True,-2.9449582506057905,0.2936644153421005,-0.007548311968977945,-99
2025-08-09 21:00:34.018,True,-2.9449582506057905,0.2936644153421005,-0.007548311968977945,29
2025-08-09 21:00:35.021,True,-2.9449582506057905,0.2936644153421005,-0.007548311968977945,-99
2025-08-09 21:00:38.432,True,-2.9449582506057905,0.2936644153421005,-0.007548311968977945,29
2025-08-09 21:00:39.435,True,-2.9449582506057905,0.2936644153421005,-0.007548311968977945,29
2025-08-09 21:00:40.437,True,-2.9449582506057905,0.2936644153421005,-0.007548311968977945,-99
2025-08-09 21:00:44.806,True,-2.9449582506057905,0.2936644153421005,-0.007548311968977945,29
2025-08-09 21:00:46.291,True,0.0,0.0,0.0,0.0
2025-08-09 21:00:46.512,True,-2.7769505112843573,0.3356169245090715,-0.008134894891549492,-99
2025-08-09 21:00:47.294,True,0.0,0.0,0.0,0.0
2025-08-09 21:00:47.514,True,-2.7769505112843573,0.3356169245090715,-0.008134894891549492,-99
2025-08-09 21:00:48.296,True,0.0,0.0,0.0,0.0
2025-08-09 21:00:48.516,True,-2.7769505112843573,0.3356169245090715,-0.008134894891549492,-99
2025-08-09 21:00:49.298,True,0.0,0.0,0.0,0.0
2025-08-09 21:00:49.518,True,-2.7769505112843573,0.3356169245090715,-0.008134894891549492,-99
2025-08-09 21:00:55.121,True,-2.7769505112843573,0.3356169245090715,-0.008134894891549492,-114
2025-08-09 21:00:55.123,True,-2.7769505112843573,0.3356169245090715,-0.008134894891549492,-99
2025-08-09 21:00:56.643,True,-2.7769505112843573,0.3356169245090715,-0.008134894891549492,29
2025-08-09 21:00:56.644,True,-2.7769505112843573,0.3356169245090715,-0.008134894891549492,29
2025-08-09 21:00:57.645,True,-2.7769505112843573,0.3356169245090715,-0.008134894891549492,-99
2025-08-09 21:00:57.647,True,-2.7769505112843573,0.3356169245090715,-0.008134894891549492,-99
2025-08-09 21:00:58.651,True,-2.7769505112843573,0.3356169245090715,-0.008134894891549492,-99
2025-08-09 21:00:58.649,True,-2.7769505112843573,0.3356169245090715,-0.008134894891549492,-99
2025-08-09 21:00:59.653,True,-2.7769505112843573,0.3356169245090715,-0.008134894891549492,29
2025-08-09 21:00:59.654,True,-2.7769505112843573,0.3356169245090715,-0.008134894891549492,-99
2025-08-09 21:01:00.656,True,-2.7769505112843573,0.3356169245090715,-0.008134894891549492,29
2025-08-09 21:01:01.574,True,-2.7769505112843573,0.3356169245090715,-0.008134894891549492,29
2025-08-09 21:01:03.443,True,-2.7769505112843573,0.3356169245090715,-0.008134894891549492,29
2025-08-09 21:01:03.445,True,-2.7769505112843573,0.3356169245090715,-0.008134894891549492,29
2025-08-09 21:01:04.449,True,-2.7769505112843573,0.3356169245090715,-0.008134894891549492,-99
2025-08-09 21:01:04.451,True,-2.7769505112843573,0.3356169245090715,-0.008134894891549492,-99
2025-08-09 21:01:05.451,True,-2.777543636432928,1.2306829832721438,-0.029834318847802042,-99
2025-08-09 21:01:05.455,True,-2.7769505112843573,0.3356169245090715,-0.008134894891549492,-99
2025-08-09 21:01:06.454,True,-2.7769505112843573,0.3356169245090715,-0.008134894891549492,-99
2025-08-09 21:01:06.457,True,-2.7769505112843573,0.3356169245090715,-0.008134894891549492,-99
2025-08-09 21:01:07.460,True,-2.7769505112843573,0.3356169245090715,-0.008134894891549492,-99
2025-08-09 21:01:07.458,True,-2.7769505112843573,0.3356169245090715,-0.008134894891549492,-99
2025-08-09 21:01:08.462,True,-2.7769505112843573,0.3356169245090715,-0.008134894891549492,29
2025-08-09 21:01:08.463,True,-2.7769505112843573,0.3356169245090715,-0.008134894891549492,-99
2025-08-09 21:01:09.466,True,-2.7769505112843573,0.3356169245090715,-0.008134894891549492,-99
2025-08-09 21:01:09.466,True,-2.7769505112843573,0.3356169245090715,-0.008134894891549492,-99
2025-08-09 21:01:10.468,True,-2.7769505112843573,0.3356169245090715,-0.008134894891549492,29
2025-08-09 21:01:10.468,True,-2.7769505112843573,0.3356169245090715,-0.008134894891549492,-99
2025-08-09 21:01:11.483,True,-2.7769505112843573,0.3356169245090715,-0.008134894891549492,-99
2025-08-09 21:01:11.483,True,-2.7769505112843573,0.3356169245090715,-0.008134894891549492,-99
2025-08-09 21:01:12.486,True,-2.7769505112843573,0.3356169245090715,-0.008134894891549492,-99
2025-08-09 21:01:12.486,True,-2.7769505112843573,0.3356169245090715,-0.008134894891549492,29
2025-08-09 21:01:13.489,True,-2.7769505112843573,0.3356169245090715,-0.008134894891549492,29
2025-08-09 21:01:13.492,True,-2.7769505112843573,0.3356169245090715,-0.008134894891549492,29
2025-08-09 21:01:14.492,True,-2.7769505112843573,0.3356169245090715,-0.008134894891549492,29
2025-08-09 21:01:14.494,True,-2.7769505112843573,0.3356169245090715,-0.008134894891549492,29
2025-08-09 21:01:15.495,True,-2.7769505112843573,0.3356169245090715,-0.008134894891549492,-99
2025-08-09 21:01:15.498,True,-2.7769505112843573,0.3356169245090715,-0.008134894891549492,-99
2025-08-09 21:01:16.499,True,-2.7769505112843573,0.3356169245090715,-0.008134894891549492,-99
2025-08-09 21:01:16.500,True,-2.7769505112843573,0.3356169245090715,-0.008134894891549492,29
2025-08-09 21:01:17.501,True,-2.7769505112843573,0.3356169245090715,-0.008134894891549492,-99
2025-08-09 21:01:17.504,True,-2.7769505112843573,0.3356169245090715,-0.008134894891549492,-99
2025-08-09 21:01:18.503,True,-2.7769505112843573,0.3356169245090715,-0.008134894891549492,-99
2025-08-09 21:01:18.506,True,-2.7769505112843573,0.3356169245090715,-0.008134894891549492,-99
2025-08-09 21:01:19.506,True,-2.7769505112843573,0.3356169245090715,-0.008134894891549492,29
2025-08-09 21:01:19.509,True,-2.7769505112843573,0.3356169245090715,-0.008134894891549492,29
2025-08-09 21:01:20.508,True,-2.7769505112843573,0.3356169245090715,-0.008134894891549492,29
2025-08-09 21:01:20.513,True,-2.7769505112843573,0.3356169245090715,-0.008134894891549492,29
2025-08-09 21:01:21.511,True,-2.7769505112843573,0.3356169245090715,-0.008134894891549492,-99
2025-08-09 21:01:21.515,True,-2.7769505112843573,0.3356169245090715,-0.008134894891549492,29
2025-08-09 21:01:22.513,True,-2.7769505112843573,0.3356169245090715,-0.008134894891549492,29
2025-08-09 21:01:22.517,True,-2.7769505112843573,0.3356169245090715,-0.008134894891549492,29
2025-08-09 21:01:23.515,True,-2.7769505112843573,0.3356169245090715,-0.008134894891549492,-99
2025-08-09 21:01:23.519,True,-2.7769505112843573,0.3356169245090715,-0.008134894891549492,-99
2025-08-09 21:01:24.518,True,-2.7769505112843573,0.3356169245090715,-0.008134894891549492,29
2025-08-09 21:01:24.521,True,-2.7769505112843573,0.3356169245090715,-0.008134894891549492,-99
2025-08-09 21:01:25.520,True,-2.7769505112843573,0.3356169245090715,-0.008134894891549492,-99
2025-08-09 21:01:25.523,True,-2.7769505112843573,0.3356169245090715,-0.008134894891549492,-99
2025-08-09 21:01:26.523,True,-2.7769505112843573,0.3356169245090715,-0.008134894891549492,29
2025-08-09 21:01:26.525,True,-2.7769505112843573,0.3356169245090715,-0.008134894891549492,29
2025-08-09 21:01:27.526,True,-2.7769505112843573,0.3356169245090715,-0.008134894891549492,-99
2025-08-09 21:01:27.528,True,-2.7769505112843573,0.3356169245090715,-0.008134894891549492,29
2025-08-09 21:01:28.529,True,-2.7769505112843573,0.3356169245090715,-0.008134894891549492,-99
2025-08-09 21:01:28.530,True,-2.7769505112843573,0.3356169245090715,-0.008134894891549492,29
2025-08-09 21:01:29.532,True,-2.7769505112843573,0.3356169245090715,-0.008134894891549492,-99
2025-08-09 21:01:29.534,True,-2.7769505112843573,0.3356169245090715,-0.008134894891549492,-99
2025-08-09 21:01:30.534,True,-2.7769505112843573,0.3356169245090715,-0.008134894891549492,-99
2025-08-09 21:01:30.538,True,-2.7769505112843573,0.3356169245090715,-0.008134894891549492,-99
2025-08-09 21:01:31.537,True,-2.7769505112843573,0.3356169245090715,-0.008134894891549492,29
2025-08-09 21:01:31.541,True,-2.7769505112843573,0.3356169245090715,-0.008134894891549492,29
2025-08-09 21:01:32.543,True,-2.7769505112843573,0.3356169245090715,-0.008134894891549492,29
2025-08-09 21:01:33.545,True,-2.7769505112843573,0.3356169245090715,-0.008134894891549492,-99
2025-08-09 21:01:34.548,True,-2.7769505112843573,0.3356169245090715,-0.008134894891549492,-99
2025-08-09 21:01:35.555,True,-2.7769505112843573,0.3356169245090715,-0.008134894891549492,29
2025-08-09 21:01:36.558,True,-2.7769505112843573,0.3356169245090715,-0.008134894891549492,29
2025-08-09 21:01:38.604,True,-2.7769505112843573,0.3356169245090715,-0.008134894891549492,29
2025-08-09 21:01:40.801,True,-2.7769505112843573,0.3356169245090715,-0.008134894891549492,-99
2025-08-09 21:01:42.313,True,0.0,0.0,0.0,0.0
2025-08-09 21:01:47.844,True,0.0,0.0,0.0,29
2025-08-09 21:01:47.845,True,-2.7769505112843573,0.3356169245090715,-0.008134894891549492,-99
2025-08-09 21:01:53.944,True,-2.720973195409946,0.4125303415481787,-0.009797733490894493,-99
2025-08-09 21:01:53.945,True,-2.720973195409946,0.4125303415481787,-0.009797733490894493,29
2025-08-09 21:01:56.469,True,-2.720973195409946,0.4125303415481787,-0.009797733490894493,29
2025-08-09 21:01:56.470,True,-2.720973195409946,0.4125303415481787,-0.009797733490894493,29
2025-08-09 21:01:57.474,True,-2.720973195409946,0.4125303415481787,-0.009797733490894493,29
2025-08-09 21:01:57.471,True,-2.720973195409946,0.4125303415481787,-0.009797733490894493,-99
2025-08-09 21:01:58.480,True,-2.720973195409946,0.4125303415481787,-0.009797733490894493,-99
2025-08-09 21:01:58.884,True,-2.720973195409946,0.4125303415481787,-0.009797733490894493,-99
2025-08-09 21:01:59.483,True,-2.720973195409946,0.4125303415481787,-0.009797733490894493,-99
2025-08-09 21:01:59.886,True,-2.720973195409946,0.4125303415481787,-0.009797733490894493,-99
2025-08-09 21:02:01.890,True,-2.720973195409946,0.4125303415481787,-0.009797733490894493,-99
2025-08-09 21:02:01.894,True,-2.720973195409946,0.4125303415481787,-0.009797733490894493,-99
2025-08-09 21:02:02.894,True,-2.720973195409946,0.4125303415481787,-0.009797733490894493,29
2025-08-09 21:02:02.896,True,-2.720973195409946,0.4125303415481787,-0.009797733490894493,-99
2025-08-09 21:02:03.896,True,-2.720973195409946,0.4125303415481787,-0.009797733490894493,29
2025-08-09 21:02:03.898,True,-2.720973195409946,0.4125303415481787,-0.009797733490894493,-114
2025-08-09 21:02:04.899,True,-2.720973195409946,0.4125303415481787,-0.009797733490894493,29
2025-08-09 21:02:04.901,True,-2.720973195409946,0.4125303415481787,-0.009797733490894493,29
2025-08-09 21:02:05.902,True,-2.720973195409946,0.4125303415481787,-0.009797733490894493,-99
2025-08-09 21:02:06.290,True,-2.720973195409946,0.4125303415481787,-0.009797733490894493,29
2025-08-09 21:02:09.839,True,-2.720973195409946,0.4125303415481787,-0.009797733490894493,-99
2025-08-09 21:02:09.842,True,-2.720973195409946,0.4125303415481787,-0.009797733490894493,-99
2025-08-09 21:02:10.844,True,-2.720973195409946,0.4125303415481787,-0.009797733490894493,29
2025-08-09 21:02:10.849,True,-2.720973195409946,0.4125303415481787,-0.009797733490894493,29
2025-08-09 21:02:11.848,True,-2.720973195409946,0.4125303415481787,-0.009797733490894493,-99
2025-08-09 21:02:11.854,True,-2.720973195409946,0.4125303415481787,-0.009797733490894493,-99
2025-08-09 21:02:12.850,True,-2.720973195409946,0.4125303415481787,-0.009797733490894493,-99
2025-08-09 21:02:12.859,True,-2.720973195409946,0.4125303415481787,-0.009797733490894493,-99
2025-08-09 21:02:13.852,True,-2.720973195409946,0.4125303415481787,-0.009797733490894493,29
2025-08-09 21:02:13.862,True,-2.720973195409946,0.4125303415481787,-0.009797733490894493,-99
2025-08-09 21:02:14.854,True,-2.720973195409946,0.4125303415481787,-0.009797733490894493,29
2025-08-09 21:02:14.865,True,-2.720973195409946,0.4125303415481787,-0.009797733490894493,-99
2025-08-09 21:02:15.857,True,-2.720973195409946,0.4125303415481787,-0.009797733490894493,-99
2025-08-09 21:02:15.868,True,-2.720973195409946,0.4125303415481787,-0.009797733490894493,-99
2025-08-09 21:02:16.860,True,-2.720973195409946,0.4125303415481787,-0.009797733490894493,29
2025-08-09 21:02:16.872,True,-2.720973195409946,0.4125303415481787,-0.009797733490894493,29
2025-08-09 21:02:17.863,True,-2.720973195409946,0.4125303415481787,-0.009797733490894493,29
2025-08-09 21:02:17.874,True,-2.720973195409946,0.4125303415481787,-0.009797733490894493,29
2025-08-09 21:02:18.867,True,-2.720973195409946,0.4125303415481787,-0.009797733490894493,-99
2025-08-09 21:02:18.881,True,-2.720973195409946,0.4125303415481787,-0.009797733490894493,29
2025-08-09 21:02:19.870,True,-2.7279732599884285,0.4125303415481787,-0.009822920465956586,-99
2025-08-09 21:02:19.883,True,-2.7279732599884285,0.4125303415481787,-0.009822920465956586,29
2025-08-09 21:02:20.872,True,-2.728613177897145,1.307613633659314,-0.031140966392188663,-99
2025-08-09 21:02:20.885,True,-2.7279732599884285,0.4125303415481787,-0.009822920465956586,-99
2025-08-09 21:02:21.875,True,-2.7279732599884285,0.4125303415481787,-0.009822920465956586,-99
2025-08-09 21:02:21.887,True,-2.7279732599884285,0.4125303415481787,-0.009822920465956586,29
2025-08-09 21:02:22.881,True,-2.7279732599884285,0.4125303415481787,-0.009822920465956586,-99
2025-08-09 21:02:22.891,True,-2.7279732599884285,0.4125303415481787,-0.009822920465956586,-99
2025-08-09 21:02:23.885,True,-2.7279732599884285,0.4125303415481787,-0.009822920465956586,29
2025-08-09 21:02:23.893,True,-2.7279732599884285,0.4125303415481787,-0.009822920465956586,-99
2025-08-09 21:02:24.889,True,-2.7279732599884285,0.4125303415481787,-0.009822920465956586,-99
2025-08-09 21:02:24.896,True,-2.7279732599884285,0.4125303415481787,-0.009822920465956586,-99
2025-08-09 21:02:25.893,True,-2.7279732599884285,0.4125303415481787,-0.009822920465956586,-99
2025-08-09 21:02:25.898,True,-2.7279732599884285,0.4125303415481787,-0.009822920465956586,-99
2025-08-09 21:02:26.895,True,-2.7279732599884285,0.4125303415481787,-0.009822920465956586,-99
2025-08-09 21:02:26.900,True,-2.7279732599884285,0.4125303415481787,-0.009822920465956586,-99
2025-08-09 21:02:27.897,True,-2.7279732599884285,0.4125303415481787,-0.009822920465956586,-99
2025-08-09 21:02:27.903,True,-2.7279732599884285,0.4125303415481787,-0.009822920465956586,29
2025-08-09 21:02:28.901,True,-2.7279732599884285,0.4125303415481787,-0.009822920465956586,-99
2025-08-09 21:02:28.905,True,-2.7279732599884285,0.4125303415481787,-0.009822920465956586,-99
2025-08-09 21:02:29.903,True,-2.7279732599884285,0.4125303415481787,-0.009822920465956586,-99
2025-08-09 21:02:29.907,True,-2.7279732599884285,0.4125303415481787,-0.009822920465956586,-99
2025-08-09 21:02:30.905,True,-2.7279732599884285,0.4125303415481787,-0.009822920465956586,-99
2025-08-09 21:02:30.910,True,-2.7279732599884285,0.4125303415481787,-0.009822920465956586,-99
2025-08-09 21:02:31.907,True,-2.7279732599884285,0.4125303415481787,-0.009822920465956586,-99
2025-08-09 21:02:31.913,True,-2.7279732599884285,0.4125303415481787,-0.009822920465956586,-99
2025-08-09 21:02:32.910,True,-2.7279732599884285,0.4125303415481787,-0.009822920465956586,29
2025-08-09 21:02:32.916,True,-2.7279732599884285,0.4125303415481787,-0.009822920465956586,-99
2025-08-09 21:02:33.913,True,-2.7279732599884285,0.4125303415481787,-0.009822920465956586,29
2025-08-09 21:02:33.921,True,-2.7279732599884285,0.4125303415481787,-0.009822920465956586,29
2025-08-09 21:02:34.916,True,-2.7279732599884285,0.4125303415481787,-0.009822920465956586,29
2025-08-09 21:02:34.926,True,-2.7279732599884285,0.4125303415481787,-0.009822920465956586,-99
2025-08-09 21:02:35.919,True,-2.7279732599884285,0.4125303415481787,-0.009822920465956586,-99
2025-08-09 21:02:35.930,True,-2.7279732599884285,0.4125303415481787,-0.009822920465956586,-99
2025-08-09 21:02:36.922,True,-2.7279732599884285,0.4125303415481787,-0.009822920465956586,29
2025-08-09 21:02:36.933,True,-2.7279732599884285,0.4125303415481787,-0.009822920465956586,-99
2025-08-09 21:02:37.925,True,-2.7279732599884285,0.4125303415481787,-0.009822920465956586,-99
2025-08-09 21:02:37.935,True,-2.7279732599884285,0.4125303415481787,-0.009822920465956586,-99
2025-08-09 21:02:38.927,True,-2.7279732599884285,0.4125303415481787,-0.009822920465956586,29
2025-08-09 21:02:38.939,True,-2.7279732599884285,0.4125303415481787,-0.009822920465956586,-99
2025-08-09 21:02:39.929,True,-2.7279756778127813,0.4195225051500997,-0.009989419497039468,29
2025-08-09 21:02:39.942,True,-2.7279756778127813,0.4195225051500997,-0.009989419497039468,29
2025-08-09 21:02:40.933,True,-2.7279756778127813,0.4195225051500997,-0.009989419497039468,29
2025-08-09 21:02:40.946,True,-2.7279756778127813,0.4195225051500997,-0.009989419497039468,29
2025-08-09 21:02:41.938,True,-2.7279756778127813,0.4195225051500997,-0.009989419497039468,-99
2025-08-09 21:02:41.951,True,-2.7279756778127813,0.4195225051500997,-0.009989419497039468,29
2025-08-09 21:02:42.940,True,-2.7279756778127813,0.4195225051500997,-0.009989419497039468,-99
2025-08-09 21:02:42.954,True,-2.7279756778127813,0.4195225051500997,-0.009989419497039468,29
2025-08-09 21:02:43.941,True,-2.7279756778127813,0.4195225051500997,-0.009989419497039468,29
2025-08-09 21:02:43.957,True,-2.7279756778127813,0.4195225051500997,-0.009989419497039468,29
2025-08-09 21:02:44.943,True,-2.7279756778127813,0.4195225051500997,-0.009989419497039468,-99
2025-08-09 21:02:44.962,True,-2.7279756778127813,0.4195225051500997,-0.009989419497039468,-99
2025-08-09 21:02:45.945,True,-2.7279756778127813,0.4195225051500997,-0.009989419497039468,29
2025-08-09 21:02:45.965,True,-2.7279756778127813,0.4195225051500997,-0.009989419497039468,-99
2025-08-09 21:02:46.947,True,-2.7279756778127813,0.4195225051500997,-0.009989419497039468,29
2025-08-09 21:02:46.968,True,-2.7279756778127813,0.4195225051500997,-0.009989419497039468,29
2025-08-09 21:02:47.950,True,-2.7279756778127813,0.4195225051500997,-0.009989419497039468,-99
2025-08-09 21:02:47.970,True,-2.7279756778127813,0.4195225051500997,-0.009989419497039468,-99
2025-08-09 21:02:48.953,True,-2.7279756778127813,0.4195225051500997,-0.009989419497039468,-99
2025-08-09 21:02:48.972,True,-2.7279756778127813,0.4195225051500997,-0.009989419497039468,-99
2025-08-09 21:02:49.956,True,-2.7279756778127813,0.4195225051500997,-0.009989419497039468,29
2025-08-09 21:02:49.978,True,-2.7279756778127813,0.4195225051500997,-0.009989419497039468,-99
2025-08-09 21:02:50.958,True,-2.7279756778127813,0.4195225051500997,-0.009989419497039468,29
2025-08-09 21:02:50.981,True,-2.7279756778127813,0.4195225051500997,-0.009989419497039468,-99
2025-08-09 21:02:51.961,True,-2.7279756778127813,0.4195225051500997,-0.009989419497039468,29
2025-08-09 21:02:51.983,True,-2.7279756778127813,0.4195225051500997,-0.009989419497039468,-99
2025-08-09 21:02:52.964,True,-2.7279756778127813,0.4195225051500997,-0.009989419497039468,29
2025-08-09 21:02:52.986,True,-2.7279756778127813,0.4195225051500997,-0.009989419497039468,-99
2025-08-09 21:02:53.967,True,-2.7279756778127813,0.4195225051500997,-0.009989419497039468,-99
2025-08-09 21:02:53.990,True,-2.7279756778127813,0.4195225051500997,-0.009989419497039468,29
2025-08-09 21:02:54.970,True,-2.7279756778127813,0.4195225051500997,-0.009989419497039468,-99
2025-08-09 21:02:54.992,True,-2.7279756778127813,0.4195225051500997,-0.009989419497039468,29
2025-08-09 21:02:55.972,True,-2.7279756778127813,0.4195225051500997,-0.009989419497039468,29
2025-08-09 21:02:55.994,True,-2.7279756778127813,0.4195225051500997,-0.009989419497039468,-99
2025-08-09 21:02:56.975,True,-2.7279756778127813,0.4195225051500997,-0.009989419497039468,29
2025-08-09 21:02:56.996,True,-2.7279756778127813,0.4195225051500997,-0.009989419497039468,-99
2025-08-09 21:02:57.978,True,-2.7279756778127813,0.4195225051500997,-0.009989419497039468,-99
2025-08-09 21:02:57.998,True,-2.7279756778127813,0.4195225051500997,-0.009989419497039468,-99
2025-08-09 21:02:58.982,True,-2.7279756778127813,0.4195225051500997,-0.009989419497039468,29
2025-08-09 21:02:59.001,True,-2.7279756778127813,0.4195225051500997,-0.009989419497039468,29
2025-08-09 21:02:59.984,True,-2.7279756778127813,0.4195225051500997,-0.009989419497039468,-99
2025-08-09 21:03:00.003,True,-2.7279756778127813,0.4195225051500997,-0.009989419497039468,-99
2025-08-09 21:03:00.987,True,-2.713975576744143,0.4195225051500997,-0.00993819170577711,-99
2025-08-09 21:03:01.005,True,-2.713975576744143,0.4195225051500997,-0.00993819170577711,-99
2025-08-09 21:03:01.990,True,-2.713975576744143,0.4195225051500997,-0.00993819170577711,29
2025-08-09 21:03:02.007,True,-2.713975576744143,0.4195225051500997,-0.00993819170577711,29
2025-08-09 21:03:02.993,True,-2.699970891381274,0.4055381840901121,-0.009557381651352633,-99
2025-08-09 21:03:03.010,True,-2.699970891381274,0.4055381840901121,-0.009557381651352633,-99
2025-08-09 21:03:03.996,True,-2.699970891381274,0.4055381840901121,-0.009557381651352633,-99
2025-08-09 21:03:04.012,True,-2.699970891381274,0.4055381840901121,-0.009557381651352633,-99
2025-08-09 21:03:04.997,True,-2.699970891381274,0.4055381840901121,-0.009557381651352633,29
2025-08-09 21:03:05.016,True,-2.699970891381274,0.4055381840901121,-0.009557381651352633,-99
2025-08-09 21:03:06.000,True,-2.699970891381274,0.4055381840901121,-0.009557381651352633,29
2025-08-09 21:03:06.020,True,-2.699970891381274,0.4055381840901121,-0.009557381651352633,29
2025-08-09 21:03:07.001,True,-2.699970891381274,0.4055381840901121,-0.009557381651352633,-99
2025-08-09 21:03:07.022,True,2.7016145704062158,-0.3987893640513116,-0.009392591164134854,-99
2025-08-09 21:03:08.004,True,-2.7209708243208017,0.4055381840901121,-0.009631661818233403,29
2025-08-09 21:03:08.024,True,-2.7209708243208017,0.4055381840901121,-0.009631661818233403,-99
2025-08-09 21:03:09.008,True,-2.727970882803955,0.4055381840901121,-0.009656421873853141,29
2025-08-09 21:03:09.028,True,-2.727970882803955,0.4055381840901121,-0.009656421873853141,29
2025-08-09 21:03:10.012,True,-2.727970882803955,0.4055381840901121,-0.009656421873853141,29
2025-08-09 21:03:10.032,True,-2.727970882803955,0.4055381840901121,-0.009656421873853141,-99
2025-08-09 21:03:11.016,True,-2.727970882803955,0.4055381840901121,-0.009656421873853141,29
2025-08-09 21:03:11.035,True,-2.727970882803955,0.4055381840901121,-0.009656421873853141,-99
2025-08-09 21:03:12.018,True,-2.727970882803955,0.4055381840901121,-0.009656421873853141,-99
2025-08-09 21:03:12.038,True,-2.727970882803955,0.4055381840901121,-0.009656421873853141,-99
2025-08-09 21:03:13.020,True,-2.727970882803955,0.4055381840901121,-0.009656421873853141,29
2025-08-09 21:03:13.040,True,-2.727970882803955,0.4055381840901121,-0.009656421873853141,29
2025-08-09 21:03:14.023,True,-2.727970882803955,0.4055381840901121,-0.009656421873853141,-99
2025-08-09 21:03:14.043,True,-2.727970882803955,0.4055381840901121,-0.009656421873853141,-99
2025-08-09 21:03:15.025,True,-2.727970882803955,0.4055381840901121,-0.009656421873853141,29
2025-08-09 21:03:15.046,True,-2.727970882803955,0.4055381840901121,-0.009656421873853141,29
2025-08-09 21:03:16.027,True,-2.727970882803955,0.4055381840901121,-0.009656421873853141,29
2025-08-09 21:03:16.049,True,-2.727970882803955,0.4055381840901121,-0.009656421873853141,29
2025-08-09 21:03:17.029,True,-2.727970882803955,0.4055381840901121,-0.009656421873853141,29
2025-08-09 21:03:17.052,True,-2.727970882803955,0.4055381840901121,-0.009656421873853141,29
2025-08-09 21:03:18.032,True,-2.727970882803955,0.4055381840901121,-0.009656421873853141,29
2025-08-09 21:03:18.055,True,-2.727970882803955,0.4055381840901121,-0.009656421873853141,-99
2025-08-09 21:03:19.034,True,-2.727970882803955,0.4055381840901121,-0.009656421873853141,-99
2025-08-09 21:03:19.057,True,-2.727970882803955,0.4055381840901121,-0.009656421873853141,-99
2025-08-09 21:03:20.036,True,-2.727970882803955,0.4055381840901121,-0.009656421873853141,29
2025-08-09 21:03:20.060,True,-2.727970882803955,0.4055381840901121,-0.009656421873853141,29
2025-08-09 21:03:21.040,True,-2.727970882803955,0.4055381840901121,-0.009656421873853141,29
2025-08-09 21:03:21.063,True,-2.727970882803955,0.4055381840901121,-0.009656421873853141,29
2025-08-09 21:03:22.047,True,-2.727970882803955,0.4055381840901121,-0.009656421873853141,-99
2025-08-09 21:03:22.068,True,-2.727970882803955,0.4055381840901121,-0.009656421873853141,29
2025-08-09 21:03:23.050,True,-2.727970882803955,0.4055381840901121,-0.009656421873853141,-99
2025-08-09 21:03:23.071,True,-2.727970882803955,0.4055381840901121,-0.009656421873853141,29
2025-08-09 21:03:24.052,True,-2.727970882803955,0.4055381840901121,-0.009656421873853141,-99
2025-08-09 21:03:24.074,True,-2.727970882803955,0.4055381840901121,-0.009656421873853141,-99
2025-08-09 21:03:25.055,True,-2.727968546259148,0.39854603267175115,-0.00948992371328755,29
2025-08-09 21:03:25.077,True,-2.727968546259148,0.39854603267175115,-0.00948992371328755,-99
2025-08-09 21:03:26.057,True,-2.727968546259148,0.39854603267175115,-0.00948992371328755,-99
2025-08-09 21:03:26.079,True,-2.727968546259148,0.39854603267175115,-0.00948992371328755,-99
2025-08-09 21:03:27.060,True,-2.727968546259148,0.39854603267175115,-0.00948992371328755,29
2025-08-09 21:03:27.082,True,-2.727968546259148,0.39854603267175115,-0.00948992371328755,29
2025-08-09 21:03:28.063,True,-2.727968546259148,0.39854603267175115,-0.00948992371328755,-99
2025-08-09 21:03:28.085,True,-2.727968546259148,0.39854603267175115,-0.00948992371328755,-99
2025-08-09 21:03:29.066,True,-2.727968546259148,0.39854603267175115,-0.00948992371328755,29
2025-08-09 21:03:29.087,True,-2.727968546259148,0.39854603267175115,-0.00948992371328755,29
2025-08-09 21:03:30.068,True,-2.727968546259148,0.39854603267175115,-0.00948992371328755,-99
2025-08-09 21:03:30.089,True,-2.727968546259148,0.39854603267175115,-0.00948992371328755,29
2025-08-09 21:03:31.071,True,-2.727968546259148,0.39854603267175115,-0.00948992371328755,-99
2025-08-09 21:03:31.093,True,-2.727968546259148,0.39854603267175115,-0.00948992371328755,-99
2025-08-09 21:03:32.073,True,-2.727968546259148,0.39854603267175115,-0.00948992371328755,-99
2025-08-09 21:03:32.095,True,-2.727968546259148,0.39854603267175115,-0.00948992371328755,29
2025-08-09 21:03:33.078,True,-2.720975607034764,0.4195225051500997,-0.009963805601410278,-99
2025-08-09 21:03:33.100,True,-2.720973195409946,0.4125303415481787,-0.009797733490894493,-99
2025-08-09 21:03:34.081,True,-2.7349709818781127,0.4055381840901121,-0.009681181929469276,29
2025-08-09 21:03:34.102,True,-2.7349709818781127,0.4055381840901121,-0.009681181929469276,-99
2025-08-09 21:03:35.083,True,-2.7349709818781127,0.4055381840901121,-0.009681181929469276,-99
2025-08-09 21:03:35.104,True,-2.7349709818781127,0.4055381840901121,-0.009681181929469276,-99
2025-08-09 21:03:36.085,True,-2.7349709818781127,0.4055381840901121,-0.009681181929469276,-99
2025-08-09 21:03:36.107,True,-2.7349709818781127,0.4055381840901121,-0.009681181929469276,29
2025-08-09 21:03:37.088,True,-2.7349709818781127,0.4055381840901121,-0.009681181929469276,-99
2025-08-09 21:03:37.110,True,-2.7349709818781127,0.4055381840901121,-0.009681181929469276,29
2025-08-09 21:03:38.091,True,-2.7349709818781127,0.4055381840901121,-0.009681181929469276,29
2025-08-09 21:03:38.112,True,-2.7349709818781127,0.4055381840901121,-0.009681181929469276,29
2025-08-09 21:03:39.094,True,-2.7349709818781127,0.4055381840901121,-0.009681181929469276,-99
2025-08-09 21:03:39.115,True,-2.7349709818781127,0.4055381840901121,-0.009681181929469276,29
2025-08-09 21:03:40.096,True,-2.7209856588951395,0.44749122307933586,-0.010628098570472986,-99
2025-08-09 21:03:40.121,True,-2.7069881878826516,0.4544834189627922,-0.010738675949580901,29
2025-08-09 21:03:41.099,True,-2.7209856588951395,0.44749122307933586,-0.010628098570472986,29
2025-08-09 21:03:41.124,True,-2.7209856588951395,0.44749122307933586,-0.010628098570472986,-99
2025-08-09 21:03:42.101,True,-2.7209909280451443,0.46147562161501426,-0.010960247875122814,-99
2025-08-09 21:03:42.128,True,-2.7209909280451443,0.46147562161501426,-0.010960247875122814,29
2025-08-09 21:03:43.104,True,-2.7209909280451443,0.46147562161501426,-0.010960247875122814,-99
2025-08-09 21:03:43.131,True,-2.7209909280451443,0.46147562161501426,-0.010960247875122814,-99
2025-08-09 21:03:44.110,True,-2.7209909280451443,0.46147562161501426,-0.010960247875122814,-99
2025-08-09 21:03:44.140,True,-2.7209909280451443,0.46147562161501426,-0.010960247875122814,-99
2025-08-09 21:03:45.113,True,-2.7209909280451443,0.46147562161501426,-0.010960247875122814,-99
2025-08-09 21:03:45.142,True,-2.7209909280451443,0.46147562161501426,-0.010960247875122814,-99
2025-08-09 21:03:46.115,True,-2.7209909280451443,0.46147562161501426,-0.010960247875122814,29
2025-08-09 21:03:46.144,True,-2.7209909280451443,0.46147562161501426,-0.010960247875122814,-99
2025-08-09 21:03:47.118,True,-2.7209909280451443,0.46147562161501426,-0.010960247875122814,29
2025-08-09 21:03:47.147,True,-2.7209909280451443,0.46147562161501426,-0.010960247875122814,-99
2025-08-09 21:03:48.121,True,-2.7209909280451443,0.46147562161501426,-0.010960247875122814,29
2025-08-09 21:03:48.149,True,-2.7209909280451443,0.46147562161501426,-0.010960247875122814,-99
2025-08-09 21:03:49.124,True,-2.720993623425915,0.4684678311401571,-0.01112632325845752,29
2025-08-09 21:03:49.151,True,-2.720993623425915,0.4684678311401571,-0.01112632325845752,29
2025-08-09 21:03:50.127,True,-2.741994096580123,0.4684678311401571,-0.011212130376520475,29
2025-08-09 21:03:50.154,True,-2.741994096580123,0.4684678311401571,-0.011212130376520475,29
2025-08-09 21:03:51.130,True,-2.741994096580123,0.4684678311401571,-0.011212130376520475,-99
2025-08-09 21:03:51.157,True,-2.741994096580123,0.4684678311401571,-0.011212130376520475,-99
2025-08-09 21:03:52.133,True,-2.748988930517169,0.4544834189627922,-0.010905167045584236,-99
2025-08-09 21:03:52.158,True,-2.748988930517169,0.4544834189627922,-0.010905167045584236,29
2025-08-09 21:03:53.136,True,-2.748988930517169,0.4544834189627922,-0.010905167045584236,-99
2025-08-09 21:03:53.161,True,-2.748988930517169,0.4544834189627922,-0.010905167045584236,-99
2025-08-09 21:03:54.138,True,-2.748988930517169,0.4544834189627922,-0.010905167045584236,-99
2025-08-09 21:03:54.163,True,-2.748988930517169,0.4544834189627922,-0.010905167045584236,29
2025-08-09 21:03:55.141,True,-2.748988930517169,0.4544834189627922,-0.010905167045584236,29
2025-08-09 21:03:55.166,True,-2.748988930517169,0.4544834189627922,-0.010905167045584236,-99
2025-08-09 21:03:56.144,True,-2.748988930517169,0.4544834189627922,-0.010905167045584236,29
2025-08-09 21:03:56.172,True,-2.748988930517169,0.4544834189627922,-0.010905167045584236,29
2025-08-09 21:03:57.147,True,-2.748988930517169,0.4544834189627922,-0.010905167045584236,29
2025-08-09 21:03:57.174,True,-2.748988930517169,0.4544834189627922,-0.010905167045584236,29
2025-08-09 21:03:58.151,True,-2.748988930517169,0.4544834189627922,-0.010905167045584236,29
2025-08-09 21:03:58.177,True,-2.748988930517169,0.4544834189627922,-0.010905167045584236,29
2025-08-09 21:03:59.154,True,-2.748988930517169,0.4544834189627922,-0.010905167045584236,-99
2025-08-09 21:03:59.179,True,-2.748988930517169,0.4544834189627922,-0.010905167045584236,-99
2025-08-09 21:04:00.158,True,-2.748988930517169,0.4544834189627922,-0.010905167045584236,29
2025-08-09 21:04:00.182,True,-2.748988930517169,0.4544834189627922,-0.010905167045584236,-99
2025-08-09 21:04:01.163,True,-2.748988930517169,0.4544834189627922,-0.010905167045584236,-99
2025-08-09 21:04:01.184,True,-2.748988930517169,0.4544834189627922,-0.010905167045584236,29
2025-08-09 21:04:02.165,True,-2.748988930517169,0.4544834189627922,-0.010905167045584236,29
2025-08-09 21:04:02.189,True,-2.748988930517169,0.4544834189627922,-0.010905167045584236,29
2025-08-09 21:04:03.167,True,-2.748988930517169,0.4544834189627922,-0.010905167045584236,29
2025-08-09 21:04:03.191,True,-2.748988930517169,0.4544834189627922,-0.010905167045584236,29
2025-08-09 21:04:04.171,True,-2.748988930517169,0.4544834189627922,-0.010905167045584236,29
2025-08-09 21:04:04.194,True,-2.748988930517169,0.4544834189627922,-0.010905167045584236,29
2025-08-09 21:04:05.176,True,-2.748988930517169,0.4544834189627922,-0.010905167045584236,29
2025-08-09 21:04:05.197,True,-2.748988930517169,0.4544834189627922,-0.010905167045584236,-99
2025-08-09 21:04:06.181,True,-2.748988930517169,0.4544834189627922,-0.010905167045584236,29
2025-08-09 21:04:06.199,True,-2.748988930517169,0.4544834189627922,-0.010905167045584236,-99
2025-08-09 21:04:07.183,True,-2.748988930517169,0.4544834189627922,-0.010905167045584236,-99
2025-08-09 21:04:07.201,True,-2.748988930517169,0.4544834189627922,-0.010905167045584236,29
2025-08-09 21:04:08.186,True,-2.748988930517169,0.4544834189627922,-0.010905167045584236,29
2025-08-09 21:04:08.203,True,-2.748988930517169,0.4544834189627922,-0.010905167045584236,-99
2025-08-09 21:04:09.188,True,-2.748988930517169,0.4544834189627922,-0.010905167045584236,-99
2025-08-09 21:04:09.206,True,-2.748988930517169,0.4544834189627922,-0.010905167045584236,29
2025-08-09 21:04:10.190,True,-2.748988930517169,0.4544834189627922,-0.010905167045584236,-99
2025-08-09 21:04:10.210,True,-2.748988930517169,0.4544834189627922,-0.010905167045584236,29
2025-08-09 21:04:11.193,True,-2.748988930517169,0.4544834189627922,-0.010905167045584236,-99
2025-08-09 21:04:11.212,True,-2.748988930517169,0.4544834189627922,-0.010905167045584236,29
2025-08-09 21:04:12.196,True,-2.748988930517169,0.4544834189627922,-0.010905167045584236,-99
2025-08-09 21:04:12.214,True,-2.748988930517169,0.4544834189627922,-0.010905167045584236,-99
2025-08-09 21:04:13.199,True,-2.748988930517169,0.4544834189627922,-0.010905167045584236,29
2025-08-09 21:04:13.217,True,-2.748988930517169,0.4544834189627922,-0.010905167045584236,29
2025-08-09 21:04:14.202,True,-2.748988930517169,0.4544834189627922,-0.010905167045584236,-99
2025-08-09 21:04:14.221,True,-2.748988930517169,0.4544834189627922,-0.010905167045584236,29
2025-08-09 21:04:15.205,True,-2.748988930517169,0.4544834189627922,-0.010905167045584236,29
2025-08-09 21:04:15.224,True,-2.748988930517169,0.4544834189627922,-0.010905167045584236,29
2025-08-09 21:04:16.207,True,-2.748988930517169,0.4544834189627922,-0.010905167045584236,-99
2025-08-09 21:04:16.227,True,-2.748988930517169,0.4544834189627922,-0.010905167045584236,-99
2025-08-09 21:04:17.209,True,-2.748988930517169,0.4544834189627922,-0.010905167045584236,-99
2025-08-09 21:04:17.230,True,-2.748988930517169,0.4544834189627922,-0.010905167045584236,-99
2025-08-09 21:04:18.211,True,-2.748988930517169,0.4544834189627922,-0.010905167045584236,-99
2025-08-09 21:04:18.234,True,-2.748988930517169,0.4544834189627922,-0.010905167045584236,-99
2025-08-09 21:04:19.213,True,-2.748988930517169,0.4544834189627922,-0.010905167045584236,29
2025-08-09 21:04:19.237,True,-2.748988930517169,0.4544834189627922,-0.010905167045584236,29
2025-08-09 21:04:20.217,True,-2.748988930517169,0.4544834189627922,-0.010905167045584236,-99
2025-08-09 21:04:20.239,True,-2.748988930517169,0.4544834189627922,-0.010905167045584236,-99
2025-08-09 21:04:21.219,True,-2.748988930517169,0.4544834189627922,-0.010905167045584236,-99
2025-08-09 21:04:21.241,True,-2.748988930517169,0.4544834189627922,-0.010905167045584236,-99
2025-08-09 21:04:22.222,True,-2.748988930517169,0.4544834189627922,-0.010905167045584236,-99
2025-08-09 21:04:22.247,True,-2.748988930517169,0.4544834189627922,-0.010905167045584236,29
2025-08-09 21:04:23.224,True,-2.748988930517169,0.4544834189627922,-0.010905167045584236,-99
2025-08-09 21:04:23.250,True,-2.748988930517169,0.4544834189627922,-0.010905167045584236,29
2025-08-09 21:04:24.226,True,-2.748988930517169,0.4544834189627922,-0.010905167045584236,-99
2025-08-09 21:04:24.252,True,-2.748988930517169,0.4544834189627922,-0.010905167045584236,29
2025-08-09 21:04:25.229,True,-2.748988930517169,0.4544834189627922,-0.010905167045584236,29
2025-08-09 21:04:25.254,True,-2.748988930517169,0.4544834189627922,-0.010905167045584236,29
2025-08-09 21:04:26.232,True,-2.769981992357303,0.43350685120210497,-0.010481225347100467,-99
2025-08-09 21:04:26.257,True,-2.762981663767587,0.43350685120210497,-0.010454757606913204,-99
2025-08-09 21:04:27.234,True,-2.7699794548048775,0.42651467500002493,-0.010312163878495473,29
2025-08-09 21:04:27.259,True,-2.7699794548048775,0.42651467500002493,-0.010312163878495473,29
2025-08-09 21:04:28.237,True,-2.7699794548048775,0.42651467500002493,-0.010312163878495473,-99
2025-08-09 21:04:28.262,True,-2.7699794548048775,0.42651467500002493,-0.010312163878495473,-99
2025-08-09 21:04:29.239,True,-2.769981992357303,0.43350685120210497,-0.010481225347100467,-99
2025-08-09 21:04:29.264,True,-2.769981992357303,0.43350685120210497,-0.010481225347100467,-99
2025-08-09 21:04:30.241,True,-2.769981992357303,0.43350685120210497,-0.010481225347100467,-99
2025-08-09 21:04:30.267,True,-2.769981992357303,0.43350685120210497,-0.010481225347100467,-99
2025-08-09 21:04:31.245,True,-2.769981992357303,0.43350685120210497,-0.010481225347100467,29
2025-08-09 21:04:31.270,True,-2.769981992357303,0.43350685120210497,-0.010481225347100467,-99
2025-08-09 21:04:32.247,True,-2.769981992357303,0.43350685120210497,-0.010481225347100467,-99
2025-08-09 21:04:32.272,True,-2.769981992357303,0.43350685120210497,-0.010481225347100467,-99
2025-08-09 21:04:33.250,True,-2.769981992357303,0.43350685120210497,-0.010481225347100467,-99
2025-08-09 21:04:33.275,True,-2.769981992357303,0.43350685120210497,-0.010481225347100467,-99
2025-08-09 21:04:34.254,True,-2.769981992357303,0.43350685120210497,-0.010481225347100467,-99
2025-08-09 21:04:34.278,True,-2.769981992357303,0.43350685120210497,-0.010481225347100467,-99
2025-08-09 21:04:35.256,True,-2.769981992357303,0.43350685120210497,-0.010481225347100467,-99
2025-08-09 21:04:35.281,True,-2.769981992357303,0.43350685120210497,-0.010481225347100467,29
2025-08-09 21:04:36.259,True,-2.769981992357303,0.43350685120210497,-0.010481225347100467,-99
2025-08-09 21:04:36.284,True,-2.769981992357303,0.43350685120210497,-0.010481225347100467,-99
2025-08-09 21:04:37.263,True,-2.769987191259708,0.44749122307933586,-0.010819349697054951,29
2025-08-09 21:04:37.287,True,-2.769987191259708,0.44749122307933586,-0.010819349697054951,29
2025-08-09 21:04:38.272,True,-2.769987191259708,0.44749122307933586,-0.010819349697054951,29
2025-08-09 21:04:38.299,True,-2.769987191259708,0.44749122307933586,-0.010819349697054951,29
2025-08-09 21:04:39.274,True,-2.769987191259708,0.44749122307933586,-0.010819349697054951,-99
2025-08-09 21:04:39.301,True,-2.769987191259708,0.44749122307933586,-0.010819349697054951,29
2025-08-09 21:04:40.276,True,-2.769987191259708,0.44749122307933586,-0.010819349697054951,29
2025-08-09 21:04:40.303,True,-2.769987191259708,0.44749122307933586,-0.010819349697054951,-99
2025-08-09 21:04:41.278,True,-2.769987191259708,0.44749122307933586,-0.010819349697054951,-99
2025-08-09 21:04:41.305,True,-2.769987191259708,0.44749122307933586,-0.010819349697054951,29
2025-08-09 21:04:42.280,True,-2.769987191259708,0.44749122307933586,-0.010819349697054951,-99
2025-08-09 21:04:42.308,True,-2.769987191259708,0.44749122307933586,-0.010819349697054951,29
2025-08-09 21:04:43.283,True,-2.769987191259708,0.44749122307933586,-0.010819349697054951,-99
2025-08-09 21:04:43.310,True,-2.769987191259708,0.44749122307933586,-0.010819349697054951,-99
2025-08-09 21:04:44.286,True,-2.769987191259708,0.44749122307933586,-0.010819349697054951,29
2025-08-09 21:04:44.313,True,-2.769987191259708,0.44749122307933586,-0.010819349697054951,29
2025-08-09 21:04:45.290,True,-2.769987191259708,0.44749122307933586,-0.010819349697054951,-99
2025-08-09 21:04:45.315,True,-2.769987191259708,0.44749122307933586,-0.010819349697054951,29
2025-08-09 21:04:46.292,True,-2.769987191259708,0.44749122307933586,-0.010819349697054951,-99
2025-08-09 21:04:46.317,True,-2.769987191259708,0.44749122307933586,-0.010819349697054951,-99
2025-08-09 21:04:47.294,True,-2.769987191259708,0.44749122307933586,-0.010819349697054951,29
2025-08-09 21:04:47.319,True,-2.769987191259708,0.44749122307933586,-0.010819349697054951,29
2025-08-09 21:04:48.296,True,-2.769987191259708,0.44749122307933586,-0.010819349697054951,-99
2025-08-09 21:04:48.324,True,-2.769987191259708,0.44749122307933586,-0.010819349697054951,29
2025-08-09 21:04:49.298,True,-2.769987191259708,0.44749122307933586,-0.010819349697054951,29
2025-08-09 21:04:49.326,True,-2.769987191259708,0.44749122307933586,-0.010819349697054951,-99
2025-08-09 21:04:50.301,True,-2.769987191259708,0.44749122307933586,-0.010819349697054951,29
2025-08-09 21:04:50.329,True,-2.769987191259708,0.44749122307933586,-0.010819349697054951,29
2025-08-09 21:04:51.303,True,-2.769987191259708,0.44749122307933586,-0.010819349697054951,-99
2025-08-09 21:04:51.331,True,-2.769987191259708,0.44749122307933586,-0.010819349697054951,-99
2025-08-09 21:04:52.306,True,-2.769987191259708,0.44749122307933586,-0.010819349697054951,29
2025-08-09 21:04:52.334,True,-2.769987191259708,0.44749122307933586,-0.010819349697054951,-99
2025-08-09 21:04:53.309,True,-2.769987191259708,0.44749122307933586,-0.010819349697054951,29
2025-08-09 21:04:53.337,True,-2.769987191259708,0.44749122307933586,-0.010819349697054951,29
2025-08-09 21:04:54.312,True,-2.769987191259708,0.44749122307933586,-0.010819349697054951,29
2025-08-09 21:04:54.339,True,-2.769987191259708,0.44749122307933586,-0.010819349697054951,29
2025-08-09 21:04:55.315,True,-2.7769875741905032,0.44749122307933586,-0.010846671286547076,-99
2025-08-09 21:04:55.342,True,-2.7769875741905032,0.44749122307933586,-0.010846671286547076,-99
2025-08-09 21:04:56.318,True,-2.7769875741905032,0.44749122307933586,-0.010846671286547076,-99
2025-08-09 21:04:56.345,True,-2.7769875741905032,0.44749122307933586,-0.010846671286547076,-99
2025-08-09 21:04:57.320,True,-2.7769875741905032,0.44749122307933586,-0.010846671286547076,-99
2025-08-09 21:04:57.347,True,-2.7769875741905032,0.44749122307933586,-0.010846671286547076,29
2025-08-09 21:04:58.323,True,-2.7769875741905032,0.44749122307933586,-0.010846671286547076,29
2025-08-09 21:04:58.350,True,-2.7769875741905032,0.44749122307933586,-0.010846671286547076,-99
2025-08-09 21:04:59.330,True,-2.7769875741905032,0.44749122307933586,-0.010846671286547076,-99
2025-08-09 21:04:59.352,True,-2.7769875741905032,0.44749122307933586,-0.010846671286547076,29
2025-08-09 21:05:00.333,True,-2.7769875741905032,0.44749122307933586,-0.010846671286547076,29
2025-08-09 21:05:00.355,True,-2.7769875741905032,0.44749122307933586,-0.010846671286547076,29
2025-08-09 21:05:01.337,True,-2.7769875741905032,0.44749122307933586,-0.010846671286547076,29
2025-08-09 21:05:01.358,True,-2.7769875741905032,0.44749122307933586,-0.010846671286547076,29
2025-08-09 21:05:02.342,True,-2.7769875741905032,0.44749122307933586,-0.010846671286547076,-99
2025-08-09 21:05:02.359,True,-2.7769875741905032,0.44749122307933586,-0.010846671286547076,-99
2025-08-09 21:05:03.345,True,-2.7769875741905032,0.44749122307933586,-0.010846671286547076,-99
2025-08-09 21:05:03.361,True,-2.7769875741905032,0.44749122307933586,-0.010846671286547076,29
2025-08-09 21:05:04.350,True,-2.7769875741905032,0.44749122307933586,-0.010846671286547076,-99
2025-08-09 21:05:04.364,True,-2.7769875741905032,0.44749122307933586,-0.010846671286547076,-99
2025-08-09 21:05:05.352,True,-2.7769875741905032,0.44749122307933586,-0.010846671286547076,-99
2025-08-09 21:05:05.371,True,-2.7769875741905032,0.44749122307933586,-0.010846671286547076,29
2025-08-09 21:05:06.356,True,-2.7769875741905032,0.44749122307933586,-0.010846671286547076,-99
2025-08-09 21:05:06.373,True,-2.7769875741905032,0.44749122307933586,-0.010846671286547076,29
2025-08-09 21:05:07.359,True,-2.7769875741905032,0.44749122307933586,-0.010846671286547076,29
2025-08-09 21:05:07.379,True,-2.7769875741905032,0.44749122307933586,-0.010846671286547076,29
2025-08-09 21:05:08.363,True,-2.7769875741905032,0.44749122307933586,-0.010846671286547076,29
2025-08-09 21:05:08.383,True,-2.7769875741905032,0.44749122307933586,-0.010846671286547076,29
2025-08-09 21:05:09.366,True,-2.7769875741905032,0.44749122307933586,-0.010846671286547076,-99
2025-08-09 21:05:09.387,True,-2.7769875741905032,0.44749122307933586,-0.010846671286547076,29
2025-08-09 21:05:10.368,True,-2.7769875741905032,0.44749122307933586,-0.010846671286547076,-114
2025-08-09 21:05:10.394,True,-2.7769875741905032,0.44749122307933586,-0.010846671286547076,-99
2025-08-09 21:05:11.370,True,-2.7769875741905032,0.44749122307933586,-0.010846671286547076,-99
2025-08-09 21:05:11.397,True,-2.7769875741905032,0.44749122307933586,-0.010846671286547076,-99
2025-08-09 21:05:12.373,True,-2.7769875741905032,0.44749122307933586,-0.010846671286547076,-99
2025-08-09 21:05:12.399,True,-2.7769875741905032,0.44749122307933586,-0.010846671286547076,29
2025-08-09 21:05:13.376,True,-2.7769875741905032,0.44749122307933586,-0.010846671286547076,-99
2025-08-09 21:05:13.402,True,-2.7769875741905032,0.44749122307933586,-0.010846671286547076,-99
2025-08-09 21:05:14.378,True,-2.7769875741905032,0.44749122307933586,-0.010846671286547076,29
2025-08-09 21:05:14.404,True,-2.7769875741905032,0.44749122307933586,-0.010846671286547076,29
2025-08-09 21:05:15.408,True,-2.7769875741905032,0.44749122307933586,-0.010846671286547076,29
2025-08-09 21:05:15.426,True,-2.7769875741905032,0.44749122307933586,-0.010846671286547076,29
2025-08-09 21:05:16.410,True,-2.7769875741905032,0.44749122307933586,-0.010846671286547076,-99
2025-08-09 21:05:16.429,True,-2.7769875741905032,0.44749122307933586,-0.010846671286547076,29
2025-08-09 21:05:17.413,True,-2.7769875741905032,0.44749122307933586,-0.010846671286547076,-99
2025-08-09 21:05:17.432,True,-2.7769875741905032,0.44749122307933586,-0.010846671286547076,-99
2025-08-09 21:05:18.415,True,-2.7769875741905032,0.44749122307933586,-0.010846671286547076,-99
2025-08-09 21:05:18.435,True,-2.7769875741905032,0.44749122307933586,-0.010846671286547076,-99
2025-08-09 21:05:19.418,True,-2.7769875741905032,0.44749122307933586,-0.010846671286547076,29
2025-08-09 21:05:19.437,True,-2.7769875741905032,0.44749122307933586,-0.010846671286547076,29
2025-08-09 21:05:20.421,True,-2.7769875741905032,0.44749122307933586,-0.010846671286547076,-99
2025-08-09 21:05:20.440,True,-2.7769875741905032,0.44749122307933586,-0.010846671286547076,-99
2025-08-09 21:05:21.424,True,-2.7769875741905032,0.44749122307933586,-0.010846671286547076,29
2025-08-09 21:05:21.446,True,-2.7769875741905032,0.44749122307933586,-0.010846671286547076,29
2025-08-09 21:05:22.427,True,-2.7769875741905032,0.44749122307933586,-0.010846671286547076,29
2025-08-09 21:05:22.450,True,-2.7769875741905032,0.44749122307933586,-0.010846671286547076,29
2025-08-09 21:05:23.432,True,-2.7769875741905032,0.44749122307933586,-0.010846671286547076,29
2025-08-09 21:05:23.453,True,-2.7769875741905032,0.44749122307933586,-0.010846671286547076,29
2025-08-09 21:05:24.434,True,-2.7769875741905032,0.44749122307933586,-0.010846671286547076,29
2025-08-09 21:05:24.455,True,-2.7769875741905032,0.44749122307933586,-0.010846671286547076,29
2025-08-09 21:05:25.437,True,-2.7769875741905032,0.44749122307933586,-0.010846671286547076,-99
2025-08-09 21:05:25.458,True,-2.7769875741905032,0.44749122307933586,-0.010846671286547076,-99
2025-08-09 21:05:26.440,True,-2.7769875741905032,0.44749122307933586,-0.010846671286547076,29
2025-08-09 21:05:26.462,True,-2.7769875741905032,0.44749122307933586,-0.010846671286547076,29
2025-08-09 21:05:27.442,True,-2.7769875741905032,0.44749122307933586,-0.010846671286547076,-99
2025-08-09 21:05:27.464,True,-2.7769875741905032,0.44749122307933586,-0.010846671286547076,-99
2025-08-09 21:05:28.445,True,-2.7769875741905032,0.44749122307933586,-0.010846671286547076,29
2025-08-09 21:05:28.467,True,-2.7769875741905032,0.44749122307933586,-0.010846671286547076,-99
2025-08-09 21:05:29.447,True,-2.7769875741905032,0.44749122307933586,-0.010846671286547076,-99
2025-08-09 21:05:29.469,True,-2.7769875741905032,0.44749122307933586,-0.010846671286547076,-99
2025-08-09 21:05:30.450,True,-2.7769875741905032,0.44749122307933586,-0.010846671286547076,29
2025-08-09 21:05:30.472,True,-2.7769875741905032,0.44749122307933586,-0.010846671286547076,29
2025-08-09 21:05:31.453,True,-2.7769875741905032,0.44749122307933586,-0.010846671286547076,29
2025-08-09 21:05:31.476,True,-2.7769875741905032,0.44749122307933586,-0.010846671286547076,29
2025-08-09 21:05:32.456,True,-2.7769875741905032,0.44749122307933586,-0.010846671286547076,29
2025-08-09 21:05:32.479,True,-2.7769875741905032,0.44749122307933586,-0.010846671286547076,29
2025-08-09 21:05:33.461,True,-2.7769875741905032,0.44749122307933586,-0.010846671286547076,29
2025-08-09 21:05:33.481,True,-2.7769875741905032,0.44749122307933586,-0.010846671286547076,29
2025-08-09 21:05:34.464,True,-2.7769875741905032,0.44749122307933586,-0.010846671286547076,29
2025-08-09 21:05:34.484,True,-2.7769875741905032,0.44749122307933586,-0.010846671286547076,29
2025-08-09 21:05:35.468,True,-2.7769875741905032,0.44749122307933586,-0.010846671286547076,29
2025-08-09 21:05:35.488,True,-2.7769875741905032,0.44749122307933586,-0.010846671286547076,29
2025-08-09 21:05:36.470,True,-2.7769875741905032,0.44749122307933586,-0.010846671286547076,-99
2025-08-09 21:05:36.490,True,-2.7769875741905032,0.44749122307933586,-0.010846671286547076,-99
2025-08-09 21:05:37.472,True,-2.7769875741905032,0.44749122307933586,-0.010846671286547076,29
2025-08-09 21:05:37.493,True,-2.7769875741905032,0.44749122307933586,-0.010846671286547076,29
2025-08-09 21:05:38.474,True,-2.7769875741905032,0.44749122307933586,-0.010846671286547076,29
2025-08-09 21:05:38.497,True,-2.7769875741905032,0.44749122307933586,-0.010846671286547076,-99
2025-08-09 21:05:39.476,True,-2.7769875741905032,0.44749122307933586,-0.010846671286547076,29
2025-08-09 21:05:39.500,True,-2.7769875741905032,0.44749122307933586,-0.010846671286547076,-99
2025-08-09 21:05:40.478,True,-2.7769875741905032,0.44749122307933586,-0.010846671286547076,29
2025-08-09 21:05:40.503,True,-2.7769875741905032,0.44749122307933586,-0.010846671286547076,29
2025-08-09 21:05:41.481,True,-2.7769875741905032,0.44749122307933586,-0.010846671286547076,29
2025-08-09 21:05:41.506,True,-2.7769875741905032,0.44749122307933586,-0.010846671286547076,29
2025-08-09 21:05:42.488,True,-2.7769875741905032,0.44749122307933586,-0.010846671286547076,-99
2025-08-09 21:05:42.509,True,-2.7769875741905032,0.44749122307933586,-0.010846671286547076,-99
2025-08-09 21:05:43.490,True,-2.7769875741905032,0.44749122307933586,-0.010846671286547076,-99
2025-08-09 21:05:43.512,True,-2.7769875741905032,0.44749122307933586,-0.010846671286547076,-99
2025-08-09 21:05:44.491,True,-2.7769875741905032,0.44749122307933586,-0.010846671286547076,-99
2025-08-09 21:05:44.514,True,-2.7769875741905032,0.44749122307933586,-0.010846671286547076,-99
2025-08-09 21:05:45.493,True,-2.7769875741905032,0.44749122307933586,-0.010846671286547076,29
2025-08-09 21:05:45.516,True,-2.7769875741905032,0.44749122307933586,-0.010846671286547076,29
2025-08-09 21:05:46.496,True,-2.7769875741905032,0.44749122307933586,-0.010846671286547076,-99
2025-08-09 21:05:46.518,True,-2.7769875741905032,0.44749122307933586,-0.010846671286547076,-99
2025-08-09 21:05:47.499,True,-2.7769875741905032,0.44749122307933586,-0.010846671286547076,-99
2025-08-09 21:05:47.522,True,-2.7769875741905032,0.44749122307933586,-0.010846671286547076,29
2025-08-09 21:05:48.502,True,-2.7769875741905032,0.44749122307933586,-0.010846671286547076,-99
2025-08-09 21:05:48.524,True,-2.7769875741905032,0.44749122307933586,-0.010846671286547076,-99
2025-08-09 21:05:49.506,True,-2.7769875741905032,0.44749122307933586,-0.010846671286547076,-99
2025-08-09 21:05:49.526,True,-2.7769875741905032,0.44749122307933586,-0.010846671286547076,29
2025-08-09 21:05:50.509,True,-2.7769875741905032,0.44749122307933586,-0.010846671286547076,29
2025-08-09 21:05:50.529,True,-2.7769875741905032,0.44749122307933586,-0.010846671286547076,-99
2025-08-09 21:05:51.514,True,-2.7769875741905032,0.44749122307933586,-0.010846671286547076,29
2025-08-09 21:05:51.531,True,-2.7769875741905032,0.44749122307933586,-0.010846671286547076,-99
2025-08-09 21:05:52.517,True,-2.7769875741905032,0.44749122307933586,-0.010846671286547076,29
2025-08-09 21:05:52.533,True,-2.7769875741905032,0.44749122307933586,-0.010846671286547076,-99
2025-08-09 21:05:53.522,True,2.7786803739242996,-0.4477644389841515,-0.010846671286547076,29
2025-08-09 21:05:53.536,True,-2.7769875741905032,0.44749122307933586,-0.010846671286547076,29
2025-08-09 21:05:54.527,True,-2.7769875741905032,0.44749122307933586,-0.010846671286547076,-99
2025-08-09 21:05:54.538,True,-2.7769875741905032,0.44749122307933586,-0.010846671286547076,29
2025-08-09 21:05:55.530,True,-2.7769875741905032,0.44749122307933586,-0.010846671286547076,-99
2025-08-09 21:05:55.540,True,-2.7769875741905032,0.44749122307933586,-0.010846671286547076,29
2025-08-09 21:05:56.533,True,-2.7769875741905032,0.44749122307933586,-0.010846671286547076,29
2025-08-09 21:05:56.542,True,-2.7769875741905032,0.44749122307933586,-0.010846671286547076,29
2025-08-09 21:05:57.537,True,-2.7769875741905032,0.44749122307933586,-0.010846671286547076,29
2025-08-09 21:05:57.545,True,-2.7769875741905032,0.44749122307933586,-0.010846671286547076,29
2025-08-09 21:05:58.540,True,-2.7769875741905032,0.44749122307933586,-0.010846671286547076,29
2025-08-09 21:05:58.548,True,-2.7769875741905032,0.44749122307933586,-0.010846671286547076,29
2025-08-09 21:05:59.542,True,-2.7769875741905032,0.44749122307933586,-0.010846671286547076,-99
2025-08-09 21:05:59.552,True,-2.7769875741905032,0.44749122307933586,-0.010846671286547076,-99
2025-08-09 21:06:00.544,True,-2.7769875741905032,0.44749122307933586,-0.010846671286547076,29
2025-08-09 21:06:00.554,True,-2.7769875741905032,0.44749122307933586,-0.010846671286547076,29
2025-08-09 21:06:01.556,True,-2.7769875741905032,0.44749122307933586,-0.010846671286547076,29
2025-08-09 21:06:01.547,True,-2.7769875741905032,0.44749122307933586,-0.010846671286547076,29
2025-08-09 21:06:02.558,True,-2.7769875741905032,0.44749122307933586,-0.010846671286547076,-99
2025-08-09 21:06:02.641,True,-2.7769875741905032,0.44749122307933586,-0.010846671286547076,-99
2025-08-09 21:06:03.560,True,-2.7769875741905032,0.44749122307933586,-0.010846671286547076,29
2025-08-09 21:06:03.646,True,-2.7769875741905032,0.44749122307933586,-0.010846671286547076,29
2025-08-09 21:06:04.562,True,-2.7699898526101516,0.4544834189627922,-0.01098841259351702,-99
2025-08-09 21:06:04.649,True,-2.7699898526101516,0.4544834189627922,-0.01098841259351702,-99
2025-08-09 21:06:05.565,True,-2.7699898526101516,0.4544834189627922,-0.01098841259351702,-99
2025-08-09 21:06:05.651,True,-2.7699898526101516,0.4544834189627922,-0.01098841259351702,-99
2025-08-09 21:06:06.567,True,-2.7699898526101516,0.4544834189627922,-0.01098841259351702,-99
2025-08-09 21:06:06.654,True,-2.7699898526101516,0.4544834189627922,-0.01098841259351702,29
2025-08-09 21:06:07.570,True,-2.7699898526101516,0.4544834189627922,-0.01098841259351702,-99
2025-08-09 21:06:07.656,True,-2.7699898526101516,0.4544834189627922,-0.01098841259351702,-99
2025-08-09 21:06:08.573,True,-2.7699898526101516,0.4544834189627922,-0.01098841259351702,29
2025-08-09 21:06:08.660,True,-2.7699898526101516,0.4544834189627922,-0.01098841259351702,29
2025-08-09 21:06:09.575,True,-2.7699898526101516,0.4544834189627922,-0.01098841259351702,29
2025-08-09 21:06:09.663,True,-2.769992555227072,0.46147562161501426,-0.011157475981044138,-99
2025-08-09 21:06:10.579,True,2.7716811042536937,-0.4617573760626903,-0.011157475981044138,-99
2025-08-09 21:06:10.667,True,-2.769992555227072,0.46147562161501426,-0.011157475981044138,-99
2025-08-09 21:06:11.581,True,-2.769992555227072,0.46147562161501426,-0.011157475981044138,-99
2025-08-09 21:06:11.669,True,-2.769992555227072,0.46147562161501426,-0.011157475981044138,-99
2025-08-09 21:06:12.672,True,-2.769992555227072,0.46147562161501426,-0.011157475981044138,-99
2025-08-09 21:06:13.675,True,-2.769992555227072,0.46147562161501426,-0.011157475981044138,-99
2025-08-09 21:06:14.678,True,-2.769992555227072,0.46147562161501426,-0.011157475981044138,29
2025-08-09 21:06:15.681,True,-2.769992555227072,0.46147562161501426,-0.011157475981044138,29
2025-08-09 21:06:16.684,True,-2.769992555227072,0.46147562161501426,-0.011157475981044138,29
2025-08-09 21:06:17.688,True,-2.776992951703202,0.46147562161501426,-0.011185651424725709,29
2025-08-09 21:06:18.690,True,-2.776992951703202,0.46147562161501426,-0.011185651424725709,-99
2025-08-09 21:06:19.692,True,-2.776992951703202,0.46147562161501426,-0.011185651424725709,29
2025-08-09 21:06:20.694,True,-2.776992951703202,0.46147562161501426,-0.011185651424725709,-99
2025-08-09 21:06:21.698,True,-2.776992951703202,0.46147562161501426,-0.011185651424725709,-99
2025-08-09 21:06:22.701,True,-2.776992951703202,0.46147562161501426,-0.011185651424725709,29
2025-08-09 21:06:23.705,True,-2.776992951703202,0.46147562161501426,-0.011185651424725709,-99
2025-08-09 21:06:24.707,True,-2.776992951703202,0.46147562161501426,-0.011185651424725709,29
2025-08-09 21:06:25.711,True,-2.776992951703202,0.46147562161501426,-0.011185651424725709,-99
2025-08-09 21:06:26.712,True,-2.776992951703202,0.46147562161501426,-0.011185651424725709,-99
2025-08-09 21:06:27.714,True,-2.776992951703202,0.46147562161501426,-0.011185651424725709,29
2025-08-09 21:06:28.716,True,-2.776992951703202,0.46147562161501426,-0.011185651424725709,29
2025-08-09 21:06:29.719,True,-2.776992951703202,0.46147562161501426,-0.011185651424725709,29
2025-08-09 21:06:30.721,True,-2.776992951703202,0.46147562161501426,-0.011185651424725709,-99
2025-08-09 21:06:31.723,True,-2.7839933894954876,0.46147562161501426,-0.011213826868401871,-114
2025-08-09 21:06:32.726,True,-2.7839933894954876,0.46147562161501426,-0.011213826868401871,29
2025-08-09 21:06:33.729,True,-2.7839933894954876,0.46147562161501426,-0.011213826868401871,-99
2025-08-09 21:06:34.731,True,-2.7839933894954876,0.46147562161501426,-0.011213826868401871,-99
2025-08-09 21:06:35.733,True,-2.7839933894954876,0.46147562161501426,-0.011213826868401871,29
2025-08-09 21:06:36.735,True,-2.7770148636957304,0.447321743843494,-0.017838863633385046,-99
2025-08-09 21:06:37.737,True,2.7786530844960518,-0.447933918230224,-0.003850209779740345,29
2025-08-09 21:06:38.739,True,-2.7770148636957304,0.447321743843494,-0.017838863633385046,-99
2025-08-09 21:06:39.741,True,-2.7770148636957304,0.447321743843494,-0.017838863633385046,-99
2025-08-09 21:06:40.744,True,-2.7770148636957304,0.447321743843494,-0.017838863633385046,29
2025-08-09 21:06:41.747,True,-2.7769823621595937,0.43350685120210497,-0.010507693087283254,29
2025-08-09 21:06:42.750,True,-2.777008798818339,0.4333373722842313,-0.01749987232352125,29
2025-08-09 21:06:43.752,True,-2.7770148636957304,0.447321743843494,-0.017838863633385046,-99
2025-08-09 21:06:44.754,True,-2.7770148636957304,0.447321743843494,-0.017838863633385046,-99
2025-08-09 21:06:45.757,True,-2.7770148636957304,0.447321743843494,-0.017838863633385046,29
2025-08-09 21:06:46.761,True,-2.7770148636957304,0.447321743843494,-0.017838863633385046,-99
2025-08-09 21:06:47.763,True,-2.798007166466327,0.4263439155414233,-0.01740849998074135,29
2025-08-09 21:06:48.765,True,-2.7980101560643713,0.4333360915871334,-0.0175792755398841,29
2025-08-09 21:06:49.767,True,-2.798007166466327,0.4263439155414233,-0.01740849998074135,-99
2025-08-09 21:06:50.769,True,-2.798007166466327,0.4263439155414233,-0.01740849998074135,29
2025-08-09 21:06:51.771,True,-2.798007166466327,0.4263439155414233,-0.01740849998074135,29
2025-08-09 21:06:52.774,True,-2.798007166466327,0.4263439155414233,-0.01740849998074135,-99
2025-08-09 21:06:53.779,True,-2.798007166466327,0.4263439155414233,-0.01740849998074135,-99
2025-08-09 21:06:54.781,True,-2.798007166466327,0.4263439155414233,-0.01740849998074135,-99
2025-08-09 21:06:55.786,True,-2.798007166466327,0.4263439155414233,-0.01740849998074135,-99
2025-08-09 21:06:56.792,True,-2.798007166466327,0.4263439155414233,-0.01740849998074135,29
2025-08-09 21:06:57.795,True,-2.7840062329925757,0.4263447693387069,-0.01735641834883456,-99
2025-08-09 21:06:58.798,True,-2.784003297680449,0.41935259964183913,-0.017186497202601222,-99
2025-08-09 21:06:59.800,True,-2.784003297680449,0.41935259964183913,-0.017186497202601222,29
2025-08-09 21:07:00.802,True,-2.784003297680449,0.41935259964183913,-0.017186497202601222,29
2025-08-09 21:07:01.804,True,-2.784003297680449,0.41935259964183913,-0.017186497202601222,29
2025-08-09 21:07:02.807,True,-2.784003297680449,0.41935259964183913,-0.017186497202601222,-99
2025-08-09 21:07:03.809,True,-2.784003297680449,0.41935259964183913,-0.017186497202601222,29
2025-08-09 21:07:04.812,True,-2.784003297680449,0.41935259964183913,-0.017186497202601222,-99
2025-08-09 21:07:05.815,True,-2.784003297680449,0.41935259964183913,-0.017186497202601222,-99
2025-08-09 21:07:06.818,True,-2.784003297680449,0.41935259964183913,-0.017186497202601222,29
2025-08-09 21:07:07.823,True,-2.784003297680449,0.41935259964183913,-0.017186497202601222,-99
2025-08-09 21:07:08.826,True,-2.784003297680449,0.41935259964183913,-0.017186497202601222,29
2025-08-09 21:07:09.829,True,-2.784003297680449,0.41935259964183913,-0.017186497202601222,29
2025-08-09 21:07:10.832,True,-2.784003297680449,0.41935259964183913,-0.017186497202601222,29
2025-08-09 21:07:11.834,True,-2.7840004038431974,0.41236043619044477,-0.017016576616021527,-99
2025-08-09 21:07:12.836,True,-2.7840004038431974,0.41236043619044477,-0.017016576616021527,29
2025-08-09 21:07:13.839,True,-2.7840004038431974,0.41236043619044477,-0.017016576616021527,29
2025-08-09 21:07:14.842,True,-2.7840004038431974,0.41236043619044477,-0.017016576616021527,-99
2025-08-09 21:07:15.845,True,-2.7840004038431974,0.41236043619044477,-0.017016576616021527,-99
2025-08-09 21:07:16.847,True,-2.7840004038431974,0.41236043619044477,-0.017016576616021527,-99
2025-08-09 21:07:17.849,True,-2.7840004038431974,0.41236043619044477,-0.017016576616021527,29
2025-08-09 21:07:18.851,True,-2.7840004038431974,0.41236043619044477,-0.017016576616021527,-99
2025-08-09 21:07:19.853,True,-2.7840004038431974,0.41236043619044477,-0.017016576616021527,29
2025-08-09 21:07:20.857,True,-2.7840004038431974,0.41236043619044477,-0.017016576616021527,29
2025-08-09 21:07:21.860,True,-2.7840004038431974,0.41236043619044477,-0.017016576616021527,-99
2025-08-09 21:07:22.861,True,-2.7840004038431974,0.41236043619044477,-0.017016576616021527,-99
2025-08-09 21:07:23.865,True,-2.7840004038431974,0.41236043619044477,-0.017016576616021527,29
2025-08-09 21:07:24.868,True,-2.7840004038431974,0.41236043619044477,-0.017016576616021527,-99
2025-08-09 21:07:25.870,True,-2.7840004038431974,0.41236043619044477,-0.017016576616021527,-99
2025-08-09 21:07:26.873,True,-2.7840004038431974,0.41236043619044477,-0.017016576616021527,29
2025-08-09 21:07:27.876,True,-2.7840004038431974,0.41236043619044477,-0.017016576616021527,29
2025-08-09 21:07:28.879,True,-2.7840004038431974,0.41236043619044477,-0.017016576616021527,-99
2025-08-09 21:07:29.881,True,-2.7840004038431974,0.41236043619044477,-0.017016576616021527,-99
2025-08-09 21:07:30.884,True,-2.7840004038431974,0.41236043619044477,-0.017016576616021527,29
2025-08-09 21:07:31.886,True,-2.7840004038431974,0.41236043619044477,-0.017016576616021527,-99
2025-08-09 21:07:32.888,True,-2.7840004038431974,0.41236043619044477,-0.017016576616021527,29
2025-08-09 21:07:33.891,True,-2.7840004038431974,0.41236043619044477,-0.017016576616021527,29
2025-08-09 21:07:34.895,True,-2.7840004038431974,0.41236043619044477,-0.017016576616021527,-99
2025-08-09 21:07:35.897,True,-2.7840004038431974,0.41236043619044477,-0.017016576616021527,29
2025-08-09 21:07:36.900,True,-2.7840004038431974,0.41236043619044477,-0.017016576616021527,-99
2025-08-09 21:07:37.902,True,-2.7840004038431974,0.41236043619044477,-0.017016576616021527,29
2025-08-09 21:07:38.905,True,-2.7840004038431974,0.41236043619044477,-0.017016576616021527,29
2025-08-09 21:07:39.909,True,-2.7840004038431974,0.41236043619044477,-0.017016576616021527,29
2025-08-09 21:07:40.912,True,-2.791003737354667,0.4193521727435818,-0.017212111096889766,29
2025-08-09 21:07:41.914,True,-2.791003737354667,0.4193521727435818,-0.017212111096889766,-99
2025-08-09 21:07:42.916,True,-2.791003737354667,0.4193521727435818,-0.017212111096889766,-99
2025-08-09 21:07:48.616,True,-2.77013814386349,0.4676225670276826,-0.04628760424248101,-99
2025-08-09 21:07:49.618,True,-2.77013814386349,0.4676225670276826,-0.04628760424248101,29
2025-08-09 21:07:50.619,True,-2.77013814386349,0.4676225670276826,-0.04628760424248101,29
2025-08-09 21:07:51.622,True,-2.77013814386349,0.4676225670276826,-0.04628760424248101,-99
2025-08-09 21:07:52.624,True,-2.77013814386349,0.4676225670276826,-0.04628760424248101,-99
2025-08-09 21:07:53.626,True,-2.77013814386349,0.4676225670276826,-0.04628760424248101,29
2025-08-09 21:07:55.545,True,-2.77013814386349,0.4676225670276826,-0.04628760424248101,-99
2025-08-09 21:07:56.547,True,-2.77013814386349,0.4676225670276826,-0.04628760424248101,29
2025-08-09 21:07:57.549,True,-2.77013814386349,0.4676225670276826,-0.04628760424248101,-99
2025-08-09 21:07:58.551,True,-2.77013814386349,0.4676225670276826,-0.04628760424248101,-99
2025-08-09 21:08:07.914,True,-2.77013814386349,0.4676225670276826,-0.04628760424248101,29
2025-08-09 21:08:09.428,True,-2.77013814386349,0.4676225670276826,-0.04628760424248101,29
2025-08-09 21:08:11.841,True,-2.77013814386349,0.4676225670276826,-0.04628760424248101,29
2025-08-09 21:08:12.844,True,-2.77013814386349,0.4676225670276826,-0.04628760424248101,29
2025-08-09 21:08:13.847,True,-2.77013814386349,0.4676225670276826,-0.04628760424248101,29
2025-08-09 21:08:14.850,True,-2.77013814386349,0.4676225670276826,-0.04628760424248101,29
2025-08-09 21:08:15.853,True,-2.77013814386349,0.4676225670276826,-0.04628760424248101,29
2025-08-09 21:08:16.855,True,-2.77013814386349,0.4676225670276826,-0.04628760424248101,29
2025-08-09 21:08:17.857,True,-2.77013814386349,0.4676225670276826,-0.04628760424248101,-99
                                                                                                                                                                                                                                                                                                                                                                                                                                                                         2025-08-09 21:08:26.760,True,0.0,0.0,0.0,0.0
2025-08-09 21:08:27.805,True,-8.26209159388986,3.1045913172722726,-0.2242980917456932,-100
2025-08-09 21:08:28.809,True,-8.26209159388986,3.1045913172722726,-0.2242980917456932,28
2025-08-09 21:08:29.811,True,-8.26209159388986,3.1045913172722726,-0.2242980917456932,28
2025-08-09 21:08:30.814,True,-8.26209159388986,3.1045913172722726,-0.2242980917456932,-100
2025-08-09 21:08:31.816,True,-8.26209159388986,3.1045913172722726,-0.2242980917456932,-100
2025-08-09 21:08:32.962,True,-8.26209159388986,3.1045913172722726,-0.2242980917456932,29
2025-08-09 21:08:33.965,True,-8.26209159388986,3.1045913172722726,-0.2242980917456932,-99
2025-08-09 21:08:34.968,True,-8.26209159388986,3.1045913172722726,-0.2242980917456932,-99
2025-08-09 21:08:35.969,True,-8.26209159388986,3.1045913172722726,-0.2242980917456932,-99
2025-08-09 21:08:36.972,True,-8.26209159388986,3.1045913172722726,-0.2242980917456932,-99
2025-08-09 21:08:37.974,True,-8.26209159388986,3.1045913172722726,-0.2242980917456932,-99
2025-08-09 21:08:44.683,True,-8.26209159388986,3.1045913172722726,-0.2242980917456932,-99
2025-08-09 21:08:45.685,True,-8.26209159388986,3.1045913172722726,-0.2242980917456932,29
2025-08-09 21:08:46.687,True,-8.26209159388986,3.1045913172722726,-0.2242980917456932,-99
2025-08-09 21:08:47.690,True,-8.26209159388986,3.1045913172722726,-0.2242980917456932,-99
2025-08-09 21:08:48.692,True,-8.26209159388986,3.1045913172722726,-0.2242980917456932,-99
2025-08-09 21:08:49.694,True,-8.26209159388986,3.1045913172722726,-0.2242980917456932,29
2025-08-10 12:39:54.510,True,-8.26209159388986,3.1045913172722726,-0.2242980917456932,-99
2025-08-10 12:39:55.578,True,-8.26209159388986,3.1045913172722726,-0.2242980917456932,-99
2025-08-10 12:39:56.583,True,-8.26209159388986,3.1045913172722726,-0.2242980917456932,-99
2025-08-10 12:39:57.586,True,-8.26209159388986,3.1045913172722726,-0.2242980917456932,-99
2025-08-10 12:47:19.715,True,0.0,0.0,0.0,0.0
2025-08-10 12:47:20.771,True,-3.8158502915721146,-2.7823720906519642,0.09270535101898493,-97
2025-08-10 12:47:21.774,True,-3.8158502915721146,-2.7823720906519642,0.09270535101898493,32
2025-08-10 12:47:22.776,True,-3.8158502915721146,-2.7823720906519642,0.09270535101898493,-96
2025-08-10 12:47:23.778,True,-3.8158502915721146,-2.7823720906519642,0.09270535101898493,32
2025-08-10 12:47:24.786,True,-3.8158502915721146,-2.7823720906519642,0.09270535101898493,-96
2025-08-10 12:47:25.790,True,-3.8158502915721146,-2.7823720906519642,0.09270535101898493,32
2025-08-10 12:47:26.794,True,-3.8158502915721146,-2.7823720906519642,0.09270535101898493,-96
2025-08-10 12:47:27.797,True,-3.8158502915721146,-2.7823720906519642,0.09270535101898493,32
2025-08-10 12:47:28.799,True,-3.8158502915721146,-2.7823720906519642,0.09270535101898493,32
2025-08-10 12:47:29.801,True,-3.8158502915721146,-2.7823720906519642,0.09270535101898493,32
2025-08-10 12:47:30.802,True,-3.8158502915721146,-2.7823720906519642,0.09270535101898493,-96
2025-08-10 12:47:36.524,True,-3.8158502915721146,-2.7823720906519642,0.09270535101898493,-96
2025-08-10 12:47:37.529,True,-3.8158502915721146,-2.7823720906519642,0.09270535101898493,-96
2025-08-10 12:47:38.533,True,-3.8158502915721146,-2.7823720906519642,0.09270535101898493,32
2025-08-10 12:47:39.536,True,-3.8158502915721146,-2.7823720906519642,0.09270535101898493,-96
2025-08-10 12:47:50.608,True,-3.8158502915721146,-2.7823720906519642,0.09270535101898493,-96
2025-08-10 12:48:22.417,True,-3.8158502915721146,-2.7823720906519642,0.09270535101898493,-96
2025-08-10 12:48:23.420,True,-3.8158502915721146,-2.7823720906519642,0.09270535101898493,32
2025-08-10 12:48:24.423,True,-3.8158502915721146,-2.7823720906519642,0.09270535101898493,-96
2025-08-10 12:48:25.629,True,-3.8158502915721146,-2.7823720906519642,0.09270535101898493,32
2025-08-10 12:48:29.379,True,-3.8158502915721146,-2.7823720906519642,0.09270535101898493,-96
2025-08-10 12:48:30.386,True,-3.8158502915721146,-2.7823720906519642,0.09270535101898493,-96
2025-08-10 12:48:31.542,True,-3.8158502915721146,-2.7823720906519642,0.09270535101898493,-96
2025-08-10 12:48:32.545,True,-3.8158502915721146,-2.7823720906519642,0.09270535101898493,32
2025-08-10 12:48:36.654,True,-3.8158502915721146,-2.7823720906519642,0.09270535101898493,32
2025-08-10 12:48:37.657,True,-3.8158502915721146,-2.7823720906519642,0.09270535101898493,32
2025-08-10 12:48:38.666,True,-3.8158502915721146,-2.7823720906519642,0.09270535101898493,33
2025-08-10 12:48:41.889,True,-3.8134198634181145,-1.8871382554405598,0.06285050791267534,-95
2025-08-10 12:48:42.892,True,-3.8158502915721146,-2.7823720906519642,0.09270535101898493,-95
2025-08-10 12:48:43.896,True,-3.8158502915721146,-2.7823720906519642,0.09270535101898493,-95
2025-08-10 12:48:44.899,True,-3.8158502915721146,-2.7823720906519642,0.09270535101898493,33
2025-08-10 12:48:46.903,True,-3.8158502915721146,-2.7823720906519642,0.09270535101898493,-95
2025-08-10 12:48:47.905,True,-3.8158502915721146,-2.7823720906519642,0.09270535101898493,-95
2025-08-10 12:48:48.908,True,-3.8158502915721146,-2.7823720906519642,0.09270535101898493,-96
2025-08-10 12:48:49.913,True,-3.8158502915721146,-2.7823720906519642,0.09270535101898493,33
2025-08-10 12:48:50.916,True,-3.8158502915721146,-2.7823720906519642,0.09270535101898493,33
2025-08-10 12:48:51.922,True,-3.8158502915721146,-2.7823720906519642,0.09270535101898493,-95
2025-08-10 12:48:52.923,True,-3.8158502915721146,-2.7823720906519642,0.09270535101898493,-95
2025-08-10 12:48:58.216,True,-3.8158502915721146,-2.7823720906519642,0.09270535101898493,-95
2025-08-10 12:48:59.222,True,-3.8158502915721146,-2.7823720906519642,0.09270535101898493,-95
2025-08-10 12:49:00.230,True,-3.8158502915721146,-2.7823720906519642,0.09270535101898493,-95
2025-08-10 12:49:01.235,True,-3.8158502915721146,-2.7823720906519642,0.09270535101898493,-95
2025-08-10 12:49:02.243,True,-3.8158502915721146,-2.7823720906519642,0.09270535101898493,-95
2025-08-10 12:49:03.795,True,-3.8158502915721146,-2.7823720906519642,0.09270535101898493,-95
2025-08-10 12:49:04.818,True,-3.8158502915721146,-2.7823720906519642,0.09270535101898493,-95
2025-08-10 12:49:06.133,True,-3.8158502915721146,-2.7823720906519642,0.09270535101898493,33
2025-08-10 12:49:07.135,True,-3.8158502915721146,-2.7823720906519642,0.09270535101898493,-95
2025-08-10 12:49:08.154,True,-3.8158502915721146,-2.7823720906519642,0.09270535101898493,33
2025-08-10 12:49:09.259,True,-3.8158502915721146,-2.7823720906519642,0.09270535101898493,-95
2025-08-10 12:49:15.512,True,-3.8158502915721146,-2.7823720906519642,0.09270535101898493,33
2025-08-10 12:49:17.119,True,-3.8158502915721146,-2.7823720906519642,0.09270535101898493,-95
2025-08-10 12:49:18.121,True,-3.8158502915721146,-2.7823720906519642,0.09270535101898493,-95
2025-08-10 12:49:19.123,True,-3.8158502915721146,-2.7823720906519642,0.09270535101898493,-95
2025-08-10 12:49:21.215,True,-3.8158502915721146,-2.7823720906519642,0.09270535101898493,33
2025-08-10 12:49:22.219,True,-3.8158502915721146,-2.7823720906519642,0.09270535101898493,-95
2025-08-10 12:49:23.221,True,-3.8158502915721146,-2.7823720906519642,0.09270535101898493,-95
2025-08-10 12:49:24.230,True,-3.8158502915721146,-2.7823720906519642,0.09270535101898493,33
2025-08-10 12:49:25.232,True,-3.8158502915721146,-2.7823720906519642,0.09270535101898493,33
2025-08-10 12:49:26.235,True,-3.8158502915721146,-2.7823720906519642,0.09270535101898493,-95
2025-08-10 12:49:27.240,True,-3.8158502915721146,-2.7823720906519642,0.09270535101898493,-95
2025-08-10 12:49:28.242,True,-3.8158502915721146,-2.7823720906519642,0.09270535101898493,-95
2025-08-10 12:49:29.244,True,-3.8158502915721146,-2.7823720906519642,0.09270535101898493,-95
2025-08-10 12:49:30.247,True,-3.8158502915721146,-2.7823720906519642,0.09270535101898493,-95
2025-08-10 12:49:31.250,True,-3.8158502915721146,-2.7823720906519642,0.09270535101898493,-95
2025-08-10 12:49:33.247,True,-3.8158502915721146,-2.7823720906519642,0.09270535101898493,33
2025-08-10 12:49:34.250,True,-3.8158502915721146,-2.7823720906519642,0.09270535101898493,-95
2025-08-10 12:49:36.268,True,-3.8158502915721146,-2.7823720906519642,0.09270535101898493,-95
2025-08-10 12:49:37.272,True,-3.8158502915721146,-2.7823720906519642,0.09270535101898493,-95
2025-08-10 12:49:38.275,True,-3.8158502915721146,-2.7823720906519642,0.09270535101898493,33
2025-08-10 12:49:39.284,True,-3.8158502915721146,-2.7823720906519642,0.09270535101898493,-95
2025-08-10 12:49:40.288,True,-3.8158502915721146,-2.7823720906519642,0.09270535101898493,-95
2025-08-10 12:49:41.292,True,-3.8158502915721146,-2.7823720906519642,0.09270535101898493,-95
2025-08-10 12:49:46.626,True,-3.8158502915721146,-2.7823720906519642,0.09270535101898493,33
2025-08-10 12:49:57.113,True,-3.8158502915721146,-2.7823720906519642,0.09270535101898493,-95
2025-08-10 12:49:59.911,True,-3.8158502915721146,-2.7823720906519642,0.09270535101898493,33
2025-08-10 12:50:00.914,True,-3.8158502915721146,-2.7823720906519642,0.09270535101898493,33
2025-08-10 12:50:01.916,True,-3.8158502915721146,-2.7823720906519642,0.09270535101898493,-95
2025-08-10 12:50:02.919,True,-3.8158502915721146,-2.7823720906519642,0.09270535101898493,-95
2025-08-10 12:50:03.923,True,-3.8158502915721146,-2.7823720906519642,0.09270535101898493,33
2025-08-10 12:50:04.925,True,-3.8158502915721146,-2.7823720906519642,0.09270535101898493,33
2025-08-10 12:50:09.128,True,-3.8158502915721146,-2.7823720906519642,0.09270535101898493,-95
2025-08-10 12:50:10.131,True,-3.8158502915721146,-2.7823720906519642,0.09270535101898493,-95
2025-08-10 12:50:12.223,True,-3.8158502915721146,-2.7823720906519642,0.09270535101898493,33
2025-08-10 12:50:13.535,True,-3.8158502915721146,-2.7823720906519642,0.09270535101898493,33
2025-08-10 12:50:14.538,True,-3.8158502915721146,-2.7823720906519642,0.09270535101898493,33
2025-08-10 12:50:15.679,True,-3.8158502915721146,-2.7823720906519642,0.09270535101898493,-94
2025-08-10 12:50:16.681,True,-3.8158502915721146,-2.7823720906519642,0.09270535101898493,34
2025-08-10 12:50:17.683,True,-3.8158502915721146,-2.7823720906519642,0.09270535101898493,-94
2025-08-10 12:50:18.687,True,-3.8158502915721146,-2.7823720906519642,0.09270535101898493,-94
2025-08-10 12:50:19.690,True,-3.8158502915721146,-2.7823720906519642,0.09270535101898493,34
2025-08-10 12:50:20.691,True,-3.8158502915721146,-2.7823720906519642,0.09270535101898493,34
2025-08-10 12:50:21.694,True,-3.8158502915721146,-2.7823720906519642,0.09270535101898493,-94
2025-08-10 12:50:22.696,True,-3.8158502915721146,-2.7823720906519642,0.09270535101898493,34
2025-08-10 12:50:23.699,True,-3.8158502915721146,-2.7823720906519642,0.09270535101898493,34
2025-08-10 12:50:24.701,True,-3.8158502915721146,-2.7823720906519642,0.09270535101898493,34
2025-08-10 12:50:25.703,True,-3.8158502915721146,-2.7823720906519642,0.09270535101898493,34
2025-08-10 12:50:26.705,True,-3.8158502915721146,-2.7823720906519642,0.09270535101898493,-94
2025-08-10 12:50:27.708,True,-3.8158502915721146,-2.7823720906519642,0.09270535101898493,-94
2025-08-10 12:50:28.710,True,-3.8158502915721146,-2.7823720906519642,0.09270535101898493,34
2025-08-10 12:50:29.712,True,-3.8158502915721146,-2.7823720906519642,0.09270535101898493,-94
2025-08-10 12:50:30.715,True,-3.8158502915721146,-2.7823720906519642,0.09270535101898493,34
2025-08-10 12:50:31.718,True,-3.8158502915721146,-2.7823720906519642,0.09270535101898493,34
2025-08-10 12:50:32.720,True,-3.8158502915721146,-2.7823720906519642,0.09270535101898493,-94
2025-08-10 12:50:33.723,True,-3.8158502915721146,-2.7823720906519642,0.09270535101898493,34
2025-08-10 12:50:34.725,True,-3.8158502915721146,-2.7823720906519642,0.09270535101898493,-94
2025-08-10 12:50:35.728,True,-3.8158502915721146,-2.7823720906519642,0.09270535101898493,34
2025-08-10 12:50:36.731,True,-3.8158502915721146,-2.7823720906519642,0.09270535101898493,-94
2025-08-10 12:50:37.733,True,-3.8158502915721146,-2.7823720906519642,0.09270535101898493,-94
2025-08-10 12:50:38.736,True,-3.8158502915721146,-2.7823720906519642,0.09270535101898493,34
2025-08-10 12:50:39.739,True,-3.8158502915721146,-2.7823720906519642,0.09270535101898493,34
2025-08-10 12:50:40.741,True,-3.8158502915721146,-2.7823720906519642,0.09270535101898493,34
2025-08-10 12:50:41.744,True,-3.8158502915721146,-2.7823720906519642,0.09270535101898493,-94
2025-08-10 12:50:42.748,True,-3.8158502915721146,-2.7823720906519642,0.09270535101898493,-94
2025-08-10 12:50:43.749,True,-3.8158502915721146,-2.7823720906519642,0.09270535101898493,-94
2025-08-10 12:50:44.751,True,-3.8158502915721146,-2.7823720906519642,0.09270535101898493,-94
2025-08-10 12:50:45.754,True,-3.8158502915721146,-2.7823720906519642,0.09270535101898493,-94
2025-08-10 12:50:46.756,True,-3.8158502915721146,-2.7823720906519642,0.09270535101898493,34
2025-08-10 12:50:47.758,True,-3.8158502915721146,-2.7823720906519642,0.09270535101898493,34
2025-08-10 12:50:48.760,True,-3.8158502915721146,-2.7823720906519642,0.09270535101898493,34
2025-08-10 12:50:49.762,True,-3.8158502915721146,-2.7823720906519642,0.09270535101898493,34
2025-08-10 12:50:50.765,True,-3.8158502915721146,-2.7823720906519642,0.09270535101898493,34
2025-08-10 12:50:51.767,True,-3.8158502915721146,-2.7823720906519642,0.09270535101898493,-94
2025-08-10 12:50:52.769,True,-3.8158502915721146,-2.7823720906519642,0.09270535101898493,34
2025-08-10 12:50:53.771,True,-3.8158502915721146,-2.7823720906519642,0.09270535101898493,34
2025-08-10 12:50:54.774,True,-3.8158502915721146,-2.7823720906519642,0.09270535101898493,34
2025-08-10 12:50:55.777,True,-3.8158502915721146,-2.7823720906519642,0.09270535101898493,34
2025-08-10 12:50:56.779,True,-3.8158502915721146,-2.7823720906519642,0.09270535101898493,34
2025-08-10 12:50:57.782,True,-3.8158502915721146,-2.7823720906519642,0.09270535101898493,34
2025-08-10 12:50:58.784,True,-3.8158502915721146,-2.7823720906519642,0.09270535101898493,-94
2025-08-10 12:50:59.785,True,-3.8158502915721146,-2.7823720906519642,0.09270535101898493,34
2025-08-10 12:51:00.788,True,-3.8158502915721146,-2.7823720906519642,0.09270535101898493,-94
2025-08-10 12:51:01.789,True,-3.8158502915721146,-2.7823720906519642,0.09270535101898493,-94
2025-08-10 12:51:02.791,True,-3.8158502915721146,-2.7823720906519642,0.09270535101898493,-94
2025-08-10 12:51:03.793,True,-3.8158502915721146,-2.7823720906519642,0.09270535101898493,-94
2025-08-10 12:51:04.795,True,-3.8158502915721146,-2.7823720906519642,0.09270535101898493,34
2025-08-10 12:51:05.797,True,-3.8158502915721146,-2.7823720906519642,0.09270535101898493,34
2025-08-10 12:51:06.800,True,-3.8158502915721146,-2.7823720906519642,0.09270535101898493,-94
2025-08-10 12:51:07.803,True,-3.8158502915721146,-2.7823720906519642,0.09270535101898493,-94
2025-08-10 12:51:08.806,True,-3.8158502915721146,-2.7823720906519642,0.09270535101898493,-94
2025-08-10 12:51:09.808,True,-3.8158502915721146,-2.7823720906519642,0.09270535101898493,-94
2025-08-10 12:51:10.810,True,-3.8158502915721146,-2.7823720906519642,0.09270535101898493,34
2025-08-10 12:51:11.813,True,-3.8158502915721146,-2.7823720906519642,0.09270535101898493,34
2025-08-10 12:51:12.817,True,-3.8114629457527776,-0.4963966111855315,0.009530606263495087,34
2025-08-10 12:51:13.822,True,-3.8158502915721146,-2.7823720906519642,0.09270535101898493,-94
2025-08-10 12:51:14.825,True,-3.8158502915721146,-2.7823720906519642,0.09270535101898493,-94
2025-08-10 12:51:15.827,True,-3.8158502915721146,-2.7823720906519642,0.09270535101898493,-111
2025-08-10 12:51:16.829,True,-3.8158502915721146,-2.7823720906519642,0.09270535101898493,-94
2025-08-10 12:51:17.831,True,-3.8158502915721146,-2.7823720906519642,0.09270535101898493,-94
2025-08-10 12:51:18.837,True,-3.8158502915721146,-2.7823720906519642,0.09270535101898493,-94
2025-08-10 12:51:19.839,True,-3.8158502915721146,-2.7823720906519642,0.09270535101898493,-94
2025-08-10 12:51:20.841,True,-3.8158502915721146,-2.7823720906519642,0.09270535101898493,34
2025-08-10 12:51:21.844,True,-3.8158502915721146,-2.7823720906519642,0.09270535101898493,34
2025-08-10 12:51:22.846,True,-3.8158502915721146,-2.7823720906519642,0.09270535101898493,34
2025-08-10 12:51:23.848,True,-3.8158502915721146,-2.7823720906519642,0.09270535101898493,34
2025-08-10 12:51:24.851,True,-3.8158502915721146,-2.7823720906519642,0.09270535101898493,34
2025-08-10 12:51:25.853,True,-3.8158502915721146,-2.7823720906519642,0.09270535101898493,34
2025-08-10 12:51:26.855,True,-3.8158502915721146,-2.7823720906519642,0.09270535101898493,-94
2025-08-10 12:51:27.857,True,-3.8158502915721146,-2.7823720906519642,0.09270535101898493,-94
2025-08-10 12:51:28.863,True,-3.8158502915721146,-2.7823720906519642,0.09270535101898493,-94
2025-08-10 12:51:29.866,True,-3.8158502915721146,-2.7823720906519642,0.09270535101898493,34
2025-08-10 12:51:30.868,True,-3.8158502915721146,-2.7823720906519642,0.09270535101898493,34
2025-08-10 12:51:31.871,True,-3.8158502915721146,-2.7823720906519642,0.09270535101898493,34
2025-08-10 12:51:32.873,True,-3.8158502915721146,-2.7823720906519642,0.09270535101898493,-94
2025-08-10 12:51:33.875,True,-3.8158502915721146,-2.7823720906519642,0.09270535101898493,-94
2025-08-10 12:51:34.877,True,-3.8158502915721146,-2.7823720906519642,0.09270535101898493,34
2025-08-10 12:51:35.880,True,-3.8158502915721146,-2.7823720906519642,0.09270535101898493,34
2025-08-10 12:51:36.882,True,-3.8158502915721146,-2.7823720906519642,0.09270535101898493,34
2025-08-10 12:51:37.883,True,-3.8158502915721146,-2.7823720906519642,0.09270535101898493,34
2025-08-10 12:51:38.887,True,-3.8158502915721146,-2.7823720906519642,0.09270535101898493,-94
2025-08-10 12:51:39.889,True,-3.8158502915721146,-2.7823720906519642,0.09270535101898493,34
2025-08-10 12:51:40.891,True,-3.8158502915721146,-2.7823720906519642,0.09270535101898493,34
2025-08-10 12:51:41.894,True,-3.8158502915721146,-2.7823720906519642,0.09270535101898493,-94
2025-08-10 12:51:42.896,True,-3.8158502915721146,-2.7823720906519642,0.09270535101898493,34
2025-08-10 12:51:43.899,True,-3.8158502915721146,-2.7823720906519642,0.09270535101898493,34
2025-08-10 12:51:44.901,True,-3.8158502915721146,-2.7823720906519642,0.09270535101898493,34
2025-08-10 12:51:45.903,True,-3.8158502915721146,-2.7823720906519642,0.09270535101898493,-94
2025-08-10 12:51:46.905,True,-3.8158502915721146,-2.7823720906519642,0.09270535101898493,34
2025-08-10 12:51:47.907,True,-3.8158502915721146,-2.7823720906519642,0.09270535101898493,-94
2025-08-10 12:51:48.910,True,-3.8158502915721146,-2.7823720906519642,0.09270535101898493,-93
2025-08-10 12:51:49.913,True,-3.822472791107857,-2.7126436388334114,0.0835406264244677,34
2025-08-10 12:51:50.915,True,-3.753454847413568,-2.128470821376825,0.1817370126605373,34
2025-08-10 12:51:51.918,True,-3.8653147326692854,0.35231618423662076,1.1078420627305332,34
2025-08-10 12:51:52.920,True,-4.122007838422466,-1.9340412003935992,2.0856585307155306,-93
2025-08-10 12:51:53.922,True,-4.456133853502555,-2.179026030468525,2.1150791509529108,-93
2025-08-10 12:51:54.924,True,-4.559884928274478,-2.1145216979482715,2.1075795576377248,35
2025-08-10 12:51:55.927,True,-4.981945947033378,-2.21186535312316,2.1129304003698257,-93
2025-08-10 12:51:56.930,True,-5.0265999490998565,-2.4677845699518706,2.3282116554374492,-93
2025-08-10 12:51:57.932,True,-4.946892402816835,-4.627553728202365,2.6524495518978006,-93
2025-08-10 12:51:58.935,True,-4.9858715403221865,-2.4440103234336483,2.4102837593346482,35
2025-08-10 12:51:59.938,True,-4.603756718886048,-2.8419369062417545,2.4600233279240333,-93
2025-08-10 12:52:00.940,True,-4.929975688638051,-2.9812477301698106,2.488551499045914,-93
2025-08-10 12:52:01.942,True,-4.967330011111265,-3.034488125598649,2.5338687624160707,-93
2025-08-10 12:52:04.326,True,-4.97399028055059,-3.0203550958590033,2.5334279048260835,35
2025-08-10 12:52:05.329,True,-4.97399028055059,-3.0203550958590033,2.5334279048260835,35
2025-08-10 12:52:06.331,True,-4.97399028055059,-3.0203550958590033,2.5334279048260835,35
2025-08-10 12:52:07.333,True,-4.97399028055059,-3.0203550958590033,2.5334279048260835,-93
2025-08-10 12:52:08.336,True,-4.97399028055059,-3.0203550958590033,2.5334279048260835,-93
2025-08-10 12:52:09.339,True,-4.97399028055059,-3.0203550958590033,2.5334279048260835,-93
2025-08-10 12:52:10.343,True,-4.97399028055059,-3.0203550958590033,2.5334279048260835,-93
2025-08-10 12:52:11.347,True,-4.97399028055059,-3.0203550958590033,2.5334279048260835,35
2025-08-10 12:52:12.349,True,-4.97399028055059,-3.0203550958590033,2.5334279048260835,35
2025-08-10 12:52:13.351,True,-4.97399028055059,-3.0203550958590033,2.5334279048260835,35
2025-08-10 12:52:14.353,True,-4.97399028055059,-3.0203550958590033,2.5334279048260835,-93
2025-08-10 12:52:15.356,True,-4.97399028055059,-3.0203550958590033,2.5334279048260835,35
2025-08-10 12:52:16.358,True,-4.97399028055059,-3.0203550958590033,2.5334279048260835,-93
2025-08-10 12:52:17.360,True,-4.97399028055059,-3.0203550958590033,2.5334279048260835,-93
2025-08-10 12:52:18.362,True,-4.97399028055059,-3.0203550958590033,2.5334279048260835,-93
2025-08-10 12:52:19.365,True,-4.97399028055059,-3.0203550958590033,2.5334279048260835,35
2025-08-10 12:52:20.367,True,-4.97399028055059,-3.0203550958590033,2.5334279048260835,35
2025-08-10 12:52:21.373,True,-4.97399028055059,-3.0203550958590033,2.5334279048260835,35
2025-08-10 12:52:22.374,True,-4.97399028055059,-3.0203550958590033,2.5334279048260835,-93
2025-08-10 12:52:23.376,True,-4.97399028055059,-3.0203550958590033,2.5334279048260835,-93
2025-08-10 12:52:24.378,True,-4.97399028055059,-3.0203550958590033,2.5334279048260835,35
2025-08-10 12:52:25.380,True,-4.97399028055059,-3.0203550958590033,2.5334279048260835,-93
2025-08-10 12:52:26.382,True,-4.97399028055059,-3.0203550958590033,2.5334279048260835,35
2025-08-10 12:52:27.384,True,-4.97399028055059,-3.0203550958590033,2.5334279048260835,35
2025-08-10 12:52:28.387,True,-4.97399028055059,-3.0203550958590033,2.5334279048260835,-93
2025-08-10 12:52:29.389,True,-4.97399028055059,-3.0203550958590033,2.5334279048260835,-93
2025-08-10 12:52:30.390,True,-4.97399028055059,-3.0203550958590033,2.5334279048260835,-93
2025-08-10 12:52:31.392,True,-4.97399028055059,-3.0203550958590033,2.5334279048260835,35
2025-08-10 12:52:32.394,True,-4.97399028055059,-3.0203550958590033,2.5334279048260835,-93
2025-08-10 12:52:33.396,True,-4.97399028055059,-3.0203550958590033,2.5334279048260835,35
2025-08-10 12:52:34.398,True,-4.97399028055059,-3.0203550958590033,2.5334279048260835,35
2025-08-10 12:52:35.400,True,-4.97399028055059,-3.0203550958590033,2.5334279048260835,-93
2025-08-10 12:52:36.403,True,-4.97399028055059,-3.0203550958590033,2.5334279048260835,-93
2025-08-10 12:52:37.405,True,-4.97399028055059,-3.0203550958590033,2.5334279048260835,35
2025-08-10 12:52:38.407,True,-4.97399028055059,-3.0203550958590033,2.5334279048260835,-93
2025-08-10 12:52:39.408,True,-4.97399028055059,-3.0203550958590033,2.5334279048260835,-93
2025-08-10 12:52:40.410,True,-4.97399028055059,-3.0203550958590033,2.5334279048260835,35
2025-08-10 12:52:41.413,True,-4.97399028055059,-3.0203550958590033,2.5334279048260835,35
2025-08-10 12:52:42.415,True,-4.97399028055059,-3.0203550958590033,2.5334279048260835,-93
2025-08-10 12:52:43.418,True,-4.97399028055059,-3.0203550958590033,2.5334279048260835,35
2025-08-10 12:52:44.420,True,-4.97399028055059,-3.0203550958590033,2.5334279048260835,-93
2025-08-10 12:52:45.422,True,-4.97399028055059,-3.0203550958590033,2.5334279048260835,35
2025-08-10 12:52:46.424,True,-4.97399028055059,-3.0203550958590033,2.5334279048260835,35
2025-08-10 12:52:47.426,True,-4.97399028055059,-3.0203550958590033,2.5334279048260835,35
2025-08-10 12:52:48.429,True,-4.97399028055059,-3.0203550958590033,2.5334279048260835,35
2025-08-10 12:52:49.431,True,-4.97399028055059,-3.0203550958590033,2.5334279048260835,35
2025-08-10 12:52:50.434,True,-4.97399028055059,-3.0203550958590033,2.5334279048260835,-93
2025-08-10 12:52:51.435,True,-4.97399028055059,-3.0203550958590033,2.5334279048260835,-93
2025-08-10 12:52:52.437,True,-4.97399028055059,-3.0203550958590033,2.5334279048260835,35
2025-08-10 12:52:53.441,True,-4.97399028055059,-3.0203550958590033,2.5334279048260835,-93
2025-08-10 12:52:54.443,True,-4.97399028055059,-3.0203550958590033,2.5334279048260835,-93
2025-08-10 12:52:55.445,True,-4.97399028055059,-3.0203550958590033,2.5334279048260835,35
2025-08-10 12:52:56.447,True,-4.97399028055059,-3.0203550958590033,2.5334279048260835,-93
2025-08-10 12:52:57.450,True,-4.97399028055059,-3.0203550958590033,2.5334279048260835,35
2025-08-10 12:52:58.452,True,-4.97399028055059,-3.0203550958590033,2.5334279048260835,-93
2025-08-10 12:52:59.454,True,-4.97399028055059,-3.0203550958590033,2.5334279048260835,35
2025-08-10 12:53:00.455,True,-4.97399028055059,-3.0203550958590033,2.5334279048260835,-93
2025-08-10 12:53:01.458,True,-4.97399028055059,-3.0203550958590033,2.5334279048260835,35
2025-08-10 12:53:02.461,True,-4.97399028055059,-3.0203550958590033,2.5334279048260835,35
2025-08-10 12:53:03.463,True,-4.97399028055059,-3.0203550958590033,2.5334279048260835,-93
2025-08-10 12:53:04.465,True,-4.97399028055059,-3.0203550958590033,2.5334279048260835,35
2025-08-10 12:53:05.466,True,-4.97399028055059,-3.0203550958590033,2.5334279048260835,-93
2025-08-10 12:53:06.468,True,-4.97399028055059,-3.0203550958590033,2.5334279048260835,35
2025-08-10 12:53:07.470,True,-4.97399028055059,-3.0203550958590033,2.5334279048260835,-93
2025-08-10 12:53:08.472,True,-4.97399028055059,-3.0203550958590033,2.5334279048260835,35
2025-08-10 12:53:09.474,True,-4.97399028055059,-3.0203550958590033,2.5334279048260835,-93
2025-08-10 12:53:10.476,True,-4.97399028055059,-3.0203550958590033,2.5334279048260835,-93
2025-08-10 12:53:11.478,True,-4.97399028055059,-3.0203550958590033,2.5334279048260835,35
2025-08-10 12:53:12.480,True,-4.97399028055059,-3.0203550958590033,2.5334279048260835,-93
2025-08-10 12:53:13.482,True,-4.97399028055059,-3.0203550958590033,2.5334279048260835,-93
2025-08-10 12:53:14.484,True,-4.97399028055059,-3.0203550958590033,2.5334279048260835,-93
2025-08-10 12:53:15.486,True,-4.97399028055059,-3.0203550958590033,2.5334279048260835,-93
2025-08-10 12:53:16.488,True,-4.97399028055059,-3.0203550958590033,2.5334279048260835,35
2025-08-10 12:53:17.491,True,-4.97399028055059,-3.0203550958590033,2.5334279048260835,-93
2025-08-10 12:53:18.492,True,-4.97399028055059,-3.0203550958590033,2.5334279048260835,-93
2025-08-10 12:53:19.494,True,-4.97399028055059,-3.0203550958590033,2.5334279048260835,35
2025-08-10 12:53:20.497,True,-4.97399028055059,-3.0203550958590033,2.5334279048260835,35
2025-08-10 12:53:21.499,True,-4.97399028055059,-3.0203550958590033,2.5334279048260835,35
2025-08-10 12:53:22.501,True,-4.97399028055059,-3.0203550958590033,2.5334279048260835,-93
2025-08-10 12:53:23.503,True,-4.97399028055059,-3.0203550958590033,2.5334279048260835,35
2025-08-10 12:53:24.504,True,-4.97399028055059,-3.0203550958590033,2.5334279048260835,35
2025-08-10 12:53:25.509,True,-4.97399028055059,-3.0203550958590033,2.5334279048260835,-93
2025-08-10 12:53:26.511,True,-4.97399028055059,-3.0203550958590033,2.5334279048260835,35
2025-08-10 12:53:27.512,True,-4.97399028055059,-3.0203550958590033,2.5334279048260835,-93
2025-08-10 12:53:28.514,True,-4.97399028055059,-3.0203550958590033,2.5334279048260835,-93
2025-08-10 12:53:29.516,True,-4.97399028055059,-3.0203550958590033,2.5334279048260835,-93
2025-08-10 12:53:30.518,True,-4.97399028055059,-3.0203550958590033,2.5334279048260835,35
2025-08-10 12:53:31.520,True,-4.97399028055059,-3.0203550958590033,2.5334279048260835,35
2025-08-10 12:53:32.522,True,-4.97399028055059,-3.0203550958590033,2.5334279048260835,-93
2025-08-10 12:53:33.524,True,-4.97399028055059,-3.0203550958590033,2.5334279048260835,35
2025-08-10 12:53:34.525,True,1.2983597272547402,-12.934281945070063,-149.97716364427018,-93
2025-08-10 12:53:35.528,True,-4.97399028055059,-3.0203550958590033,2.5334279048260835,35
2025-08-10 12:53:36.531,True,-4.97399028055059,-3.0203550958590033,2.5334279048260835,35
2025-08-10 12:53:37.533,True,-4.97399028055059,-3.0203550958590033,2.5334279048260835,35
2025-08-10 12:53:38.535,True,-4.97399028055059,-3.0203550958590033,2.5334279048260835,35
2025-08-10 12:53:39.539,True,-4.97399028055059,-3.0203550958590033,2.5334279048260835,-93
2025-08-10 12:53:40.541,True,-4.97399028055059,-3.0203550958590033,2.5334279048260835,35
2025-08-10 12:53:41.543,True,-4.97399028055059,-3.0203550958590033,2.5334279048260835,-93
2025-08-10 12:53:42.545,True,-4.97399028055059,-3.0203550958590033,2.5334279048260835,-93
2025-08-10 12:53:43.546,True,-4.97399028055059,-3.0203550958590033,2.5334279048260835,35
2025-08-10 12:53:44.548,True,-4.97399028055059,-3.0203550958590033,2.5334279048260835,35
2025-08-10 12:53:45.551,True,-4.97399028055059,-3.0203550958590033,2.5334279048260835,35
2025-08-10 12:53:46.553,True,-4.97399028055059,-3.0203550958590033,2.5334279048260835,-93
2025-08-10 12:53:47.555,True,-4.97399028055059,-3.0203550958590033,2.5334279048260835,-93
2025-08-10 12:53:48.557,True,-4.97399028055059,-3.0203550958590033,2.5334279048260835,-93
2025-08-10 12:53:49.558,True,-4.97399028055059,-3.0203550958590033,2.5334279048260835,35
2025-08-10 12:53:50.560,True,-4.97399028055059,-3.0203550958590033,2.5334279048260835,35
2025-08-10 12:53:51.562,True,1.2983597272547402,-12.934281945070063,-149.97716364427018,35
2025-08-10 12:53:52.565,True,-4.97399028055059,-3.0203550958590033,2.5334279048260835,35
2025-08-10 12:53:53.566,True,-4.97399028055059,-3.0203550958590033,2.5334279048260835,35
2025-08-10 12:53:54.569,True,-4.97399028055059,-3.0203550958590033,2.5334279048260835,-93
2025-08-10 12:53:55.571,True,-4.97399028055059,-3.0203550958590033,2.5334279048260835,35
2025-08-10 12:53:56.572,True,-4.97399028055059,-3.0203550958590033,2.5334279048260835,-93
2025-08-10 12:53:57.574,True,-4.97399028055059,-3.0203550958590033,2.5334279048260835,-93
2025-08-10 12:53:58.576,True,-4.97399028055059,-3.0203550958590033,2.5334279048260835,35
2025-08-10 12:53:59.579,True,-4.97399028055059,-3.0203550958590033,2.5334279048260835,35
2025-08-10 12:54:00.581,True,-4.97399028055059,-3.0203550958590033,2.5334279048260835,35
2025-08-10 12:54:01.583,True,-4.97399028055059,-3.0203550958590033,2.5334279048260835,-93
2025-08-10 12:54:02.585,True,-4.97399028055059,-3.0203550958590033,2.5334279048260835,-93
2025-08-10 12:54:03.587,True,-4.97399028055059,-3.0203550958590033,2.5334279048260835,-93
2025-08-10 12:54:04.589,True,-4.97399028055059,-3.0203550958590033,2.5334279048260835,-93
2025-08-10 12:54:05.591,True,-4.97399028055059,-3.0203550958590033,2.5334279048260835,35
2025-08-10 12:54:06.594,True,-4.97399028055059,-3.0203550958590033,2.5334279048260835,35
2025-08-10 12:54:07.596,True,-4.97399028055059,-3.0203550958590033,2.5334279048260835,35
2025-08-10 12:54:08.598,True,-4.97399028055059,-3.0203550958590033,2.5334279048260835,-93
2025-08-10 12:54:09.600,True,-4.97399028055059,-3.0203550958590033,2.5334279048260835,-93
2025-08-10 12:54:10.601,True,-4.97399028055059,-3.0203550958590033,2.5334279048260835,35
2025-08-10 12:54:11.603,True,-4.97399028055059,-3.0203550958590033,2.5334279048260835,35
2025-08-10 12:54:12.605,True,-4.97399028055059,-3.0203550958590033,2.5334279048260835,35
2025-08-10 12:54:13.608,True,-4.97399028055059,-3.0203550958590033,2.5334279048260835,35
2025-08-10 12:54:14.611,True,-4.97399028055059,-3.0203550958590033,2.5334279048260835,-93
2025-08-10 12:54:15.612,True,-4.97399028055059,-3.0203550958590033,2.5334279048260835,35
2025-08-10 12:54:16.616,True,-4.97399028055059,-3.0203550958590033,2.5334279048260835,-93
2025-08-10 12:54:17.618,True,-4.97399028055059,-3.0203550958590033,2.5334279048260835,-93
2025-08-10 12:54:18.620,True,-4.97399028055059,-3.0203550958590033,2.5334279048260835,-93
2025-08-10 12:54:19.622,True,-4.97399028055059,-3.0203550958590033,2.5334279048260835,-93
2025-08-10 12:54:20.624,True,-4.97399028055059,-3.0203550958590033,2.5334279048260835,35
2025-08-10 12:54:21.626,True,-4.97399028055059,-3.0203550958590033,2.5334279048260835,35
2025-08-10 12:54:22.628,True,-4.97399028055059,-3.0203550958590033,2.5334279048260835,35
2025-08-10 12:54:23.630,True,-4.97399028055059,-3.0203550958590033,2.5334279048260835,-93
2025-08-10 12:54:24.632,True,-4.97399028055059,-3.0203550958590033,2.5334279048260835,-93
2025-08-10 12:54:25.635,True,-4.97399028055059,-3.0203550958590033,2.5334279048260835,35
2025-08-10 12:54:26.637,True,-4.97399028055059,-3.0203550958590033,2.5334279048260835,-93
2025-08-10 12:54:27.640,True,-4.97399028055059,-3.0203550958590033,2.5334279048260835,35
2025-08-10 12:54:28.644,True,-4.97399028055059,-3.0203550958590033,2.5334279048260835,35
2025-08-10 12:54:29.649,True,-4.97399028055059,-3.0203550958590033,2.5334279048260835,-93
2025-08-10 12:54:30.651,True,-4.97399028055059,-3.0203550958590033,2.5334279048260835,-93
2025-08-10 12:54:31.654,True,-4.97399028055059,-3.0203550958590033,2.5334279048260835,35
2025-08-10 12:54:32.656,True,-4.97399028055059,-3.0203550958590033,2.5334279048260835,-93
2025-08-10 12:54:33.659,True,-4.97399028055059,-3.0203550958590033,2.5334279048260835,-93
2025-08-10 12:54:34.662,True,-4.97399028055059,-3.0203550958590033,2.5334279048260835,-93
2025-08-10 12:54:35.664,True,-4.97399028055059,-3.0203550958590033,2.5334279048260835,-93
2025-08-10 12:54:36.667,True,-4.97399028055059,-3.0203550958590033,2.5334279048260835,-93
2025-08-10 12:54:37.670,True,-4.97399028055059,-3.0203550958590033,2.5334279048260835,-93
2025-08-10 12:54:38.672,True,-4.97399028055059,-3.0203550958590033,2.5334279048260835,35
2025-08-10 12:54:39.675,True,-4.97399028055059,-3.0203550958590033,2.5334279048260835,35
2025-08-10 12:54:40.678,True,-4.97399028055059,-3.0203550958590033,2.5334279048260835,-93
2025-08-10 12:54:41.681,True,-4.97399028055059,-3.0203550958590033,2.5334279048260835,-93
2025-08-10 12:54:42.683,True,-4.97399028055059,-3.0203550958590033,2.5334279048260835,35
2025-08-10 12:54:43.686,True,-4.97399028055059,-3.0203550958590033,2.5334279048260835,-93
2025-08-10 12:54:44.688,True,-4.97399028055059,-3.0203550958590033,2.5334279048260835,35
2025-08-10 12:54:45.691,True,-4.97399028055059,-3.0203550958590033,2.5334279048260835,-93
2025-08-10 12:54:46.693,True,-4.97399028055059,-3.0203550958590033,2.5334279048260835,-93
2025-08-10 12:54:47.695,True,-4.97399028055059,-3.0203550958590033,2.5334279048260835,-93
2025-08-10 12:54:48.699,True,-4.97399028055059,-3.0203550958590033,2.5334279048260835,-93
2025-08-10 12:54:49.700,True,-4.97399028055059,-3.0203550958590033,2.5334279048260835,35
2025-08-10 12:54:50.703,True,-4.97399028055059,-3.0203550958590033,2.5334279048260835,-93
2025-08-10 12:54:51.707,True,-4.97399028055059,-3.0203550958590033,2.5334279048260835,-93
2025-08-10 12:54:52.710,True,-4.97399028055059,-3.0203550958590033,2.5334279048260835,-93
2025-08-10 12:54:53.712,True,-4.97399028055059,-3.0203550958590033,2.5334279048260835,35
2025-08-10 12:54:54.715,True,-4.97399028055059,-3.0203550958590033,2.5334279048260835,35
2025-08-10 12:54:55.717,True,-4.97399028055059,-3.0203550958590033,2.5334279048260835,35
2025-08-10 12:54:56.719,True,-4.97399028055059,-3.0203550958590033,2.5334279048260835,35
2025-08-10 12:54:57.722,True,-4.97399028055059,-3.0203550958590033,2.5334279048260835,-93
2025-08-10 12:54:58.724,True,-4.97399028055059,-3.0203550958590033,2.5334279048260835,35
2025-08-10 12:54:59.727,True,-4.97399028055059,-3.0203550958590033,2.5334279048260835,-93
2025-08-10 12:55:00.729,True,-4.97399028055059,-3.0203550958590033,2.5334279048260835,-93
2025-08-10 12:55:01.732,True,-4.97399028055059,-3.0203550958590033,2.5334279048260835,35
2025-08-10 12:55:02.734,True,-4.97399028055059,-3.0203550958590033,2.5334279048260835,35
2025-08-10 12:55:03.736,True,-4.97399028055059,-3.0203550958590033,2.5334279048260835,35
2025-08-10 12:55:04.739,True,-4.97399028055059,-3.0203550958590033,2.5334279048260835,-93
2025-08-10 12:55:05.741,True,-4.97399028055059,-3.0203550958590033,2.5334279048260835,-93
2025-08-10 12:55:06.743,True,-4.97399028055059,-3.0203550958590033,2.5334279048260835,35
2025-08-10 12:55:07.744,True,-4.97399028055059,-3.0203550958590033,2.5334279048260835,35
2025-08-10 12:55:08.746,True,-4.97399028055059,-3.0203550958590033,2.5334279048260835,35
2025-08-10 12:55:09.749,True,-4.97399028055059,-3.0203550958590033,2.5334279048260835,35
2025-08-10 12:55:10.752,True,-4.97399028055059,-3.0203550958590033,2.5334279048260835,35
2025-08-10 12:55:11.755,True,-4.97399028055059,-3.0203550958590033,2.5334279048260835,-93
2025-08-10 12:55:12.757,True,-4.97399028055059,-3.0203550958590033,2.5334279048260835,-93
2025-08-10 12:55:13.759,True,-4.97399028055059,-3.0203550958590033,2.5334279048260835,-93
2025-08-10 12:55:14.762,True,-4.97399028055059,-3.0203550958590033,2.5334279048260835,-93
2025-08-10 12:55:15.764,True,-4.97399028055059,-3.0203550958590033,2.5334279048260835,35
2025-08-10 12:55:16.766,True,-4.97399028055059,-3.0203550958590033,2.5334279048260835,35
2025-08-10 12:55:17.768,True,-4.97399028055059,-3.0203550958590033,2.5334279048260835,35
2025-08-10 12:55:18.770,True,-4.97399028055059,-3.0203550958590033,2.5334279048260835,-93
2025-08-10 12:55:19.773,True,-4.97399028055059,-3.0203550958590033,2.5334279048260835,35
2025-08-10 12:55:20.775,True,-4.97399028055059,-3.0203550958590033,2.5334279048260835,-93
2025-08-10 12:55:21.777,True,-4.97399028055059,-3.0203550958590033,2.5334279048260835,35
2025-08-10 12:55:22.779,True,-4.97399028055059,-3.0203550958590033,2.5334279048260835,-93
2025-08-10 12:55:23.782,True,-4.97399028055059,-3.0203550958590033,2.5334279048260835,35
2025-08-10 12:55:24.783,True,-4.97399028055059,-3.0203550958590033,2.5334279048260835,-93
2025-08-10 12:55:25.786,True,-4.97399028055059,-3.0203550958590033,2.5334279048260835,-93
2025-08-10 12:55:26.789,True,-4.97399028055059,-3.0203550958590033,2.5334279048260835,-93
2025-08-10 12:55:27.791,True,-4.97399028055059,-3.0203550958590033,2.5334279048260835,-93
2025-08-10 12:55:28.793,True,-4.97399028055059,-3.0203550958590033,2.5334279048260835,35
2025-08-10 12:55:29.796,True,-4.97399028055059,-3.0203550958590033,2.5334279048260835,35
2025-08-10 12:55:30.799,True,-4.97399028055059,-3.0203550958590033,2.5334279048260835,-93
2025-08-10 12:55:31.801,True,-4.97399028055059,-3.0203550958590033,2.5334279048260835,-93
2025-08-10 12:55:32.803,True,-4.97399028055059,-3.0203550958590033,2.5334279048260835,-93
2025-08-10 12:55:33.806,True,-4.97399028055059,-3.0203550958590033,2.5334279048260835,35
2025-08-10 12:55:34.808,True,-4.97399028055059,-3.0203550958590033,2.5334279048260835,-93
2025-08-10 12:55:35.811,True,-4.97399028055059,-3.0203550958590033,2.5334279048260835,35
2025-08-10 12:55:36.815,True,-4.97399028055059,-3.0203550958590033,2.5334279048260835,35
2025-08-10 12:55:37.818,True,-4.97399028055059,-3.0203550958590033,2.5334279048260835,-93
2025-08-10 12:55:38.820,True,-4.97399028055059,-3.0203550958590033,2.5334279048260835,-93
2025-08-10 12:55:39.823,True,-4.97399028055059,-3.0203550958590033,2.5334279048260835,-93
2025-08-10 12:55:40.826,True,-4.97399028055059,-3.0203550958590033,2.5334279048260835,-93
2025-08-10 12:55:41.829,True,-4.97399028055059,-3.0203550958590033,2.5334279048260835,35
2025-08-10 12:55:42.831,True,-4.97399028055059,-3.0203550958590033,2.5334279048260835,35
2025-08-10 12:55:43.833,True,-4.97399028055059,-3.0203550958590033,2.5334279048260835,-93
2025-08-10 12:55:44.836,True,-4.97399028055059,-3.0203550958590033,2.5334279048260835,35
2025-08-10 12:55:45.838,True,-4.97399028055059,-3.0203550958590033,2.5334279048260835,-93
2025-08-10 12:55:46.840,True,-4.97399028055059,-3.0203550958590033,2.5334279048260835,-93
2025-08-10 12:55:47.841,True,-4.97399028055059,-3.0203550958590033,2.5334279048260835,-93
2025-08-10 12:55:48.843,True,-4.97399028055059,-3.0203550958590033,2.5334279048260835,35
2025-08-10 12:55:49.845,True,-4.97399028055059,-3.0203550958590033,2.5334279048260835,-93
2025-08-10 12:55:50.847,True,-4.97399028055059,-3.0203550958590033,2.5334279048260835,35
2025-08-10 12:55:51.849,True,-4.97399028055059,-3.0203550958590033,2.5334279048260835,-93
2025-08-10 12:55:52.850,True,-4.97399028055059,-3.0203550958590033,2.5334279048260835,-93
2025-08-10 12:55:53.852,True,-4.97399028055059,-3.0203550958590033,2.5334279048260835,-93
2025-08-10 12:55:54.856,True,-4.97399028055059,-3.0203550958590033,2.5334279048260835,-93
2025-08-10 12:55:55.859,True,-4.97399028055059,-3.0203550958590033,2.5334279048260835,35
2025-08-10 12:55:56.861,True,-4.97399028055059,-3.0203550958590033,2.5334279048260835,35
2025-08-10 12:55:57.862,True,-4.97399028055059,-3.0203550958590033,2.5334279048260835,35
2025-08-10 12:55:58.864,True,-4.97399028055059,-3.0203550958590033,2.5334279048260835,-93
2025-08-10 12:55:59.866,True,-4.97399028055059,-3.0203550958590033,2.5334279048260835,35
2025-08-10 12:56:00.869,True,-4.97399028055059,-3.0203550958590033,2.5334279048260835,35
2025-08-10 12:56:01.872,True,-4.97399028055059,-3.0203550958590033,2.5334279048260835,35
2025-08-10 12:56:02.875,True,-4.97399028055059,-3.0203550958590033,2.5334279048260835,35
2025-08-10 12:56:03.877,True,-4.97399028055059,-3.0203550958590033,2.5334279048260835,-93
2025-08-10 12:56:04.879,True,-4.97399028055059,-3.0203550958590033,2.5334279048260835,-93
2025-08-10 12:56:05.882,True,-4.97399028055059,-3.0203550958590033,2.5334279048260835,35
2025-08-10 12:56:06.885,True,-4.97399028055059,-3.0203550958590033,2.5334279048260835,35
2025-08-10 12:56:07.887,True,-4.97399028055059,-3.0203550958590033,2.5334279048260835,35
2025-08-10 12:56:08.889,True,-4.97399028055059,-3.0203550958590033,2.5334279048260835,-93
2025-08-10 12:56:09.890,True,-4.97399028055059,-3.0203550958590033,2.5334279048260835,35
2025-08-10 12:56:10.892,True,-4.97399028055059,-3.0203550958590033,2.5334279048260835,-93
2025-08-10 12:56:11.894,True,-4.97399028055059,-3.0203550958590033,2.5334279048260835,35
2025-08-10 12:56:12.896,True,-4.97399028055059,-3.0203550958590033,2.5334279048260835,35
2025-08-10 12:56:13.898,True,-4.97399028055059,-3.0203550958590033,2.5334279048260835,35
2025-08-10 12:56:14.901,True,-4.97399028055059,-3.0203550958590033,2.5334279048260835,35
2025-08-10 12:56:15.903,True,-4.97399028055059,-3.0203550958590033,2.5334279048260835,-93
2025-08-10 12:56:16.905,True,-4.97399028055059,-3.0203550958590033,2.5334279048260835,-93
2025-08-10 12:56:17.907,True,-4.97399028055059,-3.0203550958590033,2.5334279048260835,-93
2025-08-10 12:56:18.910,True,-4.97399028055059,-3.0203550958590033,2.5334279048260835,-93
2025-08-10 12:56:19.912,True,-4.97399028055059,-3.0203550958590033,2.5334279048260835,35
2025-08-10 12:56:20.914,True,-4.97399028055059,-3.0203550958590033,2.5334279048260835,35
2025-08-10 12:56:21.917,True,-4.97399028055059,-3.0203550958590033,2.5334279048260835,35
2025-08-10 12:56:22.919,True,-4.97399028055059,-3.0203550958590033,2.5334279048260835,-93
2025-08-10 12:56:23.921,True,-4.97399028055059,-3.0203550958590033,2.5334279048260835,35
2025-08-10 12:56:24.923,True,-4.97399028055059,-3.0203550958590033,2.5334279048260835,35
2025-08-10 12:56:25.925,True,-4.97399028055059,-3.0203550958590033,2.5334279048260835,-93
2025-08-10 12:56:26.927,True,-4.97399028055059,-3.0203550958590033,2.5334279048260835,35
2025-08-10 12:56:27.929,True,-4.97399028055059,-3.0203550958590033,2.5334279048260835,35
2025-08-10 12:56:28.932,True,-4.97399028055059,-3.0203550958590033,2.5334279048260835,35
2025-08-10 12:56:29.934,True,-4.97399028055059,-3.0203550958590033,2.5334279048260835,-93
2025-08-10 12:56:30.936,True,-4.97399028055059,-3.0203550958590033,2.5334279048260835,-93
2025-08-10 12:56:31.938,True,-4.97399028055059,-3.0203550958590033,2.5334279048260835,-93
2025-08-10 12:56:32.940,True,-4.97399028055059,-3.0203550958590033,2.5334279048260835,-93
2025-08-10 12:56:33.942,True,-4.97399028055059,-3.0203550958590033,2.5334279048260835,-93
2025-08-10 12:56:34.944,True,-4.97399028055059,-3.0203550958590033,2.5334279048260835,35
2025-08-10 12:56:35.946,True,-4.97399028055059,-3.0203550958590033,2.5334279048260835,35
2025-08-10 12:56:36.949,True,-4.97399028055059,-3.0203550958590033,2.5334279048260835,-93
2025-08-10 12:56:37.951,True,-4.97399028055059,-3.0203550958590033,2.5334279048260835,35
2025-08-10 12:56:38.953,True,-4.97399028055059,-3.0203550958590033,2.5334279048260835,-93
2025-08-10 12:56:39.955,True,-4.97399028055059,-3.0203550958590033,2.5334279048260835,35
2025-08-10 12:56:40.957,True,-4.97399028055059,-3.0203550958590033,2.5334279048260835,35
2025-08-10 12:56:41.959,True,-4.97399028055059,-3.0203550958590033,2.5334279048260835,35
2025-08-10 12:56:42.962,True,-4.97399028055059,-3.0203550958590033,2.5334279048260835,35
2025-08-10 12:56:43.964,True,-4.97399028055059,-3.0203550958590033,2.5334279048260835,35
2025-08-10 12:56:44.966,True,-4.97399028055059,-3.0203550958590033,2.5334279048260835,35
2025-08-10 12:56:45.968,True,-4.97399028055059,-3.0203550958590033,2.5334279048260835,35
2025-08-10 12:56:46.970,True,-4.97399028055059,-3.0203550958590033,2.5334279048260835,35
2025-08-10 12:56:47.972,True,-4.97399028055059,-3.0203550958590033,2.5334279048260835,-93
2025-08-10 12:56:48.973,True,-4.97399028055059,-3.0203550958590033,2.5334279048260835,35
2025-08-10 12:56:49.975,True,-4.97399028055059,-3.0203550958590033,2.5334279048260835,35
2025-08-10 12:56:50.977,True,-4.97399028055059,-3.0203550958590033,2.5334279048260835,35
2025-08-10 12:56:51.979,True,-4.97399028055059,-3.0203550958590033,2.5334279048260835,-93
2025-08-10 12:56:52.981,True,-4.97399028055059,-3.0203550958590033,2.5334279048260835,-93
2025-08-10 12:56:53.983,True,-4.97399028055059,-3.0203550958590033,2.5334279048260835,-93
2025-08-10 12:56:54.984,True,-4.97399028055059,-3.0203550958590033,2.5334279048260835,-93
2025-08-10 12:56:55.986,True,-4.97399028055059,-3.0203550958590033,2.5334279048260835,-93
2025-08-10 12:56:56.988,True,-4.97399028055059,-3.0203550958590033,2.5334279048260835,35
2025-08-10 12:56:57.991,True,-4.97399028055059,-3.0203550958590033,2.5334279048260835,35
2025-08-10 12:56:33.062,True,0.0,0.0,0.0,0.0
2025-08-10 12:56:34.094,True,-2.6796980876145127,1.5313322772607296,-0.03581878078503406,-103
2025-08-10 12:56:35.096,True,-2.6796980876145127,1.5313322772607296,-0.03581878078503406,-102
2025-08-10 12:56:36.102,True,-2.6796980876145127,1.5313322772607296,-0.03581878078503406,-102
2025-08-10 12:56:37.105,True,-2.6796980876145127,1.5313322772607296,-0.03581878078503406,26
2025-08-10 12:56:38.112,True,-2.6796980876145127,1.5313322772607296,-0.03581878078503406,26
2025-08-10 12:56:39.144,True,-2.6796980876145127,1.5313322772607296,-0.03581878078503406,-102
2025-08-10 12:56:40.149,True,-2.6796980876145127,1.5313322772607296,-0.03581878078503406,-102
2025-08-10 12:56:41.152,True,-2.6796980876145127,1.5313322772607296,-0.03581878078503406,-102
2025-08-10 12:56:42.154,True,-2.6796980876145127,1.5313322772607296,-0.03581878078503406,-102
2025-08-10 12:56:43.155,True,-2.6796980876145127,1.5313322772607296,-0.03581878078503406,-102
2025-08-10 12:56:44.157,True,2.6816586111058056,-1.5324545369288334,-0.03581878078503406,-102
2025-08-10 12:56:47.482,True,-2.6796980876145127,1.5313322772607296,-0.03581878078503406,-102
2025-08-10 12:56:48.485,True,-2.6796980876145127,1.5313322772607296,-0.03581878078503406,-102
2025-08-10 12:56:49.488,True,-2.6796980876145127,1.5313322772607296,-0.03581878078503406,-102
2025-08-10 12:56:50.490,True,-2.6796980876145127,1.5313322772607296,-0.03581878078503406,26
2025-08-10 12:56:51.492,True,-2.6796980876145127,1.5313322772607296,-0.03581878078503406,-102
2025-08-10 12:56:52.494,True,-2.6796980876145127,1.5313322772607296,-0.03581878078503406,-102
2025-08-10 12:56:53.728,True,-2.6796980876145127,1.5313322772607296,-0.03581878078503406,-102
2025-08-10 12:56:54.730,True,-2.6796980876145127,1.5313322772607296,-0.03581878078503406,-102
2025-08-11 12:48:10.810,True,-2.6796980876145127,1.5313322772607296,-0.03581878078503406,26
2025-08-11 12:48:11.814,True,-2.6796980876145127,1.5313322772607296,-0.03581878078503406,-102
2025-08-11 12:48:12.816,True,-2.6796980876145127,1.5313322772607296,-0.03581878078503406,-102
2025-08-11 12:48:19.304,True,-2.6796980876145127,1.5313322772607296,-0.03581878078503406,-101
2025-08-11 12:48:20.405,True,-2.6796980876145127,1.5313322772607296,-0.03581878078503406,-101
2025-08-11 15:16:04.760,True,0.0,0.0,0.0,0.0
2025-08-11 15:16:07.315,True,-1.6649170747800512,1.2378277381857983,-0.01798723228629955,-101
2025-08-11 15:16:08.318,True,-1.6649170747800512,1.2378277381857983,-0.01798723228629955,27
2025-08-11 15:16:09.322,True,-1.6649170747800512,1.2378277381857983,-0.01798723228629955,27
2025-08-11 15:16:10.325,True,-1.6649170747800512,1.2378277381857983,-0.01798723228629955,27
2025-08-11 15:16:12.723,True,1.280660488460719e-06,4.2688682312579694e-07,1.280660488460719e-06,27
2025-08-11 15:16:13.725,True,-1.6649170747800512,1.2378277381857983,-0.01798723228629955,27
2025-08-11 15:16:14.727,True,-1.6649170747800512,1.2378277381857983,-0.01798723228629955,27
2025-08-11 15:16:15.729,True,-1.6649170747800512,1.2378277381857983,-0.01798723228629955,27
2025-08-11 15:16:18.773,True,-1.6649170747800512,1.2378277381857983,-0.01798723228629955,27
2025-08-11 15:16:19.776,True,-1.6649170747800512,1.2378277381857983,-0.01798723228629955,27
2025-08-11 15:16:20.779,True,-1.6649170747800512,1.2378277381857983,-0.01798723228629955,27
2025-08-11 15:16:23.907,True,-1.6649170747800512,1.2378277381857983,-0.01798723228629955,27
2025-08-11 15:16:24.909,True,-1.6649170747800512,1.2378277381857983,-0.01798723228629955,27
2025-08-11 15:16:26.621,True,-1.6649170747800512,1.2378277381857983,-0.01798723228629955,-101
2025-08-11 15:16:27.623,True,-1.6649170747800512,1.2378277381857983,-0.01798723228629955,27
2025-08-11 15:16:28.625,True,-1.6649170747800512,1.2378277381857983,-0.01798723228629955,27
2025-08-11 15:16:29.626,True,-1.6649170747800512,1.2378277381857983,-0.01798723228629955,-101
2025-08-11 15:16:30.628,True,-1.6649170747800512,1.2378277381857983,-0.01798723228629955,27
2025-08-11 15:16:31.632,True,-1.6649170747800512,1.2378277381857983,-0.01798723228629955,27
2025-08-11 15:16:36.148,True,-1.6649170747800512,1.2378277381857983,-0.01798723228629955,27
2025-08-11 15:16:37.151,True,-1.6649170747800512,1.2378277381857983,-0.01798723228629955,-101
2025-08-11 15:16:38.157,True,-1.6649170747800512,1.2378277381857983,-0.01798723228629955,-101
2025-08-11 15:16:39.181,True,-1.6649170747800512,1.2378277381857983,-0.01798723228629955,-101
2025-08-11 15:16:40.217,True,-1.6649170747800512,1.2378277381857983,-0.01798723228629955,-101
2025-08-11 15:16:41.219,True,-1.6649170747800512,1.2378277381857983,-0.01798723228629955,-101
2025-08-11 15:16:42.221,True,-1.6649170747800512,1.2378277381857983,-0.01798723228629955,-101
2025-08-11 15:16:46.022,True,-1.6649170747800512,1.2378277381857983,-0.01798723228629955,-101
2025-08-11 15:16:47.036,True,-1.6649170747800512,1.2378277381857983,-0.01798723228629955,27
2025-08-11 15:16:48.040,True,-1.6649170747800512,1.2378277381857983,-0.01798723228629955,-101
2025-08-11 15:16:50.088,True,-1.6649170747800512,1.2378277381857983,-0.01798723228629955,-101
2025-08-11 15:16:51.375,True,-1.6649170747800512,1.2378277381857983,-0.01798723228629955,28
2025-08-11 15:16:52.380,True,-1.6649170747800512,1.2378277381857983,-0.01798723228629955,28
2025-08-11 15:16:55.751,True,-1.6649170747800512,1.2378277381857983,-0.01798723228629955,27
2025-08-11 15:16:56.756,True,-1.6649170747800512,1.2378277381857983,-0.01798723228629955,27
2025-08-11 15:16:57.760,True,-1.6649170747800512,1.2378277381857983,-0.01798723228629955,-101
2025-08-11 15:16:58.765,True,-1.6649170747800512,1.2378277381857983,-0.01798723228629955,28
2025-08-11 15:17:00.747,True,-1.6649170747800512,1.2378277381857983,-0.01798723228629955,-101
2025-08-11 15:17:01.753,True,-1.6649170747800512,1.2378277381857983,-0.01798723228629955,-101
2025-08-11 15:17:02.756,True,-1.6649170747800512,1.2378277381857983,-0.01798723228629955,-100
2025-08-11 15:17:03.792,True,-1.6649170747800512,1.2378277381857983,-0.01798723228629955,-100
2025-08-11 15:17:04.841,True,-1.6649170747800512,1.2378277381857983,-0.01798723228629955,28
2025-08-11 15:17:06.215,True,-1.6649170747800512,1.2378277381857983,-0.01798723228629955,-100
2025-08-11 15:17:07.251,True,-1.6649170747800512,1.2378277381857983,-0.01798723228629955,28
2025-08-11 15:17:08.298,True,-1.6649170747800512,1.2378277381857983,-0.01798723228629955,28
2025-08-11 15:17:09.300,True,-1.6649170747800512,1.2378277381857983,-0.01798723228629955,28
2025-08-11 15:17:10.470,True,-1.6649170747800512,1.2378277381857983,-0.01798723228629955,-114
2025-08-11 15:17:11.479,True,-1.6649170747800512,1.2378277381857983,-0.01798723228629955,-100
2025-08-11 15:17:12.483,True,-1.6649170747800512,1.2378277381857983,-0.01798723228629955,28
2025-08-11 15:17:13.484,True,-1.6649170747800512,1.2378277381857983,-0.01798723228629955,28
2025-08-11 15:17:19.952,True,-1.6649170747800512,1.2378277381857983,-0.01798723228629955,28
2025-08-11 15:17:20.955,True,-1.6649170747800512,1.2378277381857983,-0.01798723228629955,28
2025-08-11 15:17:21.991,True,-1.6649170747800512,1.2378277381857983,-0.01798723228629955,-100
2025-08-11 15:17:23.937,True,-1.6649170747800512,1.2378277381857983,-0.01798723228629955,28
2025-08-11 15:17:24.940,True,-1.6649170747800512,1.2378277381857983,-0.01798723228629955,-100
2025-08-11 15:17:25.944,True,-1.6649170747800512,1.2378277381857983,-0.01798723228629955,28
                                                                                                                                                                                                                                                                                    2025-08-11 15:19:31.780,True,0.0,0.0,0.0,0.0
2025-08-11 15:19:33.757,True,-1.6718927662876548,1.2028556402086568,-0.017552331825555066,-101
2025-08-11 15:19:34.760,True,-1.6718927662876548,1.2028556402086568,-0.017552331825555066,27
2025-08-11 15:19:35.763,True,-1.6718927662876548,1.2028556402086568,-0.017552331825555066,-100
2025-08-11 15:19:36.765,True,-1.6718927662876548,1.2028556402086568,-0.017552331825555066,-100
2025-08-11 15:19:37.767,True,-1.6718927662876548,1.2028556402086568,-0.017552331825555066,28
2025-08-11 15:19:40.500,True,-1.6718927662876548,1.2028556402086568,-0.017552331825555066,-100
2025-08-11 15:19:41.503,True,-1.6718927662876548,1.2028556402086568,-0.017552331825555066,-100
2025-08-11 15:19:42.506,True,-1.6718927662876548,1.2028556402086568,-0.017552331825555066,-100
2025-08-11 15:19:43.508,True,-1.6718927662876548,1.2028556402086568,-0.017552331825555066,-100
2025-08-11 15:19:44.872,True,-1.6718927662876548,1.2028556402086568,-0.017552331825555066,-100
2025-08-11 15:19:45.874,True,-1.6718927662876548,1.2028556402086568,-0.017552331825555066,-100
2025-08-11 15:19:46.877,True,-1.6718927662876548,1.2028556402086568,-0.017552331825555066,-100
2025-08-11 15:19:47.878,True,-1.6718927662876548,1.2028556402086568,-0.017552331825555066,28
2025-08-11 15:19:49.392,True,-1.6718927662876548,1.2028556402086568,-0.017552331825555066,-100
2025-08-11 15:19:50.394,True,-1.6718927662876548,1.2028556402086568,-0.017552331825555066,-100
2025-08-11 15:19:51.396,True,-1.6718927662876548,1.2028556402086568,-0.017552331825555066,-100
2025-08-11 15:19:52.399,True,-1.6718927662876548,1.2028556402086568,-0.017552331825555066,28
2025-08-11 15:19:53.401,True,-1.6718927662876548,1.2028556402086568,-0.017552331825555066,-100
2025-08-11 15:19:59.095,True,-1.6718927662876548,1.2028556402086568,-0.017552331825555066,-100
2025-08-11 15:20:00.097,True,-1.6718927662876548,1.2028556402086568,-0.017552331825555066,-100
2025-08-11 15:20:01.099,True,-1.6718927662876548,1.2028556402086568,-0.017552331825555066,28
2025-08-11 15:20:02.101,True,-1.6718927662876548,1.2028556402086568,-0.017552331825555066,-100
2025-08-11 15:20:04.980,True,-1.6718927662876548,1.2028556402086568,-0.017552331825555066,28
2025-08-11 15:20:05.985,True,-1.6718970641533295,1.2098500235307617,-0.017654425649786518,-100
2025-08-11 15:20:06.988,True,-1.6788987871847512,1.2168444248851535,-0.017830815322608103,28
2025-08-11 15:20:07.991,True,-1.6788987871847512,1.2168444248851535,-0.017830815322608103,-100
2025-08-11 15:20:12.833,True,-1.6788987871847512,1.2168444248851535,-0.017830815322608103,-114
2025-08-11 15:20:13.837,True,-1.6788987871847512,1.2168444248851535,-0.017830815322608103,-100
2025-08-11 15:20:14.945,True,-1.6788987871847512,1.2168444248851535,-0.017830815322608103,-100
2025-08-11 15:20:16.076,True,-1.6788987871847512,1.2168444248851535,-0.017830815322608103,-100
2025-08-11 15:20:17.081,True,-1.6788987871847512,1.2168444248851535,-0.017830815322608103,28
2025-08-11 15:20:18.083,True,-1.6788987871847512,1.2168444248851535,-0.017830815322608103,28
2025-08-11 15:20:19.086,True,-1.6788987871847512,1.2168444248851535,-0.017830815322608103,-100
2025-08-11 15:20:20.088,True,-1.6788987871847512,1.2168444248851535,-0.017830815322608103,28
2025-08-11 15:20:21.090,True,-1.6788987871847512,1.2168444248851535,-0.017830815322608103,28
2025-08-11 15:20:22.093,True,-1.6788987871847512,1.2168444248851535,-0.017830815322608103,-100
2025-08-11 15:20:23.095,True,-1.6788987871847512,1.2168444248851535,-0.017830815322608103,28
2025-08-11 15:20:24.098,True,-1.6788987871847512,1.2168444248851535,-0.017830815322608103,28
2025-08-11 15:20:25.101,True,-1.6788987871847512,1.2168444248851535,-0.017830815322608103,28
2025-08-11 15:20:27.626,True,-1.6788987871847512,1.2168444248851535,-0.017830815322608103,-114
2025-08-11 15:20:28.630,True,-1.6788987871847512,1.2168444248851535,-0.017830815322608103,28
2025-08-11 15:20:29.643,True,-1.6788987871847512,1.2168444248851535,-0.017830815322608103,-100
2025-08-11 15:20:33.184,True,-1.6789031531170806,1.2238388443762058,-0.01793333790779153,-100
2025-08-11 15:20:34.187,True,-1.6789031531170806,1.2238388443762058,-0.01793333790779153,-100
2025-08-11 15:20:35.192,True,-1.6789031531170806,1.2238388443762058,-0.01793333790779153,-100
2025-08-11 15:20:36.458,True,-1.6789031531170806,1.2238388443762058,-0.01793333790779153,-100
2025-08-11 15:20:38.109,True,-1.6789031531170806,1.2238388443762058,-0.01793333790779153,28
2025-08-11 15:20:39.464,True,-1.6789031531170806,1.2238388443762058,-0.01793333790779153,-100
2025-08-11 15:20:40.470,True,-1.6789031531170806,1.2238388443762058,-0.01793333790779153,-100
2025-08-11 15:20:41.493,True,-1.6789031531170806,1.2238388443762058,-0.01793333790779153,-100
2025-08-11 15:20:42.497,True,-1.6789031531170806,1.2238388443762058,-0.01793333790779153,28
2025-08-11 15:20:47.629,True,-1.6789031531170806,1.2238388443762058,-0.01793333790779153,-100
2025-08-11 15:20:48.642,True,-1.6789031531170806,1.2238388443762058,-0.01793333790779153,-100
2025-08-11 15:20:49.672,True,-1.6789031531170806,1.2238388443762058,-0.01793333790779153,-100
2025-08-11 15:20:50.691,True,-1.6789031531170806,1.2238388443762058,-0.01793333790779153,28
2025-08-11 15:20:51.768,True,-1.6789031531170806,1.2238388443762058,-0.01793333790779153,-100
2025-08-11 15:20:52.770,True,-1.6789031531170806,1.2238388443762058,-0.01793333790779153,28
2025-08-11 15:20:54.572,True,-1.6789031531170806,1.2238388443762058,-0.01793333790779153,-114
2025-08-11 15:20:55.576,True,-1.6789031531170806,1.2238388443762058,-0.01793333790779153,28
2025-08-11 15:20:56.580,True,-1.6789031531170806,1.2238388443762058,-0.01793333790779153,28
2025-08-11 15:20:57.583,True,-1.6789031531170806,1.2238388443762058,-0.01793333790779153,-100
2025-08-11 15:20:59.796,True,-1.6789031531170806,1.2238388443762058,-0.01793333790779153,-100
2025-08-11 15:21:00.832,True,-1.6789031531170806,1.2238388443762058,-0.01793333790779153,28
2025-08-11 15:21:01.873,True,-1.6789031531170806,1.2238388443762058,-0.01793333790779153,-100
2025-08-11 15:21:02.885,True,-1.6789031531170806,1.2238388443762058,-0.01793333790779153,-100
2025-08-11 15:21:06.084,True,-1.6789031531170806,1.2238388443762058,-0.01793333790779153,-100
2025-08-11 15:21:07.105,True,-1.6789031531170806,1.2238388443762058,-0.01793333790779153,-100
2025-08-11 15:21:09.979,True,-1.6789031531170806,1.2238388443762058,-0.01793333790779153,-100
2025-08-11 15:21:10.991,True,-1.6789031531170806,1.2238388443762058,-0.01793333790779153,28
2025-08-11 15:21:12.004,True,-1.6789031531170806,1.2238388443762058,-0.01793333790779153,28
2025-08-11 15:21:13.008,True,-1.6789031531170806,1.2238388443762058,-0.01793333790779153,28
2025-08-11 15:21:14.393,True,-1.6789031531170806,1.2238388443762058,-0.01793333790779153,-100
2025-08-11 15:21:15.396,True,-1.6789031531170806,1.2238388443762058,-0.01793333790779153,28
2025-08-11 15:21:16.413,True,-1.6789031531170806,1.2238388443762058,-0.01793333790779153,-100
2025-08-11 15:21:17.416,True,-1.6789031531170806,1.2238388443762058,-0.01793333790779153,-100
2025-08-11 15:21:18.420,True,-1.6789031531170806,1.2238388443762058,-0.01793333790779153,-100
2025-08-11 15:21:26.511,True,-1.6789031531170806,1.2238388443762058,-0.01793333790779153,28
2025-08-11 15:21:27.513,True,-1.6789031531170806,1.2238388443762058,-0.01793333790779153,-100
2025-08-11 15:21:28.516,True,-1.6789031531170806,1.2238388443762058,-0.01793333790779153,28
2025-08-11 15:21:34.733,True,-1.6789031531170806,1.2238388443762058,-0.01793333790779153,28
2025-08-11 15:21:39.569,True,-1.6789031531170806,1.2238388443762058,-0.01793333790779153,-100
2025-08-11 15:21:42.361,True,-1.6789031531170806,1.2238388443762058,-0.01793333790779153,28
2025-08-11 15:21:44.137,True,-1.6789031531170806,1.2238388443762058,-0.01793333790779153,28
2025-08-11 15:21:45.161,True,-1.6789031531170806,1.2238388443762058,-0.01793333790779153,-100
2025-08-11 15:21:47.222,True,-1.6789031531170806,1.2238388443762058,-0.01793333790779153,28
2025-08-11 15:21:48.228,True,-1.6789031531170806,1.2238388443762058,-0.01793333790779153,28
2025-08-11 15:21:49.230,True,-1.6789031531170806,1.2238388443762058,-0.01793333790779153,-100
2025-08-11 15:21:50.233,True,-1.6788987871847512,1.2168444248851535,-0.017830815322608103,28
2025-08-11 15:21:51.235,True,-1.6788987871847512,1.2168444248851535,-0.017830815322608103,-100
2025-08-11 15:21:53.112,True,-1.6858501774593284,1.2659086528757826,-0.011631236039489309,28
2025-08-11 15:21:54.123,True,-1.712185608060703,1.3170695226549236,0.1342155019949708,-100
2025-08-11 15:21:55.133,True,-1.7127640616701576,1.2838295289736754,0.7153330347645703,-100
2025-08-11 15:21:56.157,True,-1.7092823630629612,1.2744903329955122,1.0302687834331292,28
2025-08-11 15:21:57.164,True,-1.743795241543747,1.3307642926719707,1.0290498656795117,-100
2025-08-11 15:21:58.173,True,-1.6988184454366322,1.3296113875613225,1.911122436019653,-100
2025-08-11 15:21:59.210,True,-1.735297394076558,1.4571346022009037,1.0622426173419406,28
2025-08-11 15:22:00.225,True,-1.735353345318094,1.4709104680720209,1.048043800474728,28
2025-08-11 15:22:01.228,True,-1.742171731254225,1.4919600360913563,1.0476433098765412,-100
2025-08-11 15:22:02.231,True,-1.7419923654397786,1.5129444690676324,1.0473317607454986,28
2025-08-11 15:22:03.256,True,-1.7418729161221576,1.5269342036506286,1.0471241360404655,28
2025-08-11 15:22:04.338,True,-1.7418729161221576,1.5269342036506286,1.0471241360404655,28
2025-08-11 15:22:05.444,True,-1.7418729161221576,1.5269342036506286,1.0471241360404655,-100
2025-08-11 15:22:06.447,True,-1.7418729161221576,1.5269342036506286,1.0471241360404655,28
2025-08-11 15:22:07.462,True,-1.7418729161221576,1.5269342036506286,1.0471241360404655,-100
2025-08-11 15:22:08.845,True,-1.7418729161221576,1.5269342036506286,1.0471241360404655,-100
2025-08-11 15:22:09.852,True,-1.7418729161221576,1.5269342036506286,1.0471241360404655,-100
2025-08-11 15:22:11.195,True,-1.7418729161221576,1.5269342036506286,1.0471241360404655,28
2025-08-11 15:22:19.311,True,-1.7418729161221576,1.5269342036506286,1.0471241360404655,28
2025-08-11 15:22:20.313,True,-1.7418729161221576,1.5269342036506286,1.0471241360404655,-100
2025-08-11 15:22:22.262,True,-1.7418729161221576,1.5269342036506286,1.0471241360404655,-100
2025-08-11 15:22:23.265,True,-1.7418729161221576,1.5269342036506286,1.0471241360404655,28
2025-08-11 15:22:24.268,True,-1.7418729161221576,1.5269342036506286,1.0471241360404655,28
2025-08-11 15:22:25.271,True,-1.7418729161221576,1.5269342036506286,1.0471241360404655,28
2025-08-11 15:22:26.274,True,-1.7418729161221576,1.5269342036506286,1.0471241360404655,-100
2025-08-11 15:22:27.277,True,-1.7418729161221576,1.5269342036506286,1.0471241360404655,28
2025-08-11 15:22:28.281,True,-1.7418729161221576,1.5269342036506286,1.0471241360404655,28
2025-08-11 15:22:29.285,True,-1.7418729161221576,1.5269342036506286,1.0471241360404655,28
2025-08-11 15:22:30.287,True,-1.7418729161221576,1.5269342036506286,1.0471241360404655,-100
2025-08-11 15:22:31.292,True,-1.7418729161221576,1.5269342036506286,1.0471241360404655,-100
2025-08-11 15:22:32.294,True,-1.7418729161221576,1.5269342036506286,1.0471241360404655,28
2025-08-11 15:22:33.300,True,-1.7418729161221576,1.5269342036506286,1.0471241360404655,28
2025-08-11 15:22:34.306,True,-1.7418729161221576,1.5269342036506286,1.0471241360404655,-100
2025-08-11 15:22:35.308,True,-1.7418729161221576,1.5269342036506286,1.0471241360404655,28
2025-08-11 15:22:36.313,True,-1.7418729161221576,1.5269342036506286,1.0471241360404655,28
2025-08-11 15:22:37.315,True,-1.7418729161221576,1.5269342036506286,1.0471241360404655,-100
2025-08-11 15:22:38.317,True,-1.7418729161221576,1.5269342036506286,1.0471241360404655,28
2025-08-11 15:22:39.320,True,-1.7418729161221576,1.5269342036506286,1.0471241360404655,-100
2025-08-11 15:22:40.323,True,-1.7418729161221576,1.5269342036506286,1.0471241360404655,-100
2025-08-11 15:22:41.329,True,-1.7418729161221576,1.5269342036506286,1.0471241360404655,28
2025-08-11 15:22:42.332,True,-1.7418729161221576,1.5269342036506286,1.0471241360404655,28
2025-08-11 15:22:43.334,True,-1.7418729161221576,1.5269342036506286,1.0471241360404655,28
2025-08-11 15:22:47.505,True,-1.7418729161221576,1.5269342036506286,1.0471241360404655,28
2025-08-11 15:22:48.508,True,-1.7418729161221576,1.5269342036506286,1.0471241360404655,28
2025-08-11 15:22:49.510,True,-1.7418729161221576,1.5269342036506286,1.0471241360404655,28
                                                                                                                                                                                                                                                                                   2025-08-11 16:04:46.927,True,0.0,0.0,0.0,0.0
2025-08-11 16:04:48.156,True,-2.7570084350482835,1.8529712464349886,-0.044594576844071095,-100
2025-08-11 16:04:49.159,True,-2.7570084350482835,1.8529712464349886,-0.044594576844071095,-100
2025-08-11 16:04:50.160,True,-2.7570084350482835,1.8529712464349886,-0.044594576844071095,-100
2025-08-11 16:04:51.162,True,-2.7570084350482835,1.8529712464349886,-0.044594576844071095,-100
2025-08-11 16:04:52.164,True,-2.7570084350482835,1.8529712464349886,-0.044594576844071095,-100
2025-08-11 16:04:53.165,True,-2.7570084350482835,1.8529712464349886,-0.044594576844071095,-100
2025-08-11 16:04:54.167,True,-2.7570084350482835,1.8529712464349886,-0.044594576844071095,-100
2025-08-11 16:04:55.887,True,-2.7570084350482835,1.8529712464349886,-0.044594576844071095,-100
2025-08-11 16:04:56.889,True,-2.7570084350482835,1.8529712464349886,-0.044594576844071095,-100
2025-08-11 16:05:03.530,True,-2.7570084350482835,1.8529712464349886,-0.044594576844071095,-100
2025-08-11 16:05:04.534,True,-2.7570084350482835,1.8529712464349886,-0.044594576844071095,-100
2025-08-11 16:05:05.535,True,-2.7570084350482835,1.8529712464349886,-0.044594576844071095,-100
2025-08-11 16:05:06.538,True,-2.7570084350482835,1.8529712464349886,-0.044594576844071095,28
2025-08-11 16:05:07.541,True,-2.7570084350482835,1.8529712464349886,-0.044594576844071095,28
2025-08-11 16:05:08.544,True,-2.7570084350482835,1.8529712464349886,-0.044594576844071095,28
2025-08-11 16:05:09.545,True,-2.7570084350482835,1.8529712464349886,-0.044594576844071095,-99
2025-08-11 16:05:10.547,True,-2.7500055798646925,1.8529712464349886,-0.044481392684419446,-100
2025-08-11 16:05:11.549,True,-2.79202332834336,1.8529712464349886,-0.04516049763709097,-99
2025-08-11 16:05:12.551,True,-2.79202332834336,1.8529712464349886,-0.04516049763709097,-99
2025-08-11 16:05:13.553,True,-2.79202332834336,1.8529712464349886,-0.04516049763709097,29
2025-08-11 16:05:15.639,True,-2.79202332834336,1.8529712464349886,-0.04516049763709097,-99
2025-08-11 16:05:16.641,True,-2.79202332834336,1.8529712464349886,-0.04516049763709097,29
2025-08-11 16:05:17.643,True,-2.79202332834336,1.8529712464349886,-0.04516049763709097,29
2025-08-11 16:05:18.645,True,-2.79202332834336,1.8529712464349886,-0.04516049763709097,29
2025-08-11 16:05:20.832,True,-2.79202332834336,1.8529712464349886,-0.04516049763709097,29
2025-08-11 16:05:21.834,True,-2.79202332834336,1.8529712464349886,-0.04516049763709097,29
                                                                                                                                                                                                                                                                                                                                                                                                                                                                                                                                                                                                                                                                                                                                                                                                                                                                                                                                                                                                                                                                                                                                                                                                                                                                                                                                                                                                                                                                                                                        2025-08-13 07:56:07.013,True,0.0,0.0,0.0,0.0
2025-08-13 07:56:10.931,True,-2.1266428413071186,1.195788261265868,-0.022196119203656075,25
2025-08-13 07:56:11.933,True,-2.1266428413071186,1.195788261265868,-0.022196119203656075,25
2025-08-13 07:56:12.935,True,-2.1266428413071186,1.195788261265868,-0.022196119203656075,25
2025-08-13 07:56:13.937,True,-2.1266428413071186,1.195788261265868,-0.022196119203656075,-103
2025-08-13 07:56:14.969,True,-2.1266428413071186,1.195788261265868,-0.022196119203656075,-103
2025-08-13 07:56:15.972,True,-2.1266428413071186,1.195788261265868,-0.022196119203656075,25
2025-08-13 07:56:20.300,True,-2.1266428413071186,1.195788261265868,-0.022196119203656075,25
2025-08-13 07:56:21.303,True,-2.1266428413071186,1.195788261265868,-0.022196119203656075,25
2025-08-13 07:56:29.110,True,-2.1266428413071186,1.195788261265868,-0.022196119203656075,25
2025-08-13 07:56:30.112,True,-2.1266428413071186,1.195788261265868,-0.022196119203656075,-103
2025-08-13 07:56:31.114,True,2.127680540329472,-1.196372369709055,-0.022196119203656075,-103
2025-08-13 07:56:32.116,True,-2.1266428413071186,1.195788261265868,-0.022196119203656075,-103
2025-08-13 07:56:33.119,True,-2.1266428413071186,1.195788261265868,-0.022196119203656075,-116
2025-08-13 07:56:34.120,True,-2.1266428413071186,1.195788261265868,-0.022196119203656075,-103
2025-08-13 07:56:35.123,True,-2.1266428413071186,1.195788261265868,-0.022196119203656075,25
2025-08-13 07:56:36.125,True,-2.1266428413071186,1.195788261265868,-0.022196119203656075,-103
2025-08-13 07:56:37.128,True,-2.1266428413071186,1.195788261265868,-0.022196119203656075,-103
2025-08-13 07:56:41.371,True,-2.1266428413071186,1.195788261265868,-0.022196119203656075,25
2025-08-13 07:56:42.373,True,-2.1266428413071186,1.195788261265868,-0.022196119203656075,-103
2025-08-13 07:56:44.479,True,-2.1266428413071186,1.195788261265868,-0.022196119203656075,-103
2025-08-13 07:56:45.481,True,-2.1266428413071186,1.195788261265868,-0.022196119203656075,-103
2025-08-13 07:56:54.450,True,-2.1266428413071186,1.195788261265868,-0.022196119203656075,25
2025-08-13 07:56:55.452,True,-2.1266428413071186,1.195788261265868,-0.022196119203656075,-103
2025-08-13 07:56:56.454,True,-2.1266428413071186,1.195788261265868,-0.022196119203656075,-103
2025-08-13 07:56:57.993,True,-2.1266428413071186,1.195788261265868,-0.022196119203656075,-103
2025-08-13 07:57:03.813,True,-2.1266428413071186,1.195788261265868,-0.022196119203656075,25
2025-08-13 07:57:04.833,True,-2.1266428413071186,1.195788261265868,-0.022196119203656075,-103
2025-08-13 07:57:05.836,True,-2.1266428413071186,1.195788261265868,-0.022196119203656075,25
2025-08-13 07:57:06.844,True,-2.1266428413071186,1.195788261265868,-0.022196119203656075,-103
2025-08-13 07:57:07.847,True,-2.1266428413071186,1.195788261265868,-0.022196119203656075,25
2025-08-13 07:57:08.850,True,-2.1266428413071186,1.195788261265868,-0.022196119203656075,25
2025-08-13 07:57:09.854,True,-2.1266428413071186,1.195788261265868,-0.022196119203656075,25
2025-08-13 07:57:11.019,True,-2.1266428413071186,1.195788261265868,-0.022196119203656075,25
2025-08-13 07:57:12.024,True,-2.1266428413071186,1.195788261265868,-0.022196119203656075,25
2025-08-13 07:57:13.027,True,-2.1266428413071186,1.195788261265868,-0.022196119203656075,-103
2025-08-13 07:57:14.030,True,-2.1266428413071186,1.195788261265868,-0.022196119203656075,-103
2025-08-13 07:57:15.040,True,-2.1266428413071186,1.195788261265868,-0.022196119203656075,-103
2025-08-13 07:57:16.063,True,-2.1266428413071186,1.195788261265868,-0.022196119203656075,26
2025-08-13 07:57:21.152,True,-2.1266428413071186,1.195788261265868,-0.022196119203656075,-103
2025-08-13 07:57:22.980,True,-2.1266428413071186,1.195788261265868,-0.022196119203656075,-102
2025-08-13 07:57:23.987,True,-2.1266428413071186,1.195788261265868,-0.022196119203656075,-102
2025-08-13 07:57:24.989,True,-2.1266428413071186,1.195788261265868,-0.022196119203656075,26
2025-08-13 07:57:25.998,True,-2.1266428413071186,1.195788261265868,-0.022196119203656075,-102
2025-08-13 07:57:27.007,True,-2.1266428413071186,1.195788261265868,-0.022196119203656075,-102
2025-08-13 07:57:29.901,True,-2.1266428413071186,1.195788261265868,-0.022196119203656075,26
2025-08-13 07:57:31.091,True,-2.1266428413071186,1.195788261265868,-0.022196119203656075,26
2025-08-13 07:57:32.093,True,-2.1266428413071186,1.195788261265868,-0.022196119203656075,-115
2025-08-13 07:57:36.614,True,-2.1266428413071186,1.195788261265868,-0.022196119203656075,-102
2025-08-13 07:57:37.785,True,-2.1266428413071186,1.195788261265868,-0.022196119203656075,-102
2025-08-13 07:57:38.787,True,-2.1266428413071186,1.195788261265868,-0.022196119203656075,-102
2025-08-13 07:57:39.877,True,-2.1266428413071186,1.195788261265868,-0.022196119203656075,26
2025-08-13 07:57:44.441,True,-2.1266428413071186,1.195788261265868,-0.022196119203656075,26
2025-08-13 07:57:48.658,True,-2.1266428413071186,1.195788261265868,-0.022196119203656075,-102
2025-08-13 07:57:49.666,True,-2.1266428413071186,1.195788261265868,-0.022196119203656075,-102
2025-08-13 07:57:50.671,True,-2.1266428413071186,1.195788261265868,-0.022196119203656075,-102
2025-08-13 07:57:51.674,True,-2.1266428413071186,1.195788261265868,-0.022196119203656075,-102
2025-08-13 07:57:52.678,True,-2.1266428413071186,1.195788261265868,-0.022196119203656075,26
2025-08-13 07:57:53.682,True,-2.1266428413071186,1.195788261265868,-0.022196119203656075,-102
2025-08-13 07:57:54.684,True,-2.1266428413071186,1.195788261265868,-0.022196119203656075,-102
2025-08-13 07:57:55.687,True,-2.1266428413071186,1.195788261265868,-0.022196119203656075,26
2025-08-13 07:57:56.690,True,-2.1266428413071186,1.195788261265868,-0.022196119203656075,-102
2025-08-13 07:57:57.702,True,-2.1266428413071186,1.195788261265868,-0.022196119203656075,-102
2025-08-13 07:57:58.704,True,-2.1266428413071186,1.195788261265868,-0.022196119203656075,26
2025-08-13 07:57:59.708,True,-2.1266428413071186,1.195788261265868,-0.022196119203656075,-102
2025-08-13 07:58:00.712,True,-2.1266428413071186,1.195788261265868,-0.022196119203656075,-102
2025-08-13 07:58:01.714,True,-2.1266428413071186,1.195788261265868,-0.022196119203656075,26
2025-08-13 07:58:02.716,True,-2.1266428413071186,1.195788261265868,-0.022196119203656075,26
2025-08-13 07:58:03.717,True,-2.1266428413071186,1.195788261265868,-0.022196119203656075,-102
2025-08-13 07:58:04.719,True,-2.1266428413071186,1.195788261265868,-0.022196119203656075,26
2025-08-13 07:58:05.721,True,-2.1266428413071186,1.195788261265868,-0.022196119203656075,26
2025-08-13 07:58:06.724,True,-2.1266428413071186,1.195788261265868,-0.022196119203656075,-102
2025-08-13 07:58:07.726,True,-2.1266428413071186,1.195788261265868,-0.022196119203656075,-102
2025-08-13 07:58:08.728,True,-2.1266428413071186,1.195788261265868,-0.022196119203656075,26
2025-08-13 07:58:09.733,True,-2.1266428413071186,1.195788261265868,-0.022196119203656075,-102
2025-08-13 07:58:10.735,True,-2.1266428413071186,1.195788261265868,-0.022196119203656075,-102
2025-08-13 07:58:11.737,True,-2.1266428413071186,1.195788261265868,-0.022196119203656075,26
2025-08-13 07:58:12.739,True,-2.1266428413071186,1.195788261265868,-0.022196119203656075,-102
2025-08-13 07:58:13.741,True,-2.1266428413071186,1.195788261265868,-0.022196119203656075,-102
2025-08-13 07:58:14.744,True,-2.1266428413071186,1.195788261265868,-0.022196119203656075,-102
2025-08-13 07:58:15.746,True,-2.1266428413071186,1.195788261265868,-0.022196119203656075,26
2025-08-13 07:58:16.749,True,-2.1266428413071186,1.195788261265868,-0.022196119203656075,26
2025-08-13 07:58:17.755,True,-2.1266428413071186,1.195788261265868,-0.022196119203656075,-102
2025-08-13 07:58:18.758,True,-2.1266428413071186,1.195788261265868,-0.022196119203656075,-102
2025-08-13 07:58:19.760,True,-2.1266428413071186,1.195788261265868,-0.022196119203656075,26
2025-08-13 07:58:20.762,True,-2.1266428413071186,1.195788261265868,-0.022196119203656075,26
2025-08-13 07:58:21.767,True,-2.1266428413071186,1.195788261265868,-0.022196119203656075,26
2025-08-13 07:58:22.774,True,-2.1266428413071186,1.195788261265868,-0.022196119203656075,26
2025-08-13 07:58:23.776,True,-2.1266428413071186,1.195788261265868,-0.022196119203656075,26
2025-08-13 07:58:24.780,True,-2.1266428413071186,1.195788261265868,-0.022196119203656075,-102
2025-08-13 07:58:25.782,True,-2.1266428413071186,1.195788261265868,-0.022196119203656075,26
2025-08-13 07:58:26.784,True,-2.1266428413071186,1.195788261265868,-0.022196119203656075,-102
2025-08-13 07:58:27.787,True,-2.1266428413071186,1.195788261265868,-0.022196119203656075,26
2025-08-13 07:58:30.802,True,-2.1266428413071186,1.195788261265868,-0.022196119203656075,26
2025-08-13 07:58:31.804,True,-2.1266428413071186,1.195788261265868,-0.022196119203656075,-102
2025-08-13 07:58:32.812,True,-2.1266428413071186,1.195788261265868,-0.022196119203656075,-102
2025-08-13 07:58:33.814,True,-2.1266428413071186,1.195788261265868,-0.022196119203656075,-102
2025-08-13 07:58:34.816,True,-2.1266428413071186,1.195788261265868,-0.022196119203656075,26
2025-08-13 07:58:35.820,True,-2.1266428413071186,1.195788261265868,-0.022196119203656075,-102
2025-08-13 07:58:36.824,True,-2.1266428413071186,1.195788261265868,-0.022196119203656075,26
2025-08-13 07:58:37.826,True,-2.1266428413071186,1.195788261265868,-0.022196119203656075,26
2025-08-13 07:58:38.828,True,-2.1266428413071186,1.195788261265868,-0.022196119203656075,-102
2025-08-13 07:58:39.830,True,-2.1266428413071186,1.195788261265868,-0.022196119203656075,-102
2025-08-13 07:58:40.832,True,-2.1266428413071186,1.195788261265868,-0.022196119203656075,-102
2025-08-13 07:58:41.833,True,-2.1266428413071186,1.195788261265868,-0.022196119203656075,-102
2025-08-13 07:58:42.837,True,-2.1266428413071186,1.195788261265868,-0.022196119203656075,-102
2025-08-13 07:58:43.839,True,-2.1266428413071186,1.195788261265868,-0.022196119203656075,-102
2025-08-13 07:58:44.841,True,-2.1266428413071186,1.195788261265868,-0.022196119203656075,-102
2025-08-13 07:58:45.844,True,-2.1266428413071186,1.195788261265868,-0.022196119203656075,26
2025-08-13 07:58:46.847,True,-2.1266428413071186,1.195788261265868,-0.022196119203656075,-102
2025-08-13 07:58:47.850,True,-2.1266428413071186,1.195788261265868,-0.022196119203656075,26
2025-08-13 07:58:48.852,True,-2.1266428413071186,1.195788261265868,-0.022196119203656075,26
2025-08-13 07:58:49.855,True,-2.1266428413071186,1.195788261265868,-0.022196119203656075,-102
2025-08-13 07:58:50.857,True,-2.1266428413071186,1.195788261265868,-0.022196119203656075,26
2025-08-13 07:58:51.860,True,-2.1266428413071186,1.195788261265868,-0.022196119203656075,26
2025-08-13 07:58:52.863,True,-2.1266428413071186,1.195788261265868,-0.022196119203656075,26
2025-08-13 07:58:53.868,True,-2.1266428413071186,1.195788261265868,-0.022196119203656075,26
2025-08-13 07:58:54.871,True,-2.1266428413071186,1.195788261265868,-0.022196119203656075,-115
2025-08-13 07:58:55.873,True,-2.1266428413071186,1.195788261265868,-0.022196119203656075,-102
2025-08-13 07:58:56.875,True,-2.1266428413071186,1.195788261265868,-0.022196119203656075,-102
2025-08-13 07:58:57.879,True,-2.1266428413071186,1.195788261265868,-0.022196119203656075,-102
2025-08-13 07:58:58.881,True,-2.1266428413071186,1.195788261265868,-0.022196119203656075,26
2025-08-13 07:58:59.886,True,-2.1266428413071186,1.195788261265868,-0.022196119203656075,-102
2025-08-13 07:59:00.890,True,-2.1266428413071186,1.195788261265868,-0.022196119203656075,26
2025-08-13 07:59:01.892,True,-2.1266428413071186,1.195788261265868,-0.022196119203656075,-102
2025-08-13 07:59:02.894,True,-2.1266428413071186,1.195788261265868,-0.022196119203656075,-102
2025-08-13 07:59:03.897,True,-2.1266428413071186,1.195788261265868,-0.022196119203656075,-102
2025-08-13 07:59:04.900,True,-2.1266428413071186,1.195788261265868,-0.022196119203656075,26
2025-08-13 07:59:05.902,True,-2.1266428413071186,1.195788261265868,-0.022196119203656075,26
2025-08-13 07:59:06.905,True,-2.1266428413071186,1.195788261265868,-0.022196119203656075,-102
2025-08-13 07:59:07.910,True,-2.1266428413071186,1.195788261265868,-0.022196119203656075,26
2025-08-13 07:59:08.912,True,-2.1266428413071186,1.195788261265868,-0.022196119203656075,-102
2025-08-13 07:59:09.914,True,-2.1266428413071186,1.195788261265868,-0.022196119203656075,-102
2025-08-13 07:59:13.014,True,-2.1266428413071186,1.195788261265868,-0.022196119203656075,-102
2025-08-13 07:59:14.020,True,-2.1266428413071186,1.195788261265868,-0.022196119203656075,-102
2025-08-13 07:59:15.027,True,-2.1266428413071186,1.195788261265868,-0.022196119203656075,-102
2025-08-13 07:59:16.029,True,-2.1266428413071186,1.195788261265868,-0.022196119203656075,-102
2025-08-13 07:59:17.031,True,-2.1266428413071186,1.195788261265868,-0.022196119203656075,-102
2025-08-13 07:59:18.033,True,-2.1266428413071186,1.195788261265868,-0.022196119203656075,26
2025-08-13 07:59:19.035,True,-2.1266428413071186,1.195788261265868,-0.022196119203656075,26
2025-08-13 07:59:20.037,True,-2.1266428413071186,1.195788261265868,-0.022196119203656075,26
2025-08-13 07:59:21.038,True,-2.1266428413071186,1.195788261265868,-0.022196119203656075,-102
2025-08-13 07:59:22.041,True,-2.1266428413071186,1.195788261265868,-0.022196119203656075,-102
2025-08-13 07:59:23.043,True,-2.1266428413071186,1.195788261265868,-0.022196119203656075,-102
2025-08-13 07:59:24.047,True,-2.1266428413071186,1.195788261265868,-0.022196119203656075,26
2025-08-13 07:59:25.050,True,-2.1266428413071186,1.195788261265868,-0.022196119203656075,26
2025-08-13 07:59:26.054,True,-2.1266428413071186,1.195788261265868,-0.022196119203656075,26
2025-08-13 07:59:27.057,True,-2.1266428413071186,1.195788261265868,-0.022196119203656075,26
2025-08-13 07:59:28.059,True,-2.1266428413071186,1.195788261265868,-0.022196119203656075,-102
2025-08-13 07:59:29.061,True,-2.1266428413071186,1.195788261265868,-0.022196119203656075,-102
2025-08-13 07:59:30.063,True,-2.1266428413071186,1.195788261265868,-0.022196119203656075,26
2025-08-13 07:59:31.066,True,-2.1266428413071186,1.195788261265868,-0.022196119203656075,26
2025-08-13 07:59:32.068,True,-2.1266428413071186,1.195788261265868,-0.022196119203656075,26
2025-08-13 07:59:33.072,True,-2.1266428413071186,1.195788261265868,-0.022196119203656075,-102
2025-08-13 07:59:34.074,True,-2.1266428413071186,1.195788261265868,-0.022196119203656075,26
2025-08-13 07:59:35.076,True,-2.1266428413071186,1.195788261265868,-0.022196119203656075,26
2025-08-13 07:59:36.079,True,-2.1266428413071186,1.195788261265868,-0.022196119203656075,26
2025-08-13 07:59:37.082,True,-2.1266428413071186,1.195788261265868,-0.022196119203656075,-102
2025-08-13 07:59:38.084,True,-2.1266428413071186,1.195788261265868,-0.022196119203656075,26
2025-08-13 07:59:39.087,True,-2.1266428413071186,1.195788261265868,-0.022196119203656075,-102
2025-08-13 07:59:40.090,True,-2.1266428413071186,1.195788261265868,-0.022196119203656075,-102
2025-08-13 07:59:41.093,True,-2.1266428413071186,1.195788261265868,-0.022196119203656075,26
2025-08-13 07:59:42.096,True,-2.1266428413071186,1.195788261265868,-0.022196119203656075,26
2025-08-13 07:59:43.099,True,-2.1266428413071186,1.195788261265868,-0.022196119203656075,-102
2025-08-13 07:59:44.102,True,-2.1266428413071186,1.195788261265868,-0.022196119203656075,26
2025-08-13 07:59:45.106,True,-2.1266428413071186,1.195788261265868,-0.022196119203656075,26
2025-08-13 07:59:46.108,True,-2.1266428413071186,1.195788261265868,-0.022196119203656075,-102
2025-08-13 07:59:47.111,True,-2.1266428413071186,1.195788261265868,-0.022196119203656075,26
2025-08-13 07:59:48.115,True,-2.1266428413071186,1.195788261265868,-0.022196119203656075,-102
2025-08-13 07:59:49.120,True,-2.1266428413071186,1.195788261265868,-0.022196119203656075,26
2025-08-13 07:59:50.124,True,-2.1266428413071186,1.195788261265868,-0.022196119203656075,26
2025-08-13 07:59:51.127,True,-2.1266428413071186,1.195788261265868,-0.022196119203656075,-102
2025-08-13 07:59:52.128,True,-2.1266428413071186,1.195788261265868,-0.022196119203656075,-102
2025-08-13 07:59:53.130,True,-2.1266428413071186,1.195788261265868,-0.022196119203656075,26
2025-08-13 07:59:54.133,True,-2.1266428413071186,1.195788261265868,-0.022196119203656075,-102
2025-08-13 07:59:55.136,True,-2.1266428413071186,1.195788261265868,-0.022196119203656075,-102
2025-08-13 07:59:56.138,True,-2.1266428413071186,1.195788261265868,-0.022196119203656075,26
2025-08-13 07:59:57.140,True,-2.1266428413071186,1.195788261265868,-0.022196119203656075,-102
2025-08-13 07:59:58.144,True,-2.1266428413071186,1.195788261265868,-0.022196119203656075,26
2025-08-13 07:59:59.146,True,-2.1266428413071186,1.195788261265868,-0.022196119203656075,-102
2025-08-13 08:00:00.148,True,-2.1266428413071186,1.195788261265868,-0.022196119203656075,-102
2025-08-13 08:00:01.151,True,-2.1266428413071186,1.195788261265868,-0.022196119203656075,-102
2025-08-13 08:00:02.153,True,-2.1266428413071186,1.195788261265868,-0.022196119203656075,-102
2025-08-13 08:00:03.155,True,-2.1266428413071186,1.195788261265868,-0.022196119203656075,26
2025-08-13 08:00:04.157,True,-2.1266428413071186,1.195788261265868,-0.022196119203656075,26
2025-08-13 08:00:05.159,True,-2.1266428413071186,1.195788261265868,-0.022196119203656075,26
2025-08-13 08:00:06.161,True,-2.1266428413071186,1.195788261265868,-0.022196119203656075,-102
2025-08-13 08:00:07.163,True,-2.1266428413071186,1.195788261265868,-0.022196119203656075,-102
2025-08-13 08:00:08.165,True,-2.1266428413071186,1.195788261265868,-0.022196119203656075,-102
2025-08-13 08:00:09.167,True,-2.1266428413071186,1.195788261265868,-0.022196119203656075,-102
2025-08-13 08:00:10.169,True,-2.1266428413071186,1.195788261265868,-0.022196119203656075,26
2025-08-13 08:00:11.171,True,-2.1266428413071186,1.195788261265868,-0.022196119203656075,-102
2025-08-13 08:00:12.174,True,-2.1266428413071186,1.195788261265868,-0.022196119203656075,26
2025-08-13 08:00:13.176,True,-2.1266428413071186,1.195788261265868,-0.022196119203656075,26
2025-08-13 08:00:14.178,True,-2.1266428413071186,1.195788261265868,-0.022196119203656075,-102
2025-08-13 08:00:15.180,True,-2.1266428413071186,1.195788261265868,-0.022196119203656075,26
2025-08-13 08:00:16.182,True,-2.1266428413071186,1.195788261265868,-0.022196119203656075,26
2025-08-13 08:00:17.184,True,-2.1266428413071186,1.195788261265868,-0.022196119203656075,26
2025-08-13 08:00:18.186,True,-2.1266428413071186,1.195788261265868,-0.022196119203656075,26
2025-08-13 08:00:19.188,True,-2.1266428413071186,1.195788261265868,-0.022196119203656075,-102
2025-08-13 08:00:20.190,True,-2.1266428413071186,1.195788261265868,-0.022196119203656075,-102
2025-08-13 08:00:21.193,True,-2.1266428413071186,1.195788261265868,-0.022196119203656075,26
2025-08-13 08:00:22.195,True,-2.1266428413071186,1.195788261265868,-0.022196119203656075,-102
2025-08-13 08:00:23.197,True,-2.1266428413071186,1.195788261265868,-0.022196119203656075,-102
2025-08-13 08:00:24.480,True,-2.1266428413071186,1.195788261265868,-0.022196119203656075,26
2025-08-13 08:00:25.482,True,-2.1266428413071186,1.195788261265868,-0.022196119203656075,26
2025-08-13 08:00:26.484,True,-2.1266428413071186,1.195788261265868,-0.022196119203656075,-102
2025-08-13 08:00:27.486,True,-2.1266428413071186,1.195788261265868,-0.022196119203656075,-102
2025-08-13 08:00:28.488,True,-2.1266428413071186,1.195788261265868,-0.022196119203656075,-102
2025-08-13 08:00:29.491,True,-2.1266428413071186,1.195788261265868,-0.022196119203656075,-102
2025-08-13 08:00:30.494,True,-2.1266428413071186,1.195788261265868,-0.022196119203656075,26
2025-08-13 08:00:31.496,True,-2.1266428413071186,1.195788261265868,-0.022196119203656075,26
2025-08-13 08:00:32.498,True,-2.1266428413071186,1.195788261265868,-0.022196119203656075,-102
2025-08-13 08:00:33.500,True,-2.1266428413071186,1.195788261265868,-0.022196119203656075,26
2025-08-13 08:00:34.502,True,-2.1266428413071186,1.195788261265868,-0.022196119203656075,-102
2025-08-13 08:00:35.504,True,-2.1266428413071186,1.195788261265868,-0.022196119203656075,-102
2025-08-13 08:00:36.506,True,-2.1266428413071186,1.195788261265868,-0.022196119203656075,26
2025-08-13 08:00:37.508,True,-2.1266428413071186,1.195788261265868,-0.022196119203656075,26
2025-08-13 08:00:38.510,True,-2.1266428413071186,1.195788261265868,-0.022196119203656075,-102
2025-08-13 08:00:39.513,True,-2.1266428413071186,1.195788261265868,-0.022196119203656075,26
2025-08-13 08:00:40.514,True,-2.1266428413071186,1.195788261265868,-0.022196119203656075,-102
2025-08-13 08:00:41.517,True,-2.1266428413071186,1.195788261265868,-0.022196119203656075,-102
2025-08-13 08:00:42.519,True,-2.1266428413071186,1.195788261265868,-0.022196119203656075,-102
2025-08-13 08:00:43.521,True,-2.1266428413071186,1.195788261265868,-0.022196119203656075,-102
2025-08-13 08:00:44.523,True,-2.1266428413071186,1.195788261265868,-0.022196119203656075,26
2025-08-13 08:00:45.526,True,-2.1266428413071186,1.195788261265868,-0.022196119203656075,26
2025-08-13 08:00:46.528,True,-2.1266428413071186,1.195788261265868,-0.022196119203656075,26
2025-08-13 08:00:47.530,True,-2.1266428413071186,1.195788261265868,-0.022196119203656075,26
2025-08-13 08:00:48.532,True,-2.1266428413071186,1.195788261265868,-0.022196119203656075,-102
2025-08-13 08:00:49.535,True,-2.1266428413071186,1.195788261265868,-0.022196119203656075,26
2025-08-13 08:00:50.537,True,-2.1266428413071186,1.195788261265868,-0.022196119203656075,26
2025-08-13 08:00:51.539,True,-2.1266428413071186,1.195788261265868,-0.022196119203656075,26
2025-08-13 08:00:52.542,True,-2.1266428413071186,1.195788261265868,-0.022196119203656075,26
2025-08-13 08:00:53.544,True,-2.1266428413071186,1.195788261265868,-0.022196119203656075,-102
2025-08-13 08:00:54.546,True,-2.1266428413071186,1.195788261265868,-0.022196119203656075,26
2025-08-13 08:00:55.548,True,-2.1266428413071186,1.195788261265868,-0.022196119203656075,-102
2025-08-13 08:00:56.550,True,-2.1266428413071186,1.195788261265868,-0.022196119203656075,-102
2025-08-13 08:00:57.553,True,-2.1266428413071186,1.195788261265868,-0.022196119203656075,-102
2025-08-13 08:00:58.556,True,-2.1266428413071186,1.195788261265868,-0.022196119203656075,26
2025-08-13 08:00:59.558,True,-2.1266428413071186,1.195788261265868,-0.022196119203656075,26
2025-08-13 08:01:00.560,True,-2.1266428413071186,1.195788261265868,-0.022196119203656075,-102
2025-08-13 08:01:01.563,True,-2.1266428413071186,1.195788261265868,-0.022196119203656075,-102
2025-08-13 08:01:02.564,True,-2.1266428413071186,1.195788261265868,-0.022196119203656075,26
2025-08-13 08:01:03.567,True,-2.1266428413071186,1.195788261265868,-0.022196119203656075,-102
2025-08-13 08:01:04.569,True,-2.1266428413071186,1.195788261265868,-0.022196119203656075,26
2025-08-13 08:01:05.571,True,-2.1266428413071186,1.195788261265868,-0.022196119203656075,26
2025-08-13 08:01:06.573,True,-2.1266428413071186,1.195788261265868,-0.022196119203656075,26
2025-08-13 08:01:07.576,True,-2.1266428413071186,1.195788261265868,-0.022196119203656075,26
2025-08-13 08:01:08.578,True,-2.1266428413071186,1.195788261265868,-0.022196119203656075,-102
2025-08-13 08:01:09.581,True,-2.1266428413071186,1.195788261265868,-0.022196119203656075,-102
2025-08-13 08:01:10.583,True,-2.1266428413071186,1.195788261265868,-0.022196119203656075,26
2025-08-13 08:01:11.584,True,-2.1266428413071186,1.195788261265868,-0.022196119203656075,-102
2025-08-13 08:01:12.587,True,-2.1266428413071186,1.195788261265868,-0.022196119203656075,-115
2025-08-13 08:01:13.589,True,-2.1266428413071186,1.195788261265868,-0.022196119203656075,-102
2025-08-13 08:01:14.591,True,-2.1266428413071186,1.195788261265868,-0.022196119203656075,-102
2025-08-13 08:01:15.593,True,-2.1266428413071186,1.195788261265868,-0.022196119203656075,26
2025-08-13 08:01:16.596,True,-2.1266428413071186,1.195788261265868,-0.022196119203656075,26
2025-08-13 08:01:17.598,True,-2.1266428413071186,1.195788261265868,-0.022196119203656075,26
2025-08-13 08:01:18.602,True,-2.1266428413071186,1.195788261265868,-0.022196119203656075,26
2025-08-13 08:01:19.605,True,-2.1266428413071186,1.195788261265868,-0.022196119203656075,-102
2025-08-13 08:01:20.608,True,-2.1266428413071186,1.195788261265868,-0.022196119203656075,-102
2025-08-13 08:01:21.610,True,-2.1266428413071186,1.195788261265868,-0.022196119203656075,-102
2025-08-13 08:01:22.613,True,-2.1266428413071186,1.195788261265868,-0.022196119203656075,26
2025-08-13 08:01:23.615,True,-2.1266428413071186,1.195788261265868,-0.022196119203656075,26
2025-08-13 08:01:24.617,True,-2.1266428413071186,1.195788261265868,-0.022196119203656075,26
2025-08-13 08:01:25.619,True,-2.1266428413071186,1.195788261265868,-0.022196119203656075,26
2025-08-13 08:01:26.622,True,-2.1266428413071186,1.195788261265868,-0.022196119203656075,26
2025-08-13 08:01:27.624,True,-2.1266428413071186,1.195788261265868,-0.022196119203656075,-102
2025-08-13 08:01:28.626,True,-2.1266428413071186,1.195788261265868,-0.022196119203656075,-102
2025-08-13 08:01:29.628,True,-2.1266428413071186,1.195788261265868,-0.022196119203656075,26
2025-08-13 08:01:30.630,True,-2.1266428413071186,1.195788261265868,-0.022196119203656075,26
2025-08-13 08:01:31.632,True,-2.1266428413071186,1.195788261265868,-0.022196119203656075,26
2025-08-13 08:01:32.634,True,-2.1266428413071186,1.195788261265868,-0.022196119203656075,26
2025-08-13 08:01:33.639,True,-2.1266428413071186,1.195788261265868,-0.022196119203656075,-102
2025-08-13 08:01:34.641,True,-2.1266428413071186,1.195788261265868,-0.022196119203656075,-102
2025-08-13 08:01:35.644,True,-2.1266428413071186,1.195788261265868,-0.022196119203656075,-102
2025-08-13 08:01:36.645,True,-2.1266428413071186,1.195788261265868,-0.022196119203656075,-102
2025-08-13 08:01:37.647,True,-2.1266428413071186,1.195788261265868,-0.022196119203656075,-102
2025-08-13 08:01:38.649,True,-2.1266428413071186,1.195788261265868,-0.022196119203656075,26
2025-08-13 08:01:39.651,True,-2.1266428413071186,1.195788261265868,-0.022196119203656075,-102
2025-08-13 08:01:40.654,True,-2.1266428413071186,1.195788261265868,-0.022196119203656075,26
2025-08-13 08:01:41.656,True,-2.1266428413071186,1.195788261265868,-0.022196119203656075,-102
2025-08-13 08:01:42.658,True,-2.1266428413071186,1.195788261265868,-0.022196119203656075,26
2025-08-13 08:01:43.660,True,-2.1266428413071186,1.195788261265868,-0.022196119203656075,-102
2025-08-13 08:01:44.665,True,-2.1266428413071186,1.195788261265868,-0.022196119203656075,26
2025-08-13 08:01:45.667,True,-2.1266428413071186,1.195788261265868,-0.022196119203656075,26
2025-08-13 08:01:46.669,True,-2.1266428413071186,1.195788261265868,-0.022196119203656075,26
2025-08-13 08:01:47.671,True,-2.1266428413071186,1.195788261265868,-0.022196119203656075,26
2025-08-13 08:01:48.673,True,-2.1266428413071186,1.195788261265868,-0.022196119203656075,26
2025-08-13 08:01:49.675,True,-2.1266428413071186,1.195788261265868,-0.022196119203656075,26
2025-08-13 08:01:50.677,True,-2.1266428413071186,1.195788261265868,-0.022196119203656075,-102
2025-08-13 08:01:51.680,True,-2.1266428413071186,1.195788261265868,-0.022196119203656075,-102
2025-08-13 08:01:52.683,True,-2.1266428413071186,1.195788261265868,-0.022196119203656075,26
2025-08-13 08:01:53.686,True,-2.1266428413071186,1.195788261265868,-0.022196119203656075,26
2025-08-13 08:01:54.689,True,-2.1266428413071186,1.195788261265868,-0.022196119203656075,26
2025-08-13 08:01:55.692,True,-2.1266428413071186,1.195788261265868,-0.022196119203656075,-102
2025-08-13 08:01:56.694,True,-2.1266428413071186,1.195788261265868,-0.022196119203656075,-102
2025-08-13 08:01:57.696,True,-2.1266428413071186,1.195788261265868,-0.022196119203656075,-102
2025-08-13 08:01:58.699,True,-2.1266428413071186,1.195788261265868,-0.022196119203656075,26
2025-08-13 08:01:59.701,True,-2.1266428413071186,1.195788261265868,-0.022196119203656075,26
2025-08-13 08:02:00.702,True,-2.1266428413071186,1.195788261265868,-0.022196119203656075,-102
2025-08-13 08:02:01.704,True,-2.1266428413071186,1.195788261265868,-0.022196119203656075,-102
2025-08-13 08:02:02.706,True,-2.1266428413071186,1.195788261265868,-0.022196119203656075,26
2025-08-13 08:02:03.708,True,-2.1266428413071186,1.195788261265868,-0.022196119203656075,-102
2025-08-13 08:02:04.710,True,-2.1266428413071186,1.195788261265868,-0.022196119203656075,26
2025-08-13 08:02:05.712,True,-2.1266428413071186,1.195788261265868,-0.022196119203656075,-102
2025-08-13 08:02:06.714,True,-2.1266428413071186,1.195788261265868,-0.022196119203656075,-102
2025-08-13 08:02:07.717,True,-2.1266428413071186,1.195788261265868,-0.022196119203656075,26
2025-08-13 08:02:08.719,True,-2.1266428413071186,1.195788261265868,-0.022196119203656075,-102
2025-08-13 08:02:09.721,True,-2.1266428413071186,1.195788261265868,-0.022196119203656075,-102
2025-08-13 08:02:10.723,True,-2.1266428413071186,1.195788261265868,-0.022196119203656075,26
2025-08-13 08:02:11.726,True,-2.1266428413071186,1.195788261265868,-0.022196119203656075,26
2025-08-13 08:02:12.727,True,-2.1266428413071186,1.195788261265868,-0.022196119203656075,-102
2025-08-13 08:02:13.729,True,-2.1266428413071186,1.195788261265868,-0.022196119203656075,-102
2025-08-13 08:02:14.731,True,-2.1266428413071186,1.195788261265868,-0.022196119203656075,26
2025-08-13 08:02:15.733,True,-2.1266428413071186,1.195788261265868,-0.022196119203656075,-102
2025-08-13 08:02:16.736,True,-2.1266428413071186,1.195788261265868,-0.022196119203656075,-102
2025-08-13 08:02:17.738,True,-2.1266428413071186,1.195788261265868,-0.022196119203656075,26
2025-08-13 08:02:18.740,True,-2.1266428413071186,1.195788261265868,-0.022196119203656075,-102
2025-08-13 08:02:19.742,True,-2.1266428413071186,1.195788261265868,-0.022196119203656075,26
2025-08-13 08:02:20.744,True,-2.1266428413071186,1.195788261265868,-0.022196119203656075,-102
2025-08-13 08:02:21.747,True,-2.1266428413071186,1.195788261265868,-0.022196119203656075,26
2025-08-13 08:02:22.750,True,-2.1266428413071186,1.195788261265868,-0.022196119203656075,26
2025-08-13 08:02:23.754,True,-2.1266428413071186,1.195788261265868,-0.022196119203656075,-102
2025-08-13 08:02:24.756,True,-2.1266428413071186,1.195788261265868,-0.022196119203656075,-102
2025-08-13 08:02:25.758,True,-2.1266428413071186,1.195788261265868,-0.022196119203656075,-102
2025-08-13 08:02:26.760,True,-2.1266428413071186,1.195788261265868,-0.022196119203656075,26
2025-08-13 08:02:27.762,True,-2.1266428413071186,1.195788261265868,-0.022196119203656075,26
2025-08-13 08:02:28.765,True,-2.1266428413071186,1.195788261265868,-0.022196119203656075,26
2025-08-13 08:02:29.768,True,-2.1266428413071186,1.195788261265868,-0.022196119203656075,26
2025-08-13 08:02:30.769,True,-2.1266428413071186,1.195788261265868,-0.022196119203656075,-102
2025-08-13 08:02:31.773,True,-2.1266428413071186,1.195788261265868,-0.022196119203656075,26
2025-08-13 08:02:32.776,True,-2.1266428413071186,1.195788261265868,-0.022196119203656075,-102
2025-08-13 08:02:33.779,True,-2.1266428413071186,1.195788261265868,-0.022196119203656075,-102
2025-08-13 08:02:34.780,True,-2.1266428413071186,1.195788261265868,-0.022196119203656075,26
2025-08-13 08:02:35.783,True,-2.1266428413071186,1.195788261265868,-0.022196119203656075,26
2025-08-13 08:02:36.785,True,-2.1266428413071186,1.195788261265868,-0.022196119203656075,26
2025-08-13 08:02:37.789,True,-2.1266428413071186,1.195788261265868,-0.022196119203656075,26
2025-08-13 08:02:38.791,True,-2.1266428413071186,1.195788261265868,-0.022196119203656075,26
2025-08-13 08:02:39.793,True,-2.1266428413071186,1.195788261265868,-0.022196119203656075,-102
2025-08-13 08:02:40.795,True,-2.1266428413071186,1.195788261265868,-0.022196119203656075,-102
2025-08-13 08:02:41.797,True,-2.1266428413071186,1.195788261265868,-0.022196119203656075,26
2025-08-13 08:02:42.801,True,-2.1266428413071186,1.195788261265868,-0.022196119203656075,26
2025-08-13 08:02:43.804,True,-2.1266428413071186,1.195788261265868,-0.022196119203656075,26
2025-08-13 08:02:44.807,True,-2.1266428413071186,1.195788261265868,-0.022196119203656075,-102
2025-08-13 08:02:45.809,True,-2.1266428413071186,1.195788261265868,-0.022196119203656075,-102
2025-08-13 08:02:46.812,True,-2.1266428413071186,1.195788261265868,-0.022196119203656075,-102
2025-08-13 08:02:47.813,True,-2.1266428413071186,1.195788261265868,-0.022196119203656075,26
2025-08-13 08:02:48.815,True,-2.1266428413071186,1.195788261265868,-0.022196119203656075,-102
2025-08-13 08:02:49.817,True,-2.1266428413071186,1.195788261265868,-0.022196119203656075,-102
2025-08-13 08:02:50.819,True,-2.1266428413071186,1.195788261265868,-0.022196119203656075,26
2025-08-13 08:02:51.821,True,-2.1266428413071186,1.195788261265868,-0.022196119203656075,-102
2025-08-13 08:02:52.823,True,-2.1266428413071186,1.195788261265868,-0.022196119203656075,-102
2025-08-13 08:02:53.825,True,-2.1266428413071186,1.195788261265868,-0.022196119203656075,26
2025-08-13 08:02:54.827,True,-2.1266428413071186,1.195788261265868,-0.022196119203656075,26
2025-08-13 08:02:55.829,True,-2.1266428413071186,1.195788261265868,-0.022196119203656075,-102
2025-08-13 08:02:56.830,True,-2.1266428413071186,1.195788261265868,-0.022196119203656075,26
2025-08-13 08:02:57.833,True,-2.1266428413071186,1.195788261265868,-0.022196119203656075,26
2025-08-13 08:02:58.836,True,-2.1266428413071186,1.195788261265868,-0.022196119203656075,-102
2025-08-13 08:02:59.838,True,-2.1266428413071186,1.195788261265868,-0.022196119203656075,-102
2025-08-13 08:03:00.840,True,-2.1266428413071186,1.195788261265868,-0.022196119203656075,-102
2025-08-13 08:03:01.843,True,-2.1266428413071186,1.195788261265868,-0.022196119203656075,-102
2025-08-13 08:03:02.846,True,-2.1266428413071186,1.195788261265868,-0.022196119203656075,-102
2025-08-13 08:03:03.851,True,-2.1266428413071186,1.195788261265868,-0.022196119203656075,26
2025-08-13 08:03:04.853,True,-2.1266428413071186,1.195788261265868,-0.022196119203656075,26
2025-08-13 08:03:05.855,True,-2.1266428413071186,1.195788261265868,-0.022196119203656075,26
2025-08-13 08:03:06.857,True,-2.1266428413071186,1.195788261265868,-0.022196119203656075,-102
2025-08-13 08:03:07.859,True,-2.1266428413071186,1.195788261265868,-0.022196119203656075,-102
2025-08-13 08:03:08.861,True,-2.1266428413071186,1.195788261265868,-0.022196119203656075,-102
2025-08-13 08:03:09.864,True,-2.1266428413071186,1.195788261265868,-0.022196119203656075,-102
2025-08-13 08:03:10.866,True,-2.1266428413071186,1.195788261265868,-0.022196119203656075,26
2025-08-13 08:03:11.869,True,-2.1266428413071186,1.195788261265868,-0.022196119203656075,26
2025-08-13 08:03:12.872,True,-2.1266428413071186,1.195788261265868,-0.022196119203656075,26
2025-08-13 08:03:13.874,True,-2.1266428413071186,1.195788261265868,-0.022196119203656075,26
2025-08-13 08:03:14.876,True,-2.1266428413071186,1.195788261265868,-0.022196119203656075,26
2025-08-13 08:03:15.878,True,-2.1266428413071186,1.195788261265868,-0.022196119203656075,26
2025-08-13 08:03:16.880,True,-2.1266428413071186,1.195788261265868,-0.022196119203656075,-102
2025-08-13 08:03:17.882,True,-2.1266428413071186,1.195788261265868,-0.022196119203656075,26
2025-08-13 08:03:18.884,True,-2.1266428413071186,1.195788261265868,-0.022196119203656075,26
2025-08-13 08:03:19.887,True,-2.1266428413071186,1.195788261265868,-0.022196119203656075,26
2025-08-13 08:03:20.891,True,-2.1266428413071186,1.195788261265868,-0.022196119203656075,26
2025-08-13 08:03:21.893,True,-2.1266428413071186,1.195788261265868,-0.022196119203656075,-115
2025-08-13 08:03:22.895,True,-2.1266428413071186,1.195788261265868,-0.022196119203656075,26
2025-08-13 08:03:23.897,True,-2.1266428413071186,1.195788261265868,-0.022196119203656075,-102
2025-08-13 08:03:24.899,True,-2.1266428413071186,1.195788261265868,-0.022196119203656075,-102
2025-08-13 08:03:25.901,True,-2.1266428413071186,1.195788261265868,-0.022196119203656075,-102
2025-08-13 08:03:26.904,True,-2.1266428413071186,1.195788261265868,-0.022196119203656075,26
2025-08-13 08:03:27.907,True,-2.1266428413071186,1.195788261265868,-0.022196119203656075,26
2025-08-13 08:03:28.908,True,-2.1266428413071186,1.195788261265868,-0.022196119203656075,-102
2025-08-13 08:03:29.910,True,-2.1266428413071186,1.195788261265868,-0.022196119203656075,-102
2025-08-13 08:03:30.912,True,-2.1266428413071186,1.195788261265868,-0.022196119203656075,-102
2025-08-13 08:03:31.914,True,-2.1266428413071186,1.195788261265868,-0.022196119203656075,-102
2025-08-13 08:03:32.916,True,-2.1266428413071186,1.195788261265868,-0.022196119203656075,-102
2025-08-13 08:03:33.918,True,-2.1266428413071186,1.195788261265868,-0.022196119203656075,26
2025-08-13 08:03:34.920,True,-2.1266428413071186,1.195788261265868,-0.022196119203656075,-102
2025-08-13 08:03:35.923,True,-2.1266428413071186,1.195788261265868,-0.022196119203656075,26
2025-08-13 08:03:36.925,True,-2.1266428413071186,1.195788261265868,-0.022196119203656075,26
2025-08-13 08:03:37.927,True,-2.1266428413071186,1.195788261265868,-0.022196119203656075,-102
2025-08-13 08:03:38.929,True,-2.1266428413071186,1.195788261265868,-0.022196119203656075,-102
2025-08-13 08:03:39.931,True,-2.1266428413071186,1.195788261265868,-0.022196119203656075,26
2025-08-13 08:03:40.934,True,-2.1266428413071186,1.195788261265868,-0.022196119203656075,26
2025-08-13 08:03:41.936,True,-2.1266428413071186,1.195788261265868,-0.022196119203656075,-102
2025-08-13 08:03:42.938,True,-2.1266428413071186,1.195788261265868,-0.022196119203656075,-102
2025-08-13 08:03:43.940,True,-2.1266428413071186,1.195788261265868,-0.022196119203656075,-102
2025-08-13 08:03:44.942,True,-2.1266428413071186,1.195788261265868,-0.022196119203656075,-102
2025-08-13 08:03:45.944,True,-2.1266428413071186,1.195788261265868,-0.022196119203656075,-102
2025-08-13 08:03:46.947,True,-2.1266428413071186,1.195788261265868,-0.022196119203656075,26
2025-08-13 08:03:47.949,True,-2.1266428413071186,1.195788261265868,-0.022196119203656075,26
2025-08-13 08:03:48.952,True,-2.1266428413071186,1.195788261265868,-0.022196119203656075,26
2025-08-13 08:03:49.953,True,-2.1266428413071186,1.195788261265868,-0.022196119203656075,-102
2025-08-13 08:03:50.956,True,-2.1266428413071186,1.195788261265868,-0.022196119203656075,26
2025-08-13 08:03:51.958,True,-2.1266428413071186,1.195788261265868,-0.022196119203656075,-102
2025-08-13 08:03:52.960,True,-2.1266428413071186,1.195788261265868,-0.022196119203656075,26
2025-08-13 08:03:53.963,True,-2.1266428413071186,1.195788261265868,-0.022196119203656075,-102
2025-08-13 08:03:54.965,True,-2.1266428413071186,1.195788261265868,-0.022196119203656075,-102
2025-08-13 08:03:55.967,True,-2.1266428413071186,1.195788261265868,-0.022196119203656075,-102
2025-08-13 08:03:56.969,True,-2.1266428413071186,1.195788261265868,-0.022196119203656075,-102
2025-08-13 08:03:57.971,True,-2.1266428413071186,1.195788261265868,-0.022196119203656075,-102
2025-08-13 08:03:58.973,True,-2.1266428413071186,1.195788261265868,-0.022196119203656075,26
2025-08-13 08:03:59.975,True,-2.1266428413071186,1.195788261265868,-0.022196119203656075,-102
2025-08-13 08:04:00.977,True,-2.1266428413071186,1.195788261265868,-0.022196119203656075,-102
2025-08-13 08:04:01.978,True,-2.1266428413071186,1.195788261265868,-0.022196119203656075,26
2025-08-13 08:04:02.982,True,-2.1266428413071186,1.195788261265868,-0.022196119203656075,-102
2025-08-13 08:04:03.985,True,-2.1266428413071186,1.195788261265868,-0.022196119203656075,-102
2025-08-13 08:04:04.987,True,-2.1266428413071186,1.195788261265868,-0.022196119203656075,26
2025-08-13 08:04:05.990,True,-2.1266428413071186,1.195788261265868,-0.022196119203656075,26
2025-08-13 08:04:06.992,True,-2.1266428413071186,1.195788261265868,-0.022196119203656075,26
2025-08-13 08:04:07.994,True,-2.1266428413071186,1.195788261265868,-0.022196119203656075,26
2025-08-13 08:04:08.996,True,-2.1266428413071186,1.195788261265868,-0.022196119203656075,-102
2025-08-13 08:04:09.998,True,-2.1266428413071186,1.195788261265868,-0.022196119203656075,-102
2025-08-13 08:04:11.000,True,-2.1266428413071186,1.195788261265868,-0.022196119203656075,26
2025-08-13 08:04:12.003,True,-2.1266428413071186,1.195788261265868,-0.022196119203656075,26
2025-08-13 08:04:13.005,True,-2.1266428413071186,1.195788261265868,-0.022196119203656075,26
2025-08-13 08:04:14.007,True,-2.1266428413071186,1.195788261265868,-0.022196119203656075,26
2025-08-13 08:04:15.008,True,-2.1266428413071186,1.195788261265868,-0.022196119203656075,-102
2025-08-13 08:04:16.010,True,-2.1266428413071186,1.195788261265868,-0.022196119203656075,26
2025-08-13 08:04:17.012,True,-2.1266428413071186,1.195788261265868,-0.022196119203656075,26
2025-08-13 08:04:18.014,True,-2.1266428413071186,1.195788261265868,-0.022196119203656075,26
2025-08-13 08:04:19.017,True,-2.1266428413071186,1.195788261265868,-0.022196119203656075,26
2025-08-13 08:04:20.019,True,-2.1266428413071186,1.195788261265868,-0.022196119203656075,-102
2025-08-13 08:04:21.021,True,-2.1266428413071186,1.195788261265868,-0.022196119203656075,26
2025-08-13 08:04:22.023,True,-2.1266428413071186,1.195788261265868,-0.022196119203656075,-102
2025-08-13 08:04:23.025,True,-2.1266428413071186,1.195788261265868,-0.022196119203656075,-102
2025-08-13 08:04:24.028,True,-2.1266428413071186,1.195788261265868,-0.022196119203656075,26
2025-08-13 08:04:25.031,True,-2.1266428413071186,1.195788261265868,-0.022196119203656075,26
2025-08-13 08:04:26.034,True,-2.1266428413071186,1.195788261265868,-0.022196119203656075,26
2025-08-13 08:04:27.038,True,-2.1266428413071186,1.195788261265868,-0.022196119203656075,26
2025-08-13 08:04:28.040,True,-2.1266428413071186,1.195788261265868,-0.022196119203656075,-102
2025-08-13 08:04:29.043,True,-2.1266428413071186,1.195788261265868,-0.022196119203656075,-102
2025-08-13 08:04:30.046,True,-2.1266428413071186,1.195788261265868,-0.022196119203656075,-102
2025-08-13 08:04:31.048,True,-2.1266428413071186,1.195788261265868,-0.022196119203656075,26
2025-08-13 08:04:32.050,True,-2.1266428413071186,1.195788261265868,-0.022196119203656075,26
2025-08-13 08:04:33.052,True,-2.1266428413071186,1.195788261265868,-0.022196119203656075,26
2025-08-13 08:04:34.055,True,-2.1266428413071186,1.195788261265868,-0.022196119203656075,26
2025-08-13 08:04:35.058,True,-2.1266428413071186,1.195788261265868,-0.022196119203656075,26
2025-08-13 08:04:36.060,True,-2.1266428413071186,1.195788261265868,-0.022196119203656075,26
2025-08-13 08:04:37.062,True,-2.1266428413071186,1.195788261265868,-0.022196119203656075,-102
2025-08-13 08:04:38.064,True,-2.1266428413071186,1.195788261265868,-0.022196119203656075,26
2025-08-13 08:04:39.068,True,-2.1266428413071186,1.195788261265868,-0.022196119203656075,-102
2025-08-13 08:04:40.070,True,-2.1266428413071186,1.195788261265868,-0.022196119203656075,26
2025-08-13 08:04:41.072,True,-2.1266428413071186,1.195788261265868,-0.022196119203656075,26
2025-08-13 08:04:42.075,True,-2.1266428413071186,1.195788261265868,-0.022196119203656075,-102
2025-08-13 08:04:43.077,True,-2.1266428413071186,1.195788261265868,-0.022196119203656075,-102
2025-08-13 08:04:44.083,True,-2.1266428413071186,1.195788261265868,-0.022196119203656075,-102
2025-08-13 08:04:45.085,True,-2.1266428413071186,1.195788261265868,-0.022196119203656075,26
2025-08-13 08:04:46.088,True,-2.1266428413071186,1.195788261265868,-0.022196119203656075,-102
2025-08-13 08:04:47.091,True,-2.1266428413071186,1.195788261265868,-0.022196119203656075,26
2025-08-13 08:04:48.094,True,-2.1266428413071186,1.195788261265868,-0.022196119203656075,-102
2025-08-13 08:04:49.096,True,-2.1266428413071186,1.195788261265868,-0.022196119203656075,-102
2025-08-13 08:04:50.098,True,-2.1266428413071186,1.195788261265868,-0.022196119203656075,26
2025-08-13 08:04:51.100,True,-2.1266428413071186,1.195788261265868,-0.022196119203656075,26
2025-08-13 08:04:52.103,True,-2.1266428413071186,1.195788261265868,-0.022196119203656075,26
2025-08-13 08:04:53.105,True,-2.1266428413071186,1.195788261265868,-0.022196119203656075,-102
2025-08-13 08:04:54.108,True,-2.1266428413071186,1.195788261265868,-0.022196119203656075,-102
2025-08-13 08:04:55.110,True,-2.1266428413071186,1.195788261265868,-0.022196119203656075,-102
2025-08-13 08:04:56.112,True,-2.1266428413071186,1.195788261265868,-0.022196119203656075,-102
2025-08-13 08:04:57.114,True,-2.1266428413071186,1.195788261265868,-0.022196119203656075,-102
2025-08-13 08:04:58.116,True,-2.1266428413071186,1.195788261265868,-0.022196119203656075,26
2025-08-13 08:04:59.119,True,-2.1266428413071186,1.195788261265868,-0.022196119203656075,26
2025-08-13 08:05:00.121,True,-2.1266428413071186,1.195788261265868,-0.022196119203656075,-102
2025-08-13 08:05:01.123,True,-2.1266428413071186,1.195788261265868,-0.022196119203656075,-102
2025-08-13 08:05:02.124,True,-2.1266428413071186,1.195788261265868,-0.022196119203656075,-102
2025-08-13 08:05:03.127,True,-2.1266428413071186,1.195788261265868,-0.022196119203656075,-102
2025-08-13 08:05:04.129,True,-2.1266428413071186,1.195788261265868,-0.022196119203656075,-102
2025-08-13 08:05:05.132,True,-2.1266428413071186,1.195788261265868,-0.022196119203656075,-102
2025-08-13 08:05:06.135,True,-2.1266428413071186,1.195788261265868,-0.022196119203656075,-102
2025-08-13 08:05:07.139,True,-2.1266428413071186,1.195788261265868,-0.022196119203656075,-102
2025-08-13 08:05:08.141,True,-2.1266428413071186,1.195788261265868,-0.022196119203656075,-102
2025-08-13 08:05:09.143,True,-2.1266428413071186,1.195788261265868,-0.022196119203656075,26
2025-08-13 08:05:10.145,True,-2.1266428413071186,1.195788261265868,-0.022196119203656075,-102
2025-08-13 08:05:11.147,True,-2.1266428413071186,1.195788261265868,-0.022196119203656075,26
2025-08-13 08:05:12.149,True,-2.1266428413071186,1.195788261265868,-0.022196119203656075,26
2025-08-13 08:05:13.151,True,-3.02277796578611,1.195788261265868,-0.03154185199671663,26
2025-08-13 08:05:14.153,True,-2.1266428413071186,1.195788261265868,-0.022196119203656075,26
2025-08-13 08:05:15.155,True,-2.1266428413071186,1.195788261265868,-0.022196119203656075,-102
2025-08-13 08:05:16.157,True,-2.1266428413071186,1.195788261265868,-0.022196119203656075,26
2025-08-13 08:05:17.160,True,-2.1266428413071186,1.195788261265868,-0.022196119203656075,26
2025-08-13 08:05:18.164,True,-2.1266428413071186,1.195788261265868,-0.022196119203656075,-102
2025-08-13 08:05:19.165,True,-2.1266428413071186,1.195788261265868,-0.022196119203656075,26
2025-08-13 08:05:20.168,True,-2.1266428413071186,1.195788261265868,-0.022196119203656075,26
2025-08-13 08:05:21.170,True,-2.1266428413071186,1.195788261265868,-0.022196119203656075,26
2025-08-13 08:05:22.173,True,-2.1266428413071186,1.195788261265868,-0.022196119203656075,26
2025-08-13 08:05:23.175,True,-2.1266428413071186,1.195788261265868,-0.022196119203656075,26
2025-08-13 08:05:24.176,True,-2.1266428413071186,1.195788261265868,-0.022196119203656075,-102
2025-08-13 08:05:25.178,True,-2.1266428413071186,1.195788261265868,-0.022196119203656075,-102
2025-08-13 08:05:26.180,True,-2.1266428413071186,1.195788261265868,-0.022196119203656075,26
2025-08-13 08:05:27.182,True,-2.1266428413071186,1.195788261265868,-0.022196119203656075,-102
2025-08-13 08:05:28.184,True,-2.1266428413071186,1.195788261265868,-0.022196119203656075,-102
2025-08-13 08:05:29.186,True,-2.1266428413071186,1.195788261265868,-0.022196119203656075,-102
2025-08-13 08:05:30.188,True,-2.1266428413071186,1.195788261265868,-0.022196119203656075,-102
2025-08-13 08:05:31.190,True,-2.1266428413071186,1.195788261265868,-0.022196119203656075,-102
2025-08-13 08:05:32.193,True,-2.1266428413071186,1.195788261265868,-0.022196119203656075,26
2025-08-13 08:05:33.196,True,-2.1266428413071186,1.195788261265868,-0.022196119203656075,-102
2025-08-13 08:05:34.198,True,-2.1266428413071186,1.195788261265868,-0.022196119203656075,26
2025-08-13 08:05:35.200,True,-2.1266428413071186,1.195788261265868,-0.022196119203656075,26
2025-08-13 08:05:36.202,True,-2.1266428413071186,1.195788261265868,-0.022196119203656075,-102
2025-08-13 08:05:37.204,True,-2.1266428413071186,1.195788261265868,-0.022196119203656075,-102
2025-08-13 08:05:38.206,True,-2.1266428413071186,1.195788261265868,-0.022196119203656075,-102
2025-08-13 08:05:39.208,True,-2.1266428413071186,1.195788261265868,-0.022196119203656075,-102
2025-08-13 08:05:40.210,True,-2.1266428413071186,1.195788261265868,-0.022196119203656075,26
2025-08-13 08:05:41.213,True,-2.1266428413071186,1.195788261265868,-0.022196119203656075,26
2025-08-13 08:05:42.216,True,-2.1266428413071186,1.195788261265868,-0.022196119203656075,26
2025-08-13 08:05:43.218,True,-2.1266428413071186,1.195788261265868,-0.022196119203656075,-102
2025-08-13 08:05:44.220,True,-2.1266428413071186,1.195788261265868,-0.022196119203656075,26
2025-08-13 08:05:45.222,True,-2.1266428413071186,1.195788261265868,-0.022196119203656075,-102
2025-08-13 08:05:46.224,True,-2.1266428413071186,1.195788261265868,-0.022196119203656075,26
2025-08-13 08:05:47.226,True,-2.1266428413071186,1.195788261265868,-0.022196119203656075,26
2025-08-13 08:05:48.228,True,-2.1266428413071186,1.195788261265868,-0.022196119203656075,26
2025-08-13 08:05:49.231,True,-2.1266428413071186,1.195788261265868,-0.022196119203656075,26
2025-08-13 08:05:50.233,True,-2.1266428413071186,1.195788261265868,-0.022196119203656075,26
2025-08-13 08:05:51.235,True,-2.1266428413071186,1.195788261265868,-0.022196119203656075,-102
2025-08-13 08:05:52.237,True,-2.1266428413071186,1.195788261265868,-0.022196119203656075,-102
2025-08-13 08:05:53.239,True,-2.1266428413071186,1.195788261265868,-0.022196119203656075,26
2025-08-13 08:05:54.240,True,-2.1266428413071186,1.195788261265868,-0.022196119203656075,26
2025-08-13 08:05:55.242,True,-2.1266428413071186,1.195788261265868,-0.022196119203656075,26
2025-08-13 08:05:56.245,True,-2.1266428413071186,1.195788261265868,-0.022196119203656075,26
2025-08-13 08:05:57.247,True,-2.1266428413071186,1.195788261265868,-0.022196119203656075,-102
2025-08-13 08:05:58.248,True,-2.1266428413071186,1.195788261265868,-0.022196119203656075,-102
2025-08-13 08:05:59.250,True,-2.1266428413071186,1.195788261265868,-0.022196119203656075,-102
2025-08-13 08:06:00.252,True,-2.1266428413071186,1.195788261265868,-0.022196119203656075,26
2025-08-13 08:06:01.254,True,-2.1266428413071186,1.195788261265868,-0.022196119203656075,26
2025-08-13 08:06:02.256,True,-2.1266428413071186,1.195788261265868,-0.022196119203656075,26
2025-08-13 08:06:03.259,True,-2.1266428413071186,1.195788261265868,-0.022196119203656075,26
2025-08-13 08:06:04.261,True,-2.1266428413071186,1.195788261265868,-0.022196119203656075,26
2025-08-13 08:06:05.262,True,-2.1266428413071186,1.195788261265868,-0.022196119203656075,-102
2025-08-13 08:06:06.264,True,-2.1266428413071186,1.195788261265868,-0.022196119203656075,26
2025-08-13 08:06:07.266,True,-2.1266428413071186,1.195788261265868,-0.022196119203656075,26
2025-08-13 08:06:08.268,True,-2.1266428413071186,1.195788261265868,-0.022196119203656075,26
2025-08-13 08:06:09.270,True,-2.1266428413071186,1.195788261265868,-0.022196119203656075,26
2025-08-13 08:06:10.273,True,-2.1266428413071186,1.195788261265868,-0.022196119203656075,26
2025-08-13 08:06:11.281,True,-2.1266428413071186,1.195788261265868,-0.022196119203656075,-102
2025-08-13 08:06:12.283,True,-2.1266428413071186,1.195788261265868,-0.022196119203656075,26
2025-08-13 08:06:13.285,True,-2.1266428413071186,1.195788261265868,-0.022196119203656075,-102
2025-08-13 08:06:14.287,True,-2.1266428413071186,1.195788261265868,-0.022196119203656075,-102
2025-08-13 08:06:15.289,True,-2.1266428413071186,1.195788261265868,-0.022196119203656075,26
2025-08-13 08:06:16.291,True,-2.1266428413071186,1.195788261265868,-0.022196119203656075,26
2025-08-13 08:06:17.293,True,-2.1266428413071186,1.195788261265868,-0.022196119203656075,26
2025-08-13 08:06:18.297,True,-2.1266428413071186,1.195788261265868,-0.022196119203656075,26
2025-08-13 08:06:19.299,True,-2.1266428413071186,1.195788261265868,-0.022196119203656075,26
2025-08-13 08:06:20.301,True,-2.1266428413071186,1.195788261265868,-0.022196119203656075,26
2025-08-13 08:06:21.303,True,-2.1266428413071186,1.195788261265868,-0.022196119203656075,-102
2025-08-13 08:06:22.305,True,-2.1266428413071186,1.195788261265868,-0.022196119203656075,-102
2025-08-13 08:06:23.307,True,-2.1266428413071186,1.195788261265868,-0.022196119203656075,26
2025-08-13 08:06:24.309,True,-2.1266428413071186,1.195788261265868,-0.022196119203656075,26
2025-08-13 08:06:25.312,True,-2.1266428413071186,1.195788261265868,-0.022196119203656075,-102
2025-08-13 08:06:26.314,True,-2.1266428413071186,1.195788261265868,-0.022196119203656075,-102
2025-08-13 08:06:27.317,True,-2.1266428413071186,1.195788261265868,-0.022196119203656075,-102
2025-08-13 08:06:28.319,True,-2.1266428413071186,1.195788261265868,-0.022196119203656075,-102
2025-08-13 08:06:29.321,True,-2.1266428413071186,1.195788261265868,-0.022196119203656075,-102
2025-08-13 08:06:30.324,True,-2.1266428413071186,1.195788261265868,-0.022196119203656075,26
2025-08-13 08:06:31.326,True,-2.1266428413071186,1.195788261265868,-0.022196119203656075,26
2025-08-13 08:06:32.328,True,-2.1266428413071186,1.195788261265868,-0.022196119203656075,26
2025-08-13 08:06:33.330,True,-2.1266428413071186,1.195788261265868,-0.022196119203656075,-102
2025-08-13 08:06:34.332,True,-2.1266428413071186,1.195788261265868,-0.022196119203656075,-102
2025-08-13 08:06:35.334,True,-2.1266428413071186,1.195788261265868,-0.022196119203656075,-102
2025-08-13 08:06:36.336,True,-2.1266428413071186,1.195788261265868,-0.022196119203656075,-102
2025-08-13 08:06:37.338,True,-2.1266428413071186,1.195788261265868,-0.022196119203656075,26
2025-08-13 08:06:38.340,True,-2.1266428413071186,1.195788261265868,-0.022196119203656075,26
2025-08-13 08:06:39.342,True,-2.1266428413071186,1.195788261265868,-0.022196119203656075,26
2025-08-13 08:06:40.346,True,-2.1266428413071186,1.195788261265868,-0.022196119203656075,26
2025-08-13 08:06:41.349,True,-2.1266428413071186,1.195788261265868,-0.022196119203656075,-102
2025-08-13 08:06:42.352,True,-2.1266428413071186,1.195788261265868,-0.022196119203656075,26
2025-08-13 08:06:43.354,True,-2.1266428413071186,1.195788261265868,-0.022196119203656075,-102
2025-08-13 08:06:44.357,True,-2.1266428413071186,1.195788261265868,-0.022196119203656075,26
2025-08-13 08:06:45.359,True,-2.1266428413071186,1.195788261265868,-0.022196119203656075,26
2025-08-13 08:06:46.361,True,-2.1266428413071186,1.195788261265868,-0.022196119203656075,-102
2025-08-13 08:06:47.363,True,-2.1266428413071186,1.195788261265868,-0.022196119203656075,-102
2025-08-13 08:06:48.365,True,-2.1266428413071186,1.195788261265868,-0.022196119203656075,26
2025-08-13 08:06:49.368,True,-2.1266428413071186,1.195788261265868,-0.022196119203656075,-102
2025-08-13 08:06:50.369,True,-2.1266428413071186,1.195788261265868,-0.022196119203656075,26
2025-08-13 08:06:51.372,True,-2.1266428413071186,1.195788261265868,-0.022196119203656075,-102
2025-08-13 08:06:52.374,True,-2.1266428413071186,1.195788261265868,-0.022196119203656075,-102
2025-08-13 08:06:53.376,True,-2.1266428413071186,1.195788261265868,-0.022196119203656075,-102
2025-08-13 08:06:54.378,True,-2.1266428413071186,1.195788261265868,-0.022196119203656075,-102
2025-08-13 08:06:55.380,True,-2.1266428413071186,1.195788261265868,-0.022196119203656075,-102
2025-08-13 08:06:56.383,True,-2.1266428413071186,1.195788261265868,-0.022196119203656075,26
2025-08-13 08:06:57.386,True,-2.1266428413071186,1.195788261265868,-0.022196119203656075,-102
2025-08-13 08:06:58.390,True,-2.1266428413071186,1.195788261265868,-0.022196119203656075,-102
2025-08-13 08:06:59.391,True,-2.1266428413071186,1.195788261265868,-0.022196119203656075,26
2025-08-13 08:07:00.394,True,-2.1266428413071186,1.195788261265868,-0.022196119203656075,26
2025-08-13 08:07:01.396,True,-2.1266428413071186,1.195788261265868,-0.022196119203656075,-102
2025-08-13 08:07:02.399,True,-2.1266428413071186,1.195788261265868,-0.022196119203656075,26
2025-08-13 08:07:03.401,True,-2.1266428413071186,1.195788261265868,-0.022196119203656075,26
2025-08-13 08:07:04.403,True,-2.1266428413071186,1.195788261265868,-0.022196119203656075,-102
2025-08-13 08:07:05.405,True,-2.1266428413071186,1.195788261265868,-0.022196119203656075,-102
2025-08-13 08:07:06.407,True,-2.1266428413071186,1.195788261265868,-0.022196119203656075,26
2025-08-13 08:07:07.409,True,-2.1266428413071186,1.195788261265868,-0.022196119203656075,-102
2025-08-13 08:07:08.412,True,-2.1266428413071186,1.195788261265868,-0.022196119203656075,26
2025-08-13 08:07:09.414,True,-2.1266428413071186,1.195788261265868,-0.022196119203656075,26
2025-08-13 08:07:10.417,True,-2.1266428413071186,1.195788261265868,-0.022196119203656075,26
2025-08-13 08:07:11.419,True,-2.1266428413071186,1.195788261265868,-0.022196119203656075,-102
2025-08-13 08:07:12.421,True,-2.1266428413071186,1.195788261265868,-0.022196119203656075,26
2025-08-13 08:07:13.422,True,-2.1266428413071186,1.195788261265868,-0.022196119203656075,26
2025-08-13 08:07:14.424,True,-2.1266428413071186,1.195788261265868,-0.022196119203656075,-102
2025-08-13 08:07:15.427,True,-2.1266428413071186,1.195788261265868,-0.022196119203656075,-102
2025-08-13 08:07:16.429,True,-2.1266428413071186,1.195788261265868,-0.022196119203656075,-102
2025-08-13 08:07:17.431,True,-2.1266428413071186,1.195788261265868,-0.022196119203656075,26
2025-08-13 08:07:18.433,True,-2.1266428413071186,1.195788261265868,-0.022196119203656075,-102
2025-08-13 08:07:19.435,True,-2.1266428413071186,1.195788261265868,-0.022196119203656075,26
2025-08-13 08:07:20.438,True,-2.1266428413071186,1.195788261265868,-0.022196119203656075,26
2025-08-13 08:07:21.442,True,-2.1266428413071186,1.195788261265868,-0.022196119203656075,26
2025-08-13 08:07:22.448,True,-2.1266428413071186,1.195788261265868,-0.022196119203656075,-102
2025-08-13 08:07:23.450,True,-2.1266428413071186,1.195788261265868,-0.022196119203656075,-102
2025-08-13 08:07:24.452,True,-2.1266428413071186,1.195788261265868,-0.022196119203656075,26
2025-08-13 08:07:25.455,True,-2.1266428413071186,1.195788261265868,-0.022196119203656075,26
2025-08-13 08:07:26.457,True,-2.1266428413071186,1.195788261265868,-0.022196119203656075,-102
2025-08-13 08:07:27.460,True,-2.1266428413071186,1.195788261265868,-0.022196119203656075,26
2025-08-13 08:07:28.462,True,-2.1266428413071186,1.195788261265868,-0.022196119203656075,26
2025-08-13 08:07:29.465,True,13.085539961177558,-0.059742394835216414,-25.483040349577234,-102
2025-08-13 08:07:30.467,True,18.3913652919398,1.1758184877575164,-85.92889348777605,-102
2025-08-13 08:07:31.470,True,27.188775577184565,-10.786094350446763,-63.173446058767794,-102
2025-08-13 08:07:32.473,True,27.447830611168726,-4.52966310612015,-74.09431609470961,-102
2025-08-13 08:07:33.475,True,31.415613668538473,0.057296758949730305,-58.6037697234172,-102
2025-08-13 08:07:34.479,True,33.87414231190583,0.8088326794716804,11.252377209793364,26
2025-08-13 08:07:35.482,True,47.907232640544315,11.198727847888446,66.19978439166182,26
2025-08-13 08:07:36.486,True,53.183812261569685,18.314286998536534,121.38813589551272,-102
2025-08-13 08:07:37.488,True,59.09740427346226,14.159434548747896,70.79102810053134,-102
2025-08-13 08:07:38.491,True,65.68395621698212,19.403165194121076,34.05883192071708,26
2025-08-13 08:07:39.493,True,74.59491956170912,33.151732526466944,80.05179282018987,26
2025-08-13 08:07:40.496,True,78.14057186078587,35.850369859628806,85.90024924655931,-102
2025-08-13 08:07:41.499,True,77.07309033608797,34.48212242521516,94.13711194350003,26
2025-08-13 08:07:42.503,True,-12.675459304393181,71.29607865939391,-33.25096682340185,26
2025-08-13 08:07:43.506,True,5.417808039691333,72.6695308920052,-31.443431355952,-102
2025-08-13 08:07:44.508,True,25.419785289068955,66.01366790016299,-18.895053001572776,-102
2025-08-13 08:07:45.510,True,26.638379791927317,68.53126516528991,-48.330370945366944,-102
2025-08-13 08:07:46.513,True,35.07630949759606,63.494569475654146,-87.23196200994067,-102
2025-08-13 08:07:47.515,True,23.822025234063275,66.51217249002785,-128.6916413291727,-102
2025-08-13 08:07:48.518,True,65.21438896831889,72.60683075745571,-79.05422455304226,26
2025-08-13 08:07:49.522,True,62.52811931923527,78.3877558469431,-73.63848341278974,26
2025-08-13 08:07:50.526,True,86.14722339543616,71.25882879665966,-72.57124311944585,-102
2025-08-13 08:07:51.528,True,51.29635559498554,65.2244247593315,-107.0453906376684,-102
2025-08-13 08:07:52.530,True,15.427169106662928,-6.968131054401107,-118.1331309679664,-102
2025-08-13 08:07:53.535,True,18.219324056670825,-5.698336242319926,146.9409670640354,-102
2025-08-13 08:07:54.537,True,9.568608597633649,-23.214846277953303,43.64887344366528,-102
2025-08-13 08:07:55.539,True,20.449661894773417,-26.502621777489633,20.374471832385655,26
2025-08-13 08:07:56.542,True,3.6738127689429794,-14.652272091410458,5.640282817269746,26
2025-08-13 08:07:57.546,True,3.528676221394202,-17.028240469549843,-49.642449712377875,-102
2025-08-13 08:07:58.548,True,55.59439515151004,23.31448805204664,-91.43932511057595,-102
2025-08-13 08:07:59.550,True,47.473279494186265,26.36798499228456,-69.88661376567515,-102
2025-08-13 08:08:00.553,True,120.1862263744545,83.29726334130804,25.537272422189154,-102
2025-08-13 08:08:01.555,True,45.622539440713645,68.55294223535313,15.31105138469745,-102
2025-08-13 08:08:02.557,True,57.4469452222848,50.00223965567609,96.19531305997202,26
2025-08-13 08:08:03.560,True,64.13744334172505,50.93461552963535,102.20713746677458,-102
2025-08-13 08:08:04.563,True,71.07860343364207,-21.119897321590056,131.2091780152277,-102
2025-08-13 08:08:05.564,True,69.54349924264989,-29.84817335768026,116.93835073216056,-102
2025-08-13 08:08:06.568,True,64.38643798989744,-21.292082390512995,48.38393997775537,-102
2025-08-13 08:08:07.570,True,84.15384631802551,-19.29887065859136,2.8878829486923947,26
2025-08-13 08:08:08.573,True,76.4449432142178,-13.552929210420302,68.27709719354537,-102
2025-08-13 08:08:09.575,True,81.83425871737946,-28.048092496741976,108.93496670760392,-102
2025-08-13 08:08:10.576,True,82.1523269554139,-30.07054216084215,-163.56373095032953,-102
2025-08-13 08:08:11.578,True,79.63751385426522,-37.58225418481744,-144.42747786769658,-102
2025-08-13 08:08:12.580,True,77.26154298882273,-34.135496231994054,-174.43024738073336,-102
2025-08-13 08:08:13.582,True,85.21452132602292,-37.59354724373722,117.08525832940191,26
2025-08-13 08:08:14.584,True,62.966168085593935,-15.507657959087501,115.20819590840743,-115
2025-08-13 08:08:15.586,True,57.09348795835713,22.600927062113247,117.15846078677613,-102
2025-08-13 08:08:16.588,True,-30.000370057917497,35.03957389537474,38.80827808373644,-102
2025-08-13 08:08:17.589,True,-42.22674268739893,29.006674873551415,21.53254542334466,-102
2025-08-13 08:08:18.591,True,74.6852435780838,42.110822691640095,127.41321025209655,-102
2025-08-13 08:08:19.596,True,32.86897491073322,40.81186662056146,119.10259332205548,-102
2025-08-13 08:08:20.597,True,44.545795453975934,28.479909429686337,128.4465200098514,-102
2025-08-13 08:08:21.599,True,54.58814944623674,25.84915482801053,138.3572986476569,-102
2025-08-13 08:08:22.602,True,47.42872538742857,-1.7414058276777504,142.8651214624702,26
2025-08-13 08:08:23.604,True,65.17960587976161,23.907833677783547,157.00598534632536,-115
2025-08-13 08:08:24.607,True,72.97554185580425,40.46746980924049,172.9612229637255,26
2025-08-13 08:08:25.609,True,-41.17816975155463,10.312950647182191,128.9400002192239,-102
2025-08-13 08:08:26.611,True,24.915740820536293,-11.91446542533587,151.29400594537879,-102
2025-08-13 08:08:27.613,True,-67.93776468011791,59.1394559607234,111.57164497250108,-102
2025-08-13 08:08:28.615,True,-8.006447423363205,28.348149607109782,-175.99959951006505,-102
2025-08-13 08:08:29.617,True,-10.450496476789768,14.3236288438327,-173.93618117029894,26
2025-08-13 08:08:30.619,True,-5.264804020559147,10.359215238444886,-147.11403397795652,26
2025-08-13 08:08:31.621,True,-3.1947494507412735,6.301543590217185,-72.2108151420701,-102
2025-08-13 08:08:32.623,True,-5.755260655275113,3.8988003250015772,-67.03372626751064,26
2025-08-13 08:08:33.626,True,-8.10818904060681,13.49751941427373,-46.22744103158752,-102
2025-08-13 08:08:34.629,True,-1.6137420306607815,31.02297981442394,-41.90307063261939,26
2025-08-13 08:08:35.632,True,-1.4726713224301453,-6.680316577075851,-37.1106155457556,26
2025-08-13 08:08:36.634,True,-2.6712877283976133,-2.6624484352408673,-39.5307254250979,26
2025-08-13 08:08:37.636,True,-4.5609953758092425,-0.9439018407544582,-40.8283943631518,-102
2025-08-13 08:08:38.639,True,-5.0400287991070165,-0.300830233992718,-42.99529840738289,-102
2025-08-13 08:08:39.641,True,-4.700709336144079,-0.36529080988803075,-44.299116187365875,26
2025-08-13 08:08:40.644,True,-1.9829168698386122,-4.7701650467539265,-44.87606119378455,-102
2025-08-13 08:08:41.646,True,-5.641506372803323,-0.3239499143534322,-46.53184022490297,26
2025-08-13 08:08:42.648,True,-9.759297250846188,-0.3098560302731532,-41.97960959950757,-102
2025-08-13 08:08:43.650,True,-5.234811518336937,-0.8624459769031049,-36.60576652334452,-102
2025-08-13 08:08:44.652,True,-4.692449583205826,1.4127799570330843,-37.56011790001088,26
2025-08-13 08:08:45.656,True,-4.208554071563067,0.12086882474901084,-37.557516255387526,26
2025-08-13 08:08:46.658,True,-3.5139895131717425,-1.093802131437439,-36.53115545588834,-102
2025-08-13 08:08:47.660,True,-4.184531053555023,-7.142209856296989,-31.29848488738471,26
2025-08-13 08:08:48.662,True,-0.6465129155942779,-6.2732187521952785,-32.43743414792588,26
2025-08-13 08:08:49.665,True,-3.0178834658866274,-2.007641184497995,-23.040825225611876,26
2025-08-13 08:08:50.667,True,-1.7296253883352255,-2.151444817043854,-14.051458640229933,26
2025-08-13 08:08:51.669,True,0.6195739985561836,-3.7140933612825857,-11.05158260521853,-102
2025-08-13 08:08:52.671,True,32.78487869277755,23.63358198498621,-4.514208983537599,-102
2025-08-13 08:08:53.673,True,25.909208110436968,15.642820979556394,-0.21822826588276087,26
2025-08-13 08:08:54.675,True,-20.53186539176548,37.72417048510624,-56.636991331025726,26
2025-08-13 08:08:55.677,True,-91.72036899114497,60.30459494145499,-166.01620795273914,26
2025-08-13 08:08:56.679,True,-139.4358487000054,57.99175376957594,175.4962866509965,-102
2025-08-13 08:08:57.681,True,-150.46819674308273,39.94540378240838,144.33927023678527,26
2025-08-13 08:08:58.683,True,-157.17265206556772,17.091644438451773,91.52112828387455,26
2025-08-13 08:08:59.685,True,164.4305812944566,38.76523589448269,103.71366048806264,26
2025-08-13 08:09:00.687,True,-2.878588464187016,65.65027432807616,-43.74214978365491,-102
2025-08-13 08:09:01.690,True,-17.836167788217505,19.58460042151119,-37.169726925167666,-102
2025-08-13 08:09:02.693,True,7.8126103997651475,16.685431528019226,8.009889518868924,26
2025-08-13 08:09:03.695,True,-12.473522231308817,18.758122588138807,42.20312305380252,26
2025-08-13 08:09:04.696,True,1.4098724464844024,21.784790282730192,6.17162050462077,-102
2025-08-13 08:09:05.698,True,4.647890312023168,21.804465259065296,13.352209629281734,26
2025-08-13 08:09:06.700,True,6.6894156010395935,19.78065542386976,-34.14998634970378,-102
2025-08-13 08:09:07.702,True,-0.9153321810094892,18.714108087378445,-18.467391687238106,26
2025-08-13 08:09:08.704,True,3.419448095437361,25.719346723270526,-19.339460067815246,-102
2025-08-13 08:09:09.706,True,-0.5570094415039246,10.429367179963315,-37.37561877342254,-102
2025-08-13 08:09:10.708,True,-4.304827425547404,38.74345573669957,-15.64527739283094,-102
2025-08-13 08:09:11.710,True,-12.850048244736358,27.072868189945094,-33.51552446915235,-102
2025-08-13 08:09:12.713,True,-17.71395190288962,23.237625223231724,-39.817574508200686,26
2025-08-13 08:09:13.715,True,-21.671002705976413,43.07091284838511,-39.85621216743502,26
2025-08-13 08:09:14.717,True,-7.714750505790748,26.16772529619897,-41.85248522091379,26
2025-08-13 08:09:15.720,True,-14.188523757486475,9.069994891444994,-72.58120012212983,-102
2025-08-13 08:09:16.721,True,4.09736550074153,3.235409920356046,-68.2785704217343,-102
2025-08-13 08:09:17.723,True,3.656547708573592,-4.410721926629615,-88.27646977152618,26
2025-08-13 08:09:18.725,True,3.0131519003176623,-3.5462713656974634,-89.50393602921294,-102
2025-08-13 08:09:19.727,True,3.9266756094193385,-0.43687978128798305,-88.37038500905629,-102
2025-08-13 08:09:20.729,True,-10.942544863188354,38.688425128286276,-25.898234840506994,26
2025-08-13 08:09:21.731,True,-7.966400270277131,5.709387563391969,61.450212261915276,26
2025-08-13 08:09:22.733,True,-4.572779836255895,3.2727971877771553,116.25664858366758,-102
2025-08-13 08:09:23.736,True,-2.1603350413435516,2.3130575148981296,-155.01522593966047,-102
2025-08-13 08:09:24.738,True,-2.491548859627466,2.38998028118885,-139.69902980464866,26
2025-08-13 08:09:25.741,True,-5.91318489410534,-1.365569472808944,166.59196312710674,-102
2025-08-13 08:09:26.743,True,-7.640911601653868,-0.5593928422251652,-137.6197910522423,-102
2025-08-13 08:09:27.746,True,-2.689404563330555,-3.084333747332767,-127.75740829095083,-102
2025-08-13 08:09:28.749,True,-2.6815082200865725,0.4955859227328642,-145.21303340598178,26
2025-08-13 08:09:29.751,True,-3.2540885923699645,-4.8165227381987705,-172.53219180247945,26
2025-08-13 08:09:30.754,True,-5.316639790786301,15.119145087634324,146.3092021563822,-102
2025-08-13 08:09:31.756,True,-16.051393568392402,-2.2299605908151556,108.33109753072075,26
2025-08-13 08:09:32.759,True,-15.321875519892604,-17.370749293903277,91.75457571974343,-102
2025-08-13 08:09:33.763,True,-84.09606673365792,-58.33559556983364,168.97713749523706,-102
2025-08-13 08:09:34.765,True,-89.1264955402851,-21.31087778141776,177.24339015180874,26
2025-08-13 08:09:35.767,True,-88.52116077847366,-21.62637011179166,-176.30794748829288,26
2025-08-13 08:09:36.770,True,-87.88402781597574,-22.405942020991777,-173.35011069681823,26
2025-08-13 08:09:37.772,True,-87.87258366803293,-22.42357812873279,-173.14098520885923,26
2025-08-13 08:09:38.774,True,-87.87258366803293,-22.42357812873279,-173.14098520885923,26
2025-08-13 08:09:39.776,True,-87.87258366803293,-22.42357812873279,-173.14098520885923,-102
2025-08-13 08:09:40.778,True,-87.87258366803293,-22.42357812873279,-173.14098520885923,-102
2025-08-13 08:09:41.779,True,-87.88274278556901,-22.42291174681446,-173.13885927510586,-102
2025-08-13 08:09:42.781,True,-87.89290281222029,-22.422245368094224,-173.1367335334359,26
2025-08-13 08:09:43.783,True,-87.89290281222029,-22.422245368094224,-173.1367335334359,-102
2025-08-13 08:09:44.787,True,-87.89290281222029,-22.422245368094224,-173.1367335334359,-102
2025-08-13 08:09:45.789,True,-87.89290281222029,-22.422245368094224,-173.1367335334359,26
2025-08-13 08:09:46.792,True,-87.89290281222029,-22.422245368094224,-173.1367335334359,-102
2025-08-13 08:09:47.794,True,-87.89290281222029,-22.422245368094224,-173.1367335334359,26
2025-08-13 08:09:48.798,True,-87.89555662336288,-22.432718920965343,-173.13704850328827,26
2025-08-13 08:09:49.801,True,-87.89555662336288,-22.432718920965343,-173.13704850328827,-102
2025-08-13 08:09:50.802,True,-87.89555662336288,-22.432718920965343,-173.13704850328827,-102
2025-08-13 08:09:51.805,True,-87.89555662336288,-22.432718920965343,-173.13704850328827,-102
2025-08-13 08:09:52.807,True,-87.89555662336288,-22.432718920965343,-173.13704850328827,-102
2025-08-13 08:09:53.809,True,-87.89555662336288,-22.432718920965343,-173.13704850328827,26
2025-08-13 08:09:54.812,True,-87.89555662336288,-22.432718920965343,-173.13704850328827,26
2025-08-13 08:09:55.814,True,-87.89555662336288,-22.432718920965343,-173.13704850328827,-102
2025-08-13 08:09:56.816,True,-87.89555662336288,-22.432718920965343,-173.13704850328827,-102
2025-08-13 08:09:57.819,True,-87.84682472741275,-22.329398267948946,-173.15108306083644,-102
2025-08-13 08:09:58.821,True,-87.7526961142139,-22.559580174226447,-173.2047663353093,-102
2025-08-13 08:09:59.823,True,-87.74997050108577,-22.509259585727435,-173.20495153393807,26
2025-08-13 08:10:00.825,True,-87.76012479649972,-22.50859648830151,-173.2028147002846,-102
2025-08-13 08:10:01.827,True,-87.4273698133869,-21.799843155367164,-173.8496830550357,-102
2025-08-13 08:10:02.829,True,-87.63690440766109,-22.36769258156521,-173.28195454331035,26
2025-08-13 08:10:03.831,True,-87.62650648961076,-22.04522022328847,-173.3232369865437,26
2025-08-13 08:10:04.832,True,-87.59844855281861,-22.020226957022583,-173.33176468133146,-101
2025-08-13 08:10:05.835,True,-87.31768107379924,-25.19252656314982,-176.6342525364205,27
2025-08-13 08:10:06.837,True,-87.31320729655978,-24.814411559365833,-176.40589331885553,-102
2025-08-13 08:10:07.839,True,-87.28447760815159,-24.902834537958277,-176.41022514122363,26
2025-08-13 08:10:08.841,True,-87.27391688178042,-24.90185842203761,-176.41094216420342,-102
2025-08-13 08:10:09.843,True,-87.28995240406313,-24.57378013383619,-176.38803217931093,26
2025-08-13 08:10:10.845,True,-87.28221064076588,-24.54193195347782,-176.38706113729228,26
2025-08-13 08:10:11.847,True,-87.28221064076588,-24.54193195347782,-176.38706113729228,27
2025-08-13 08:10:12.850,True,-87.28221064076588,-24.54193195347782,-176.38706113729228,26
2025-08-13 08:10:13.852,True,-87.28221064076588,-24.54193195347782,-176.38706113729228,-101
2025-08-13 08:10:14.854,True,-87.28221064076588,-24.54193195347782,-176.38706113729228,-102
2025-08-13 08:10:15.856,True,-87.28221064076588,-24.54193195347782,-176.38706113729228,27
2025-08-13 08:10:16.858,True,-87.28221064076588,-24.54193195347782,-176.38706113729228,-101
2025-08-13 08:10:17.861,True,-87.28221064076588,-24.54193195347782,-176.38706113729228,27
2025-08-13 08:10:18.863,True,-87.28221064076588,-24.54193195347782,-176.38706113729228,27
2025-08-13 08:10:19.865,True,-87.28221064076588,-24.54193195347782,-176.38706113729228,27
2025-08-13 08:10:20.868,True,-87.28221064076588,-24.54193195347782,-176.38706113729228,27
2025-08-13 08:10:21.869,True,-87.28221064076588,-24.54193195347782,-176.38706113729228,-101
2025-08-13 08:10:22.872,True,-87.28221064076588,-24.54193195347782,-176.38706113729228,-101
2025-08-13 08:10:23.874,True,-87.28221064076588,-24.54193195347782,-176.38706113729228,-101
2025-08-13 08:10:24.876,True,-87.28221064076588,-24.54193195347782,-176.38706113729228,27
2025-08-13 08:10:25.879,True,-87.28221064076588,-24.54193195347782,-176.38706113729228,27
2025-08-13 08:10:26.882,True,-87.28221064076588,-24.54193195347782,-176.38706113729228,-101
2025-08-13 08:10:27.884,True,-87.28221064076588,-24.54193195347782,-176.38706113729228,27
2025-08-13 08:10:28.887,True,-87.28221064076588,-24.54193195347782,-176.38706113729228,-101
2025-08-13 08:10:29.890,True,-87.28221064076588,-24.54193195347782,-176.38706113729228,27
2025-08-13 08:10:30.892,True,-87.27214509681343,-24.294677745100817,-176.39080350766994,-101
2025-08-13 08:10:31.895,True,-87.25653109146019,-24.113115134449668,-176.4016297933522,27
2025-08-13 08:10:32.899,True,-87.25653109146019,-24.113115134449668,-176.4016297933522,27
2025-08-13 08:10:33.902,True,-87.25653109146019,-24.113115134449668,-176.4016297933522,-101
2025-08-13 08:10:34.905,True,-87.25653109146019,-24.113115134449668,-176.4016297933522,-101
2025-08-13 08:10:35.908,True,-87.24632798571112,-24.108370895737654,-176.39847411370056,27
2025-08-13 08:10:36.910,True,-87.25653109146019,-24.113115134449668,-176.4016297933522,-101
2025-08-13 08:10:37.914,True,-87.22128802857492,-23.913255570930232,-176.39678360953084,27
2025-08-13 08:10:38.918,True,-87.21775979294581,-23.811984787337096,-176.39540389008997,27
2025-08-13 08:10:39.922,True,-87.21775979294581,-23.811984787337096,-176.39540389008997,27
2025-08-13 08:10:40.926,True,-87.21775979294581,-23.811984787337096,-176.39540389008997,27
2025-08-13 08:10:41.927,True,-86.89849961411318,-23.116473963932275,-177.04997262857722,-101
2025-08-13 08:10:42.930,True,-87.21775979294581,-23.811984787337096,-176.39540389008997,27
2025-08-13 08:10:43.932,True,-87.21775979294581,-23.811984787337096,-176.39540389008997,-101
2025-08-13 08:10:44.934,True,-87.21775979294581,-23.811984787337096,-176.39540389008997,27
2025-08-13 08:10:45.936,True,-87.21775979294581,-23.811984787337096,-176.39540389008997,-101
2025-08-13 08:10:46.939,True,-87.21775979294581,-23.811984787337096,-176.39540389008997,27
2025-08-13 08:10:47.941,True,-87.21775979294581,-23.811984787337096,-176.39540389008997,27
2025-08-13 08:10:48.944,True,-87.21775979294581,-23.811984787337096,-176.39540389008997,-101
2025-08-13 08:10:49.946,True,-87.21775979294581,-23.811984787337096,-176.39540389008997,27
2025-08-13 08:10:50.949,True,-87.21775979294581,-23.811984787337096,-176.39540389008997,-101
2025-08-13 08:10:51.952,True,-87.21775979294581,-23.811984787337096,-176.39540389008997,-101
2025-08-13 08:10:52.955,True,-87.21775979294581,-23.811984787337096,-176.39540389008997,-101
2025-08-13 08:10:53.958,True,-87.21775979294581,-23.811984787337096,-176.39540389008997,27
2025-08-13 08:10:54.961,True,-87.21775979294581,-23.811984787337096,-176.39540389008997,27
2025-08-13 08:10:55.964,True,-87.21775979294581,-23.811984787337096,-176.39540389008997,-101
2025-08-13 08:10:56.967,True,-87.21775979294581,-23.811984787337096,-176.39540389008997,-101
2025-08-13 08:10:57.969,True,-87.21775979294581,-23.811984787337096,-176.39540389008997,27
2025-08-13 08:10:58.973,True,-87.21021209307254,-23.785401197074343,-176.39986145204426,27
2025-08-13 08:10:59.975,True,-87.21276915185956,-23.79084829516743,-176.39475106790695,-101
2025-08-13 08:11:00.978,True,-87.21276915185956,-23.79084829516743,-176.39475106790695,27
2025-08-13 08:11:01.981,True,-87.21276915185956,-23.79084829516743,-176.39475106790695,27
2025-08-13 08:11:02.982,True,-87.21276915185956,-23.79084829516743,-176.39475106790695,27
2025-08-13 08:11:03.986,True,-87.21276915185956,-23.79084829516743,-176.39475106790695,-101
2025-08-13 08:11:04.989,True,-87.21276915185956,-23.79084829516743,-176.39475106790695,-101
2025-08-13 08:11:05.992,True,-87.21276915185956,-23.79084829516743,-176.39475106790695,27
2025-08-13 08:11:06.994,True,-87.21276915185956,-23.79084829516743,-176.39475106790695,-101
2025-08-13 08:11:07.997,True,-87.21276915185956,-23.79084829516743,-176.39475106790695,27
2025-08-13 08:11:08.999,True,-87.21276915185956,-23.79084829516743,-176.39475106790695,27
2025-08-13 08:11:10.002,True,-87.2159692121278,-23.766484613687123,-176.40015022739988,-101
2025-08-13 08:11:11.005,True,-87.20517270302676,-23.508094240518474,-176.4018091741868,-101
2025-08-13 08:11:12.008,True,-87.20302264318983,-23.493718726889174,-176.3976378867872,27
2025-08-13 08:11:13.011,True,-87.19589315772309,-23.463358037919015,-176.39823983432615,27
2025-08-13 08:11:14.015,True,-87.19589315772309,-23.463358037919015,-176.39823983432615,-101
2025-08-13 08:11:15.017,True,-87.19589315772309,-23.463358037919015,-176.39823983432615,27
2025-08-13 08:11:16.019,True,-87.19589315772309,-23.463358037919015,-176.39823983432615,-101
2025-08-13 08:11:17.021,True,-87.19589315772309,-23.463358037919015,-176.39823983432615,-101
2025-08-13 08:11:18.023,True,-87.19589315772309,-23.463358037919015,-176.39823983432615,-115
2025-08-13 08:11:19.025,True,-87.19589315772309,-23.463358037919015,-176.39823983432615,-101
2025-08-13 08:11:20.027,True,-87.20767668484584,-23.381687873621825,-176.3937237216874,27
2025-08-13 08:11:21.029,True,-87.20767668484584,-23.381687873621825,-176.3937237216874,-115
2025-08-13 08:11:22.031,True,-87.20767668484584,-23.381687873621825,-176.3937237216874,-101
2025-08-13 08:11:23.033,True,-87.20767668484584,-23.381687873621825,-176.3937237216874,27
2025-08-13 08:11:24.035,True,-87.20767668484584,-23.381687873621825,-176.3937237216874,-101
2025-08-13 08:11:25.037,True,-87.20767668484584,-23.381687873621825,-176.3937237216874,-101
2025-08-13 08:11:26.039,True,143.2333120917155,4.126772213545283,170.24519367755732,-101
2025-08-13 08:11:27.041,True,-87.1911807052389,-23.08786142920615,-176.43198193955487,-101
2025-08-13 08:11:28.043,True,-87.19786473434999,-23.027740691350264,-176.43034649274645,-101
2025-08-13 08:11:29.045,True,-87.18982307099269,-23.037384442790636,-176.43129134971554,-101
2025-08-13 08:11:30.047,True,-87.18982307099269,-23.037384442790636,-176.43129134971554,27
2025-08-13 08:11:31.049,True,-87.18982307099269,-23.037384442790636,-176.43129134971554,27
2025-08-13 08:11:32.051,True,-87.18982307099269,-23.037384442790636,-176.43129134971554,27
2025-08-13 08:11:33.053,True,-87.18982307099269,-23.037384442790636,-176.43129134971554,27
2025-08-13 08:11:34.055,True,-87.18982307099269,-23.037384442790636,-176.43129134971554,-101
2025-08-13 08:11:35.057,True,-87.18982307099269,-23.037384442790636,-176.43129134971554,-101
2025-08-13 08:11:36.059,True,-87.18982307099269,-23.037384442790636,-176.43129134971554,-101
2025-08-13 08:11:37.061,True,-87.18982307099269,-23.037384442790636,-176.43129134971554,27
2025-08-13 08:11:38.065,True,-87.18982307099269,-23.037384442790636,-176.43129134971554,27
2025-08-13 08:11:39.067,True,-87.18982307099269,-23.037384442790636,-176.43129134971554,27
2025-08-13 08:11:40.069,True,-87.18982307099269,-23.037384442790636,-176.43129134971554,-101
2025-08-13 08:11:41.072,True,-87.18982307099269,-23.037384442790636,-176.43129134971554,27
2025-08-13 08:11:42.074,True,-87.18982307099269,-23.037384442790636,-176.43129134971554,-101
2025-08-13 08:11:43.076,True,-87.18982307099269,-23.037384442790636,-176.43129134971554,27
2025-08-13 08:11:44.078,True,-87.18735253081532,-23.031961313229875,-176.43638044558745,27
2025-08-13 08:11:45.081,True,-87.18735253081532,-23.031961313229875,-176.43638044558745,-101
2025-08-13 08:11:46.082,True,-87.17537109063419,-23.014140417072515,-176.4305019474393,27
2025-08-13 08:11:47.084,True,-87.17777798254693,-23.02466170141058,-176.43082778668287,-101
2025-08-13 08:11:48.086,True,-87.17777798254693,-23.02466170141058,-176.43082778668287,27
2025-08-13 08:11:49.088,True,-87.17777798254693,-23.02466170141058,-176.43082778668287,27
2025-08-13 08:11:50.089,True,-87.17777798254693,-23.02466170141058,-176.43082778668287,27
2025-08-13 08:11:51.092,True,-87.1762015198243,-22.972937940219172,-176.42858066674404,27
2025-08-13 08:11:52.095,True,-87.19715034068734,-22.85079636526228,-176.4321131991936,-101
2025-08-13 08:11:53.097,True,-87.20730866329336,-22.75497318085908,-176.42352292363708,-101
2025-08-13 08:11:54.099,True,-87.20492893695167,-22.74446814988449,-176.42320136928612,-101
2025-08-13 08:11:55.101,True,-87.20492893695167,-22.74446814988449,-176.42320136928612,-101
2025-08-13 08:11:56.103,True,-87.20492893695167,-22.74446814988449,-176.42320136928612,-101
2025-08-13 08:11:57.105,True,-87.20486835119934,-22.749559475641565,-176.428604528728,27
2025-08-13 08:11:58.107,True,-87.20486835119934,-22.749559475641565,-176.428604528728,27
2025-08-13 08:11:59.110,True,-87.20486835119934,-22.749559475641565,-176.428604528728,-101
2025-08-13 08:12:00.111,True,-87.20486835119934,-22.749559475641565,-176.428604528728,-101
2025-08-13 08:12:01.113,True,-87.20486835119934,-22.749559475641565,-176.428604528728,-101
2025-08-13 08:12:02.116,True,-87.20486835119934,-22.749559475641565,-176.428604528728,27
2025-08-13 08:12:03.118,True,-87.20486835119934,-22.749559475641565,-176.428604528728,-101
2025-08-13 08:12:04.120,True,-87.20486835119934,-22.749559475641565,-176.428604528728,27
2025-08-13 08:12:05.122,True,-87.21054602643544,-22.729413303195013,-176.42735688283,27
2025-08-13 08:12:06.125,True,-87.20255027484384,-22.733963926297342,-176.42287981516074,27
2025-08-13 08:12:07.127,True,-87.2072481041776,-22.76006489812309,-176.42892608686685,-101
2025-08-13 08:12:08.129,True,-87.2072481041776,-22.76006489812309,-176.42892608686685,-101
2025-08-13 08:12:09.133,True,-87.2072481041776,-22.76006489812309,-176.42892608686685,-101
2025-08-13 08:12:10.135,True,-87.19681264828256,-22.759201065822783,-176.42953245034408,27
2025-08-13 08:12:11.136,True,-87.20200569943187,-22.766181783397972,-176.4155032242607,-101
2025-08-13 08:12:12.139,True,-87.19608711356611,-22.785086464594276,-176.4152143207052,27
2025-08-13 08:12:13.142,True,-87.19513274567764,-22.83134666896758,-176.42251881160513,-101
2025-08-13 08:12:14.145,True,-87.19513274567764,-22.83134666896758,-176.42251881160513,-101
2025-08-13 08:12:15.147,True,-87.19513274567764,-22.83134666896758,-176.42251881160513,27
2025-08-13 08:12:16.148,True,-87.18714326579357,-22.8358965249885,-176.41804490454794,-101
2025-08-13 08:12:17.150,True,-87.18714326579357,-22.8358965249885,-176.41804490454794,-101
2025-08-13 08:12:18.152,True,-87.18714326579357,-22.8358965249885,-176.41804490454794,27
2025-08-13 08:12:19.154,True,-87.18714326579357,-22.8358965249885,-176.41804490454794,27
2025-08-13 08:12:20.158,True,-87.17928279258287,-23.48935731934198,-177.11062030450094,27
2025-08-13 08:12:21.160,True,-87.18714326579357,-22.8358965249885,-176.41804490454794,27
2025-08-13 08:12:22.162,True,-87.18714326579357,-22.8358965249885,-176.41804490454794,-101
2025-08-13 08:12:23.164,True,-87.18714326579357,-22.8358965249885,-176.41804490454794,-101
2025-08-13 08:12:24.166,True,-87.18714326579357,-22.8358965249885,-176.41804490454794,27
2025-08-13 08:12:25.168,True,-87.18708202550759,-22.840989413072986,-176.42345185385904,-101
2025-08-13 08:12:26.171,True,-87.18708202550759,-22.840989413072986,-176.42345185385904,27
2025-08-13 08:12:27.173,True,-87.18708202550759,-22.840989413072986,-176.42345185385904,27
2025-08-13 08:12:28.175,True,-87.18708202550759,-22.840989413072986,-176.42345185385904,27
2025-08-13 08:12:29.177,True,-87.18708202550759,-22.840989413072986,-176.42345185385904,27
2025-08-13 08:12:30.179,True,-87.18708202550759,-22.840989413072986,-176.42345185385904,27
2025-08-13 08:12:31.181,True,-87.18708202550759,-22.840989413072986,-176.42345185385904,-101
2025-08-13 08:12:32.183,True,-87.18708202550759,-22.840989413072986,-176.42345185385904,27
2025-08-13 08:12:33.185,True,-87.18708202550759,-22.840989413072986,-176.42345185385904,27
2025-08-13 08:12:34.187,True,-87.18708202550759,-22.840989413072986,-176.42345185385904,27
2025-08-13 08:12:35.190,True,-87.18708202550759,-22.840989413072986,-176.42345185385904,27
2025-08-13 08:12:36.192,True,-87.18708202550759,-22.840989413072986,-176.42345185385904,-101
2025-08-13 08:12:37.194,True,-87.18708202550759,-22.840989413072986,-176.42345185385904,-101
2025-08-13 08:12:38.196,True,-87.18708202550759,-22.840989413072986,-176.42345185385904,-101
2025-08-13 08:12:39.197,True,-87.18873944217069,-22.98817281275664,-176.43215012409806,-101
2025-08-13 08:12:40.200,True,-87.19007302548367,-23.038642959195727,-176.43284278761791,-101
2025-08-13 08:12:41.203,True,-87.19007302548367,-23.038642959195727,-176.43284278761791,-101
2025-08-13 08:12:42.205,True,-87.19007302548367,-23.038642959195727,-176.43284278761791,-101
2025-08-13 08:12:43.207,True,-87.19007302548367,-23.038642959195727,-176.43284278761791,-101
2025-08-13 08:12:44.209,True,-87.19007302548367,-23.038642959195727,-176.43284278761791,27
2025-08-13 08:12:45.211,True,-87.19007302548367,-23.038642959195727,-176.43284278761791,-101
2025-08-13 08:12:46.214,True,-87.19007302548367,-23.038642959195727,-176.43284278761791,27
2025-08-13 08:12:47.216,True,-87.19007302548367,-23.038642959195727,-176.43284278761791,-101
2025-08-13 08:12:48.218,True,-87.19001133126646,-23.043741624943742,-176.43825545665047,-101
2025-08-13 08:12:49.221,True,-87.19001133126646,-23.043741624943742,-176.43825545665047,-101
2025-08-13 08:12:50.223,True,-87.19001133126646,-23.043741624943742,-176.43825545665047,27
2025-08-13 08:12:51.226,True,-87.19001133126646,-23.043741624943742,-176.43825545665047,27
2025-08-13 08:12:52.232,True,-87.19001133126646,-23.043741624943742,-176.43825545665047,-101
2025-08-13 08:12:53.233,True,-87.19001133126646,-23.043741624943742,-176.43825545665047,-101
2025-08-13 08:12:54.235,True,-87.19001133126646,-23.043741624943742,-176.43825545665047,-101
2025-08-13 08:12:55.237,True,-87.19001133126646,-23.043741624943742,-176.43825545665047,-101
2025-08-13 08:12:56.239,True,-87.19001133126646,-23.043741624943742,-176.43825545665047,-101
2025-08-13 08:12:57.242,True,-87.19001133126646,-23.043741624943742,-176.43825545665047,-101
2025-08-13 08:12:58.244,True,-87.19143060927618,-23.089122738078867,-176.4335360776081,-101
2025-08-13 08:12:59.246,True,-87.2093011949805,-23.088038234482713,-176.43968386956465,-101
2025-08-13 08:13:00.249,True,-87.2093011949805,-23.088038234482713,-176.43968386956465,27
2025-08-13 08:13:01.251,True,-87.19669105951503,-22.769384079579073,-176.4403409063906,-101
2025-08-13 08:13:02.254,True,-87.20474717182103,-22.759742696368942,-176.43941103832955,27
2025-08-13 08:13:03.257,True,-87.20474717182103,-22.759742696368942,-176.43941103832955,-101
2025-08-13 08:13:04.259,True,-87.20474717182103,-22.759742696368942,-176.43941103832955,-101
2025-08-13 08:13:05.261,True,-87.20474717182103,-22.759742696368942,-176.43941103832955,-101
2025-08-13 08:13:06.264,True,-87.20474717182103,-22.759742696368942,-176.43941103832955,27
2025-08-13 08:13:07.266,True,-87.20474717182103,-22.759742696368942,-176.43941103832955,-101
2025-08-13 08:13:08.268,True,-87.20474717182103,-22.759742696368942,-176.43941103832955,-101
2025-08-13 08:13:09.270,True,-87.20474717182103,-22.759742696368942,-176.43941103832955,27
2025-08-13 08:13:10.272,True,-87.20474717182103,-22.759742696368942,-176.43941103832955,-101
2025-08-13 08:13:11.274,True,-87.22067210035075,-22.734125922384553,-176.4306192033734,-101
2025-08-13 08:13:12.276,True,-87.19537264699746,-22.537141668551214,-176.4360519801202,-101
2025-08-13 08:13:13.278,True,-87.19537264699746,-22.537141668551214,-176.4360519801202,27
2025-08-13 08:13:14.281,True,-87.05605228978075,-23.197650366663627,-179.4125744426258,-101
2025-08-13 08:13:15.283,True,-87.08561681567303,-16.884019440162756,-179.31724409031486,27
2025-08-13 08:13:16.286,True,-63.42790044871446,4.641589984360412,139.0645297696466,-101
2025-08-13 08:13:17.288,True,-31.48280572840387,-3.478288728129724,94.35175767084795,-101
2025-08-13 08:13:18.289,True,-31.17046033866919,-3.4855703450294024,89.89366910385066,-101
2025-08-13 08:13:19.291,True,-39.75759644104602,-11.127729402173804,137.82424129747446,27
2025-08-13 08:13:20.293,True,-85.53095359938696,-20.24643320390267,168.52785698620235,-101
2025-08-13 08:13:21.295,True,-71.07556609218773,-18.69124843655575,137.46177097692348,-101
2025-08-13 08:13:22.297,True,-76.3403799353251,-15.055162309469313,127.34084204032182,27
2025-08-13 08:13:23.300,True,-75.30444188401684,-14.966611306010453,157.87514677854827,-101
2025-08-13 08:13:24.302,True,-6.5346490370566785,-0.8260559006184892,146.40139114957236,-101
2025-08-13 08:13:25.305,True,3.9535734849920763,11.269725434255978,89.46448413678227,27
2025-08-13 08:13:26.307,True,-10.216218463615583,11.802934349544623,51.77386275995293,27
2025-08-13 08:13:27.312,True,-12.241726308594593,12.185536071483723,43.00480561938881,27
2025-08-13 08:13:28.315,True,-7.16852831863245,20.870005106078242,48.907651780440524,-101
2025-08-13 08:13:29.317,True,-8.095761433660856,18.474781785507158,48.12790914172082,-101
2025-08-13 08:13:30.320,True,1.8387854421716257,-15.201165245707047,15.477122106901819,-101
2025-08-13 08:13:31.322,True,29.449242191310987,-31.030100501018897,-2.5563225683376607,-101
2025-08-13 08:13:32.324,True,14.707640654110632,-13.184176956371518,36.3292044286266,27
2025-08-13 08:13:33.329,True,8.72878252345982,9.298483098672303,31.401928587945587,27
2025-08-13 08:13:34.333,True,12.525154115468514,10.29907710899184,40.1578421531785,-101
2025-08-13 08:13:35.335,True,26.936765797899092,24.8569085001857,6.439515682185288,-101
2025-08-13 08:13:36.923,True,33.25307860737384,22.26971244204451,137.17289234714102,-101
2025-08-13 08:13:37.925,True,29.843342512728135,31.394386676741373,165.88739512605457,-101
2025-08-13 08:13:38.928,True,32.10313148265299,25.463948210455037,-158.66589152348732,27
2025-08-13 08:13:39.933,True,24.287561189887388,31.423420508988304,-146.476890666975,-101
2025-08-13 08:13:40.936,True,16.301070226176044,-2.502867540440152,162.10922543242827,27
2025-08-13 08:13:41.938,True,10.471664650976361,-4.134538676113341,-172.83288446571922,-101
2025-08-13 08:13:42.940,True,7.05549464757698,-9.799882487050875,-167.2823247426163,-101
2025-08-13 08:13:43.942,True,8.007286091284964,-44.73630586172496,-166.71954995284113,27
2025-08-13 08:13:44.945,True,19.192764344884313,-80.84229956486409,172.2063291951531,27
2025-08-13 08:13:45.947,True,-102.91717595741214,-86.47672291333306,-68.00795210735093,27
2025-08-13 08:13:46.949,True,-92.29842316815699,-87.08707667768026,-78.56668560582536,-101
2025-08-13 08:13:47.952,True,-108.88228898307986,-88.47329825313868,-61.03745949692266,27
2025-08-13 08:13:48.954,True,73.74712667539461,-89.36850928052621,116.48974354256752,27
2025-08-13 08:13:49.956,True,167.0640729174644,-88.46808379346282,22.190403232687043,-101
2025-08-13 08:13:50.958,True,88.1192826275133,-67.61107937208659,106.00108397906722,27
2025-08-13 08:13:51.962,True,116.0015655920776,-73.0371040477057,80.42534613853266,27
2025-08-13 08:13:52.965,True,91.09951383933556,-64.45371231860621,93.26894796258824,-101
2025-08-13 08:13:53.967,True,88.73678688541743,-62.9593713275749,94.96149043713875,-101
2025-08-13 08:13:54.969,True,88.74714606248716,-62.89326302607878,95.20745492191776,-101
2025-08-13 08:13:55.971,True,88.74033130917189,-62.89247325085583,94.904519110533,-101
2025-08-13 08:13:56.974,True,88.4839680259437,-62.833077131899145,95.1216768204359,-101
2025-08-13 08:13:57.976,True,87.78326477605539,-62.63662348308428,95.73697729014245,27
2025-08-13 08:13:58.978,True,87.78979014449256,-62.63154640081022,95.74058118763658,27
2025-08-13 08:13:59.980,True,87.78979014449256,-62.63154640081022,95.74058118763658,27
2025-08-13 08:14:00.982,True,85.8818596941459,-60.60058234540901,97.38061818131699,27
2025-08-13 08:14:01.984,True,82.07719341757706,-54.32369504155958,104.10816201696686,27
2025-08-13 08:14:02.986,True,81.99234475773655,-54.27265373069771,105.42179739368734,-101
2025-08-13 08:14:03.988,True,81.99749234260938,-54.27036045992679,105.50579438552113,27
2025-08-13 08:14:04.990,True,81.99749234260938,-54.27036045992679,105.50579438552113,27
2025-08-13 08:14:05.993,True,81.99749234260938,-54.27036045992679,105.50579438552113,27
2025-08-13 08:14:06.995,True,81.99749234260938,-54.27036045992679,105.50579438552113,27
2025-08-13 08:14:07.998,True,81.99749234260938,-54.27036045992679,105.50579438552113,-101
2025-08-13 08:14:09.000,True,81.99749234260938,-54.27036045992679,105.50579438552113,27
2025-08-13 08:14:10.002,True,81.99749234260938,-54.27036045992679,105.50579438552113,-101
2025-08-13 08:14:11.004,True,81.99749234260938,-54.27036045992679,105.50579438552113,-101
2025-08-13 08:14:12.007,True,81.99749234260938,-54.27036045992679,105.50579438552113,27
2025-08-13 08:14:13.009,True,81.99749234260938,-54.27036045992679,105.50579438552113,-101
2025-08-13 08:14:14.012,True,81.99749234260938,-54.27036045992679,105.50579438552113,27
2025-08-13 08:14:15.014,True,81.99749234260938,-54.27036045992679,105.50579438552113,-101
2025-08-13 08:14:16.015,True,81.99749234260938,-54.27036045992679,105.50579438552113,27
2025-08-13 08:14:17.017,True,81.99749234260938,-54.27036045992679,105.50579438552113,27
2025-08-13 08:14:18.020,True,81.99749234260938,-54.27036045992679,105.50579438552113,27
2025-08-13 08:14:19.022,True,81.99749234260938,-54.27036045992679,105.50579438552113,-101
2025-08-13 08:14:20.024,True,81.99749234260938,-54.27036045992679,105.50579438552113,27
2025-08-13 08:14:21.027,True,81.72052105610369,-54.069174585901635,105.72420119577518,27
2025-08-13 08:14:22.029,True,81.57734822393661,-53.950947372486084,105.84617013412738,-101
2025-08-13 08:14:23.031,True,81.57734822393661,-53.950947372486084,105.84617013412738,27
2025-08-13 08:14:24.033,True,81.57734822393661,-53.950947372486084,105.84617013412738,-101
2025-08-13 08:14:25.035,True,81.57734822393661,-53.950947372486084,105.84617013412738,-101
2025-08-13 08:14:26.038,True,81.57734822393661,-53.950947372486084,105.84617013412738,27
2025-08-13 08:14:27.040,True,81.57734822393661,-53.950947372486084,105.84617013412738,27
2025-08-13 08:14:28.044,True,81.57734822393661,-53.950947372486084,105.84617013412738,27
2025-08-13 08:14:29.046,True,81.57734822393661,-53.950947372486084,105.84617013412738,28
2025-08-13 08:14:30.049,True,81.57734822393661,-53.950947372486084,105.84617013412738,-100
2025-08-13 08:14:31.052,True,81.57734822393661,-53.950947372486084,105.84617013412738,-100
2025-08-13 08:14:32.054,True,81.57734822393661,-53.950947372486084,105.84617013412738,28
2025-08-13 08:14:33.056,True,81.57734822393661,-53.950947372486084,105.84617013412738,27
2025-08-13 08:14:34.058,True,81.57734822393661,-53.950947372486084,105.84617013412738,27
2025-08-13 08:14:35.061,True,81.57734822393661,-53.950947372486084,105.84617013412738,27
2025-08-13 08:14:36.064,True,81.57734822393661,-53.950947372486084,105.84617013412738,-101
2025-08-13 08:14:37.067,True,81.57734822393661,-53.950947372486084,105.84617013412738,27
2025-08-13 08:14:38.069,True,81.57734822393661,-53.950947372486084,105.84617013412738,-101
2025-08-13 08:14:39.071,True,81.57734822393661,-53.950947372486084,105.84617013412738,28
2025-08-13 08:14:40.073,True,81.57734822393661,-53.950947372486084,105.84617013412738,-101
2025-08-13 08:14:41.075,True,81.57734822393661,-53.950947372486084,105.84617013412738,27
2025-08-13 08:14:42.078,True,81.57734822393661,-53.950947372486084,105.84617013412738,28
2025-08-13 08:14:43.080,True,81.57734822393661,-53.950947372486084,105.84617013412738,-101
2025-08-13 08:14:44.081,True,81.57734822393661,-53.950947372486084,105.84617013412738,-101
2025-08-13 08:14:45.084,True,81.57734822393661,-53.950947372486084,105.84617013412738,27
2025-08-13 08:14:46.086,True,81.57734822393661,-53.950947372486084,105.84617013412738,28
2025-08-13 08:14:47.088,True,81.57734822393661,-53.950947372486084,105.84617013412738,28
2025-08-13 08:14:48.089,True,81.57734822393661,-53.950947372486084,105.84617013412738,-100
2025-08-13 08:14:49.091,True,81.57734822393661,-53.950947372486084,105.84617013412738,-100
2025-08-13 08:14:50.093,True,81.57734822393661,-53.950947372486084,105.84617013412738,-100
2025-08-13 08:14:51.095,True,81.57734822393661,-53.950947372486084,105.84617013412738,-100
2025-08-13 08:14:52.099,True,81.57734822393661,-53.950947372486084,105.84617013412738,-101
2025-08-13 08:14:53.100,True,81.57734822393661,-53.950947372486084,105.84617013412738,-100
2025-08-13 08:14:54.103,True,81.57734822393661,-53.950947372486084,105.84617013412738,-100
2025-08-13 08:14:55.105,True,81.57734822393661,-53.950947372486084,105.84617013412738,28
2025-08-13 08:14:56.107,True,81.57734822393661,-53.950947372486084,105.84617013412738,-100
2025-08-13 08:14:57.109,True,81.57734822393661,-53.950947372486084,105.84617013412738,-101
2025-08-13 08:14:58.111,True,81.57734822393661,-53.950947372486084,105.84617013412738,28
2025-08-13 08:14:59.113,True,81.57734822393661,-53.950947372486084,105.84617013412738,28
2025-08-13 08:15:00.115,True,81.57734822393661,-53.950947372486084,105.84617013412738,28
2025-08-13 08:15:01.118,True,81.57734822393661,-53.950947372486084,105.84617013412738,-100
2025-08-13 08:15:02.120,True,81.57734822393661,-53.950947372486084,105.84617013412738,-100
2025-08-13 08:15:03.122,True,81.57734822393661,-53.950947372486084,105.84617013412738,-100
2025-08-13 08:15:04.124,True,81.57734822393661,-53.950947372486084,105.84617013412738,28
2025-08-13 08:15:05.126,True,81.57734822393661,-53.950947372486084,105.84617013412738,-100
2025-08-13 08:15:06.128,True,81.57734822393661,-53.950947372486084,105.84617013412738,-100
2025-08-13 08:15:07.130,True,81.57734822393661,-53.950947372486084,105.84617013412738,-100
2025-08-13 08:15:08.132,True,81.57734822393661,-53.950947372486084,105.84617013412738,-100
2025-08-13 08:15:09.134,True,81.57734822393661,-53.950947372486084,105.84617013412738,-100
2025-08-13 08:15:10.136,True,81.57734822393661,-53.950947372486084,105.84617013412738,28
2025-08-13 08:15:11.138,True,81.57734822393661,-53.950947372486084,105.84617013412738,-100
2025-08-13 08:15:12.140,True,81.57734822393661,-53.950947372486084,105.84617013412738,-100
2025-08-13 08:15:13.142,True,81.57734822393661,-53.950947372486084,105.84617013412738,28
2025-08-13 08:15:14.143,True,81.57734822393661,-53.950947372486084,105.84617013412738,28
2025-08-13 08:15:15.146,True,81.57734822393661,-53.950947372486084,105.84617013412738,-100
2025-08-13 08:15:16.148,True,81.57734822393661,-53.950947372486084,105.84617013412738,28
2025-08-13 08:15:17.151,True,81.57734822393661,-53.950947372486084,105.84617013412738,28
2025-08-13 08:15:18.153,True,81.57734822393661,-53.950947372486084,105.84617013412738,28
2025-08-13 08:15:19.155,True,81.57734822393661,-53.950947372486084,105.84617013412738,-100
2025-08-13 08:15:20.157,True,81.57734822393661,-53.950947372486084,105.84617013412738,-100
2025-08-13 08:15:21.159,True,81.5195882953251,-53.010696879408066,103.80047904912549,-100
2025-08-13 08:15:22.161,True,81.57734822393661,-53.950947372486084,105.84617013412738,-100
2025-08-13 08:15:23.164,True,81.57734822393661,-53.950947372486084,105.84617013412738,-100
2025-08-13 08:15:24.166,True,81.57734822393661,-53.950947372486084,105.84617013412738,28
2025-08-13 08:15:25.169,True,81.57734822393661,-53.950947372486084,105.84617013412738,28
2025-08-13 08:15:26.171,True,81.57734822393661,-53.950947372486084,105.84617013412738,28
2025-08-13 08:15:27.173,True,81.57734822393661,-53.950947372486084,105.84617013412738,-100
2025-08-13 08:15:28.176,True,81.57734822393661,-53.950947372486084,105.84617013412738,28
2025-08-13 08:15:29.178,True,81.56569156332732,-53.928104704215244,105.86441139724239,28
2025-08-13 08:15:30.181,True,81.25798593164768,-53.413965735242016,106.0969025195905,28
2025-08-13 08:15:31.183,True,81.25798593164768,-53.413965735242016,106.0969025195905,-100
2025-08-13 08:15:32.185,True,81.25798593164768,-53.413965735242016,106.0969025195905,-100
2025-08-13 08:15:33.188,True,81.25798593164768,-53.413965735242016,106.0969025195905,28
2025-08-13 08:15:34.190,True,81.25798593164768,-53.413965735242016,106.0969025195905,-100
2025-08-13 08:15:35.193,True,81.25798593164768,-53.413965735242016,106.0969025195905,28
2025-08-13 08:15:36.199,True,81.25798593164768,-53.413965735242016,106.0969025195905,-100
2025-08-13 08:15:37.201,True,81.25798593164768,-53.413965735242016,106.0969025195905,28
2025-08-13 08:15:38.203,True,81.25798593164768,-53.413965735242016,106.0969025195905,-100
2025-08-13 08:15:39.205,True,81.25798593164768,-53.413965735242016,106.0969025195905,-100
2025-08-13 08:15:40.208,True,81.25798593164768,-53.413965735242016,106.0969025195905,-100
2025-08-13 08:15:41.212,True,81.25798593164768,-53.413965735242016,106.0969025195905,28
2025-08-13 08:15:42.215,True,81.25798593164768,-53.413965735242016,106.0969025195905,-100
2025-08-13 08:15:43.217,True,81.25798593164768,-53.413965735242016,106.0969025195905,-100
2025-08-13 08:15:44.219,True,81.25798593164768,-53.413965735242016,106.0969025195905,-100
2025-08-13 08:15:45.220,True,81.25798593164768,-53.413965735242016,106.0969025195905,-100
2025-08-13 08:15:46.222,True,81.26529326641368,-53.41192814383413,106.10073724476437,28
2025-08-13 08:15:47.225,True,81.26849212983086,-53.3902841335658,106.10224822328304,28
2025-08-13 08:15:48.228,True,81.17803380654134,-52.63980261177943,106.18695026832567,28
2025-08-13 08:15:49.231,True,81.16704993941921,-52.610029621633636,106.18944500997588,-100
2025-08-13 08:15:50.233,True,81.16704993941921,-52.610029621633636,106.18944500997588,28
2025-08-13 08:15:51.235,True,81.16704993941921,-52.610029621633636,106.18944500997588,-100
2025-08-13 08:15:52.237,True,81.16704993941921,-52.610029621633636,106.18944500997588,28
2025-08-13 08:15:53.239,True,81.16704993941921,-52.610029621633636,106.18944500997588,28
2025-08-13 08:15:54.241,True,81.16704993941921,-52.610029621633636,106.18944500997588,-100
2025-08-13 08:15:55.243,True,81.16617057835559,-52.611886281276426,106.77245955381936,-100
2025-08-13 08:15:56.245,True,81.16087410144127,-52.611767469573955,107.54552543023388,28
2025-08-13 08:15:57.247,True,81.16473130651573,-52.61220756660716,107.88243792172251,28
2025-08-13 08:15:58.249,True,81.16473130651573,-52.61220756660716,107.88243792172251,28
2025-08-13 08:15:59.251,True,81.16473130651573,-52.61220756660716,107.88243792172251,28
2025-08-13 08:16:00.253,True,81.16473130651573,-52.61220756660716,107.88243792172251,-100
2025-08-13 08:16:01.255,True,81.16473130651573,-52.61220756660716,107.88243792172251,-100
2025-08-13 08:16:02.257,True,81.16473130651573,-52.61220756660716,107.88243792172251,28
2025-08-13 08:16:03.258,True,81.16473130651573,-52.61220756660716,107.88243792172251,-100
2025-08-13 08:16:04.260,True,81.16473130651573,-52.61220756660716,107.88243792172251,-100
2025-08-13 08:16:05.262,True,81.16473130651573,-52.61220756660716,107.88243792172251,28
2025-08-13 08:16:06.265,True,81.16473130651573,-52.61220756660716,107.88243792172251,-100
2025-08-13 08:16:07.267,True,81.16473130651573,-52.61220756660716,107.88243792172251,-100
2025-08-13 08:16:08.270,True,81.16473130651573,-52.61220756660716,107.88243792172251,-100
2025-08-13 08:16:09.273,True,81.16473130651573,-52.61220756660716,107.88243792172251,28
2025-08-13 08:16:10.275,True,81.16473130651573,-52.61220756660716,107.88243792172251,28
2025-08-13 08:16:11.278,True,81.16473130651573,-52.61220756660716,107.88243792172251,28
2025-08-13 08:16:12.281,True,81.16473130651573,-52.61220756660716,107.88243792172251,-100
2025-08-13 08:16:13.284,True,81.16473130651573,-52.61220756660716,107.88243792172251,-100
2025-08-13 08:16:14.286,True,81.16473130651573,-52.61220756660716,107.88243792172251,-100
2025-08-13 08:16:15.288,True,81.16473130651573,-52.61220756660716,107.88243792172251,28
2025-08-13 08:16:16.290,True,81.16473130651573,-52.61220756660716,107.88243792172251,28
2025-08-13 08:16:17.292,True,81.16473130651573,-52.61220756660716,107.88243792172251,28
2025-08-13 08:16:18.295,True,81.16473130651573,-52.61220756660716,107.88243792172251,28
2025-08-13 08:16:19.297,True,81.16473130651573,-52.61220756660716,107.88243792172251,-100
2025-08-13 08:16:20.299,True,81.16473130651573,-52.61220756660716,107.88243792172251,28
2025-08-13 08:16:21.303,True,81.16473130651573,-52.61220756660716,107.88243792172251,-100
2025-08-13 08:16:22.305,True,81.16473130651573,-52.61220756660716,107.88243792172251,-100
2025-08-13 08:16:23.307,True,81.16473130651573,-52.61220756660716,107.88243792172251,28
2025-08-13 08:16:24.310,True,81.16473130651573,-52.61220756660716,107.88243792172251,28
2025-08-13 08:16:25.313,True,81.16473130651573,-52.61220756660716,107.88243792172251,28
2025-08-13 08:16:26.315,True,81.16473130651573,-52.61220756660716,107.88243792172251,-100
2025-08-13 08:16:27.317,True,81.16473130651573,-52.61220756660716,107.88243792172251,-100
2025-08-13 08:16:28.318,True,81.16473130651573,-52.61220756660716,107.88243792172251,-100
2025-08-13 08:16:29.320,True,81.16473130651573,-52.61220756660716,107.88243792172251,-100
2025-08-13 08:16:30.323,True,81.16473130651573,-52.61220756660716,107.88243792172251,28
2025-08-13 08:16:31.325,True,81.16473130651573,-52.61220756660716,107.88243792172251,28
2025-08-13 08:16:32.327,True,81.16473130651573,-52.61220756660716,107.88243792172251,28
2025-08-13 08:16:33.329,True,81.16473130651573,-52.61220756660716,107.88243792172251,-100
2025-08-13 08:16:34.331,True,81.16473130651573,-52.61220756660716,107.88243792172251,28
2025-08-13 08:16:35.333,True,81.16473130651573,-52.61220756660716,107.88243792172251,-100
2025-08-13 08:16:36.335,True,81.16473130651573,-52.61220756660716,107.88243792172251,-100
2025-08-13 08:16:37.337,True,81.16473130651573,-52.61220756660716,107.88243792172251,28
2025-08-13 08:16:38.340,True,81.16473130651573,-52.61220756660716,107.88243792172251,28
2025-08-13 08:16:39.343,True,81.16473130651573,-52.61220756660716,107.88243792172251,-100
2025-08-13 08:16:40.345,True,81.16473130651573,-52.61220756660716,107.88243792172251,-100
2025-08-13 08:16:41.347,True,81.16473130651573,-52.61220756660716,107.88243792172251,-100
2025-08-13 08:16:42.349,True,81.16473130651573,-52.61220756660716,107.88243792172251,-100
2025-08-13 08:16:43.351,True,81.16473130651573,-52.61220756660716,107.88243792172251,-100
2025-08-13 08:16:44.353,True,81.16473130651573,-52.61220756660716,107.88243792172251,28
2025-08-13 08:16:45.355,True,81.2363579865386,-52.11009082130568,107.81249681580995,-100
2025-08-13 08:16:46.357,True,81.16398606249092,-51.86885835355681,107.8594247682166,28
2025-08-13 08:16:47.359,True,81.16398606249092,-51.86885835355681,107.8594247682166,-100
2025-08-13 08:16:48.361,True,81.16398606249092,-51.86885835355681,107.8594247682166,-100
2025-08-13 08:16:49.364,True,81.16398606249092,-51.86885835355681,107.8594247682166,28
2025-08-13 08:16:50.367,True,81.16398606249092,-51.86885835355681,107.8594247682166,-100
2025-08-13 08:16:51.369,True,81.16398606249092,-51.86885835355681,107.8594247682166,28
2025-08-13 08:16:52.371,True,81.16398606249092,-51.86885835355681,107.8594247682166,28
2025-08-13 08:16:53.373,True,81.16398606249092,-51.86885835355681,107.8594247682166,-100
2025-08-13 08:16:54.375,True,81.16398606249092,-51.86885835355681,107.8594247682166,-100
2025-08-13 08:16:55.378,True,81.16398606249092,-51.86885835355681,107.8594247682166,28
2025-08-13 08:16:56.381,True,81.16398606249092,-51.86885835355681,107.8594247682166,28
2025-08-13 08:16:57.384,True,81.16398606249092,-51.86885835355681,107.8594247682166,28
2025-08-13 08:16:58.386,True,81.16398606249092,-51.86885835355681,107.8594247682166,-100
2025-08-13 08:16:59.388,True,81.16398606249092,-51.86885835355681,107.8594247682166,28
2025-08-13 08:17:00.390,True,81.16398606249092,-51.86885835355681,107.8594247682166,28
2025-08-13 08:17:01.392,True,81.16398606249092,-51.86885835355681,107.8594247682166,-100
2025-08-13 08:17:02.394,True,81.16398606249092,-51.86885835355681,107.8594247682166,-100
2025-08-13 08:17:03.396,True,81.16398606249092,-51.86885835355681,107.8594247682166,28
2025-08-13 08:17:04.398,True,81.16398606249092,-51.86885835355681,107.8594247682166,-100
2025-08-13 08:17:05.400,True,81.16398606249092,-51.86885835355681,107.8594247682166,-100
2025-08-13 08:17:06.402,True,81.16398606249092,-51.86885835355681,107.8594247682166,28
2025-08-13 08:17:07.404,True,81.16398606249092,-51.86885835355681,107.8594247682166,28
2025-08-13 08:17:08.406,True,81.16398606249092,-51.86885835355681,107.8594247682166,28
2025-08-13 08:17:09.408,True,81.16398606249092,-51.86885835355681,107.8594247682166,-100
2025-08-13 08:17:10.410,True,81.16398606249092,-51.86885835355681,107.8594247682166,28
2025-08-13 08:17:11.413,True,81.16398606249092,-51.86885835355681,107.8594247682166,-100
2025-08-13 08:17:12.415,True,81.16398606249092,-51.86885835355681,107.8594247682166,-100
2025-08-13 08:17:13.416,True,81.16398606249092,-51.86885835355681,107.8594247682166,28
2025-08-13 08:17:14.419,True,81.16398606249092,-51.86885835355681,107.8594247682166,-100
2025-08-13 08:17:15.420,True,81.16398606249092,-51.86885835355681,107.8594247682166,-100
2025-08-13 08:17:16.422,True,81.16398606249092,-51.86885835355681,107.8594247682166,-100
2025-08-13 08:17:17.424,True,81.16398606249092,-51.86885835355681,107.8594247682166,-100
2025-08-13 08:17:18.426,True,81.16398606249092,-51.86885835355681,107.8594247682166,-100
2025-08-13 08:17:19.428,True,81.16398606249092,-51.86885835355681,107.8594247682166,-100
2025-08-13 08:17:20.431,True,81.16398606249092,-51.86885835355681,107.8594247682166,-100
2025-08-13 08:17:21.433,True,81.16398606249092,-51.86885835355681,107.8594247682166,-100
2025-08-13 08:17:22.437,True,81.16398606249092,-51.86885835355681,107.8594247682166,-100
2025-08-13 08:17:23.440,True,81.16398606249092,-51.86885835355681,107.8594247682166,-100
2025-08-13 08:17:24.441,True,81.16398606249092,-51.86885835355681,107.8594247682166,28
2025-08-13 08:17:25.443,True,81.16398606249092,-51.86885835355681,107.8594247682166,-100
2025-08-13 08:17:26.445,True,81.16398606249092,-51.86885835355681,107.8594247682166,-100
2025-08-13 08:17:27.447,True,81.16398606249092,-51.86885835355681,107.8594247682166,28
2025-08-13 08:17:28.449,True,81.16398606249092,-51.86885835355681,107.8594247682166,28
2025-08-13 08:17:29.452,True,81.16398606249092,-51.86885835355681,107.8594247682166,-100
2025-08-13 08:17:30.454,True,81.16398606249092,-51.86885835355681,107.8594247682166,28
2025-08-13 08:17:31.456,True,81.16398606249092,-51.86885835355681,107.8594247682166,28
2025-08-13 08:17:32.458,True,81.16398606249092,-51.86885835355681,107.8594247682166,28
2025-08-13 08:17:33.460,True,81.16398606249092,-51.86885835355681,107.8594247682166,-100
2025-08-13 08:17:34.462,True,81.16398606249092,-51.86885835355681,107.8594247682166,28
2025-08-13 08:17:35.464,True,81.16398606249092,-51.86885835355681,107.8594247682166,28
2025-08-13 08:17:36.466,True,81.16398606249092,-51.86885835355681,107.8594247682166,-100
2025-08-13 08:17:37.468,True,81.16398606249092,-51.86885835355681,107.8594247682166,-100
2025-08-13 08:17:38.470,True,81.16398606249092,-51.86885835355681,107.8594247682166,28
2025-08-13 08:17:39.473,True,81.16398606249092,-51.86885835355681,107.8594247682166,-100
2025-08-13 08:17:40.475,True,81.16398606249092,-51.86885835355681,107.8594247682166,-100
2025-08-13 08:17:41.477,True,81.16398606249092,-51.86885835355681,107.8594247682166,28
2025-08-13 08:17:42.480,True,81.16869457195784,-51.797499988424384,107.87025932527855,28
2025-08-13 08:17:43.483,True,81.13421753887417,-51.59906651769914,107.90095214139468,28
2025-08-13 08:17:44.485,True,81.13421753887417,-51.59906651769914,107.90095214139468,28
2025-08-13 08:17:45.487,True,81.13421753887417,-51.59906651769914,107.90095214139468,-100
2025-08-13 08:17:46.489,True,81.13421753887417,-51.59906651769914,107.90095214139468,28
2025-08-13 08:17:47.491,True,81.13421753887417,-51.59906651769914,107.90095214139468,-100
2025-08-13 08:17:48.493,True,81.13421753887417,-51.59906651769914,107.90095214139468,28
2025-08-13 08:17:49.496,True,81.13421753887417,-51.59906651769914,107.90095214139468,28
2025-08-13 08:17:50.498,True,81.13421753887417,-51.59906651769914,107.90095214139468,-100
2025-08-13 08:17:51.501,True,81.13421753887417,-51.59906651769914,107.90095214139468,-100
2025-08-13 08:17:52.503,True,81.13421753887417,-51.59906651769914,107.90095214139468,28
2025-08-13 08:17:53.506,True,81.13421753887417,-51.59906651769914,107.90095214139468,-100
2025-08-13 08:17:54.508,True,81.13421753887417,-51.59906651769914,107.90095214139468,-100
2025-08-13 08:17:55.512,True,81.13421753887417,-51.59906651769914,107.90095214139468,28
2025-08-13 08:17:56.514,True,81.13421753887417,-51.59906651769914,107.90095214139468,28
2025-08-13 08:17:57.517,True,81.13421753887417,-51.59906651769914,107.90095214139468,28
2025-08-13 08:17:58.519,True,81.13421753887417,-51.59906651769914,107.90095214139468,-100
2025-08-13 08:17:59.521,True,81.13421753887417,-51.59906651769914,107.90095214139468,28
2025-08-13 08:18:00.524,True,81.13421753887417,-51.59906651769914,107.90095214139468,-100
2025-08-13 08:18:01.527,True,81.13421753887417,-51.59906651769914,107.90095214139468,-114
2025-08-13 08:18:02.529,True,81.13421753887417,-51.59906651769914,107.90095214139468,28
2025-08-13 08:18:03.532,True,81.26808117669948,-51.19899309477165,107.58763731388004,28
2025-08-13 08:18:04.534,True,81.13421753887417,-51.59906651769914,107.90095214139468,-100
2025-08-13 08:18:05.536,True,81.13421753887417,-51.59906651769914,107.90095214139468,28
2025-08-13 08:18:06.538,True,81.13421753887417,-51.59906651769914,107.90095214139468,-100
2025-08-13 08:18:07.540,True,81.13421753887417,-51.59906651769914,107.90095214139468,28
2025-08-13 08:18:08.542,True,81.13421753887417,-51.59906651769914,107.90095214139468,28
2025-08-13 08:18:09.545,True,81.26808117669948,-51.19899309477165,107.58763731388004,-100
2025-08-13 08:18:10.548,True,81.13421753887417,-51.59906651769914,107.90095214139468,28
2025-08-13 08:18:11.552,True,81.12669431601168,-51.59214927938957,107.90826452004143,-100
2025-08-13 08:18:12.554,True,81.12669431601168,-51.59214927938957,107.90826452004143,28
2025-08-13 08:18:13.557,True,81.12669431601168,-51.59214927938957,107.90826452004143,28
2025-08-13 08:18:14.559,True,68.45064468268778,-64.9155727746334,119.70660378670492,-100
2025-08-13 08:18:15.563,True,31.7865846163399,-56.907327693302996,-134.60789074894578,-100
2025-08-13 08:18:16.565,True,25.01758479623059,-63.64505457118893,-141.98010900801083,28
2025-08-13 08:18:17.568,True,26.019012178681688,-66.19169114517675,-154.1421932805566,28
2025-08-13 08:18:18.571,True,23.15932839264375,-69.32232413646045,-171.70826289501125,-100
2025-08-13 08:18:19.573,True,30.914648433744613,-67.15843096808163,-162.3037507883888,-100
2025-08-13 08:18:20.576,True,37.476342078817105,-70.57229749501826,-125.1784765247298,-100
2025-08-13 08:18:21.579,True,20.895584176504837,-71.29217064516044,-41.39652661722667,-100
2025-08-13 08:18:22.581,True,19.312038329137078,-67.51297825799732,-32.390355065499996,-100
2025-08-13 08:18:23.584,True,27.4090731276265,-73.95208283102293,-63.56201346161664,28
2025-08-13 08:18:24.587,True,26.85088150905458,-72.29630544196867,-55.769382617947954,-100
2025-08-13 08:18:25.589,True,32.68164223442109,-75.22660026106998,-69.36881228003193,-100
2025-08-13 08:18:26.593,True,33.97164329962571,-75.56092113734664,-77.49741424753927,-100
2025-08-13 08:18:27.595,True,39.27475254700415,-76.45331823189561,-77.17597968891185,-100
2025-08-13 08:18:28.597,True,48.49843182088902,-75.88961025335114,-88.79085936321646,28
2025-08-13 08:18:29.600,True,31.632488620706823,-76.99092016352925,-128.79229095816584,28
2025-08-13 08:18:30.602,True,29.7794050302371,-73.64503451988219,179.9477800663885,-100
2025-08-13 08:18:31.605,True,21.389305750873117,-75.08916990780806,-101.5397368411724,-100
2025-08-13 08:18:32.608,True,12.451486558566817,-77.6279775194125,-60.337718688205875,28
2025-08-13 08:18:33.610,True,48.22058671697391,-79.15501657491761,-116.16737961557455,28
2025-08-13 08:18:34.612,True,37.332206484050644,-77.5588621720439,-109.99684125790212,-100
2025-08-13 08:18:35.615,True,37.19279171115387,-78.2902156566111,-110.12530805109971,28
2025-08-13 08:18:36.617,True,39.03472827503551,-78.9934326963095,-114.17123147402235,28
2025-08-13 08:18:37.619,True,39.90065220956354,-78.9255509343212,-113.95208309564497,-100
2025-08-13 08:18:38.623,True,39.219821327686866,-79.02738332464986,-115.39846060712104,28
2025-08-13 08:18:39.625,True,33.675697085983494,-77.84623912533799,-110.41221268827894,-100
2025-08-13 08:18:40.628,True,34.32078195892015,-76.09538641598232,-117.01913740576593,-100
2025-08-13 08:18:41.632,True,34.602404511216434,-74.10103236211829,-124.53462490242855,28
2025-08-13 08:18:42.635,True,28.675550394354204,-74.37323731438981,-116.85744267194578,-100
2025-08-13 08:18:43.637,True,28.79328046172028,-73.93648275188677,-115.52193742319571,-100
2025-08-13 08:18:44.640,True,28.269356432960926,-74.4680966896873,-119.15378128138518,-100
2025-08-13 08:18:45.643,True,24.917456988618056,-72.72033665957973,-103.80724636739461,-100
2025-08-13 08:18:46.646,True,73.1032351466728,-75.78529173643939,-108.7312082155596,-100
2025-08-13 08:18:47.650,True,29.984251857981622,-83.1219877822655,-59.498118589638686,-100
2025-08-13 08:18:48.652,True,130.78994156601203,-78.88131920515575,-151.57960853907028,-100
2025-08-13 08:18:49.655,True,127.36995423246488,-79.95305116685508,-139.4087902228608,28
2025-08-13 08:18:50.657,True,130.35723690966063,-80.24867653827646,-144.5035482397387,-100
2025-08-13 08:18:51.660,True,127.48868699171172,-79.47170342603188,-142.22752911000347,-100
2025-08-13 08:18:52.662,True,120.198591609411,-76.90821917718304,-167.32162197304993,28
2025-08-13 08:18:53.666,True,108.25098469468954,-78.6537731433299,-177.08009967087537,28
2025-08-13 08:18:54.668,True,79.3982507716826,-77.74807706385238,-103.03736492447582,28
2025-08-13 08:18:55.671,True,113.78718597309478,-77.0228977205502,169.48225152053564,-100
2025-08-13 08:18:56.674,True,86.94509578494095,-79.94730729998292,-115.78689609639746,-100
2025-08-13 08:18:57.676,True,72.40860474977069,-79.03754768420774,-99.76464659583038,-100
2025-08-13 08:18:58.679,True,118.7540014905428,-77.72438262493318,-176.5434414152687,-100
2025-08-13 08:18:59.685,True,119.92639655869903,-78.99353554949015,-170.3792994849509,-100
2025-08-13 08:19:00.689,True,97.59547537896168,-80.06923031335286,-139.30884368813162,-100
2025-08-13 08:19:01.692,True,121.55462239570689,-77.49135251135934,-177.89151237922627,-100
2025-08-13 08:19:02.696,True,105.19596209606807,-79.41409251525569,-146.9648669271085,28
2025-08-13 08:19:03.698,True,106.41693566216748,-79.9505629005842,-151.543584724681,-100
2025-08-13 08:19:04.700,True,111.48202619627038,-79.80987288429878,-154.37510741567013,-100
2025-08-13 08:19:05.704,True,107.40209403722758,-77.23089721120633,-158.24431719929888,28
2025-08-13 08:19:06.707,True,122.8346714598132,-77.49681524844073,-174.3310692156589,28
2025-08-13 08:19:07.709,True,139.71008298729518,-80.2930752905591,-175.71496186601158,-100
2025-08-13 08:19:08.711,True,140.87722514274262,-80.27461037976994,-166.44010381956443,28
2025-08-13 08:19:09.713,True,127.96918952428803,-79.63957056877486,-155.2285901224529,-100
2025-08-13 08:19:10.715,True,124.80965348469407,-80.11209520986438,-151.47674891148313,-100
2025-08-13 08:19:11.718,True,125.2780485128613,-79.46071691766839,-152.84791152050946,28
2025-08-13 08:19:12.720,True,124.84091043230165,-79.3067869723209,-155.15715329966272,28
2025-08-13 08:19:13.723,True,123.50815523779359,-79.74178979744025,-153.38018315884855,-100
2025-08-13 08:19:14.725,True,125.14610515429364,-80.03413737953123,-155.49708343090526,-100
2025-08-13 08:19:15.726,True,125.82172956071024,-80.23605487490414,-154.96098901831547,-100
2025-08-13 08:19:16.728,True,123.01341013083146,-80.20042564897514,-153.26390225376818,-100
2025-08-13 08:19:17.731,True,122.12380889005361,-79.56181171182264,-153.22054922173476,-100
2025-08-13 08:19:18.733,True,123.75842516362613,-79.04314092896935,-154.53022135255534,28
2025-08-13 08:19:19.735,True,124.77579293681806,-79.12528066583624,-155.04880222331306,28
2025-08-13 08:19:20.738,True,125.84927457096815,-79.85818239109753,-155.68328524873175,-100
2025-08-13 08:19:21.740,True,126.27292329901881,-80.09109625668486,-155.81620375400928,-100
2025-08-13 08:19:22.741,True,123.60945175757274,-80.28160272182602,-151.80181232371658,-114
2025-08-13 08:19:23.743,True,123.17389866035077,-79.93890772949375,-151.37053666334228,-100
2025-08-13 08:19:24.745,True,128.14439834836637,-80.2713838520981,-158.0739503520958,28
2025-08-13 08:19:25.748,True,120.42092555429797,-76.35201342155318,-156.29657470795325,-100
2025-08-13 08:19:26.750,True,126.0448271128143,-77.19691397422204,-161.0496116600076,-100
2025-08-13 08:19:27.752,True,170.15599530664574,-82.95215853976049,154.65805746767077,-100
2025-08-13 08:19:28.755,True,172.43729959229324,-82.08239137641058,152.71275613225475,-100
2025-08-13 08:19:29.757,True,173.95224743611945,-82.83989517828003,149.24260544233843,-100
2025-08-13 08:19:30.759,True,154.70826801451125,-81.85195734024622,170.3007522784863,-100
2025-08-13 08:19:31.761,True,143.1593195949377,-81.33749216701041,178.98903367794844,-100
2025-08-13 08:19:32.764,True,144.00379326851558,-81.09901075140814,-161.1349033712357,-100
2025-08-13 08:19:33.766,True,116.34428201449971,-84.05087505556509,-127.9747667144169,-100
2025-08-13 08:19:34.768,True,136.92871390853483,-79.73197351718183,-179.665492091256,28
2025-08-13 08:19:35.771,True,125.11729683953102,-80.32539158482992,-143.85601668744957,-100
2025-08-13 08:19:36.773,True,105.08518124067541,-78.10123844916993,-116.82463917902763,-100
2025-08-13 08:19:37.775,True,135.69005589523488,-81.78764538305556,-153.73726141124374,-100
2025-08-13 08:19:38.777,True,114.2376280369007,-80.55524375371938,-125.35733011742147,28
2025-08-13 08:19:39.779,True,148.23702691574152,-77.05021642897586,172.1390831573336,-100
2025-08-13 08:19:40.781,True,123.29285754653684,-79.79587283110486,-143.52189820173513,-100
2025-08-13 08:19:41.783,True,106.53203089428891,-81.2122746651755,-111.96151423326569,-100
2025-08-13 08:19:42.785,True,134.3835713069609,-78.53167399982777,-173.29265628659215,-100
2025-08-13 08:19:43.787,True,108.51231342776529,-77.00109249321416,-119.90894004758484,-100
2025-08-13 08:19:44.789,True,136.44075115451258,-75.02361921451607,166.67074328876024,-100
2025-08-13 08:19:45.791,True,98.38837762666586,-76.02336806406048,-98.40830903091809,-100
2025-08-13 08:19:46.794,True,132.4105223043602,-78.57356945579352,-169.31384819213406,-100
2025-08-13 08:19:47.796,True,120.99082462816912,-79.30896821204142,-141.80668725678802,28
2025-08-13 08:19:48.799,True,128.8861560976678,-79.31396048852554,-165.67681620497686,28
2025-08-13 08:19:49.801,True,122.13392750013118,-79.401036606458,-140.04874419143525,-100
2025-08-13 08:19:50.804,True,128.96386460401666,-80.27125501513041,-156.26290328472697,-100
2025-08-13 08:19:51.805,True,129.96608133427966,-79.7454196450973,-154.82287927262826,28
2025-08-13 08:19:52.809,True,129.69183371245964,-79.72503081808651,-154.8371143876932,28
2025-08-13 08:19:53.812,True,129.58278241604668,-79.78264739680101,-155.06832331526766,28
2025-08-13 08:19:54.814,True,130.1914889719598,-79.74782505937931,-155.39228787083022,28
2025-08-13 08:19:55.817,True,132.74762571104392,-79.59303063151606,-157.95377943660566,28
2025-08-13 08:19:56.819,True,131.38792053549636,-79.90663543332487,-156.44684344365803,-100
2025-08-13 08:19:57.821,True,134.11693999930617,-80.34839222326055,-158.84180742248662,-100
2025-08-13 08:19:58.823,True,132.40358297779872,-80.51333568842924,-157.02821244526274,-100
2025-08-13 08:19:59.824,True,135.2703040045405,-81.43690777503328,-160.38305072544975,28
2025-08-13 08:20:00.826,True,132.1589761467579,-80.29052860796024,-161.0590962641364,28
2025-08-13 08:20:01.829,True,128.32109852722567,-80.71202121696706,-159.7164139402626,28
2025-08-13 08:20:02.831,True,134.95846669804806,-80.28365637297992,-176.9274658861155,-100
2025-08-13 08:20:03.834,True,139.66776229405477,-81.79646322161588,-176.2451414658117,-100
2025-08-13 08:20:04.836,True,131.055252698438,-81.48169424423618,-162.5038848330037,-100
2025-08-13 08:20:05.838,True,128.14930096080133,-81.16246774409858,-145.2400129298121,-100
2025-08-13 08:20:06.840,True,130.0395657490675,-80.64112956007169,-146.82221691075995,-99
2025-08-13 08:20:07.842,True,132.19838463960718,-78.28756781896425,-171.8662690312407,28
2025-08-13 08:20:08.845,True,137.95624259386713,-76.3439920241112,164.58238750410152,28
2025-08-13 08:20:09.848,True,118.72542602764001,-81.18532057092668,-134.76839118843785,-100
2025-08-13 08:20:10.850,True,122.0245722219676,-81.13020535623751,-152.89468297587254,28
2025-08-13 08:20:11.852,True,143.42637759648994,-78.82025046729122,151.21164846858818,-100
2025-08-13 08:20:12.855,True,145.94803109951818,-75.19126478016506,-176.45139915276238,-99
2025-08-13 08:20:13.857,True,-173.8819883453603,-85.43633653965284,166.4964800053342,-100
2025-08-13 08:20:14.860,True,72.93180962898181,-82.1548724371756,-38.9819517761432,-100
2025-08-13 08:20:15.864,True,162.70149696573253,-78.16085243334973,159.2542709164028,-99
2025-08-13 08:20:16.866,True,144.93112582106247,-79.99957686386735,173.15237726016343,-99
2025-08-13 08:20:17.869,True,129.96688305257777,-80.00044465995433,-119.05091360184768,-99
2025-08-13 08:20:18.871,True,140.59476573290752,-81.56776239383804,-124.92427078016897,-100
2025-08-13 08:20:19.874,True,158.61100919122984,-83.6397857919248,-139.3274239187328,-100
2025-08-13 08:20:20.877,True,135.0636781127852,-79.0618744739557,-132.46989762109,28
2025-08-13 08:20:21.881,True,-177.06336853573387,-81.97909491078781,134.04613722179303,-100
2025-08-13 08:20:22.883,True,-167.65893088245963,-86.26141650334615,34.96916463206815,-99
2025-08-13 08:20:23.886,True,161.41029555776075,-80.0093038866266,80.69676438734767,-100
2025-08-13 08:20:24.888,True,162.90295926988534,-78.81770556169694,79.79739545207316,-100
2025-08-13 08:20:25.890,True,152.01714302645837,-81.9836301651407,86.9059197163121,-100
2025-08-13 08:20:26.893,True,162.1917363494998,-80.53315972762122,76.38562909412828,29
2025-08-13 08:20:27.897,True,163.5761726077521,-81.03524597905906,74.2903333428901,29
2025-08-13 08:20:28.900,True,149.14584069123768,-81.71989233276267,88.89030575953865,-99
2025-08-13 08:20:29.902,True,172.54015806428063,-86.21291685973125,64.87496499803439,-99
2025-08-13 08:20:30.904,True,152.99463338554156,-80.27417573478321,88.94899223350977,-100
2025-08-13 08:20:31.907,True,171.72730000904664,-81.89639242411988,90.05008227507017,-99
2025-08-13 08:20:32.910,True,173.87548127360665,-77.66503486906714,76.72907548735175,-99
2025-08-13 08:20:33.914,True,173.06424436170968,-78.30913574681165,83.74754576871267,29
2025-08-13 08:20:34.917,True,164.80349073245318,-81.79766298342136,88.34725642051454,-99
2025-08-13 08:20:35.919,True,159.285334578035,-83.86634886739353,93.84799681082023,-100
2025-08-13 08:20:36.921,True,178.56150159372214,-82.31429768883687,70.21000909757862,-99
2025-08-13 08:20:37.923,True,177.83503775040185,-82.14452104068192,72.4087762963124,-99
2025-08-13 08:20:38.925,True,174.30421055452936,-82.23589567288555,75.22298230160874,-100
2025-08-13 08:20:39.927,True,176.7460535700782,-81.9789939523379,71.54482512734165,-99
2025-08-13 08:20:40.930,True,178.83686073325975,-81.70549267231861,69.74537677495776,28
2025-08-13 08:20:41.932,True,175.9238474970043,-81.73310548947408,72.77475577066481,-100
2025-08-13 08:20:42.934,True,178.02471117771825,-81.77219125939911,70.7611983529535,-99
2025-08-13 08:20:43.936,True,-179.55948646787135,-82.02011815713098,69.32044948427244,-99
2025-08-13 08:20:44.938,True,179.0170114825543,-81.98563848722775,70.63998871045202,29
2025-08-13 08:20:45.940,True,177.0591515940212,-82.16157745421654,71.3870815052859,28
2025-08-13 08:20:46.942,True,178.84395331475267,-82.37759123233393,70.33606655958641,-100
2025-08-13 08:20:47.945,True,179.93991199425093,-82.10158503365122,69.85569810061219,29
2025-08-13 08:20:48.946,True,-179.73111115407087,-82.25866436787067,69.86771207813354,-99
2025-08-13 08:20:49.948,True,176.67776077006587,-82.43656791086279,72.97267759793,-99
2025-08-13 08:20:50.950,True,177.57773774337915,-82.36224248501878,71.22260378824576,29
2025-08-13 08:20:51.953,True,177.07509678784706,-82.41801651802776,71.97022949175316,29
2025-08-13 08:20:52.956,True,178.33318735361425,-82.40030092366031,70.80291550276863,28
2025-08-13 08:20:53.958,True,-178.06338491378273,-82.39173578340726,68.22641177183247,-100
2025-08-13 08:20:54.960,True,-177.55898006962752,-82.45433564570338,68.67482009505483,-99
2025-08-13 08:20:55.962,True,173.8741373081148,-82.78299628264193,78.13244557182509,-99
2025-08-13 08:20:56.964,True,175.04087338703476,-82.83923762890794,75.76851504003393,-99
2025-08-13 08:20:57.966,True,172.95832421628478,-82.71387989040544,77.88210394387905,29
2025-08-13 08:20:58.969,True,-171.69866005567889,-83.13481457587909,64.04218899173476,28
2025-08-13 08:20:59.972,True,-178.51890681736475,-83.15540869506438,71.00084935389505,29
2025-08-13 08:21:00.974,True,167.91036071250795,-82.61236211015698,88.06564484729886,29
2025-08-13 08:21:01.976,True,154.40533371418152,-81.22476811920677,106.76898797997747,-99
2025-08-13 08:21:02.983,True,162.87033002954504,-83.62785492387994,94.36637497207765,29
2025-08-13 08:21:03.985,True,162.0732019052583,-83.18926638498625,93.36336323035725,-99
2025-08-13 08:21:04.987,True,161.91693609577075,-83.45669415201306,92.92644398178318,29
2025-08-13 08:21:05.990,True,161.72928346184176,-83.88789710824436,91.79305948437967,29
2025-08-13 08:21:06.994,True,163.68528689269368,-84.05883362025513,89.46532773997471,-99
2025-08-13 08:21:07.996,True,164.49702952275834,-84.07384406777749,88.50937699129418,-99
2025-08-13 08:21:08.998,True,167.66933553738647,-84.07584556675685,85.51681305244432,-99
2025-08-13 08:21:10.000,True,162.448283917713,-84.15862956754157,91.04052258190843,29
2025-08-13 08:21:11.004,True,156.99179187789315,-83.8501135178641,94.06077913740316,-99
2025-08-13 08:21:12.008,True,158.1608819872998,-83.5229790254609,91.61731775075336,29
2025-08-13 08:21:13.011,True,159.91200134568933,-83.93568162451052,90.23100566875426,-99
2025-08-13 08:21:14.014,True,155.8988127061935,-84.00325478029674,95.08737847259725,-99
2025-08-13 08:21:15.016,True,158.07779976976437,-84.11383639095739,93.21610858792451,-99
2025-08-13 08:21:16.019,True,153.3059097943916,-84.09465286565766,97.33031680810782,-99
2025-08-13 08:21:17.022,True,152.6080089624972,-84.29659333025015,98.23561624948111,29
2025-08-13 08:21:18.025,True,151.78734229430336,-84.64902616518134,98.22887192918574,29
2025-08-13 08:21:19.028,True,151.91840098063895,-81.06739359055341,98.07881823786856,-99
2025-08-13 08:21:20.030,True,129.08812799421483,-81.80762684255788,126.03234998569799,-99
2025-08-13 08:21:21.032,True,129.9840113646238,-81.88101986820477,127.95790477505659,-99
2025-08-13 08:21:22.033,True,135.4135683343137,-83.2944294408899,126.41251017892394,-99
2025-08-13 08:21:23.035,True,141.02424774076198,-83.15010584963065,118.52318476175742,29
2025-08-13 08:21:24.040,True,136.04905499020805,-84.26996704070336,124.62633776895095,-99
2025-08-13 08:21:25.041,True,150.02778558707365,-83.85006968562446,95.16945988439943,-99
2025-08-13 08:21:26.043,True,150.19736892031335,-84.15962792756636,96.59422897884116,29
2025-08-13 08:21:27.045,True,156.07431035704298,-84.66426819801156,90.87988779234549,-99
2025-08-13 08:21:28.048,True,165.66350957920864,-84.93377101887857,81.68956123000099,-99
2025-08-13 08:21:29.050,True,166.23958421571317,-85.240330818253,80.87324918384267,29
2025-08-13 08:21:30.052,True,157.7673097363483,-85.12541923405259,88.75688016698528,-99
2025-08-13 08:21:31.054,True,171.97525576639262,-82.7925068118887,77.85567006816916,-99
2025-08-13 08:21:32.056,True,-160.22001494289972,-84.06055366965134,71.39901911604599,-99
2025-08-13 08:21:33.058,True,167.65401426589005,-82.87674202020104,102.59976401622735,-99
2025-08-13 08:21:34.061,True,147.15851575697965,-82.21679528015079,111.48814610735667,29
2025-08-13 08:21:35.065,True,146.18130708642462,-82.11289142759121,104.36634408895442,-99
2025-08-13 08:21:36.067,True,158.55586379688785,-82.08926486938155,94.71736392726707,-99
2025-08-13 08:21:37.069,True,150.65112693870563,-81.91193963881351,103.56950498671353,-99
2025-08-13 08:21:38.072,True,146.47684686430887,-82.65191192383375,111.3689224601004,29
2025-08-13 08:21:39.074,True,136.43861205212747,-83.33919082098295,128.9346355260165,-99
2025-08-13 08:21:40.077,True,145.56941087077246,-82.30881268542828,116.36266205218894,-99
2025-08-13 08:21:41.080,True,152.35835265827862,-82.19797405883855,101.92761025029692,29
2025-08-13 08:21:42.083,True,149.00225551770427,-81.86866957036443,103.79243038036716,29
2025-08-13 08:21:43.085,True,147.9710132964544,-81.8087143737838,105.16587832678879,29
2025-08-13 08:21:44.088,True,141.65379706957629,-81.13610438830902,110.94049333870275,-99
2025-08-13 08:21:45.090,True,140.31341689241742,-81.09155086555248,112.35581532523149,-99
2025-08-13 08:21:46.093,True,142.67066420040462,-81.50988257537047,109.32847268782992,-99
2025-08-13 08:21:47.095,True,142.8973247338572,-81.49922563308036,109.76408269215268,-99
2025-08-13 08:21:48.100,True,136.0518150769567,-82.25530896965863,117.86055020885225,29
2025-08-13 08:21:49.102,True,126.60615451550919,-82.79254764191064,126.76379639061922,29
2025-08-13 08:21:50.104,True,132.2923579979764,-80.09762762914345,118.39055188482958,29
2025-08-13 08:21:51.106,True,133.36801905301243,-80.36372473980903,117.8408700430882,29
2025-08-13 08:21:52.108,True,135.5806571000959,-80.64829616177389,115.2937159809591,-99
2025-08-13 08:21:53.110,True,135.98717316869195,-80.62091696556124,114.68391129118875,29
2025-08-13 08:21:54.112,True,137.9070731979195,-81.1718727510135,113.0000265924492,-99
2025-08-13 08:21:55.113,True,137.4967151494241,-81.17690599483784,113.91183832407182,29
2025-08-13 08:21:56.116,True,135.28287064492002,-80.75182236132402,115.69432297682357,29
2025-08-13 08:21:57.118,True,135.9437899794659,-80.95613857033891,114.34688118331474,-99
2025-08-13 08:21:58.120,True,141.19620239504937,-80.87084798045215,97.05141642716825,-99
2025-08-13 08:21:59.122,True,136.5405951108555,-81.78755572802778,106.04564913264758,-99
2025-08-13 08:22:00.124,True,140.50255409866782,-81.3110427645273,113.8727202110889,29
2025-08-13 08:22:01.127,True,141.97582449926801,-81.92611530241682,96.25670288412564,-99
2025-08-13 08:22:02.129,True,138.53798844134195,-82.58621358606095,106.48108166001613,-99
2025-08-13 08:22:03.131,True,137.27941748500984,-81.90243318773199,98.79898034427966,-99
2025-08-13 08:22:04.133,True,145.75929830203103,-82.24270507519192,96.09531899971437,-99
2025-08-13 08:22:05.135,True,150.17171450040277,-81.8543853265623,89.88188916041189,-99
2025-08-13 08:22:06.137,True,157.51307096662063,-81.83017376233892,79.52998697109354,-99
2025-08-13 08:22:07.140,True,154.88501286651285,-83.37994581584584,86.01526948849447,-99
2025-08-13 08:22:08.142,True,142.92843972932076,-83.5739336279518,103.0083265181693,-99
2025-08-13 08:22:09.144,True,137.37647852496923,-82.33691055549676,109.77316809577432,29
2025-08-13 08:22:10.147,True,136.8414416563415,-82.29037279145464,110.07214558845017,-99
2025-08-13 08:22:11.157,True,134.74051866853705,-81.75939834756826,112.82422583886823,-99
2025-08-13 08:22:12.160,True,133.68470014858917,-81.77618936690571,113.63571616978591,-99
2025-08-13 08:22:13.163,True,134.3747201213564,-81.70677702976951,112.12962131235244,-99
2025-08-13 08:22:14.165,True,133.33691736731956,-81.57969475903582,114.19144692813309,-99
2025-08-13 08:22:15.167,True,125.96665581592457,-81.44361048130942,124.8407372365294,-99
2025-08-13 08:22:16.170,True,123.51444819561326,-82.2639174069377,128.19723924976498,-99
2025-08-13 08:22:17.173,True,124.93163057126894,-81.18034659942829,124.80310174718424,-99
2025-08-13 08:22:18.175,True,126.70569131830703,-81.49522981073193,122.30309634991185,-99
2025-08-13 08:22:19.177,True,126.73254822101873,-81.41525207983594,122.30174262959896,-99
2025-08-13 08:22:20.179,True,128.9638546900644,-80.94783493621007,119.50540933519989,29
2025-08-13 08:22:21.183,True,128.4233858492751,-80.7555577771378,120.0586198872905,-99
2025-08-13 08:22:22.185,True,130.53145332731938,-81.17545332368069,118.02805190520338,-99
2025-08-13 08:22:23.188,True,130.02805100656263,-81.11473957266745,118.00339528941946,-99
2025-08-13 08:22:24.191,True,131.960187292119,-81.5511967585284,115.83577547699448,-99
2025-08-13 08:22:25.194,True,133.13624831436388,-81.91726020883202,114.35984983290975,-99
2025-08-13 08:22:26.197,True,131.254443463306,-81.53079291205934,116.33931399814871,-99
2025-08-13 08:22:27.199,True,132.72452344110138,-82.25798303222587,121.0311922514668,-99
2025-08-13 08:22:28.202,True,-176.09978652705936,-86.53268977446895,92.80602946552393,-99
2025-08-13 08:22:29.204,True,-140.51465420006545,-83.9881631643536,19.238574263371245,29
2025-08-13 08:22:30.206,True,178.4762789509986,-62.19551649647047,42.78263077008174,-99
2025-08-13 08:22:31.209,True,175.59903498926212,-82.17209857511584,8.831439859983576,-99
2025-08-13 08:22:32.847,True,-126.2018920974059,-83.74807413176708,-45.53298700548779,29
2025-08-13 08:22:33.849,True,-126.55700764813201,-82.55737776583346,-44.54440773172994,-99
2025-08-13 08:22:34.851,True,-119.20927692196133,-81.54816980519692,-50.65692335157076,-99
2025-08-13 08:22:35.853,True,-122.51938996015159,-82.30218736750003,-47.7042449340465,-99
2025-08-13 08:22:36.855,True,-119.11628493428596,-82.58977750166132,-51.22674153865415,29
2025-08-13 08:22:37.857,True,-116.89271627604748,-81.7176664919252,-53.286880922182284,29
2025-08-13 08:22:38.859,True,-116.76938788103745,-81.72948417473039,-53.513304028807504,-99
2025-08-13 08:22:39.862,True,-117.57049093322499,-82.12046392866885,-52.72798873427255,-99
2025-08-13 08:22:40.864,True,-113.83439316965227,-82.54074698776877,-56.48618003558497,-99
2025-08-13 08:22:41.867,True,-66.8294929440055,-85.17410007634632,-102.46093996084156,-99
2025-08-13 08:22:42.869,True,-69.91404566537413,-81.22903357736926,-97.56226101178139,29
2025-08-13 08:22:43.874,True,-80.9424426481794,-80.3279067053588,-86.23278255302287,-99
2025-08-13 08:22:44.877,True,-84.39729171914935,-82.06903030449989,-83.3217257148646,29
2025-08-13 08:22:45.880,True,-82.8976157056025,-82.42695130822625,-84.91700917387732,29
2025-08-13 08:22:46.885,True,-82.9635000825745,-82.38209172040571,-84.60567981341804,-99
2025-08-13 08:22:47.887,True,-82.70834273711722,-82.5291483589737,-84.91461326277162,-99
2025-08-13 08:22:48.888,True,-88.76926315733142,-82.73010162961765,-78.88650567875469,-99
2025-08-13 08:22:49.890,True,-88.00780936192447,-83.2510895157903,-79.67489566157731,-99
2025-08-13 08:22:50.892,True,-86.60269699546363,-83.0345547223318,-81.05711020202294,29
2025-08-13 08:22:51.895,True,-86.60916028231628,-83.01663563412042,-81.09856684913476,29
2025-08-13 08:22:52.898,True,-86.73633403870386,-83.01214633910361,-81.06792178259289,29
2025-08-13 08:22:53.901,True,-107.09070395987307,-82.76924388787847,-59.80828882324786,-99
2025-08-13 08:22:54.905,True,-125.50092180259013,-80.6007944995739,-40.364166728088186,-99
2025-08-13 08:22:55.907,True,-122.67370390233063,-81.88588476467582,-43.67425162168365,-99
2025-08-13 08:22:56.909,True,-119.43128288593209,-81.91670158285315,-46.79825349577901,-99
2025-08-13 08:22:57.911,True,-116.94102260514798,-82.02668902610759,-49.36540634626921,-99
2025-08-13 08:22:58.913,True,-116.94102260514798,-82.02668902610759,-49.36540634626921,29
2025-08-13 08:22:59.916,True,-117.01350392380519,-82.0699090014285,-49.39306046873445,29
2025-08-13 08:23:00.918,True,-117.01350392380519,-82.0699090014285,-49.39306046873445,-99
2025-08-13 08:23:01.920,True,-113.58580504344707,-83.11577027735915,-52.881354639313194,-99
2025-08-13 08:23:02.922,True,-123.77658392395566,-84.74367800352213,-42.64538738478454,-99
2025-08-13 08:23:03.923,True,112.95715133601159,-84.36363144442613,79.33626225512599,29
2025-08-13 08:23:04.925,True,-129.92541512118194,-88.0364629774506,-37.070998982416924,-99
2025-08-13 08:23:05.928,True,-105.37270317227399,-83.25780207898455,-62.213343288730854,29
2025-08-13 08:23:06.931,True,-93.45155330034551,-82.03764936486077,-73.33242915221817,29
2025-08-13 08:23:07.933,True,-93.19818435879921,-81.87277520617198,-73.55049440826787,-99
2025-08-13 08:23:08.935,True,-94.61704994078927,-81.79763904631989,-72.16103425059613,-99
2025-08-13 08:23:09.937,True,-98.9393356544327,-81.98303633638315,-67.79624681969409,29
2025-08-13 08:23:10.938,True,-99.61846547460428,-81.88155187244959,-67.64019333936972,-99
2025-08-13 08:23:11.940,True,-105.22794621921027,-81.32126947241615,-61.891115119753835,-99
2025-08-13 08:23:12.942,True,-105.03946804543556,-81.27766645464133,-61.7504726215947,29
2025-08-13 08:23:13.944,True,-116.44239107966561,-81.87558392299546,-49.89189790851027,29
2025-08-13 08:23:14.946,True,-115.20231241799272,-82.16373440814955,-51.773322017604094,-99
2025-08-13 08:23:15.949,True,-112.7180635400143,-81.71630045771195,-54.74315281545624,29
2025-08-13 08:23:16.951,True,-114.5095435348908,-82.2641425711061,-52.59687876828924,-99
2025-08-13 08:23:17.953,True,-128.19232188579326,-83.63102892484818,-35.03875795038089,-99
2025-08-13 08:23:18.955,True,-142.24286467864462,-83.12848204794739,-19.879879103285386,-99
2025-08-13 08:23:19.957,True,-130.21560288003485,-85.35139573616651,-32.58035606853614,29
2025-08-13 08:23:20.959,True,-125.83408560888925,-84.28574875810295,-38.57487261351642,29
2025-08-13 08:23:21.964,True,-110.6084497698819,-85.13560280213709,-53.17120903884905,-99
2025-08-13 08:23:22.966,True,-107.14682566401815,-83.99190601746882,-56.94424386460338,29
2025-08-13 08:23:23.968,True,-102.88708805398632,-83.37860550549905,-61.69332453922556,-99
2025-08-13 08:23:24.971,True,-91.10630417599506,-84.32044466623661,-73.21216553740001,-99
2025-08-13 08:23:25.973,True,-109.46115277739688,-85.27915102558984,-56.33076972334644,-99
2025-08-13 08:23:26.976,True,-104.73354547564308,-83.54746411361513,-60.77073630713859,29
2025-08-13 08:23:27.980,True,-104.8639277451829,-83.26539124934165,-60.77634770054457,29
2025-08-13 08:23:28.984,True,-108.43303441707943,-83.09286540829697,-57.25725628361243,-99
2025-08-13 08:23:29.986,True,-105.03897689819627,-83.31663894464361,-60.47437146239069,-99
2025-08-13 08:23:30.988,True,-107.5449445778083,-83.91050712907601,-54.836665489166606,29
2025-08-13 08:23:31.990,True,-36.39329209987005,-80.91069543543733,-102.53991386574964,-99
2025-08-13 08:23:32.992,True,-98.57306517031913,-85.57273527044298,-53.40599591645736,-99
2025-08-13 08:23:33.993,True,-128.43853978763025,-81.99651231329086,-22.902532956477813,29
2025-08-13 08:23:34.996,True,-134.97705517956476,-83.18792023447219,-19.886422806698075,-99
2025-08-13 08:23:35.998,True,-152.55347435636904,-81.10186948930246,-3.214673293254283,-99
2025-08-13 08:23:37.001,True,-131.6295030472038,-80.59801629920372,-26.857404351142826,-99
2025-08-13 08:23:38.004,True,-121.40454470758623,-81.31313972170793,-37.24595968643118,-99
2025-08-13 08:23:39.007,True,-124.25010754425519,-81.331349541541,-34.94118839831893,29
2025-08-13 08:23:40.009,True,-124.90165539313831,-81.26097234912845,-33.79927669239541,29
2025-08-13 08:23:41.013,True,-106.73966157603844,-78.71602056732257,-52.97953674116252,-99
2025-08-13 08:23:42.015,True,-83.09125463014169,-74.36813994582536,-79.05488309605937,-99
2025-08-13 08:23:43.018,True,-85.67262070825205,-73.05332070317966,-76.52773924004705,-99
2025-08-13 08:23:44.021,True,-88.17977674246654,-71.65956199845134,-74.02949528753304,-99
2025-08-13 08:23:45.023,True,-95.15674551839939,-75.65992940650177,-66.34399055236373,-99
2025-08-13 08:23:46.025,True,157.93303744195546,-84.11713411018577,45.37246733415951,-99
2025-08-13 08:23:47.028,True,120.98762220869563,-81.50081408604466,70.77833908861125,-99
2025-08-13 08:23:48.031,True,165.00030100076893,-85.3502844650165,27.87109363213868,-99
2025-08-13 08:23:49.033,True,-128.0329785095794,-82.91731688685925,-37.63371237027527,-99
2025-08-13 08:23:50.036,True,-129.74192740931616,-81.45869269468098,-35.46592369396096,-99
2025-08-13 08:23:51.039,True,-127.1539088556036,-69.02280448448286,-34.40669339300481,29
2025-08-13 08:23:52.041,True,-104.96269638638753,-66.54119984174788,-13.278416891580797,29
2025-08-13 08:23:53.046,True,-117.85840810419722,-84.9063293829177,-11.16385505638902,-99
2025-08-13 08:23:54.048,True,166.26501988206388,-81.79531149455546,90.52367724263324,-99
2025-08-13 08:23:55.049,True,-176.86685750332856,-84.78589198358723,71.0908683741657,-99
2025-08-13 08:23:56.052,True,178.49868427259185,-85.14808338887846,77.00675964243415,-99
2025-08-13 08:23:57.054,True,174.38655219316658,-84.74362208679777,80.57417661545689,-99
2025-08-13 08:23:58.056,True,-171.15959401077959,-85.22563965838314,66.107683438106,-99
2025-08-13 08:23:59.059,True,-176.8647792752661,-85.42290585401385,71.4652848640673,29
2025-08-13 08:24:00.061,True,172.17546640929731,-84.86159328095492,82.87297997174035,-99
2025-08-13 08:24:01.064,True,177.682789592726,-84.9009086822381,77.18099530231561,-99
2025-08-13 08:24:02.067,True,173.21594980369875,-84.83361430034988,82.0911683678744,-99
2025-08-13 08:24:03.070,True,171.3196140143554,-83.89130195014894,80.20065034466438,29
2025-08-13 08:24:04.073,True,168.52355681339984,-82.64813123430925,58.81096749226624,29
2025-08-13 08:24:05.076,True,-151.1442579078525,-85.08047806518974,-5.901260382972237,-99
2025-08-13 08:24:06.079,True,167.20106538519337,-83.83955893276072,67.71425863834742,29
2025-08-13 08:24:07.081,True,152.1626903750976,-82.54380570301252,97.42152839561791,-99
2025-08-13 08:24:08.085,True,138.79785499266106,-85.27943112577296,99.73642823246924,-99
2025-08-13 08:24:09.088,True,141.98505188955002,-84.7839194593707,101.00090943197311,-99
2025-08-13 08:24:10.092,True,144.92023391190546,-84.34976148302965,102.09688291763914,29
2025-08-13 08:24:11.096,True,147.76093747652237,-85.21996022482486,98.77610711049141,29
2025-08-13 08:24:12.098,True,157.2774044435275,-86.19200791250285,91.753366233134,-99
2025-08-13 08:24:13.100,True,143.01400888270973,-86.04418683532525,120.81586158665999,29
2025-08-13 08:24:14.102,True,130.68477115668873,-86.12684724006625,142.29720409921137,29
2025-08-13 08:24:15.104,True,173.21797725476682,-83.83609112179565,101.45924904407111,-99
2025-08-13 08:24:16.107,True,174.04974781211374,-82.68479170754556,90.63157283391074,-99
2025-08-13 08:24:17.110,True,-178.467866930895,-83.34749512422826,86.18023686939618,29
2025-08-13 08:24:18.113,True,-174.54149068923357,-80.86259163626306,80.26897550679433,29
2025-08-13 08:24:19.117,True,-177.68620481738503,-86.53374163911815,114.43131101085544,29
2025-08-13 08:24:20.119,True,-174.36197776101505,-85.7286248254772,148.94627731071986,29
2025-08-13 08:24:21.122,True,-161.26834193747422,-83.54474109086618,174.94690869286887,-99
2025-08-13 08:24:22.124,True,-133.7014104551723,-85.82381818736818,50.23091255328989,-99
2025-08-13 08:24:23.126,True,169.40583860942095,-86.35738024102186,85.54003971024576,-99
2025-08-13 08:24:24.128,True,143.73042638973624,-85.77829590369996,75.1450288694654,29
2025-08-13 08:24:25.133,True,159.8055935360662,-87.46624403290329,50.54038498461448,29
2025-08-13 08:24:26.137,True,123.74018295510417,-85.8262515958464,73.4213550371501,-99
2025-08-13 08:24:27.139,True,164.79201434809565,-86.0164629410397,25.149351546787525,29
2025-08-13 08:24:28.141,True,128.92728337327267,-85.97146545479691,63.55422303588459,29
2025-08-13 08:24:29.144,True,110.6853630157983,-83.3950633772757,63.79305219991883,-99
2025-08-13 08:24:30.147,True,138.22387944078275,-81.48344375333487,64.2029367414998,29
2025-08-13 08:24:31.149,True,-178.6625704483733,-84.7842810331194,104.79448035395862,29
2025-08-13 08:24:32.152,True,125.30469779942109,-86.84398434205224,-159.0703254365592,29
2025-08-13 08:24:33.154,True,158.60899834842178,-78.67962320856947,91.66280393339018,-99
2025-08-13 08:24:34.157,True,171.93280259518892,-84.54940465681028,53.7199937929199,-99
2025-08-13 08:24:35.158,True,169.34520454397926,-83.2736996135437,53.37349812985247,29
2025-08-13 08:24:36.161,True,167.6010028777635,-84.36428345252126,58.0246166405773,-99
2025-08-13 08:24:37.163,True,149.73882158577175,-84.78027224923443,79.36368109553096,-99
2025-08-13 08:24:38.165,True,148.25019579089604,-84.37439485527777,82.3791260868709,29
2025-08-13 08:24:39.168,True,144.38679349565425,-83.98499293333785,86.58909038717273,29
2025-08-13 08:24:40.170,True,149.26631747477515,-84.16511775146981,81.684847732225,-99
2025-08-13 08:24:41.173,True,152.36446162907686,-84.36815358149744,78.39520938154699,29
2025-08-13 08:24:42.176,True,152.48470187832038,-84.43953476999852,77.88912227546551,-99
2025-08-13 08:24:43.177,True,148.6014109863727,-84.18729309905486,81.8821309992842,-99
2025-08-13 08:24:44.179,True,144.9116349474098,-83.84941223937034,87.03984213427641,-99
2025-08-13 08:24:45.181,True,148.79968157336026,-83.6767127928457,82.76173062883967,29
2025-08-13 08:24:46.184,True,149.53883898568395,-83.7300641465854,82.11138888914883,29
2025-08-13 08:24:47.186,True,150.26109787413188,-83.56342268279072,81.43869218779997,-99
2025-08-13 08:24:48.188,True,150.0133844364709,-83.24755963782712,81.39815799876787,-99
2025-08-13 08:24:49.189,True,177.11811752843104,-85.52311478563331,69.98308881103523,-99
2025-08-13 08:24:50.192,True,160.32260238666385,-86.54582919344996,-143.6444490484196,-99
2025-08-13 08:24:51.195,True,177.65672323550936,-86.01335482047048,-176.3700830617937,-99
2025-08-13 08:24:52.196,True,-133.23969484977954,-85.7424141598891,139.58284124524073,29
2025-08-13 08:24:53.199,True,-104.72484892762421,-83.71705749138111,115.10003465883747,-99
2025-08-13 08:24:54.201,True,-168.8288523642083,-86.04798184782945,-170.25722292978213,29
2025-08-13 08:24:55.203,True,150.8931638372516,-87.67664722494297,-122.88105330785773,-99
2025-08-13 08:24:56.205,True,125.65996373727756,-80.79181804481422,-97.26079885747657,-99
2025-08-13 08:24:57.207,True,175.82717259172063,-87.43823126449382,177.9657112991767,-99
2025-08-13 08:24:58.210,True,107.50380182564001,-86.93676433866612,-114.5698372472402,29
2025-08-13 08:24:59.212,True,-106.91631381364918,-81.03787627663574,13.298610613274578,29
2025-08-13 08:25:00.214,True,-71.39224842599167,-77.35191990279255,-71.48208578275897,-99
2025-08-13 08:25:01.219,True,-150.79051141668606,-61.04387343026333,26.262135925205357,29
2025-08-13 08:25:02.221,True,140.16797723823433,-84.71538536388701,42.43943416726576,-99
2025-08-13 08:25:03.223,True,-94.89937058403072,-82.5419505913675,-78.40247719665476,29
2025-08-13 08:25:04.225,True,-98.1413524495101,-75.17928930584048,-71.6521302830222,29
2025-08-13 08:25:05.228,True,-97.60094090187553,-74.66265574723359,-71.95643752109528,29
2025-08-13 08:25:06.230,True,-98.13259497867888,-75.79538519995138,-71.18672085283772,-99
2025-08-13 08:25:07.232,True,-98.32854896031066,-76.4459392703129,-70.74371912667212,-99
2025-08-13 08:25:08.234,True,-98.45916367142266,-76.1812685303569,-70.21720234046566,-99
2025-08-13 08:25:09.236,True,-98.82828866125243,-76.09434546700439,-70.21085066317285,29
2025-08-13 08:25:10.238,True,-98.5615900284711,-76.51373719616716,-71.64149462841073,-99
2025-08-13 08:25:11.240,True,-101.69183889003136,-76.99468692183123,-68.96717391677504,29
2025-08-13 08:25:12.243,True,-101.2435130096546,-76.06683064622946,-69.17858051651976,-99
2025-08-13 08:25:13.244,True,-104.39810940947582,-75.98656585916319,-65.2060060970116,-99
2025-08-13 08:25:14.247,True,-118.28105096779801,-74.80677077247707,-50.65077414822081,-99
2025-08-13 08:25:15.248,True,-112.10117732054702,-75.10732189200672,-57.63996158731623,-99
2025-08-13 08:25:16.250,True,-108.30482561209014,-75.09467215024026,-61.337158752499924,-99
2025-08-13 08:25:17.252,True,-106.37548305631479,-75.70931870789482,-63.061385653160556,29
2025-08-13 08:25:18.255,True,-103.7698856859402,-76.9685048962006,-65.99032310702489,29
2025-08-13 08:25:19.256,True,-99.26073772616644,-77.4803868113962,-65.08902875456478,29
2025-08-13 08:25:20.258,True,-95.21530283701773,-78.94156804441336,-69.66764552607063,-99
2025-08-13 08:25:21.260,True,-96.11067558952368,-79.15905811352623,-70.00792038449117,-99
2025-08-13 08:25:22.262,True,-94.16406205021156,-77.35671679441285,-73.78627106644329,-99
2025-08-13 08:25:23.264,True,-94.01634806368747,-77.59298403411648,-73.94760994931144,29
2025-08-13 08:25:24.267,True,-95.70552838823262,-78.15494677264563,-72.42790191356745,29
2025-08-13 08:25:25.269,True,-95.64175206271963,-77.35398078691104,-72.47585771736273,-99
2025-08-13 08:25:26.272,True,-96.04770712876343,-77.73888936431665,-72.00111855488943,-99
2025-08-13 08:25:27.274,True,-94.83542457710166,-77.55424018435536,-73.0832175629407,-99
2025-08-13 08:25:28.276,True,-93.34660703127588,-76.83902431467432,-74.99080477980311,29
2025-08-13 08:25:29.278,True,-89.31002123946804,-78.7085530519347,-76.96835040724747,-99
2025-08-13 08:25:30.280,True,-94.51499525734451,-78.45171641619665,-73.28116530345915,29
2025-08-13 08:25:31.282,True,-98.32548900140347,-76.78487101463953,-69.84638723006492,29
2025-08-13 08:25:32.285,True,-98.94963544352986,-77.26366448694618,-69.47143467774352,-99
2025-08-13 08:25:33.287,True,-100.39113411552572,-77.45327517497755,-67.3004594034576,-99
2025-08-13 08:25:34.289,True,-101.28099784049463,-77.27515767628373,-66.26182405967101,29
2025-08-13 08:25:35.291,True,-101.6632382799638,-77.39828878711862,-66.41750234180088,-99
2025-08-13 08:25:36.292,True,-101.8262672792238,-77.0844313125136,-66.68311159491451,29
2025-08-13 08:25:37.294,True,-100.5834137827003,-77.44765626748467,-67.87854855697408,29
2025-08-13 08:25:38.296,True,-100.15151320213293,-77.49854465171146,-68.25467712818426,29
2025-08-13 08:25:39.299,True,-97.87732426529483,-76.75551870063555,-70.31545915167469,-99
2025-08-13 08:25:40.301,True,-99.21099545336475,-77.0335760322812,-69.01268214812876,-99
2025-08-13 08:25:41.303,True,-98.25656806770132,-76.84088994881577,-69.61871806604783,29
2025-08-13 08:25:42.305,True,-97.8128803103041,-77.29554624529774,-70.13115620996727,-99
2025-08-13 08:25:43.306,True,-97.99113196391038,-76.81684036778054,-70.24225656793644,-99
2025-08-13 08:25:44.309,True,-98.39464366277011,-77.20751335492507,-69.65460320952829,29
2025-08-13 08:25:45.311,True,-94.11426382706385,-77.15189150091096,-74.04177817498136,29
2025-08-13 08:25:46.315,True,-95.12750979848498,-77.34930186700836,-72.52553645671,-99
2025-08-13 08:25:47.317,True,-95.58560406399324,-77.3531949993163,-72.30529920710462,-99
2025-08-13 08:25:48.319,True,-87.01896822604486,-76.19598350988903,-79.64809394785537,-99
2025-08-13 08:25:49.321,True,-69.53893881075071,-77.13365711056915,-96.21963106206904,-99
2025-08-13 08:25:50.322,True,-63.346135608534,-79.07044032431094,-101.74301238593004,-99
2025-08-13 08:25:51.325,True,-111.67853217271285,-75.97789851002356,-54.99539773083633,29
2025-08-13 08:25:52.327,True,-111.85928966832049,-76.28289534539422,-56.451454404320586,29
2025-08-13 08:25:53.330,True,-109.9959691419592,-76.7322256203873,-58.13073119890072,29
2025-08-13 08:25:54.333,True,-109.93259998665896,-76.59264081075628,-58.301377470176014,-99
2025-08-13 08:25:55.335,True,-109.71657484156216,-76.9642421394285,-58.5930912444166,-99
2025-08-13 08:25:56.337,True,-110.42880071428088,-77.24346716307727,-57.85755186670952,-99
2025-08-13 08:25:57.339,True,-110.18527920067496,-78.68096291565438,-58.675006979243705,29
2025-08-13 08:25:58.341,True,-107.82294379273664,-78.82460411019899,-61.04647593581141,-99
2025-08-13 08:25:59.344,True,-110.33062237505396,-78.85596147813659,-58.61576870499724,-99
2025-08-13 08:26:00.346,True,-109.34382859079373,-78.91473087959048,-59.60415327137923,-99
2025-08-13 08:26:01.348,True,-109.12679269824264,-78.93435951332094,-59.789578024921994,-99
2025-08-13 08:26:02.350,True,-109.185083259154,-78.94384726147258,-59.77915595365431,-99
2025-08-13 08:26:03.352,True,-109.28925195081032,-78.99259425470369,-59.67184331986034,29
2025-08-13 08:26:04.354,True,-108.96375759963065,-78.8607199964713,-59.93672631058695,29
2025-08-13 08:26:05.358,True,-108.9163549872841,-78.8744124835449,-60.027899181972366,-99
2025-08-13 08:26:06.360,True,-108.71481476226491,-78.89940606966168,-60.264894222915046,29
2025-08-13 08:26:07.363,True,-108.66626127912565,-78.87500539695944,-60.264989757922514,29
2025-08-13 08:26:08.365,True,-108.52957100947997,-78.93286054347163,-60.40154265728428,-99
2025-08-13 08:26:09.367,True,-107.78248762329686,-79.12082630072885,-61.118101229398015,-99
2025-08-13 08:26:10.370,True,-107.69824976258231,-79.13781640247727,-61.1362332163936,-99
2025-08-13 08:26:11.372,True,-107.69824976258231,-79.13781640247727,-61.1362332163936,29
2025-08-13 08:26:12.374,True,-107.69835260461996,-79.13273427746891,-61.1367268588555,29
2025-08-13 08:26:13.376,True,-107.64786282722416,-79.13828079571744,-61.133955229657005,-99
2025-08-13 08:26:14.378,True,-107.64786282722416,-79.13828079571744,-61.133955229657005,-99
2025-08-13 08:26:15.380,True,-107.64811221110051,-79.12298652191313,-61.13538565489498,29
2025-08-13 08:26:16.385,True,-107.64811221110051,-79.12298652191313,-61.13538565489498,29
2025-08-13 08:26:17.388,True,-107.64811221110051,-79.12298652191313,-61.13538565489498,29
2025-08-13 08:26:18.390,True,-107.63993559548352,-79.12325120642934,-61.14745724525286,-99
2025-08-13 08:26:19.392,True,-107.42538560263759,-78.98476513669794,-61.412659331496506,-99
2025-08-13 08:26:20.394,True,-107.50796212050875,-78.97629183584029,-61.34552463166519,29
2025-08-13 08:26:21.396,True,-105.19055104713489,-79.52272845287179,-63.75429633680925,-99
2025-08-13 08:26:22.399,True,-108.04431934565784,-79.392213948726,-60.36213829063759,-99
2025-08-13 08:26:23.401,True,-108.03312490898394,-79.4188106753145,-60.63592262095833,-99
2025-08-13 08:26:24.403,True,-76.14087899321792,-79.24575938759173,-91.19011651601683,-99
2025-08-13 08:26:25.405,True,-73.55740888037107,-76.87226402724711,-94.5657089893615,-99
2025-08-13 08:26:26.408,True,-73.4660592259192,-77.76793150188952,-95.01351282681806,-99
2025-08-13 08:26:27.410,True,-49.76300573997504,-76.02176860608996,-116.96501740668151,-99
2025-08-13 08:26:28.412,True,-47.52833881991001,-78.79841501684649,-118.74907186524162,-99
2025-08-13 08:26:29.415,True,-96.89092211899505,-80.46138555393557,-71.70429290304615,-99
2025-08-13 08:26:30.417,True,-109.96634781230578,-79.94975073721483,-59.35571778202285,-99
2025-08-13 08:26:31.420,True,-114.67004549846207,-80.14942659595218,-54.494712468241836,29
2025-08-13 08:26:32.422,True,-111.40679517837158,-79.91955598308792,-58.150333111323334,29
2025-08-13 08:26:33.424,True,-108.36375628727956,-79.46005178617665,-61.30911076031616,29
2025-08-13 08:26:34.425,True,-105.9088062707143,-79.58717623331026,-64.09509360133751,-99
2025-08-13 08:26:35.427,True,-104.49520308514609,-79.67492963086569,-65.57295648222649,-99
2025-08-13 08:26:36.429,True,-104.85810526889193,-79.85039601057603,-65.26469827552012,-99
2025-08-13 08:26:37.503,True,-104.59918658340236,-79.72008039658041,-65.54751830538505,-99
2025-08-13 08:26:38.505,True,-103.67754317823434,-79.8153976011787,-66.54328725470444,-99
2025-08-13 08:26:39.507,True,-103.21136551575285,-79.86276537942295,-66.96073732615159,29
2025-08-13 08:26:40.509,True,-103.18607442409484,-79.84853087130526,-67.00471150060815,-99
2025-08-13 08:26:41.513,True,-103.1866647094705,-79.83897311505554,-67.00580912968243,29
2025-08-13 08:26:42.523,True,-103.33907856735546,-79.83440799687088,-66.92714086796263,29
2025-08-13 08:26:43.526,True,-102.08398310093743,-80.05519276599337,-68.18816415033348,-99
2025-08-13 08:26:44.529,True,-101.82689531389093,-80.05729652925062,-68.35818784204899,-99
2025-08-13 08:26:45.531,True,-102.02484183855107,-80.10628479445059,-68.1977914630095,-99
2025-08-13 08:26:46.534,True,-102.61551019061804,-80.04175983531096,-67.54710812355339,-99
2025-08-13 08:26:47.539,True,-110.5528331746349,-78.04309593936222,-59.29129978320229,29
2025-08-13 08:26:48.542,True,-106.48571319398664,-78.44931348247151,-63.96973321533148,29
2025-08-13 08:26:49.544,True,-111.63522884002418,-78.44850550818256,-58.52745075448433,-99
2025-08-13 08:26:50.547,True,-109.29331660570665,-80.4053259737888,-61.452134835802745,-99
2025-08-13 08:26:51.549,True,-109.77463051690982,-79.76408283907016,-60.31790848946358,-99
2025-08-13 08:26:52.551,True,-101.05214218769055,-81.01325267821606,-69.62210174210131,-99
2025-08-13 08:26:53.554,True,-104.0448742335842,-80.43233778662437,-65.8430828557875,29
2025-08-13 08:26:54.558,True,-107.9186346844437,-80.74782558208263,-61.900527484304625,29
2025-08-13 08:26:55.560,True,-106.33839609055558,-80.80662209117614,-64.05552403524662,-99
2025-08-13 08:26:56.562,True,-108.18725481050616,-80.21722170723157,-61.02846744754749,-99
2025-08-13 08:26:57.565,True,-105.79167670047107,-80.73986102919062,-63.7690654592268,-99
2025-08-13 08:26:58.567,True,-104.95787486602927,-80.22101613010443,-64.63954435287336,29
2025-08-13 08:26:59.570,True,-107.61008490894032,-80.880399072268,-61.499317947868946,29
2025-08-13 08:27:00.573,True,-111.4563099257009,-81.15157391270756,-57.37993186861017,-99
2025-08-13 08:27:01.575,True,-114.51157478821423,-81.33959264434105,-54.079338324316105,-99
2025-08-13 08:27:02.579,True,-113.7233106386138,-81.23199037796597,-54.872327917421266,29
2025-08-13 08:27:03.581,True,-112.79373977901993,-81.53242493114764,-55.79357967874087,-99
2025-08-13 08:27:04.584,True,-113.35590075957914,-81.71309811776364,-55.184848488410886,-99
2025-08-13 08:27:05.586,True,-114.16049694417757,-81.95895879787362,-54.52267142344739,-99
2025-08-13 08:27:06.588,True,-115.0925563662055,-82.0232706417583,-53.67400948162807,29
2025-08-13 08:27:07.591,True,-115.3746404139467,-81.79688805499393,-53.482913840460064,-99
2025-08-13 08:27:08.593,True,-111.6330424038906,-80.5846985088551,-57.42515276897626,-99
2025-08-13 08:27:09.596,True,91.40178751421578,-69.84065949561496,87.72353376437084,-99
2025-08-13 08:27:10.599,True,-112.59160602782438,-79.0530904462104,-56.21256744416034,29
2025-08-13 08:27:11.601,True,-113.3512792645057,-78.82054990555183,-55.907181351145695,29
2025-08-13 08:27:12.612,True,-110.57776023322663,-78.28726921188444,-58.70708288023473,-99
2025-08-13 08:27:13.614,True,-109.15451205007311,-78.66727743085453,-60.70559561097472,29
2025-08-13 08:27:14.616,True,-109.21683897326473,-78.70494317481898,-60.49071571290746,-99
2025-08-13 08:27:15.618,True,-109.0005276732614,-79.05872302685154,-60.88038670067812,-99
2025-08-13 08:27:16.620,True,-108.66785445620256,-79.13210483720624,-61.420422166512544,-99
2025-08-13 08:27:17.622,True,-109.82646796679438,-79.21068292963396,-60.27693236152986,29
2025-08-13 08:27:18.624,True,-109.17345979810986,-79.12751191923748,-60.35303866608098,29
2025-08-13 08:27:19.627,True,-114.38695008092239,-80.47192230391084,-55.93054597828903,-99
2025-08-13 08:27:20.629,True,-114.91831591086222,-80.03906701026918,-55.18173137012425,29
2025-08-13 08:27:21.632,True,-107.16865371266495,-55.59840037458556,-25.46505677082257,-98
2025-08-13 08:27:22.636,True,-101.11975867329316,-66.72967027846836,-17.258031948606913,-99
2025-08-13 08:27:23.638,True,-149.5554908152774,-80.87816654552059,39.03595458625725,-98
2025-08-13 08:27:24.640,True,177.52516220172382,-84.8374793661041,74.67480930738752,29
2025-08-13 08:27:25.643,True,178.2228609863004,-83.10289341514978,75.16105134166722,29
2025-08-13 08:27:26.645,True,141.4643452324552,-80.33306091542514,173.22823965725954,-99
2025-08-13 08:27:27.648,True,-103.41629454179646,-86.21117220015391,142.92496446494914,-99
2025-08-13 08:27:28.650,True,162.43870482424487,-83.5308437694583,-118.98360904552261,-99
2025-08-13 08:27:29.652,True,-162.35405180906335,-71.00772320382342,117.5597875963178,-99
2025-08-13 08:27:30.655,True,-173.4878398924243,-81.0338407275443,89.47377740814491,-98
2025-08-13 08:27:31.658,True,145.9881386981218,-79.66481449210575,114.85584459061602,29
2025-08-13 08:27:32.666,True,161.24250402918753,-81.32314533616733,130.67206481703158,29
2025-08-13 08:27:33.668,True,145.21764814582903,-81.33042342259893,173.5128126328452,29
2025-08-13 08:27:34.670,True,169.19345957768363,-81.7169434437792,149.9986965649764,-99
2025-08-13 08:27:35.672,True,135.9242863296972,-84.79035169170218,139.72005122145197,-98
2025-08-13 08:27:36.675,True,164.13224169104757,-83.31517191693064,56.099805722337486,-99
2025-08-13 08:27:37.960,True,132.59070555047958,-85.19600440635132,86.63567246240517,30
2025-08-13 08:27:38.963,True,125.40300200816,-86.80120919012444,93.73233801343179,-98
2025-08-13 08:27:39.964,True,130.28431427432724,-86.62369401592971,87.24412279659286,30
2025-08-13 08:27:40.966,True,130.86433428265192,-86.12072189517352,87.4590305158661,-98
2025-08-13 08:27:41.968,True,137.22723913479376,-85.80302483901251,83.11363816615193,-98
2025-08-13 08:27:42.970,True,146.35015899848185,-86.60407864469848,70.49099118597994,29
2025-08-13 08:27:43.972,True,142.16650225789863,-86.31115646908911,74.90860096335082,29
2025-08-13 08:27:44.975,True,142.30880104931578,-85.81200549042352,75.15863483998248,29
2025-08-13 08:27:45.978,True,145.2147564784767,-83.76532614769218,66.69322499220604,-99
2025-08-13 08:27:46.981,True,141.5167388161165,-85.72712915944349,76.52660120912881,-98
2025-08-13 08:27:47.983,True,149.25728637284192,-85.97246210708406,67.80366192991784,-99
2025-08-13 08:27:48.986,True,146.75500866261282,-85.87627129612378,70.98044035902629,29
2025-08-13 08:27:49.989,True,142.15599315331596,-85.85120684689885,76.59217247384537,29
2025-08-13 08:27:50.992,True,136.3878149620628,-85.54074293135706,82.61993272739753,29
2025-08-13 08:27:51.994,True,143.89530257175065,-86.01819618585282,75.22103349233812,-98
2025-08-13 08:27:52.997,True,144.21367495554387,-86.02938821528153,75.0666204087084,-98
2025-08-13 08:27:53.998,True,147.13107688571571,-85.95934907951462,70.75885838212396,-98
2025-08-13 08:27:55.001,True,154.18654686269898,-85.28010550905134,63.59148792602145,-99
2025-08-13 08:27:56.003,True,151.51532987717783,-85.28932307115059,66.26896387551275,-99
2025-08-13 08:27:57.006,True,151.11176744201123,-85.30892928594531,66.58647586392235,-98
2025-08-13 08:27:58.007,True,147.2428571937882,-85.10845857603793,70.79236164451248,-98
2025-08-13 08:27:59.009,True,149.7353170395917,-85.26130031188788,68.08935453621812,-98
2025-08-13 08:28:00.012,True,151.72396578070195,-85.30270625664646,65.92380114992729,-99
2025-08-13 08:28:01.013,True,153.89936689147893,-85.46103458966091,63.82669043101146,-98
2025-08-13 08:28:02.015,True,153.34040674072568,-85.39079329252827,64.38272434509486,30
2025-08-13 08:28:03.018,True,152.5440921680167,-85.35917151640626,65.22251384211235,-99
2025-08-13 08:28:04.020,True,145.4217035033746,-85.08672929259393,72.41691808997719,-98
2025-08-13 08:28:05.021,True,144.82774520132537,-85.1358645862035,73.18565567608024,29
2025-08-13 08:28:06.023,True,150.15533954140415,-85.43964266108875,67.22003587574116,-99
2025-08-13 08:28:07.026,True,149.64942420152292,-85.56451963517114,68.08250027374794,-98
2025-08-13 08:28:08.028,True,146.02270330133157,-85.72106589158959,71.22006818652052,29
2025-08-13 08:28:09.031,True,140.60018930668818,-85.33974845770886,76.92730151171868,-99
2025-08-13 08:28:10.033,True,138.9933782237753,-85.7123553024711,78.10872467795893,-99
2025-08-13 08:28:11.034,True,140.3543663820679,-85.90650301886207,77.30485843551688,-98
2025-08-13 08:28:12.038,True,139.3256203233198,-85.82693789709104,79.46973895014527,-98
2025-08-13 08:28:13.040,True,136.1502879893856,-85.78703217102252,83.74359050142216,30
2025-08-13 08:28:14.043,True,131.0435750173223,-85.41029318910972,91.20366214967761,30
2025-08-13 08:28:15.046,True,122.56287709528658,-85.8904479071736,100.86145205128908,30
2025-08-13 08:28:16.049,True,121.19242123752973,-85.73698956077057,101.66918860581981,-98
2025-08-13 08:28:17.051,True,124.17439478699411,-85.88863148262348,98.7316494302139,-98
2025-08-13 08:28:18.053,True,127.31693185720368,-86.17539621377321,95.91312546305389,-98
2025-08-13 08:28:19.055,True,127.26635061814237,-87.24599857145674,98.0685647732936,-98
2025-08-13 08:28:20.057,True,-132.02715495642303,-81.993640001647,18.274997290601004,-99
2025-08-13 08:28:21.060,True,-132.65198415588083,-85.89204464037545,75.10856975329196,-98
2025-08-13 08:28:22.062,True,-131.9368045533235,-81.92277566293266,134.9220530838646,30
2025-08-13 08:28:23.065,True,-179.5475049854746,-80.11255760364908,161.25071682096387,-98
2025-08-13 08:28:24.067,True,150.10099759835833,-85.21594562806668,-177.58877399959147,30
2025-08-13 08:28:25.069,True,-161.3816759390671,-85.70704275006898,158.6901709914471,-98
2025-08-13 08:28:26.071,True,160.1155341199299,-84.91121678768683,-152.68490392381338,-98
2025-08-13 08:28:27.072,True,160.4433522654596,-83.62591282717602,-157.37529013234249,-98
2025-08-13 08:28:28.074,True,-163.73298648670982,-83.01216037464573,137.56354564985512,30
2025-08-13 08:28:29.077,True,155.65922758778805,-86.05411851899485,-172.02473679849558,30
2025-08-13 08:28:30.079,True,173.15117690630282,-85.07590052092537,-169.02136880933065,30
2025-08-13 08:28:31.081,True,172.2095973039636,-83.70930375561447,-175.3399913287643,30
2025-08-13 08:28:32.083,True,132.75568127668802,-82.39305138489901,-158.83922506127584,-98
2025-08-13 08:28:33.084,True,105.86572860393855,-83.17668983664863,-167.4275019872839,30
2025-08-13 08:28:34.087,True,107.31994066519026,-82.59073412565091,-179.65951319586495,-98
2025-08-13 08:28:35.089,True,106.11497083745338,-87.00809196793999,-177.16281089255716,30
2025-08-13 08:28:36.091,True,51.03386083583052,-86.70585338296952,-88.74110858433093,30
2025-08-13 08:28:37.093,True,-147.88095731654604,-82.4075702675332,57.32880737050695,30
2025-08-13 08:28:38.095,True,119.038414031961,-86.74141470331784,153.71805927143984,-98
2025-08-13 08:28:39.098,True,159.26838007269984,-86.29125181891949,115.85291737330493,-98
2025-08-13 08:28:40.100,True,98.47751278557445,-87.18527483300912,-169.9818111253167,-98
2025-08-13 08:28:41.102,True,117.64360969892759,-81.98742680449054,-143.27620358514162,-98
2025-08-13 08:28:42.104,True,-56.63988711412615,-84.33125599413484,26.16739028024378,-98
2025-08-13 08:28:43.106,True,137.23785097976577,-83.35624144500008,-141.94553733982298,30
2025-08-13 08:28:44.109,True,156.60611715626308,-86.80314528667466,-162.16381228489774,30
2025-08-13 08:28:45.111,True,-91.47438292491736,-88.69993211174946,87.90781497093049,-98
2025-08-13 08:28:46.113,True,-166.095710933442,-89.28824340136134,161.83997853290853,-98
2025-08-13 08:28:47.114,True,155.51446116144803,-89.02644886173009,-158.95665789419746,-98
2025-08-13 08:28:48.158,True,178.40982473067086,-88.97130445494217,-178.44431977796333,-98
2025-08-13 08:28:49.160,True,-61.54481216572603,-86.24859994591638,96.90991869640428,-98
2025-08-13 08:28:50.164,True,-137.5102637906352,-87.8250261663771,161.93591769814626,-98
2025-08-13 08:28:51.166,True,-118.59241653502491,-87.54684223432812,129.6631747048622,30
2025-08-13 08:28:52.168,True,98.51513102070325,-83.44271722723695,-84.04130848954046,-98
2025-08-13 08:28:53.171,True,103.04623436005107,-85.3107461058813,-95.08015764403034,-98
2025-08-13 08:28:54.173,True,107.63195865471623,-87.90706529770206,-93.4199193125025,-98
2025-08-13 08:28:55.175,True,104.03795136684091,-86.53911182271834,-83.6735976011461,-98
2025-08-13 08:28:56.178,True,135.15252195721382,-86.09924586662221,-116.28808958527162,-98
2025-08-13 08:28:57.182,True,148.99147518641044,-85.20503002113861,-131.4665086531515,-98
2025-08-13 08:28:58.184,True,112.89727226306685,-86.50527020167611,-97.21833342962563,-98
2025-08-13 08:28:59.187,True,149.64115261109418,-88.38516942706549,-132.631941057431,-98
2025-08-13 08:29:00.189,True,131.1964958780324,-88.17643002498393,-121.62630433809134,30
2025-08-13 08:29:01.192,True,112.55064276942863,-85.56999319358751,-102.76549420415995,30
2025-08-13 08:29:02.194,True,132.05970319266638,-87.56634788914616,-119.85994288015733,-98
2025-08-13 08:29:03.196,True,129.06347886631613,-84.27525417880514,-112.6657504987924,-98
2025-08-13 08:29:04.197,True,118.676120259023,-84.03141694931833,-88.09405254000711,30
2025-08-13 08:29:05.199,True,119.54332275752901,-83.06172642106989,-87.00691680966266,-98
2025-08-13 08:29:06.202,True,122.99316228576188,-85.51801518349039,-86.82402198484311,-98
2025-08-13 08:29:07.205,True,131.16390319022307,-84.63198806722168,-95.00088372438582,-98
2025-08-13 08:29:08.206,True,126.92931202249112,-83.13854041759443,-90.08990353013279,-98
2025-08-13 08:29:09.208,True,106.46462872067062,-81.64393010865314,-68.89714315117746,-98
2025-08-13 08:29:10.210,True,114.93593379488937,-81.52074388764312,-79.41805120480865,-98
2025-08-13 08:29:11.212,True,110.04240474143559,-78.87575322031141,-61.58458945703267,30
2025-08-13 08:29:12.214,True,84.31284228889126,-81.70171768637158,-51.221145099099445,30
2025-08-13 08:29:13.216,True,102.38009490002372,-88.304446094927,-106.64871296207892,-98
2025-08-13 08:29:14.218,True,-176.04329434726745,-86.04871898494315,167.3381496034744,-98
2025-08-13 08:29:15.220,True,-152.0315213823295,-86.47137126697761,-178.58499189502345,30
2025-08-13 08:29:16.222,True,131.2423110964857,-84.268637466389,-83.87100217160325,-98
2025-08-13 08:29:17.225,True,-173.74272478192444,-85.09063348317164,-136.2708312321939,30
2025-08-13 08:29:18.227,True,-107.54927193310428,-81.71305961421531,169.7659110598135,30
2025-08-13 08:29:19.229,True,130.95278628312914,-84.87337018181958,-80.78459226435764,-98
2025-08-13 08:29:20.231,True,127.00423856624683,-87.60507952411386,-112.81367550127247,30
2025-08-13 08:29:21.233,True,-170.41306649445204,-86.24897186519816,179.38689374389477,-98
2025-08-13 08:29:22.236,True,134.34726404334847,-84.68274512192686,-165.68304830133806,30
2025-08-13 08:29:23.239,True,140.99716022622206,-86.61110516048491,-175.17576910523596,-98
2025-08-13 08:29:24.241,True,173.6159990603092,-84.48188366866952,146.16224874389562,30
2025-08-13 08:29:25.243,True,160.46183636839268,-85.3041191479001,167.55988416862323,-98
2025-08-13 08:29:26.246,True,154.26884240409305,-85.50770795494901,174.16005652712255,-98
2025-08-13 08:29:27.250,True,164.77658323168635,-87.00864817151724,167.1922764710454,-98
2025-08-13 08:29:28.253,True,-78.77332636352303,-86.29827373080576,61.407955305223105,-98
2025-08-13 08:29:29.255,True,175.51763104171985,-85.46576782916927,-160.89047739147176,-98
2025-08-13 08:29:30.257,True,-126.13569371803746,-85.27264077442759,165.91284101784748,30
2025-08-13 08:29:31.260,True,-48.80892916517028,-86.63342092981796,96.86208445962266,30
2025-08-13 08:29:32.262,True,-148.34143696716427,-86.91765959409157,-159.494641360922,30
2025-08-13 08:29:33.264,True,-130.21309700489883,-85.03369858606233,-160.27060792857165,-98
2025-08-13 08:29:34.267,True,-156.36778759187155,-87.90314147989953,-128.37796159095564,-98
2025-08-13 08:29:35.269,True,-173.23659896492453,-87.43975029322263,-117.67258206139604,-98
2025-08-13 08:29:36.271,True,153.38868349977616,-86.51331201279531,-89.31302890703735,30
2025-08-13 08:29:37.273,True,-124.78965949214984,-87.08415484657405,171.79224678672716,30
2025-08-13 08:29:38.277,True,-135.15349310850408,-86.12876260455724,123.80778162351714,-98
2025-08-13 08:29:39.279,True,-170.13442435836677,-84.27742434017087,126.38169318421079,-98
2025-08-13 08:29:40.281,True,156.26172105367382,-87.02102589524927,128.68629091194404,-98
2025-08-13 08:29:41.283,True,-111.20790302332372,-81.36916922091052,55.15200857265349,-98
2025-08-13 08:29:42.284,True,-116.1121959455572,-82.81389923827834,44.13697483367419,30
2025-08-13 08:29:43.287,True,-166.75039328126985,-70.89233037807837,78.57797118310965,30
2025-08-13 08:29:44.288,True,16.371116836183774,-50.03161729957593,-59.91687808842273,-98
2025-08-13 08:29:45.291,True,-115.26730664372265,-55.35228158614562,55.00824214552273,-98
2025-08-13 08:29:46.293,True,-125.83862991755339,-69.555017316323,66.90844103740412,-98
2025-08-13 08:29:47.294,True,-52.53708379691319,-80.40865093114613,-50.465753435498826,-98
2025-08-13 08:29:48.297,True,-88.72001316237768,-78.73383886259988,-20.056070764100202,-98
2025-08-13 08:29:49.299,True,-104.44453781137366,-82.55982348343171,0.5815859560091208,-98
2025-08-13 08:29:50.301,True,178.88093287024716,-79.05410882058585,67.79802950001755,-98
2025-08-13 08:29:51.303,True,-40.7991777337117,-74.8591244691844,-19.573609605492095,-98
2025-08-13 08:29:52.305,True,-52.87641525206285,-76.54670131278723,-18.082516191869065,-98
2025-08-13 08:29:53.308,True,-42.06651225509721,-72.5775080012984,-42.523592243495905,30
2025-08-13 08:29:54.310,True,-164.6615124833601,-65.84325616657058,91.92523446733051,30
2025-08-13 08:29:55.313,True,-98.49880582249293,-53.7777050390293,32.38370418387712,30
2025-08-13 08:29:56.315,True,-133.14691075501017,-68.90681733932021,77.17127265979569,30
2025-08-13 08:29:57.317,True,-165.5647132961689,-79.65653731764492,134.45567805464745,30
2025-08-13 08:29:58.319,True,-116.08544378150617,-60.89728821157488,109.4084767369906,-98
2025-08-13 08:29:59.321,True,-113.47259014116575,-53.69785775457965,128.75662086571722,-98
2025-08-13 08:30:00.324,True,-116.30848218383028,-56.83791843319227,164.3477974461734,-98
2025-08-13 08:30:01.327,True,-117.87323027645297,-61.678873114797874,-165.72530942030176,30
2025-08-13 08:30:02.331,True,-124.45068540442242,-62.01661015265734,-122.62993361643055,30
2025-08-13 08:30:03.332,True,-126.99929233357868,-58.2289823750971,-92.36385942502582,-98
2025-08-13 08:30:04.334,True,-121.05461568233132,-54.03400962470692,-92.0883538117514,30
2025-08-13 08:30:05.338,True,-117.50251413635604,-49.95158778442884,-94.84056588386679,-98
2025-08-13 08:30:06.340,True,-116.94889725847214,-46.86394068316685,-95.22918828479975,-98
2025-08-13 08:30:07.342,True,-115.41288914677199,-45.79570417968535,-96.0775203309869,30
2025-08-13 08:30:08.344,True,-113.37064777071753,-45.69270452379366,-96.6691239947362,30
2025-08-13 08:30:09.347,True,-111.73690238809627,-45.89531483268017,-97.14214332758766,30
2025-08-13 08:30:10.349,True,-110.91036869342045,-45.90730993077948,-97.51814297153534,-98
2025-08-13 08:30:11.351,True,-108.36298631114295,-46.14281778923603,-99.08193298400434,-98
2025-08-13 08:30:12.353,True,-102.24817605682553,-44.981397534559534,-103.60460266978755,-98
2025-08-13 08:30:13.355,True,-96.17972065240903,-46.0758203747436,-108.15627466667054,-98
2025-08-13 08:30:14.357,True,-91.661555564562,-45.807628206985704,-112.31153034043923,-98
2025-08-13 08:30:15.361,True,-92.68329699745263,-45.07971633548362,-113.18332814713321,30
2025-08-13 08:30:16.364,True,-89.79364945243616,-39.959991138421415,-117.71309676249909,30
2025-08-13 08:30:17.367,True,-87.8614476090754,-40.09135972945519,-128.5163207328509,30
2025-08-13 08:30:18.369,True,-90.41682109773305,-38.88478284229616,-142.557723846384,-98
2025-08-13 08:30:19.371,True,-93.1209007159211,-37.800810813342665,-151.9842440524144,-98
2025-08-13 08:30:20.373,True,-97.62986738139668,-36.83512666036936,-160.76699207628917,-98
2025-08-13 08:30:21.375,True,-105.50057522376203,-33.49916087346133,-174.60116880012512,-98
2025-08-13 08:30:22.378,True,-108.62154225250515,-34.06549251181314,161.6391217181731,30
2025-08-13 08:30:23.381,True,-110.06773409828521,-33.36118799792822,144.75701052479076,30
2025-08-13 08:30:24.384,True,-109.50913270290495,-35.9093923840523,137.02430190171603,-98
2025-08-13 08:30:25.386,True,-108.5801214745392,-37.006636847882106,132.41318121357565,-98
2025-08-13 08:30:26.388,True,-107.5726300784706,-36.14332278401409,129.1554428649822,-98
2025-08-13 08:30:27.390,True,-105.95901777937986,-37.46836017589194,125.77962601657744,-98
2025-08-13 08:30:28.392,True,-105.64894900239759,-36.353718441185364,120.50378910102111,-98
2025-08-13 08:30:29.395,True,-104.53258314751523,-31.524475574446377,108.97728764908207,30
2025-08-13 08:30:30.397,True,-104.0205339041561,-30.54422228849123,96.86294235215298,30
2025-08-13 08:30:31.401,True,-102.00409034444786,-34.16857212557082,91.06794577346018,-98
2025-08-13 08:30:32.403,True,-97.13318840711645,-36.46934068386247,83.22392305272729,-98
2025-08-13 08:30:33.405,True,-101.69291755962043,-34.87941575678734,83.49741413786708,-98
2025-08-13 08:30:34.406,True,-102.42360071000122,-35.87776953043629,81.08568093939188,-98
2025-08-13 08:30:35.408,True,-102.28977534635054,-36.68954309178566,78.36538963393126,30
2025-08-13 08:30:36.410,True,-102.06443584713978,-38.55808500917311,77.66596746936067,30
2025-08-13 08:30:37.413,True,-98.38500467508426,-38.80747292049576,75.55330624702641,-98
2025-08-13 08:30:38.415,True,-98.28376011348094,-39.121537244423756,76.40383197827327,-98
2025-08-13 08:30:39.417,True,-99.52729673206034,-39.34755784701995,78.1414276912972,-98
2025-08-13 08:30:40.419,True,-100.50311505462783,-40.17267836420921,79.39544849393074,30
2025-08-13 08:30:41.421,True,-100.35293548630638,-39.51366252753829,79.52708529901766,30
2025-08-13 08:30:42.423,True,-97.28477380537588,-40.825431649604866,76.36531199537214,30
2025-08-13 08:30:43.425,True,-100.47457898673015,-36.737622806971864,77.15486826908348,30
2025-08-13 08:30:44.427,True,-101.14613277637314,-35.412265681377534,70.2187485572504,-98
2025-08-13 08:30:45.429,True,-99.07850806815786,-34.68554664866407,53.841807644511825,-98
2025-08-13 08:30:46.431,True,-101.13515854755828,-34.88134790179547,44.54417366295436,-98
2025-08-13 08:30:47.434,True,-102.26593074856589,-36.90697333478476,43.410634156484775,-98
2025-08-13 08:30:48.436,True,-102.65565753935742,-37.6352752651619,43.87072866880498,-98
2025-08-13 08:30:49.437,True,-101.74335206761013,-38.077596667054365,43.21275404495741,-98
2025-08-13 08:30:50.439,True,-95.20497561499995,-37.724117594184435,38.75236504010706,-98
2025-08-13 08:30:51.441,True,-92.34135607303959,-38.332471057912336,36.7316001539587,-98
2025-08-13 08:30:52.446,True,-93.25759214069376,-37.228382170209265,32.742420576498546,30
2025-08-13 08:30:53.448,True,-95.4935678894523,-38.96618429983702,27.639075034651334,-98
2025-08-13 08:30:54.450,True,-94.4848923951749,-39.93622862323835,22.77447338106552,30
2025-08-13 08:30:55.452,True,-48.6346981599551,-71.02123723083633,2.358385643964951,-98
2025-08-13 08:30:56.454,True,-25.041790737987586,-63.03417607718777,-7.086827065329571,-98
2025-08-13 08:30:57.456,True,-80.09943668252197,-70.58337771343318,104.48783087322337,30
2025-08-13 08:30:58.458,True,-97.86158242166246,-54.30397985311835,104.22970405821818,-98
2025-08-13 08:30:59.460,True,-96.62294404321723,-51.21810424112385,103.12248880205696,-98
2025-08-13 08:31:00.462,True,-66.81086414117684,-53.39515627978215,90.221626474882,30
2025-08-13 08:31:01.465,True,-62.78005993740836,-52.68377446531348,86.36790530462349,-98
2025-08-13 08:31:02.467,True,-20.150833587916672,-57.74649402094703,67.60796760232422,-98
2025-08-13 08:31:03.469,True,-21.452409984566142,-57.63063532823641,67.4726300105768,-98
2025-08-13 08:31:04.471,True,-31.274029941335918,-51.813315950046515,63.99682140453256,-98
2025-08-13 08:31:05.473,True,-27.317154824495727,-53.3260448458193,63.830388663241656,-98
2025-08-13 08:31:06.475,True,-35.59867219645946,-52.977594701583754,69.50080094471764,-98
2025-08-13 08:31:07.477,True,-34.49030180052551,-54.213673081183344,68.97001284690992,30
2025-08-13 08:31:08.478,True,-33.90975981490601,-54.13861099955095,69.01376783529092,30
2025-08-13 08:31:09.480,True,-33.07180703868632,-54.513234903216606,69.05149058436187,-98
2025-08-13 08:31:10.482,True,-33.91790738117217,-54.92608599559663,70.21219180545368,-98
2025-08-13 08:31:11.484,True,-44.414886413573704,-55.633934834321565,80.65625153199142,-98
2025-08-13 08:31:12.486,True,-51.08594441070362,-58.18595459431673,92.86729057272689,-98
2025-08-13 08:31:13.489,True,-56.95608769474157,-57.40427673825304,106.2306993013318,-98
2025-08-13 08:31:14.492,True,-54.56010838585137,-59.040020335526314,111.72531609061156,30
2025-08-13 08:31:15.494,True,-56.51629676586255,-55.65446182024141,119.56695567960419,30
2025-08-13 08:31:16.496,True,-54.544589635882105,-55.34572935661701,123.5800587428921,-98
2025-08-13 08:31:17.498,True,-55.85598503009615,-53.979761857593545,127.19619530896712,-98
2025-08-13 08:31:18.501,True,-53.602502506047486,-54.60420601642925,126.69234515825839,-98
2025-08-13 08:31:19.503,True,-50.878754482248354,-54.603634107507716,124.28460791415432,-98
2025-08-13 08:31:20.505,True,-51.58760521120068,-54.51552340440945,124.81450106322688,-98
2025-08-13 08:31:21.507,True,-50.56874122996579,-54.4366917504126,124.47046726358855,30
2025-08-13 08:31:22.509,True,-48.97080572309773,-54.97372207998261,123.0297965235532,30
2025-08-13 08:31:23.512,True,-49.44042149521435,-54.91826341934681,122.8309008863749,-98
2025-08-13 08:31:24.514,True,-49.20350706205978,-55.04425003895686,122.43599743375214,-98
2025-08-13 08:31:25.517,True,-48.28047374267966,-56.03533674587696,121.98041432033858,-98
2025-08-13 08:31:26.519,True,-48.69695155624569,-56.27527541708561,122.53622286458018,-98
2025-08-13 08:31:27.521,True,-43.74721437703745,-61.10081021639301,118.53428601272154,30
2025-08-13 08:31:28.526,True,-41.0163527755337,-61.32787404026423,116.18338181980052,30
2025-08-13 08:31:29.528,True,-34.5193177150184,-60.50489749076947,106.98328953168436,30
2025-08-13 08:31:30.531,True,-21.126908055953944,-57.54757440397008,85.67799305463829,30
2025-08-13 08:31:31.533,True,-18.496603127710344,-55.7157141468228,71.06871122858577,30
2025-08-13 08:31:32.536,True,-18.988388044161955,-53.85295310690911,55.97872210820538,-98
2025-08-13 08:31:33.845,True,-19.49936138512693,-51.43656756802619,36.941033676916106,-98
2025-08-13 08:31:34.849,True,-22.204882603831678,-49.44286598957863,22.131073902012435,30
2025-08-13 08:31:35.851,True,-24.233972605454376,-47.75099725237295,11.168537034394479,30
2025-08-13 08:31:36.854,True,-25.37338272355062,-47.371794669292,6.478870912390009,-98
2025-08-13 08:31:37.856,True,-25.848601223343813,-47.281954528332925,2.7737406733091245,-98
2025-08-13 08:31:38.858,True,-31.869567444616667,-48.7313735100208,6.081291020878146,-98
2025-08-13 08:31:39.860,True,-32.86498640237307,-49.02901842802054,6.79794847203749,-98
2025-08-13 08:31:40.862,True,-33.56083183841727,-49.291469446591634,7.099563207065909,30
2025-08-13 08:31:41.866,True,-32.52548307791386,-49.65409799387678,6.098209137721474,30
2025-08-13 08:31:42.868,True,-32.54472856416155,-51.556836650738155,4.7162504111489065,-98
2025-08-13 08:31:43.870,True,-32.392550384574804,-58.59405964196308,4.704777142938286,-98
2025-08-13 08:31:44.873,True,-31.861659379021674,-60.772252079912874,4.434360206936238,30
2025-08-13 08:31:45.875,True,-31.78076398608496,-61.74272568783583,4.4565873529822175,30
2025-08-13 08:31:46.877,True,-31.432601851822454,-61.6096267035557,4.399457873393877,-98
2025-08-13 08:31:47.879,True,-31.467314910223063,-62.030740624324366,4.9085665867870185,30
2025-08-13 08:31:48.881,True,-33.219362806929354,-61.83633774088397,7.163205336287132,30
2025-08-13 08:31:49.883,True,-33.610267091228714,-62.077853206844985,8.198982615216458,-98
2025-08-13 08:31:50.885,True,-33.261243218501775,-62.20665984182697,8.484413141838964,-98
2025-08-13 08:31:51.887,True,-33.356625372003464,-62.58868354940383,8.906167066036373,-98
2025-08-13 08:31:52.889,True,-33.41183637553056,-62.490161479160896,9.116644050372065,-98
2025-08-13 08:31:53.891,True,-32.89357973737633,-62.52285710393619,8.663890666899258,-98
2025-08-13 08:31:54.893,True,-33.62466763597235,-61.49653417634558,9.164613410089204,-98
2025-08-13 08:31:55.897,True,-34.41404759010712,-59.95066980237069,9.87406235342588,30
2025-08-13 08:31:56.900,True,-36.01623073693552,-57.05496509688778,11.138042144891806,-98
2025-08-13 08:31:57.902,True,-36.60954997226389,-56.12980308853248,11.55389264542307,30
2025-08-13 08:31:58.904,True,-36.68609694607409,-55.97525518299138,11.618087681703813,-98
2025-08-13 08:31:59.906,True,-36.68609694607409,-55.97525518299138,11.618087681703813,-98
2025-08-13 08:32:00.909,True,-36.66689541241531,-55.970813014680296,11.616629169667569,-98
2025-08-13 08:32:01.911,True,-36.66689541241531,-55.970813014680296,11.616629169667569,30
2025-08-13 08:32:02.916,True,-36.66689541241531,-55.970813014680296,11.616629169667569,30
2025-08-13 08:32:03.919,True,-36.66689541241531,-55.970813014680296,11.616629169667569,-98
2025-08-13 08:32:04.922,True,-36.642780263499716,-55.96860165651035,11.618724462423451,-98
2025-08-13 08:32:05.926,True,-36.642780263499716,-55.96860165651035,11.618724462423451,30
2025-08-13 08:32:06.930,True,-36.638054493373396,-55.97148964383011,11.608643461929205,30
2025-08-13 08:32:07.932,True,-36.638054493373396,-55.97148964383011,11.608643461929205,-98
2025-08-13 08:32:08.934,True,-36.79861642930084,-55.673344711036854,11.73394866461199,30
2025-08-13 08:32:09.937,True,-40.509197158544886,-47.84064879115219,14.39750865797238,30
2025-08-13 08:32:10.940,True,-40.18634858989841,-48.890119078018046,13.965657518970746,-98
2025-08-13 08:32:11.941,True,-40.02662677598211,-49.261903721060406,13.377748552637366,-98
2025-08-13 08:32:12.943,True,-39.96752282343204,-49.79896389528724,12.728134531646818,-98
2025-08-13 08:32:13.946,True,-40.039431523940834,-49.98620645294075,12.325951006060889,30
2025-08-13 08:32:14.948,True,-40.13711098561563,-50.02561474810905,11.947679831729966,-98
2025-08-13 08:32:15.950,True,-40.28264269870643,-49.84000656464212,11.470925662413633,30
2025-08-13 08:32:16.952,True,-40.34782248492375,-49.89955627748656,11.37454509416604,-98
2025-08-13 08:32:17.954,True,-40.46002726364349,-49.70905125777352,11.441698483181044,-98
2025-08-13 08:32:18.956,True,-40.34852480519586,-49.94899973488926,11.11927763202551,-98
2025-08-13 08:32:19.958,True,-40.75535242538383,-49.94366087080268,11.12379041303591,30
2025-08-13 08:32:20.959,True,-40.21195783920805,-50.703219190093094,10.836673266484276,30
2025-08-13 08:32:21.962,True,-39.83938600372945,-52.08587559903757,10.441936022699478,30
2025-08-13 08:32:22.964,True,-38.74178989880336,-54.37599070710397,9.491487033725525,30
2025-08-13 08:32:23.965,True,-37.96495240098032,-56.63017401140978,8.742688480752978,-98
2025-08-13 08:32:24.967,True,-40.08986762852471,-57.487266578636294,11.09736675726991,-98
2025-08-13 08:32:25.969,True,-47.11086923070643,-58.03328654459222,23.724746681122294,-98
2025-08-13 08:32:26.971,True,-52.84832762705475,-58.61643276523623,41.40946825123272,30
2025-08-13 08:32:27.973,True,-58.97544009141156,-56.9735380756369,62.14813753707387,30
2025-08-13 08:32:28.979,True,-61.132198936688205,-54.916178596586654,81.0302429575779,-98
2025-08-13 08:32:29.980,True,-61.64822346256414,-51.615120549796295,100.8562331324283,-98
2025-08-13 08:32:30.982,True,-54.900082759997446,-50.431937104589856,110.40183759716692,-98
2025-08-13 08:32:31.985,True,-49.23619462724424,-51.704932265725326,108.59458863319222,-98
2025-08-13 08:32:32.987,True,-46.24468780124092,-53.537485101255825,106.10839424854203,-98
2025-08-13 08:32:33.989,True,-43.9095544440892,-55.47280573628209,104.06946503745455,30
2025-08-13 08:32:34.991,True,-42.96801926212824,-55.95635413430006,102.98706712689673,30
2025-08-13 08:32:35.993,True,-39.35785083992687,-59.58977294166842,99.80387309287698,-98
2025-08-13 08:32:36.995,True,-38.132022620869925,-60.92788327846675,98.67860990287544,-98
2025-08-13 08:32:37.997,True,-39.501066929682686,-57.446421661424054,99.6692394531843,30
2025-08-13 08:32:38.999,True,-39.819892816869995,-56.45967799524004,99.92986966082773,-98
2025-08-13 08:32:40.001,True,-39.65076354480378,-56.649107064227955,99.84184555601382,30
2025-08-13 08:32:41.003,True,-40.2145181905558,-55.32720698356519,100.24542044467496,-98
2025-08-13 08:32:42.005,True,-40.353269461014975,-54.91526433894842,100.33757149153602,-98
2025-08-13 08:32:43.007,True,-40.39249578000787,-54.853092290611556,100.34697053189937,-98
2025-08-13 08:32:44.009,True,-40.42170332267471,-54.854305470788475,100.3583906811946,30
2025-08-13 08:32:45.011,True,-40.43268595436643,-54.8603155518007,100.35721678644322,-98
2025-08-13 08:32:46.013,True,-40.41585829749722,-54.72222513014282,100.35787398573692,-98
2025-08-13 08:32:47.015,True,-40.498829739388285,-54.682482278940064,100.39555732904964,30
2025-08-13 08:32:48.017,True,-40.61276471681714,-54.59213204192921,100.47772090024992,30
2025-08-13 08:32:49.020,True,-40.96875990795912,-54.52161591374128,100.58981792428052,30
2025-08-13 08:32:50.022,True,-40.88807125200191,-54.52139526137493,100.58078690244551,-98
2025-08-13 08:32:51.024,True,-40.91639630320466,-54.5145468046699,100.57966041512509,-98
2025-08-13 08:32:52.027,True,-40.972646860254486,-54.51512996721785,100.58868121177754,-98
2025-08-13 08:32:53.029,True,-40.961617761839676,-54.50911710058086,100.58985786361758,30
2025-08-13 08:32:54.031,True,-40.9848724089352,-54.51495935638006,100.58869896305325,30
2025-08-13 08:32:55.034,True,-40.830199214711584,-54.51805031752995,100.59564351749331,30
2025-08-13 08:32:56.037,True,-40.881730101573325,-54.51698467066961,100.59328681182893,-98
2025-08-13 08:32:57.039,True,-40.85383393426565,-54.509587685589786,100.58317724017505,30
2025-08-13 08:32:58.041,True,-40.88094686478174,-54.50890680965733,100.58084309241526,-98
2025-08-13 08:32:59.089,True,-40.88094686478174,-54.50890680965733,100.58084309241526,30
2025-08-13 08:33:00.091,True,-40.88094686478174,-54.50890680965733,100.58084309241526,-98
2025-08-13 08:33:01.095,True,-40.881730101573325,-54.51698467066961,100.59328681182893,30
2025-08-13 08:33:02.097,True,-40.82941600468273,-54.50996562809992,100.58319480461432,30
2025-08-13 08:33:03.101,True,-40.79011401513257,-54.510862704087536,100.58556793648563,-98
2025-08-13 08:33:04.103,True,-40.77869508187233,-54.51915129452431,100.59804206923302,30
2025-08-13 08:33:05.106,True,-40.76181767861115,-54.517754669444294,100.58674565593456,30
2025-08-13 08:33:06.107,True,-40.72253999219991,-54.518687953895636,100.58915791542859,30
2025-08-13 08:33:07.109,True,-40.72253999219991,-54.518687953895636,100.58915791542859,-98
2025-08-13 08:33:08.111,True,-40.72253999219991,-54.518687953895636,100.58915791542859,30
2025-08-13 08:33:09.114,True,-40.72253999219991,-54.518687953895636,100.58915791542859,30
2025-08-13 08:33:10.116,True,-40.73863051628797,-54.511984812110875,100.58799301448882,-98
2025-08-13 08:33:11.118,True,-40.750827993354896,-54.511781859752666,100.58796485455015,-98
2025-08-13 08:33:12.121,True,-40.73863051628797,-54.511984812110875,100.58799301448882,-98
2025-08-13 08:33:13.123,True,-40.69936505197629,-54.512931936448155,100.5904214412744,-98
2025-08-13 08:33:14.126,True,-40.71423998206004,-54.51239513191504,100.5880571869221,-98
2025-08-13 08:33:15.128,True,-40.69936505197629,-54.512931936448155,100.5904214412744,30
2025-08-13 08:33:16.131,True,-40.842263137232976,-53.73089290342317,100.74559810787731,30
2025-08-13 08:33:17.134,True,-40.65889876185138,-54.520069901249165,100.59167841125624,-98
2025-08-13 08:33:18.137,True,-40.65889876185138,-54.520069901249165,100.59167841125624,30
2025-08-13 08:33:19.139,True,-40.65889876185138,-54.520069901249165,100.59167841125624,30
2025-08-13 08:33:20.141,True,-42.13167138985541,-50.16355268940414,101.71772556216261,-98
2025-08-13 08:33:21.143,True,-43.34862854577131,-47.056364416676544,102.52072385029363,-98
2025-08-13 08:33:22.146,True,-44.168300704540634,-44.17405457692775,103.19657427153615,30
2025-08-13 08:33:23.149,True,-44.32783149077794,-44.322959620207,103.48702266722731,30
2025-08-13 08:33:24.152,True,-44.073620900051715,-45.47292901117788,103.42331538506977,30
2025-08-13 08:33:25.153,True,-43.77925937397743,-46.79534252531639,103.51817174961404,-98
2025-08-13 08:33:26.156,True,-44.05905881030939,-47.17728876261129,104.16525553197353,-98
2025-08-13 08:33:27.158,True,-43.77525394581217,-47.40346589672549,104.432487346102,-98
2025-08-13 08:33:28.161,True,-43.783223070702654,-47.697868740559386,104.50223522857792,30
2025-08-13 08:33:29.165,True,-43.29852100799327,-48.86572936699448,104.32699345615599,-98
2025-08-13 08:33:30.167,True,-43.104876884088924,-49.686006908824005,104.37024304619871,30
2025-08-13 08:33:31.169,True,-42.85884638006515,-50.174713987370495,104.20831070526782,-98
2025-08-13 08:33:32.171,True,-42.68589872414031,-50.756683207760524,103.70379879023703,-98
2025-08-13 08:33:33.173,True,-42.32950935058114,-52.06135342156364,103.3578507350849,30
2025-08-13 08:33:34.176,True,-42.273778258820904,-52.80465754399194,103.4263494344254,30
2025-08-13 08:33:35.178,True,-40.890546309332414,-56.26794635113254,102.53981724854586,30
2025-08-13 08:33:36.180,True,-39.74444968898648,-59.668696504706126,101.46957157205046,30
2025-08-13 08:33:37.182,True,-39.773105916224736,-59.61714615208367,101.41000069290504,30
2025-08-13 08:33:38.184,True,-39.714605109588646,-59.94178621002365,101.26970204192988,30
2025-08-13 08:33:39.185,True,-38.76537896482424,-61.553714065246695,100.37974198850338,-98
2025-08-13 08:33:40.187,True,-38.41652462971659,-61.56968022888426,100.0835769796699,30
2025-08-13 08:33:41.189,True,-36.74736770321257,-64.80666690410636,98.53338526814649,30
2025-08-13 08:33:42.192,True,-39.45656618552429,-59.90601169275537,100.85217629627205,30
2025-08-13 08:33:43.195,True,-40.67765187486429,-57.10331464847127,101.950406623873,-98
2025-08-13 08:33:44.199,True,-40.85007386773543,-56.642026920002614,102.07692596453903,-98
2025-08-13 08:33:45.202,True,-40.86257480519108,-56.64148814120748,102.07720595820417,-98
2025-08-13 08:33:46.204,True,-40.86257480519108,-56.64148814120748,102.07720595820417,30
2025-08-13 08:33:47.206,True,-40.84638223012207,-56.64886247078974,102.07830584774818,-98
2025-08-13 08:33:48.209,True,-40.84638223012207,-56.64886247078974,102.07830584774818,30
2025-08-13 08:33:49.212,True,-40.822853527676315,-56.64335293863399,102.07918419229489,30
2025-08-13 08:33:50.215,True,-40.822853527676315,-56.64335293863399,102.07918419229489,30
2025-08-13 08:33:51.217,True,-40.822853527676315,-56.64335293863399,102.07918419229489,30
2025-08-13 08:33:52.219,True,-40.85007386773543,-56.642026920002614,102.07692596453903,-98
2025-08-13 08:33:53.221,True,-40.85007386773543,-56.642026920002614,102.07692596453903,-98
2025-08-13 08:33:54.223,True,-40.84638223012207,-56.64886247078974,102.07830584774818,-98
2025-08-13 08:33:55.225,True,-40.867562348049304,-56.64342747033894,102.08884828819572,30
2025-08-13 08:33:56.226,True,-40.867562348049304,-56.64342747033894,102.08884828819572,-98
2025-08-13 08:33:57.229,True,-40.88611610905304,-56.647012153413414,102.07634439092509,-98
2025-08-13 08:33:58.230,True,-40.88611610905304,-56.647012153413414,102.07634439092509,-98
2025-08-13 08:33:59.232,True,-40.88611610905304,-56.647012153413414,102.07634439092509,30
2025-08-13 08:34:00.234,True,-40.87730237895564,-56.64071336905288,102.07467905028787,-98
2025-08-13 08:34:01.236,True,-40.87730237895564,-56.64071336905288,102.07467905028787,30
2025-08-13 08:34:02.238,True,-40.87730237895564,-56.64071336905288,102.07467905028787,30
2025-08-13 08:34:03.240,True,-40.87730237895564,-56.64071336905288,102.07467905028787,30
2025-08-13 08:34:04.242,True,-40.87730237895564,-56.64071336905288,102.07467905028787,-98
2025-08-13 08:34:05.247,True,-40.87730237895564,-56.64071336905288,102.07467905028787,30
2025-08-13 08:34:06.249,True,-40.87730237895564,-56.64071336905288,102.07467905028787,-98
2025-08-13 08:34:07.251,True,-40.87730237895564,-56.64071336905288,102.07467905028787,-98
2025-08-13 08:34:08.254,True,-40.87730237895564,-56.64071336905288,102.07467905028787,30
2025-08-13 08:34:09.257,True,-40.86626568283704,-56.63465470273353,102.07582610492305,30
2025-08-13 08:34:10.258,True,-40.86626568283704,-56.63465470273353,102.07582610492305,-98
2025-08-13 08:34:11.260,True,-40.873611322847154,-56.647547128839015,102.07605886261724,-98
2025-08-13 08:34:12.263,True,-40.88611610905304,-56.647012153413414,102.07634439092509,-98
2025-08-13 08:34:13.267,True,-40.88611610905304,-56.647012153413414,102.07634439092509,30
2025-08-13 08:34:14.268,True,-40.90231205827658,-56.63964672480704,102.07525229233167,30
2025-08-13 08:34:15.272,True,-40.90231205827658,-56.63964672480704,102.07525229233167,30
2025-08-13 08:34:16.274,True,-40.625722122578836,-56.670133277292145,102.03469178034433,-98
2025-08-13 08:34:17.276,True,-40.67788072539867,-56.66763166866385,102.0328810056114,-98
2025-08-13 08:34:18.278,True,-40.67788072539867,-56.66763166866385,102.0328810056114,-98
2025-08-13 08:34:19.280,True,-40.67788072539867,-56.66763166866385,102.0328810056114,-98
2025-08-13 08:34:20.282,True,-40.67788072539867,-56.66763166866385,102.0328810056114,-98
2025-08-13 08:34:21.284,True,-40.69036880876765,-56.66707543291717,102.03313523343732,-98
2025-08-13 08:34:22.286,True,-40.69036880876765,-56.66707543291717,102.03313523343732,-98
2025-08-13 08:34:23.288,True,-40.69036880876765,-56.66707543291717,102.03313523343732,30
2025-08-13 08:34:24.291,True,-40.69036880876765,-56.66707543291717,102.03313523343732,30
2025-08-13 08:34:25.292,True,-40.69036880876765,-56.66707543291717,102.03313523343732,-98
2025-08-13 08:34:26.296,True,-41.16389358015461,-55.80094665433537,101.85976308288488,-98
2025-08-13 08:34:27.298,True,-40.69036880876765,-56.66707543291717,102.03313523343732,30
2025-08-13 08:34:28.300,True,-40.69036880876765,-56.66707543291717,102.03313523343732,-98
2025-08-13 08:34:29.303,True,-40.69036880876765,-56.66707543291717,102.03313523343732,-98
2025-08-13 08:34:30.305,True,-40.69036880876765,-56.66707543291717,102.03313523343732,-98
2025-08-13 08:34:31.307,True,-40.69036880876765,-56.66707543291717,102.03313523343732,30
2025-08-13 08:34:32.309,True,-40.69036880876765,-56.66707543291717,102.03313523343732,30
2025-08-13 08:34:33.311,True,-40.69036880876765,-56.66707543291717,102.03313523343732,-98
2025-08-13 08:34:34.314,True,-40.70285839233033,-56.66652075907759,102.03339220874331,-98
2025-08-13 08:34:35.316,True,-40.69036880876765,-56.66707543291717,102.03313523343732,30
2025-08-13 08:34:36.317,True,-40.71757321609096,-56.665717506392994,102.03085134907762,-98
2025-08-13 08:34:37.321,True,-40.71757321609096,-56.665717506392994,102.03085134907762,30
2025-08-13 08:34:38.323,True,-40.706560569983196,-56.65967812274444,102.032018107145,30
2025-08-13 08:34:39.326,True,-40.70285839233033,-56.66652075907759,102.03339220874331,30
2025-08-13 08:34:40.328,True,-40.70285839233033,-56.66652075907759,102.03339220874331,-98
2025-08-13 08:34:41.330,True,-40.70285839233033,-56.66652075907759,102.03339220874331,-98
2025-08-13 08:34:42.331,True,-40.6940716928349,-56.66023191916897,102.03176140964815,30
2025-08-13 08:34:43.333,True,-40.6940716928349,-56.66023191916897,102.03176140964815,-98
2025-08-13 08:34:44.335,True,-40.67788072539867,-56.66763166866385,102.0328810056114,-98
2025-08-13 08:34:45.338,True,-40.67788072539867,-56.66763166866385,102.0328810056114,30
2025-08-13 08:34:46.340,True,-40.67788072539867,-56.66763166866385,102.0328810056114,30
2025-08-13 08:34:47.343,True,-40.69036880876765,-56.66707543291717,102.03313523343732,-98
2025-08-13 08:34:48.346,True,-40.67788072539867,-56.66763166866385,102.0328810056114,30
2025-08-13 08:34:49.379,True,-40.66317252973235,-56.66844583858347,102.03543044831135,-98
2025-08-13 08:34:50.381,True,-40.65068756430246,-56.66900675595725,102.03518147926833,-98
2025-08-13 08:34:51.383,True,-40.62720729263853,-56.663546323940274,102.03611958739293,-98
2025-08-13 08:34:52.385,True,-40.638204095629455,-56.66956923550347,102.03493525677764,30
2025-08-13 08:34:53.388,True,-40.638204095629455,-56.66956923550347,102.03493525677764,30
2025-08-13 08:34:54.390,True,-40.62442912901833,-56.661329438788705,102.02164300627771,-98
2025-08-13 08:34:55.392,True,-40.62720729263853,-56.663546323940274,102.03611958739293,-98
2025-08-13 08:34:56.394,True,-40.62720729263853,-56.663546323940274,102.03611958739293,-98
2025-08-13 08:34:57.396,True,-40.62720729263853,-56.663546323940274,102.03611958739293,31
2025-08-13 08:34:58.398,True,-40.62720729263853,-56.663546323940274,102.03611958739293,-97
2025-08-13 08:34:59.400,True,-40.62442912901833,-56.661329438788705,102.02164300627771,30
2025-08-13 08:35:00.402,True,-40.62442912901833,-56.661329438788705,102.02164300627771,30
2025-08-13 08:35:01.405,True,-40.62442912901833,-56.661329438788705,102.02164300627771,-97
2025-08-13 08:35:02.407,True,-40.62442912901833,-56.661329438788705,102.02164300627771,-98
2025-08-13 08:35:03.409,True,-40.638204095629455,-56.66956923550347,102.03493525677764,-98
2025-08-13 08:35:04.411,True,-40.609728056016394,-56.66215512394113,102.02420006417222,30
2025-08-13 08:35:05.413,True,-40.609728056016394,-56.66215512394113,102.02420006417222,-98
2025-08-13 08:35:06.415,True,-40.61472764255287,-56.6641126059822,102.03587889964724,30
2025-08-13 08:35:07.418,True,-40.65439174659874,-56.66216056125043,102.03380785733964,30
2025-08-13 08:35:08.423,True,-40.67788072539867,-56.66763166866385,102.0328810056114,-98
2025-08-13 08:35:09.427,True,-40.67788072539867,-56.66763166866385,102.0328810056114,-98
2025-08-13 08:35:10.428,True,-40.67788072539867,-56.66763166866385,102.0328810056114,31
2025-08-13 08:35:11.430,True,-40.67788072539867,-56.66763166866385,102.0328810056114,-97
2025-08-13 08:35:12.433,True,-40.67788072539867,-56.66763166866385,102.0328810056114,-98
2025-08-13 08:35:13.436,True,-40.69036880876765,-56.66707543291717,102.03313523343732,30
2025-08-13 08:35:14.439,True,-40.69036880876765,-56.66707543291717,102.03313523343732,30
2025-08-13 08:35:15.442,True,-40.69036880876765,-56.66707543291717,102.03313523343732,30
2025-08-13 08:35:16.445,True,-40.69036880876765,-56.66707543291717,102.03313523343732,-98
2025-08-13 08:35:17.447,True,-40.69036880876765,-56.66707543291717,102.03313523343732,30
2025-08-13 08:35:18.449,True,-40.69036880876765,-56.66707543291717,102.03313523343732,-97
2025-08-13 08:35:19.451,True,-40.69036880876765,-56.66707543291717,102.03313523343732,30
2025-08-13 08:35:20.453,True,-40.70285839233033,-56.66652075907759,102.03339220874331,30
2025-08-13 08:35:21.456,True,-40.69036880876765,-56.66707543291717,102.03313523343732,30
2025-08-13 08:35:22.459,True,-40.55297936384969,-56.51999819434877,102.0365559985529,31
2025-08-13 08:35:23.464,True,-41.54162646232802,-56.41839114872539,102.57447019246631,-97
2025-08-13 08:35:24.469,True,-41.3765795515393,-56.43042655218539,102.56949730368055,31
2025-08-13 08:35:25.471,True,-41.3765795515393,-56.43042655218539,102.56949730368055,31
2025-08-13 08:35:26.474,True,-41.3765795515393,-56.43042655218539,102.56949730368055,-97
2025-08-13 08:35:27.476,True,-41.41623249757228,-56.42855522606133,102.56745811484357,31
2025-08-13 08:35:28.478,True,-41.49831958377742,-56.42700512135316,102.57787431293535,31
2025-08-13 08:35:29.481,True,-41.48089420749924,-56.42564188427282,102.56605458956831,31
2025-08-13 08:35:30.487,True,-41.482210112324815,-56.43434551864692,102.57899757620783,31
2025-08-13 08:35:31.489,True,-41.45732233713237,-56.42013231061144,102.56692466941605,-97
2025-08-13 08:35:32.491,True,-41.45732233713237,-56.42013231061144,102.56692466941605,30
2025-08-13 08:35:33.492,True,-41.45732233713237,-56.42013231061144,102.56692466941605,-97
2025-08-13 08:35:34.495,True,-41.45732233713237,-56.42013231061144,102.56692466941605,-97
2025-08-13 08:35:35.498,True,-41.54691338345225,-56.43147728350479,102.57765503407441,-97
2025-08-13 08:35:36.501,True,-44.066046872173125,-49.06064214379887,104.38507460093597,-97
2025-08-13 08:35:37.503,True,-44.8597215921628,-46.229159572671435,104.88851324697934,-97
2025-08-13 08:35:38.505,True,-44.75772121657889,-46.02516592585971,104.93896950838233,31
2025-08-13 08:35:39.508,True,-44.48983776528688,-46.55260531655422,105.11504627664092,-97
2025-08-13 08:35:40.510,True,-44.652113498845715,-46.59629807870344,105.55103143809427,31
2025-08-13 08:35:41.512,True,-44.08297115254209,-46.885644254441935,105.68677374307728,-97
2025-08-13 08:35:42.514,True,-44.03566000117633,-47.02255520866888,105.82397219194038,-97
2025-08-13 08:35:43.516,True,-43.90794751488405,-47.36549484943158,105.9255335942941,-97
2025-08-13 08:35:44.518,True,-43.41977981867207,-47.66909999958913,105.88019301176676,-97
2025-08-13 08:35:45.520,True,-43.04154799293006,-48.08184467862079,105.88331148405133,-97
2025-08-13 08:35:46.522,True,-43.23811590203633,-48.48613383068404,106.49455581414657,-97
2025-08-13 08:35:47.524,True,-43.25698843309192,-48.84037667082645,108.6457196840711,31
2025-08-13 08:35:48.526,True,-41.167878756298144,-49.65689255162547,110.48173094230084,-97
2025-08-13 08:35:49.527,True,-40.821376284675864,-49.52812172438888,113.26091863329017,-97
2025-08-13 08:35:50.530,True,-40.30771717077272,-49.74625335913773,116.86985132474835,-97
2025-08-13 08:35:51.532,True,-39.405181960397755,-50.68757627271301,120.16289621279682,-97
2025-08-13 08:35:52.535,True,-40.14424384297721,-50.48539428870516,123.95790689488447,-97
2025-08-13 08:35:53.537,True,-41.71663855688485,-51.80708320906921,128.6891822418651,-97
2025-08-13 08:35:54.539,True,-46.635283905893466,-52.58665411423896,137.1483034564043,31
2025-08-13 08:35:55.541,True,-50.57243937717124,-53.11631085783832,145.23088897113928,-97
2025-08-13 08:35:56.544,True,-50.153573668773475,-53.17706038062726,149.76734276143338,31
2025-08-13 08:35:57.546,True,-50.96865771327497,-52.681902780518016,152.9969472779133,31
2025-08-13 08:35:58.549,True,-51.89562646186435,-52.61140049108486,157.38299788969744,-97
2025-08-13 08:35:59.552,True,-47.871288714429085,-52.364362533571246,156.94770620940486,-97
2025-08-13 08:36:00.554,True,-48.08051817421794,-53.11656406350873,158.08363223288762,-97
2025-08-13 08:36:01.555,True,-45.879181753384096,-53.9360269333619,156.98889045500255,31
2025-08-13 08:36:02.557,True,-44.696742621426374,-55.53809065650425,156.13546297877105,-97
2025-08-13 08:36:03.560,True,-44.50841533574481,-56.148626881378625,155.8994536274187,-97
2025-08-13 08:36:04.562,True,-44.413768925679314,-57.972048220985336,155.18898237127996,-97
2025-08-13 08:36:05.564,True,-42.09483038347636,-57.82907463225572,153.59413633265055,-97
2025-08-13 08:36:06.566,True,-42.42606397160708,-57.61196276740905,153.83308093342904,-97
2025-08-13 08:36:07.569,True,-44.86635341791073,-57.40025855998744,156.09931866695496,-97
2025-08-13 08:36:08.571,True,-43.79280408236643,-57.1662458142547,155.6399849713574,31
2025-08-13 08:36:12.412,True,-43.744384638303934,-56.08869767505037,155.11076833164694,-97
2025-08-13 08:36:13.417,True,-42.29344425991476,-55.97879906103329,153.6805211687247,-97
2025-08-13 08:36:14.421,True,-41.46336944082476,-56.485222208143355,153.32965167991927,31
2025-08-13 08:36:17.826,True,-39.52520000756189,-55.30526049456194,152.20779905251752,-97
2025-08-13 08:36:18.831,True,-39.25172613384089,-55.39094883186125,151.4034542991147,-97
2025-08-13 08:36:19.833,True,-38.91708017773078,-55.0950674412138,151.19985513781955,-97
2025-08-13 08:36:21.310,True,-39.42371232097909,-55.06513625358965,152.0500132722236,31
2025-08-13 08:36:22.315,True,-39.90300672445774,-54.618503402561274,152.27208377147926,-97
2025-08-13 08:36:23.317,True,-39.82604687604398,-54.75917263682455,152.59965679784867,-97
2025-08-13 08:36:24.320,True,-39.98797433904214,-54.869870932736674,152.7912035485015,-97
2025-08-13 08:36:25.323,True,-39.62976302237783,-54.873074368867115,152.34014313888707,-97
2025-08-13 08:36:26.325,True,-39.87219459500794,-54.59753449110481,152.0935343323793,-97
2025-08-13 08:36:27.327,True,-41.20736576420747,-54.550164412707396,153.29315950004815,31
2025-08-13 08:36:28.329,True,-41.02117626483154,-54.76805219053749,153.4286064284276,31
2025-08-13 08:36:29.331,True,-42.03368477599642,-55.41725367271202,154.39082861717287,31
2025-08-13 08:36:30.333,True,-43.63559035252941,-55.962711166246876,155.71909633438733,31
2025-08-13 08:36:31.335,True,-43.35502891086849,-56.603350662132804,155.41988663513933,-97
2025-08-13 08:36:32.337,True,-41.43720907920858,-57.45665718091188,153.7026211353787,-97
2025-08-13 08:36:33.340,True,-41.2280070104746,-57.04137918091648,153.52959499742053,-97
2025-08-13 08:36:34.343,True,-41.70813780617209,-57.35654981445538,153.93529948826819,-97
2025-08-13 08:36:35.345,True,-41.82213118666999,-57.470360600083836,154.158536111259,31
2025-08-13 08:36:36.348,True,-42.536556718102915,-57.4321252932328,154.81582600957563,-97
2025-08-13 08:36:37.350,True,-39.2735858689173,-57.47037171412187,152.3650386076264,-97
2025-08-13 08:36:38.352,True,-39.385552445128596,-57.064794067298116,152.5713765929443,31
2025-08-13 08:36:39.355,True,-40.122377150948004,-57.44780527272901,152.8819397573092,31
2025-08-13 08:36:40.357,True,-41.31747563803686,-57.58699093847369,153.82537851424505,31
2025-08-13 08:36:41.359,True,-40.6940830266093,-56.58233603184123,153.4504221476973,31
2025-08-13 08:36:42.362,True,-40.82588313170264,-55.18213368077358,153.59477045892336,31
2025-08-13 08:36:43.365,True,-42.10178142214878,-54.64599184884411,154.7516035355713,31
2025-08-13 08:36:44.367,True,-42.102599000051725,-53.11555907338449,154.65105981674685,-97
2025-08-13 08:36:45.369,True,-42.792420596934065,-52.41455448425685,155.18286470325538,31
2025-08-13 08:36:46.370,True,-43.25495827728517,-52.10297366891699,155.11398691819556,-97
2025-08-13 08:36:47.373,True,-41.78337426628831,-52.92675781968305,154.0573301131685,31
2025-08-13 08:36:48.376,True,-42.57427955002187,-53.851175714892044,155.05945199633194,-97
2025-08-13 08:36:49.378,True,-43.785227640377585,-54.30774053119989,156.27587078212667,-97
2025-08-13 08:36:50.396,True,-43.27634011585212,-54.153190315506194,155.82091244042178,31
2025-08-13 08:36:51.397,True,-41.302608110543105,-54.30239886127724,154.17234626138696,-97
2025-08-13 08:36:52.400,True,-41.10507494376262,-54.158710280645536,154.09994657667937,-97
2025-08-13 08:36:53.402,True,-32.59748836467193,-53.306463283544446,144.9067351551045,-97
2025-08-13 08:36:54.404,True,-33.72290623716842,-56.06642126742055,146.76584583992346,-97
2025-08-13 08:36:55.463,True,-33.73299287274134,-56.93483867069953,146.97248020248148,-97
2025-08-13 08:36:56.466,True,-32.27884141824747,-57.723013785929695,145.8197860511933,-97
2025-08-13 08:36:57.471,True,-32.06673455308243,-58.23845414344529,145.64367278380413,31
2025-08-13 08:36:58.473,True,-30.871953163629858,-58.504037357940895,144.4889386366733,31
2025-08-13 08:36:59.477,True,-29.552911841558995,-58.82659313165187,143.52590693204928,31
2025-08-13 08:37:00.479,True,-27.891566247344745,-58.57141018740678,142.2695587483986,31
2025-08-13 08:37:01.482,True,-27.520509044721624,-58.937416387425955,142.05133746461948,31
2025-08-13 08:37:02.484,True,-28.409340600414914,-59.25417234744426,142.30216390503753,-97
2025-08-13 08:37:03.486,True,-29.705739218330493,-59.33310704299309,143.05246418698727,-97
2025-08-13 08:37:04.488,True,-32.600563242785576,-58.817936564544674,145.21341067138098,31
2025-08-13 08:37:05.489,True,-34.182958306517044,-58.887146482460146,146.66612787423472,-97
2025-08-13 08:37:06.492,True,-34.08750421732547,-58.485940706509716,147.3714799039354,-97
2025-08-13 08:37:07.494,True,-33.235692687856954,-58.03122807055664,147.23387783563462,31
2025-08-13 08:37:08.497,True,-32.936579746296495,-57.853418235070386,146.88971911292592,-97
2025-08-13 08:37:09.499,True,-32.658344689315015,-57.7789386709143,146.43038405508324,31
2025-08-13 08:37:10.501,True,-31.87015361769154,-57.4933524546087,145.35439540424724,31
2025-08-13 08:37:11.504,True,-30.977853847651584,-57.30437371372945,144.70441093362075,-97
2025-08-13 08:37:12.506,True,-29.683853226074607,-57.12879863921346,144.01040577758647,-97
2025-08-13 08:37:13.508,True,-30.191578594981515,-56.94884284827422,144.73475478585908,31
2025-08-13 08:37:14.511,True,-29.88161001305331,-56.70127433967243,144.69485402616982,-97
2025-08-13 08:37:15.512,True,-30.141832600257555,-56.921639880971114,144.33597367077647,-97
2025-08-13 08:37:16.514,True,-29.848881479312425,-56.18947194526947,143.57473878994827,31
2025-08-13 08:37:17.517,True,-30.090935817623983,-55.8381749507339,143.28606280912624,31
2025-08-13 08:37:18.519,True,-30.43298004050639,-56.182265887994646,143.85292244268265,-97
2025-08-13 08:37:19.522,True,-33.55780921592043,-55.57655173368194,147.1771237074813,31
2025-08-13 08:37:20.529,True,-32.891187055133116,-55.48782954331371,147.19016800896472,-97
2025-08-13 08:37:21.532,True,-33.17341299430221,-55.62912537750551,147.82650540072035,-97
2025-08-13 08:37:22.533,True,-33.16466134291946,-55.34859953067714,147.74315011099313,-97
2025-08-13 08:37:23.536,True,-32.50228543607711,-55.543036098616426,146.85410685753874,31
2025-08-13 08:37:24.539,True,-33.21117265959338,-54.43702424663264,147.63154291539874,31
2025-08-13 08:37:25.543,True,-31.389140219516708,-55.33198648505938,146.0395248363628,-97
2025-08-13 08:37:26.546,True,-31.746491713764627,-55.23062976776073,145.40701293567292,-97
2025-08-13 08:37:27.548,True,-31.883416150430794,-55.39357950542986,144.9572867064649,-97
2025-08-13 08:37:28.552,True,-31.276647316632648,-55.746120383960694,143.988500809109,31
2025-08-13 08:37:29.554,True,-31.904964882658927,-55.59547493512127,143.97308088191403,-97
2025-08-13 08:37:30.556,True,-31.68480813676651,-55.82130861307469,143.20290085262616,-97
2025-08-13 08:37:31.558,True,-30.645022792190233,-56.32953636102813,141.984677754929,31
2025-08-13 08:37:32.561,True,-30.6948030098833,-58.535122336866294,142.0839143752534,31
2025-08-13 08:37:33.563,True,-29.967403295270138,-61.65311836886532,141.5890554188823,31
2025-08-13 08:37:34.565,True,-30.07342234727593,-61.772000234074774,141.7804602749351,-97
2025-08-13 08:37:35.567,True,-29.605599523409367,-61.650150676018335,140.7498768904683,-97
2025-08-13 08:37:36.569,True,-30.395140442873608,-61.313097423484834,140.81808042379708,-97
2025-08-13 08:37:37.572,True,-33.15647344457963,-60.78884112703547,143.0345368514491,31
2025-08-13 08:37:38.574,True,-36.01473571188765,-60.89613495093589,146.49767536084127,-97
2025-08-13 08:37:39.577,True,-38.944105384156266,-59.88073519190915,152.6699586981445,31
2025-08-13 08:37:40.579,True,-37.32285395890106,-59.16178334943169,150.86523444564355,-97
2025-08-13 08:37:41.583,True,-33.366708785769134,-57.62919931126543,146.8835253776968,31
2025-08-13 08:37:42.587,True,-33.10949930215585,-57.88607732276312,146.60004387424496,-97
2025-08-13 08:37:43.590,True,-34.590063394758474,-57.25652138015318,147.8991055502667,31
2025-08-13 08:37:44.593,True,-37.5363980818792,-57.10416980607425,150.2223593674551,31
2025-08-13 08:37:47.366,True,-34.17822768733919,-58.29148227330105,148.82317723778667,-97
2025-08-13 08:37:48.368,True,-32.706795071259116,-59.69450819615949,147.69287698652226,-97
2025-08-13 08:37:49.372,True,-33.556778434060966,-57.22948144527021,148.31713207355827,-97
2025-08-13 08:37:50.376,True,-37.280147507359764,-56.9724807156244,150.86744322070518,31
2025-08-13 08:37:51.378,True,-39.37048529588175,-56.03095031457566,152.65454896638315,31
2025-08-13 08:37:52.380,True,-39.77282081122175,-55.64242466389783,152.69279363882856,-97
2025-08-13 08:37:53.383,True,-40.41469382299529,-55.32763620711851,153.26362773795663,-97
2025-08-13 08:37:54.386,True,-41.58054432987789,-55.592598818198866,154.42201421075978,31
2025-08-13 08:37:55.389,True,-40.49742357738543,-55.46947993956896,154.125978780456,31
2025-08-13 08:37:56.392,True,-41.32399477559813,-55.03958613170209,155.22996636916415,-97
2025-08-13 08:37:57.394,True,-43.40896662028702,-55.472984987823956,155.42203412435495,-97
2025-08-13 08:37:58.397,True,-42.14465380058474,-54.89474245472644,151.56921339919228,-97
2025-08-13 08:37:59.400,True,-39.49195114562454,-54.42367807449941,145.63909352269545,-97
2025-08-13 08:38:00.402,True,-36.80120819879576,-54.0647590617357,138.59739796944237,-97
2025-08-13 08:38:01.405,True,-35.991964449660145,-53.32409364673721,132.5646832875953,-97
2025-08-13 08:38:02.407,True,-34.425773741835876,-53.40637521796738,126.39708298651816,-97
2025-08-13 08:38:03.409,True,-36.16368167229438,-53.42254474355738,122.12113044107869,-97
2025-08-13 08:38:04.411,True,-37.32604527675949,-52.593617670934414,117.85736835116342,-97
2025-08-13 08:38:05.413,True,-35.54761790895286,-54.69692172906605,112.42305694605254,-97
2025-08-13 08:38:06.414,True,-36.975467802422784,-53.58721964622081,109.4113318022453,31
2025-08-13 08:38:07.418,True,-37.400030064519605,-52.770553687757136,106.75273507661802,31
2025-08-13 08:38:08.420,True,-37.480807768803444,-51.92044855514879,102.41566825216489,-97
2025-08-13 08:38:09.422,True,-36.78138877387137,-51.69023739753524,96.25691089449283,-97
2025-08-13 08:38:10.423,True,-36.972801314970646,-51.15123796404587,91.39345400909127,-97
2025-08-13 08:38:11.425,True,-40.08127998568618,-51.97672238797907,89.48717540032487,-97
2025-08-13 08:38:12.428,True,-39.66854719951713,-51.607789127400615,87.14656018254733,-97
2025-08-13 08:38:13.431,True,-41.087512105623915,-56.524985161037634,87.79630439908,31
2025-08-13 08:38:14.433,True,-40.537001226500294,-55.53867607989316,86.36542498222094,31
2025-08-13 08:38:15.436,True,-41.5378445445527,-56.62350169346349,87.11014260061016,-97
2025-08-13 08:38:16.438,True,-41.33248642770237,-56.94015251757932,87.78673887107541,-97
2025-08-13 08:38:17.441,True,-45.69381560566607,-57.36951518015015,93.61611419574879,31
2025-08-13 08:38:18.442,True,-45.87904717190165,-55.733348350510376,97.0776544880862,-97
2025-08-13 08:38:19.444,True,-46.748380065692636,-51.27411103725365,97.8536533311204,-97
2025-08-13 08:38:20.447,True,-45.624036677717655,-51.19124173689151,96.99303822977438,-97
2025-08-13 08:38:21.449,True,-45.54822182204754,-51.04191240354545,96.90804084468728,31
2025-08-13 08:38:22.454,True,-44.320466383707696,-51.043300184588105,96.11064710381173,-97
2025-08-13 08:38:23.456,True,-42.25854457373508,-51.375472135898605,94.69155811306314,31
2025-08-13 08:38:24.459,True,-43.036117923733144,-52.16222802920972,95.91892256305493,31
2025-08-13 08:38:25.461,True,-45.129830743342545,-52.25193977673139,98.58755141090118,-97
2025-08-13 08:38:26.464,True,-45.67087092442316,-52.57889361700383,100.00897290454029,31
2025-08-13 08:38:27.466,True,-46.11214268418989,-52.40356705512128,101.32871809531349,31
2025-08-13 08:38:28.469,True,-46.03839154042776,-51.68567549306481,102.82530784918016,31
2025-08-13 08:38:29.471,True,-45.57338331695777,-51.413108469157514,102.97230523231504,31
2025-08-13 08:38:30.473,True,-44.735344159519904,-51.418507664134225,103.75885991412781,31
2025-08-13 08:38:31.475,True,-44.51842952434421,-51.31278762020796,105.05640559868553,31
2025-08-13 08:38:32.477,True,-44.883895695560234,-51.61779700306055,106.22807107001934,-97
2025-08-13 08:38:33.482,True,-44.51544599281031,-51.91472207312889,106.78043719114389,-97
2025-08-13 08:38:34.483,True,-44.60954910404089,-52.04296784403257,108.56623096116495,31
2025-08-13 08:38:35.485,True,-45.348578346127034,-52.03771492213077,110.270721684867,31
2025-08-13 08:38:36.488,True,-45.43629112587733,-52.441867316656904,111.59974581314339,31
2025-08-13 08:38:37.491,True,-44.83479513204161,-52.56089716390248,112.44875780349385,31
2025-08-13 08:38:38.495,True,-45.444699979685005,-53.19539279728655,114.30690844615079,-97
2025-08-13 08:38:39.496,True,-45.31143767723185,-53.71633196605923,115.64595267098971,31
2025-08-13 08:38:40.498,True,-46.351133631428816,-53.789698775051825,118.21017622473673,-97
2025-08-13 08:38:41.500,True,-45.63279052816284,-53.80265658554049,119.07083222017367,31
2025-08-13 08:38:42.503,True,-44.80045093656904,-53.71179992730574,119.42055960168207,31
2025-08-13 08:38:43.505,True,-45.148652183916845,-53.22462988904698,121.00345057814633,31
2025-08-13 08:38:44.508,True,-43.15522252924524,-53.66926525586119,120.14854656074078,31
2025-08-13 08:38:45.510,True,-42.80208282134432,-54.30657424525031,121.33141896526499,-97
2025-08-13 08:38:46.512,True,-44.4751381116081,-53.57832899979535,123.43503293697793,31
2025-08-13 08:38:47.514,True,-44.8650345974053,-53.73997674365872,124.88381169972564,-97
2025-08-13 08:38:48.516,True,-43.63670538790928,-54.407986140623194,124.7394556554102,-97
2025-08-13 08:38:49.519,True,-44.402702374610755,-54.728629592605195,125.6091338951104,31
2025-08-13 08:38:50.522,True,-44.09783393773946,-54.1653378357979,125.37798722143158,31
2025-08-13 08:38:51.524,True,-44.96699251988923,-53.68904468600439,126.1807034515195,-97
2025-08-13 08:38:52.526,True,-44.78302210575784,-53.21556730066996,126.23303715806011,31
2025-08-13 08:38:53.527,True,-45.46661162948344,-52.959825325674515,126.87315823344734,-97
2025-08-13 08:38:54.530,True,-45.26153845050397,-52.798173529705615,126.76358622809163,-97
2025-08-13 08:38:55.535,True,-45.149217090751726,-52.84235854609604,126.92193620401402,-97
2025-08-13 08:38:56.537,True,-45.62570009582654,-52.558265354717356,127.23255822368661,31
2025-08-13 08:38:57.539,True,-44.79329344812816,-52.94361463385668,126.08098453065799,31
2025-08-13 08:38:58.541,True,-43.5475773496581,-52.6770823995802,124.10978121176537,-97
2025-08-13 08:38:59.543,True,-43.27079255103446,-52.9173952079858,122.57355713086098,-97
2025-08-13 08:39:00.549,True,-41.548375610892705,-53.50781366304355,119.6187558305587,-97
2025-08-13 08:39:01.551,True,-41.10591797712123,-53.926728654791035,117.51460063836274,-97
2025-08-13 08:39:02.553,True,-39.57665011477743,-56.68853685966842,114.89911332551019,31
2025-08-13 08:39:03.555,True,-37.30016929829054,-59.022310943056056,111.37079487756874,31
2025-08-13 08:39:04.558,True,-37.967285295242,-58.894304888535416,110.39616768848275,31
2025-08-13 08:39:05.560,True,-38.37328010550594,-58.82745659805964,109.21935666817274,-97
2025-08-13 08:39:06.562,True,-38.74163994300307,-57.87399717365034,107.69462120851787,-97
2025-08-13 08:39:07.564,True,-40.20233572933915,-57.09202338799764,107.32102233017736,-97
2025-08-13 08:39:08.566,True,-39.48434640718447,-57.519794345799966,105.73568930018054,-97
2025-08-13 08:39:09.568,True,-40.06135043967363,-57.935096317196724,106.81953765795808,-97
2025-08-13 08:39:10.570,True,-39.47278143686128,-58.40747316062053,106.00744237528284,31
2025-08-13 08:39:11.573,True,-39.79155455004983,-58.67487432169529,105.31421485378864,31
2025-08-13 08:39:12.575,True,-38.45733937338289,-59.57106028301345,103.5005450352326,-97
2025-08-13 08:39:13.577,True,-37.00561032171426,-60.87938226708003,101.80812751906963,-97
2025-08-13 08:39:14.579,True,-37.22087202050302,-63.03306901032997,101.4428209753844,31
2025-08-13 08:39:15.581,True,-37.60213070912848,-64.14069203510624,101.54207850911845,-97
2025-08-13 08:39:16.583,True,-37.97541462931093,-64.19677525158524,101.78145436684329,-97
2025-08-13 08:39:17.586,True,-42.27776933246641,-57.078236964486,105.40335029568197,31
2025-08-13 08:39:18.589,True,-43.92617456477646,-50.8706393855396,106.71973885639952,31
2025-08-13 08:39:19.591,True,-44.81993617058362,-47.378719351474125,107.35520382159561,-97
2025-08-13 08:39:20.593,True,-44.89404757941599,-47.66071141710248,107.1767656215614,-97
2025-08-13 08:39:21.595,True,-44.33423424422036,-48.456052697748646,106.45783767921779,-97
2025-08-13 08:39:22.597,True,-44.32163923797053,-48.73591188174236,105.97504100121472,-97
2025-08-13 08:39:23.599,True,-44.37820420286507,-48.70827571384231,105.25780502376425,-97
2025-08-13 08:39:24.601,True,-44.52889058572036,-48.83089103753293,104.53745696781142,31
2025-08-13 08:39:25.604,True,-45.51037436281848,-48.93517087658956,103.99010349960554,31
2025-08-13 08:39:26.606,True,-46.17294269129674,-49.35885801248955,104.38906152351306,-97
2025-08-13 08:39:27.610,True,-45.48311960477199,-49.90000495077192,103.55275252294916,-97
2025-08-13 08:39:28.612,True,-45.65982699642723,-50.16554123166008,103.48300573719439,-97
2025-08-13 08:39:29.614,True,-45.04764263297793,-49.98202189969482,103.32927822862729,-97
2025-08-13 08:39:30.615,True,-44.55364913294979,-50.38987656972652,102.62687112546863,-97
2025-08-13 08:39:31.617,True,-44.92658993880339,-50.77732508280783,103.09687353891673,31
2025-08-13 08:39:32.620,True,-45.29408452673996,-51.401816575517906,103.70757342873455,31
2025-08-13 08:39:33.622,True,-48.95483378000669,-51.66335461008208,108.83440126815036,-97
2025-08-13 08:39:34.625,True,-51.48753948710642,-54.26371603170624,116.1120549196461,-97
2025-08-13 08:39:35.627,True,-45.89390039637011,-64.03288631475232,113.75001355219707,-97
2025-08-13 08:39:36.629,True,-43.80002715766218,-65.9923649444303,112.23748688661765,-97
2025-08-13 08:39:37.632,True,-43.97602876293393,-65.23541639936545,112.66545490836351,-97
2025-08-13 08:39:38.634,True,-43.920118182559314,-63.603842126837485,112.8139606632901,31
2025-08-13 08:39:39.636,True,-43.70473040757452,-62.708122789693,112.75704399031073,31
2025-08-13 08:39:40.640,True,-45.13767085571749,-58.12927874856363,113.83480308720404,-97
2025-08-13 08:39:41.642,True,-45.78652890008694,-55.42599400054865,114.5285915339894,-97
2025-08-13 08:39:42.643,True,-45.89923868129889,-54.877883710461916,114.63956398005308,31
2025-08-13 08:39:43.645,True,-45.90212322918858,-54.84609422871654,114.63676828147686,31
2025-08-13 08:39:44.647,True,-45.91823822041821,-54.846112764043454,114.64648266434989,31
2025-08-13 08:39:45.649,True,-45.87189904886364,-54.83242637237071,114.64113266137684,31
2025-08-13 08:39:46.651,True,-45.87425533678699,-54.84167342573548,114.6538185796784,31
2025-08-13 08:39:47.653,True,-45.85814543681693,-54.84165934043594,114.64410837245957,-97
2025-08-13 08:39:48.655,True,-45.86018827500474,-54.8344787017409,114.64147463563275,31
2025-08-13 08:39:49.657,True,-45.82178420588787,-54.71814229609553,114.67224076565492,-97
2025-08-13 08:39:50.660,True,-45.844543864553565,-54.649283861157095,114.68507878693357,31
2025-08-13 08:39:51.662,True,-45.85621991285527,-54.64723425336359,114.68469832223155,-97
2025-08-13 08:39:52.664,True,-45.8205721126321,-54.654272557422026,114.69146073514665,-97
2025-08-13 08:39:53.666,True,-45.82119519589926,-54.65338781421088,114.68584577735668,-97
2025-08-13 08:39:54.669,True,-45.83081873544942,-54.658498043817474,114.68808409684863,31
2025-08-13 08:39:55.670,True,-45.83081873544942,-54.658498043817474,114.68808409684863,-97
2025-08-13 08:39:56.673,True,-45.83081873544942,-54.658498043817474,114.68808409684863,31
2025-08-13 08:39:57.675,True,-45.83081873544942,-54.658498043817474,114.68808409684863,-97
2025-08-13 08:39:58.677,True,-45.80889973633286,-54.6563284237888,114.69184700927869,-97
2025-08-13 08:39:59.679,True,-45.80889973633286,-54.6563284237888,114.69184700927869,-97
2025-08-13 08:40:00.681,True,-45.76365330767276,-54.658291408347075,114.69640640861283,-97
2025-08-13 08:40:01.683,True,-45.776473388153526,-54.601645754731116,114.72795426608138,31
2025-08-13 08:40:02.686,True,-30.498967134928073,-52.20707379989647,100.20657209388955,-97
2025-08-13 08:40:03.688,True,-43.10772670574431,-54.38725250677596,112.51663708613118,31
2025-08-13 08:40:04.691,True,-43.15426602538366,-54.344526230672564,112.52206355907089,-97
2025-08-13 08:40:05.692,True,-43.18936993922448,-54.35380819217236,112.52995523662547,-97
2025-08-13 08:40:06.695,True,-43.187353036626355,-54.34461850530417,112.51719346241413,-97
2025-08-13 08:40:07.699,True,-43.2464757427186,-54.34889632099361,112.51863281701286,31
2025-08-13 08:40:08.701,True,-43.24404860191075,-54.356027736046045,112.52096959207827,31
2025-08-13 08:40:09.704,True,-43.4801312961796,-54.149031145034066,112.79056457830018,-97
2025-08-13 08:40:10.706,True,-41.42939656777376,-53.89887884060297,111.54387905306587,-97
2025-08-13 08:40:11.708,True,-41.68881185903514,-53.5868974678519,111.42403466505858,-97
2025-08-13 08:40:12.710,True,-40.47853496325625,-53.345272860312626,110.24384771137936,-97
2025-08-13 08:40:13.712,True,-40.34471890104982,-53.34280453231327,110.18036963059593,-97
2025-08-13 08:40:14.714,True,-40.43606584713425,-53.33562702873675,110.15293425029725,31
2025-08-13 08:40:15.717,True,-40.47880467917669,-53.244441506647384,110.02646814648061,31
2025-08-13 08:40:16.718,True,-40.437038730506266,-53.25064834197273,109.9767916268002,-97
2025-08-13 08:40:17.721,True,-40.489611288730075,-53.216719357200176,109.96741378041087,-97
2025-08-13 08:40:18.724,True,-40.546149864933376,-53.22230684317355,109.97195143935541,-97
2025-08-13 08:40:19.726,True,-40.546149864933376,-53.22230684317355,109.97195143935541,-97
2025-08-13 08:40:20.730,True,-40.567281832457574,-53.22444948839969,109.96727991127885,-97
2025-08-13 08:40:21.734,True,-40.55597689379813,-53.226267790565736,109.9684221110354,31
2025-08-13 08:40:22.737,True,-40.59428611382386,-53.22275818016095,109.97569783290565,31
2025-08-13 08:40:23.739,True,-41.354857429954905,-53.57317121101875,110.37148233058878,-97
2025-08-13 08:40:24.741,True,-41.354857429954905,-53.57317121101875,110.37148233058878,31
2025-08-13 08:40:25.745,True,-41.36625955118596,-53.57136318616705,110.37050215347419,-97
2025-08-13 08:40:26.748,True,-41.36625955118596,-53.57136318616705,110.37050215347419,-97
2025-08-13 08:40:27.751,True,-41.36625955118596,-53.57136318616705,110.37050215347419,-97
2025-08-13 08:40:28.755,True,-41.36625955118596,-53.57136318616705,110.37050215347419,31
2025-08-13 08:40:29.759,True,-41.36625955118596,-53.57136318616705,110.37050215347419,31
2025-08-13 08:40:30.763,True,-41.39070060077711,-53.57671200053292,110.3812401351376,-97
2025-08-13 08:40:31.765,True,-41.64803517581827,-53.55926830196477,110.50985354113686,-97
2025-08-13 08:40:32.768,True,-41.65945385078672,-53.55747524421589,110.50891105524774,-97
2025-08-13 08:40:33.773,True,-41.65945385078672,-53.55747524421589,110.50891105524774,-97
2025-08-13 08:40:34.775,True,-41.65945385078672,-53.55747524421589,110.50891105524774,31
2025-08-13 08:40:35.778,True,-41.84482531187005,-52.80922863841876,110.82740600596243,31
2025-08-13 08:40:36.782,True,-41.65945385078672,-53.55747524421589,110.50891105524774,31
2025-08-13 08:40:37.786,True,-45.16798675509306,-53.5633024207351,112.70221291328622,31
2025-08-13 08:40:38.788,True,-64.54220193318271,-54.94241052237953,124.51629044586973,31
2025-08-13 08:40:39.790,True,-67.22024945183206,-54.87790671239459,125.94506598476792,31
2025-08-13 08:40:40.793,True,-63.67399148860914,-54.75528950792294,122.39932475298512,-97
2025-08-13 08:40:41.795,True,-66.37709431226251,-54.61819522898631,124.83490137723321,-97
2025-08-13 08:40:42.798,True,-66.37709431226251,-54.61819522898631,124.83490137723321,31
2025-08-13 08:40:43.802,True,-66.37709431226251,-54.61819522898631,124.83490137723321,31
2025-08-13 08:40:44.805,True,-66.37748904396254,-54.6050845313497,124.82650008220683,-97
2025-08-13 08:40:45.807,True,-66.37748904396254,-54.6050845313497,124.82650008220683,-97
2025-08-13 08:40:46.811,True,-66.37748904396254,-54.6050845313497,124.82650008220683,31
2025-08-13 08:40:47.814,True,-66.37748904396254,-54.6050845313497,124.82650008220683,-97
2025-08-13 08:40:48.816,True,-66.37748904396254,-54.6050845313497,124.82650008220683,31
2025-08-13 08:40:49.818,True,-66.37748904396254,-54.6050845313497,124.82650008220683,31
2025-08-13 08:40:50.821,True,-66.37748904396254,-54.6050845313497,124.82650008220683,31
2025-08-13 08:40:51.825,True,-66.26716307872334,-54.63220400278058,124.81775956172847,-97
2025-08-13 08:40:52.827,True,-66.28346267785001,-54.63249015708239,124.82642980471722,-97
2025-08-13 08:40:53.830,True,-66.28070383918232,-54.62453095072331,124.81536741917029,-97
2025-08-13 08:40:54.832,True,-66.17243247065102,-54.53479764281268,124.62651943555677,-97
2025-08-13 08:40:55.835,True,-66.1955884943466,-54.53857882379987,124.619496373652,31
2025-08-13 08:40:56.838,True,-66.19534933383568,-54.54512663592729,124.62366212028782,31
2025-08-13 08:40:57.842,True,-66.19207256653286,-54.544532741802975,124.60888748235082,31
2025-08-13 08:40:58.846,True,-64.6545024049964,-54.46724643410828,122.88875520673933,31
2025-08-13 08:40:59.848,True,-64.94364267011441,-54.41062965306667,122.91659894201544,-97
2025-08-13 08:41:00.850,True,-65.00982558480975,-54.4131948445732,122.92198103091724,-97
2025-08-13 08:41:01.853,True,-65.00982558480975,-54.4131948445732,122.92198103091724,31
2025-08-13 08:41:02.854,True,-65.02318022771979,-54.412261028801744,122.92377026187994,-97
2025-08-13 08:41:03.858,True,-64.98312163506253,-54.41506694150742,122.91840756590749,-97
2025-08-13 08:41:04.861,True,-64.99954094724303,-54.41545795060101,122.92737057338353,-97
2025-08-13 08:41:05.864,True,-64.99954094724303,-54.41545795060101,122.92737057338353,-97
2025-08-13 08:41:06.866,True,-64.98312163506253,-54.41506694150742,122.91840756590749,31
2025-08-13 08:41:07.869,True,-65.05484496156318,-53.496180392379536,123.37686634645394,31
2025-08-13 08:41:08.872,True,-64.98312163506253,-54.41506694150742,122.91840756590749,-97
2025-08-13 08:41:09.874,True,-64.98312163506253,-54.41506694150742,122.91840756590749,-113
2025-08-13 08:41:10.878,True,-64.98312163506253,-54.41506694150742,122.91840756590749,31
2025-08-13 08:41:11.881,True,-64.98312163506253,-54.41506694150742,122.91840756590749,-97
2025-08-13 08:41:12.884,True,-64.98312163506253,-54.41506694150742,122.91840756590749,-97
2025-08-13 08:41:13.887,True,-64.98312163506253,-54.41506694150742,122.91840756590749,-97
2025-08-13 08:41:14.890,True,-64.98312163506253,-54.41506694150742,122.91840756590749,-97
2025-08-13 08:41:15.893,True,-64.993403789377,-54.41280238994948,122.91301436483934,31
2025-08-13 08:41:16.895,True,-64.993403789377,-54.41280238994948,122.91301436483934,31
2025-08-13 08:41:17.898,True,-64.993403789377,-54.41280238994948,122.91301436483934,-97
2025-08-13 08:41:18.901,True,-64.993403789377,-54.41280238994948,122.91301436483934,31
2025-08-13 08:41:19.903,True,-64.96511717643834,-54.43495885022315,122.91379280224417,-97
2025-08-13 08:41:20.906,True,-64.89895047241812,-54.43241651517536,122.908421754961,31
2025-08-13 08:41:21.908,True,-64.84700786508485,-54.46532714636774,122.88624380955625,-97
2025-08-13 08:41:22.909,True,-64.8069887450412,-54.46818738073145,122.88091140336157,31
2025-08-13 08:41:23.911,True,-64.82083877360937,-54.460709619264726,122.87874580281998,-97
2025-08-13 08:41:24.913,True,-64.8234152634665,-54.46857448995701,122.88989068896502,-97
2025-08-13 08:41:25.915,True,-64.81007858030367,-54.46953015858427,122.88811652044377,-97
2025-08-13 08:41:26.917,True,-64.81007858030367,-54.46953015858427,122.88811652044377,-97
2025-08-13 08:41:27.919,True,-64.81007858030367,-54.46953015858427,122.88811652044377,-97
2025-08-13 08:41:28.921,True,-64.7398124534703,-54.47951349241043,122.87599620281472,31
2025-08-13 08:41:29.923,True,-64.7398124534703,-54.47951349241043,122.87599620281472,31
2025-08-13 08:41:30.926,True,-64.76457560738223,-54.50224570628361,122.91028814820152,31
2025-08-13 08:41:31.928,True,-64.5598408357464,-54.554494674801475,122.67217125528178,31
2025-08-13 08:41:32.930,True,-64.49356061121787,-54.46770184663372,122.68183010914454,-97
2025-08-13 08:41:33.932,True,-64.51053770214804,-54.46155787729128,122.6869292724877,-96
2025-08-13 08:41:34.934,True,-64.51053770214804,-54.46155787729128,122.6869292724877,-97
2025-08-13 08:41:35.937,True,-64.21021504156663,-52.68581383396603,122.53829147756194,31
2025-08-13 08:41:36.939,True,-64.08994090816755,-51.92504189605685,122.46731748268766,32
2025-08-13 08:41:37.941,True,-63.72709106297897,-47.84550940938422,122.33436851615448,32
2025-08-13 08:41:38.944,True,-63.70307238500519,-46.34441207526545,122.76182502570263,31
2025-08-13 08:41:39.946,True,-63.50254990894243,-45.41952878316515,122.48899644025464,-97
2025-08-13 08:41:40.948,True,-63.295189211215344,-45.781891834987384,123.50776510213099,-97
2025-08-13 08:41:41.950,True,-62.861714650361556,-45.820580789791315,126.85443860609128,31
2025-08-13 08:41:42.952,True,-61.746375920708644,-45.93487461687976,127.14944365692331,-97
2025-08-13 08:41:43.955,True,-61.49906287586757,-46.574505671903204,128.34297848834714,31
2025-08-13 08:41:44.957,True,-64.2611430046559,-49.10146418238123,133.55813689312112,-97
2025-08-13 08:41:45.960,True,-66.8748047913166,-51.1476897096725,138.688240765448,-96
2025-08-13 08:41:46.962,True,-66.76158257550638,-51.70055967182155,141.67712978117228,31
2025-08-13 08:41:47.964,True,-69.59588261863732,-53.07520959398295,147.6626235550021,-97
2025-08-13 08:41:48.966,True,-68.93154300864201,-52.68638143762515,150.60543271885786,-96
2025-08-13 08:41:49.968,True,-70.16461593027677,-53.122826399624245,154.25125014271336,32
2025-08-13 08:41:50.972,True,-68.05068085932578,-54.824842034287265,153.84320110633857,-96
2025-08-13 08:41:51.974,True,-66.57231138706764,-55.34515504647378,152.205704081362,-96
2025-08-13 08:41:52.976,True,-66.93365463371357,-55.66550815147319,152.13968938006786,32
2025-08-13 08:41:53.978,True,-65.76736993974667,-53.802859704295315,150.62783193607473,-96
2025-08-13 08:41:54.980,True,-64.64683105235424,-50.59667800914064,149.2029694761066,32
2025-08-13 08:41:55.982,True,-65.03725845387166,-50.05197228593057,149.52568227570342,-96
2025-08-13 08:41:56.985,True,-64.37597931193582,-50.2442958068013,149.66553242196176,-96
2025-08-13 08:41:57.986,True,-65.02505530045988,-50.321894982994365,149.75370151821537,-96
2025-08-13 08:41:58.988,True,-65.74066959184003,-50.003383997923194,150.56913868010412,-96
2025-08-13 08:41:59.989,True,-66.1796672489437,-52.0253758637058,151.30028841049662,32
2025-08-13 08:42:00.992,True,-66.60057078104843,-52.12534370244313,152.23654019759718,32
2025-08-13 08:42:01.994,True,-67.25536539245824,-52.42238892412557,153.40741404191064,32
2025-08-13 08:42:02.997,True,-67.06015088359656,-53.124621903702526,153.8668656663595,-96
2025-08-13 08:42:03.999,True,-66.4250608643459,-53.21757415183916,153.83861634940615,-96
2025-08-13 08:42:05.001,True,-66.80049115019847,-53.95269129149935,154.12050064007153,-96
2025-08-13 08:42:06.003,True,-66.90701511309418,-54.479531861227954,154.15818234560808,32
2025-08-13 08:42:07.005,True,-66.8834646124017,-54.615076024476025,154.08134832275945,-96
2025-08-13 08:42:08.007,True,-65.96935238231015,-55.15716766581559,153.21200254004373,32
2025-08-13 08:42:09.010,True,-65.73628549022847,-55.40035767870761,152.38185806254904,32
2025-08-13 08:42:10.014,True,-65.59814934668246,-55.56559913148192,152.59901108752305,-96
2025-08-13 08:42:11.016,True,-66.55698229662556,-55.474757965046045,154.10579208573134,32
2025-08-13 08:42:12.018,True,-66.44400915376445,-55.29653628516053,154.21939383134435,-96
2025-08-13 08:42:13.021,True,-65.79327139182546,-55.54641565323426,153.37321917075622,-96
2025-08-13 08:42:14.023,True,-65.54730429258339,-55.30049546166393,152.61924253816167,-96
2025-08-13 08:42:15.026,True,-65.70938340309601,-55.20295451288026,152.2597893396292,32
2025-08-13 08:42:16.028,True,-65.28646310382302,-55.51266407914012,151.75767438491457,32
2025-08-13 08:42:17.032,True,-65.70868128513601,-55.43650601732274,152.06337248977826,-96
2025-08-13 08:42:18.033,True,-66.72031991838912,-56.74709852598823,153.28866135054238,-96
2025-08-13 08:42:19.036,True,-67.11428685337393,-56.82780345677439,154.6757351398737,32
2025-08-13 08:42:20.038,True,-56.59970854654679,-62.00845044542394,141.8628538277729,32
2025-08-13 08:42:21.041,True,-42.27738981962086,-61.32167416461025,117.12392150124163,32
2025-08-13 08:42:22.042,True,-35.26527302927007,-58.617373008827386,90.85090781776961,32
2025-08-13 08:42:23.044,True,-33.274509602960975,-55.914033574640825,70.00105640510054,-96
2025-08-13 08:42:24.046,True,-37.52049538341393,-52.98894742246738,58.28163275680417,32
2025-08-13 08:42:25.048,True,-37.21932675893271,-49.923090415002704,50.31400816493271,-96
2025-08-13 08:42:26.050,True,-44.03618241552731,-50.010603346734904,55.4599148698878,-96
2025-08-13 08:42:27.052,True,-45.760608897005135,-48.0592371834866,58.4739611178967,32
2025-08-13 08:42:28.055,True,-55.20956273809358,-47.92421982998417,70.10887755215724,-96
2025-08-13 08:42:29.057,True,-57.709833502511046,-48.78486069309052,74.44998111753536,-96
2025-08-13 08:42:30.059,True,-57.64787787392609,-49.24787331704,74.93871111920383,32
2025-08-13 08:42:31.061,True,-57.079312457954266,-49.233632466626275,73.47506089914005,-96
2025-08-13 08:42:32.063,True,-56.33790753100417,-49.72619856199708,71.57979541479618,-96
2025-08-13 08:42:33.065,True,-56.578812591223546,-50.10931750099319,71.22357496507829,32
2025-08-13 08:42:34.067,True,-55.77966346169689,-50.032155592257595,70.50791619906177,-96
2025-08-13 08:42:35.070,True,-56.432323820564136,-50.57285464875798,70.4363773104328,32
2025-08-13 08:42:36.072,True,-56.33468175455696,-50.86011440383536,69.21589795837494,-96
2025-08-13 08:42:37.074,True,-56.561475319124604,-52.824814789825965,68.23286974605848,-96
2025-08-13 08:42:38.076,True,-57.30753570873254,-53.146499786742666,67.49142865569239,-96
2025-08-13 08:42:39.079,True,-53.46528097055009,-59.29610103052142,62.89182368447425,-96
2025-08-13 08:42:40.081,True,-54.391246654884135,-62.333278375942776,61.255986095400914,-96
2025-08-13 08:42:41.083,True,-56.765959221203275,-61.909050236769005,62.64640045143046,-96
2025-08-13 08:42:42.086,True,-55.82970572444185,-62.016634716950364,61.723971153218635,-96
2025-08-13 08:42:43.089,True,-61.536524012988075,-61.94198795590872,69.55626785865304,-96
2025-08-13 08:42:44.091,True,-60.71330328864519,-57.012127977529396,69.48506122837635,32
2025-08-13 08:42:45.094,True,-60.611503513930536,-52.77395828422854,68.59168767026277,32
2025-08-13 08:42:46.097,True,-58.47504627130675,-51.75089694009015,66.0285709275888,-96
2025-08-13 08:42:47.099,True,-58.76842966657031,-51.50431510432561,65.64011722354317,-96
2025-08-13 08:42:48.101,True,-58.90559249954907,-51.415162524850025,65.60065599648588,-96
2025-08-13 08:42:49.104,True,-57.76388329954735,-53.106569972916965,63.81939611531974,-96
2025-08-13 08:42:50.106,True,-59.84148915226298,-53.27302111109328,64.2199218629504,-96
2025-08-13 08:42:51.108,True,-63.54367935237917,-53.60082457520836,66.4488913513856,32
2025-08-13 08:42:52.111,True,-64.94421816417274,-52.883482155814164,67.78250033692439,32
2025-08-13 08:42:53.113,True,-59.483040164381066,-53.089283325213984,64.10366469464113,-96
2025-08-13 08:42:54.115,True,-58.50037518181183,-53.07140962970041,64.01881809546033,-96
2025-08-13 08:42:55.118,True,-60.8527961458189,-53.58935126320522,66.03467010508665,-96
2025-08-13 08:42:56.120,True,-61.231463559065844,-53.766928773176744,65.28064040744324,-96
2025-08-13 08:42:57.121,True,-60.55755979917135,-54.1523753592469,63.463511080252495,-96
2025-08-13 08:42:58.124,True,-59.94450768986116,-54.55364816552481,62.16170657824141,32
2025-08-13 08:42:59.126,True,-61.586004793757596,-58.52888776462697,61.293132045978695,32
2025-08-13 08:43:00.128,True,-58.63050684498565,-65.39617240356729,54.002741639948674,-96
2025-08-13 08:43:01.130,True,-57.095597831349544,-61.57305003093386,53.30934978402734,32
2025-08-13 08:43:02.133,True,-59.56241484423492,-57.00670899605091,55.52806635642155,-96
2025-08-13 08:43:03.134,True,-59.49035135467102,-50.39401799926617,55.157884948576196,-96
2025-08-13 08:43:04.137,True,-59.4234702080188,-47.541921854857385,54.58857914790074,32
2025-08-13 08:43:05.140,True,-59.36249628028809,-45.40107965888632,54.36846893536095,-96
2025-08-13 08:43:06.142,True,-59.59468806749508,-45.391436703719464,54.27925660875252,-96
2025-08-13 08:43:07.144,True,-60.3303394461206,-45.422257138187845,54.52313081055197,-96
2025-08-13 08:43:08.146,True,-61.89435190715881,-45.738683164169416,55.53260293112082,32
2025-08-13 08:43:09.148,True,-62.078574114870186,-46.002978904102875,55.78140707349332,32
2025-08-13 08:43:10.150,True,-62.92385581372444,-47.03378227060116,57.106911846233494,32
2025-08-13 08:43:11.153,True,-64.61231192896763,-47.54557965414096,58.42298513431728,-96
2025-08-13 08:43:12.155,True,-63.27643352791395,-48.58864117013045,57.53210466607215,32
2025-08-13 08:43:13.157,True,-63.86459982303629,-51.233669124602734,58.48887253520117,-96
2025-08-13 08:43:14.160,True,-63.440603730655496,-53.866935332960345,58.45034580424416,-96
2025-08-13 08:43:15.162,True,-63.674508408402936,-54.910682965825586,59.7367580881268,32
2025-08-13 08:43:16.165,True,-64.69366409819911,-52.542342343941606,61.14207538584323,32
2025-08-13 08:43:17.170,True,-64.02546996746206,-52.49021121757147,62.63609795576266,-96
2025-08-13 08:43:18.172,True,-64.37761175046704,-51.528357057642395,65.7971331694621,-96
2025-08-13 08:43:19.174,True,-65.61159040159254,-51.867501934409106,69.15466988712357,-96
2025-08-13 08:43:20.178,True,-65.77499825810266,-51.74474451789409,72.4686243400236,-96
2025-08-13 08:43:21.181,True,-67.65006292268947,-50.510424732549374,77.96284263062684,-96
2025-08-13 08:43:22.183,True,-69.4380274693488,-52.25310360309256,84.00192481521744,-96
2025-08-13 08:43:23.184,True,-70.95330549017973,-57.25816068225379,89.41945626045586,-96
2025-08-13 08:43:24.186,True,-68.10602546752848,-60.74501377071379,90.47154230935502,-96
2025-08-13 08:43:25.188,True,-66.88490683098009,-62.238039638223896,92.10637509971592,-96
2025-08-13 08:43:26.190,True,-64.19740541780854,-63.705436558963285,91.85446044125317,-96
2025-08-13 08:43:27.192,True,-63.425148792196005,-61.085730953578846,92.83303286202434,32
2025-08-13 08:43:28.194,True,-63.778021633322226,-57.344571607844394,94.41282020760569,32
2025-08-13 08:43:29.196,True,-65.17848219683476,-55.81842038478923,96.69640357113074,-96
2025-08-13 08:43:30.198,True,-65.04298529530342,-56.112012888908446,97.22372873049474,-96
2025-08-13 08:43:31.201,True,-64.74778294604803,-55.91659070144522,97.36051550827224,-96
2025-08-13 08:43:32.204,True,-64.45764283854122,-55.323425965012866,97.12410596879587,-96
2025-08-13 08:43:33.206,True,-64.37524977927625,-53.85339674299057,97.14457296744109,32
2025-08-13 08:43:34.209,True,-64.26662402432517,-53.46614845326729,97.05175726065244,32
2025-08-13 08:43:35.211,True,-64.25160327797617,-53.452966650280395,96.9751840228699,-96
2025-08-13 08:43:36.213,True,-64.20199436273388,-52.68175631646874,96.91965952857461,-96
2025-08-13 08:43:37.215,True,-64.18541154038635,-52.40185281231842,96.9091907937863,32
2025-08-13 08:43:38.216,True,-64.18541154038635,-52.40185281231842,96.9091907937863,32
2025-08-13 08:43:39.218,True,-64.17843140854525,-52.41394069477803,96.90098333580985,32
2025-08-13 08:43:40.220,True,-64.18019484644257,-52.225669411324134,96.91610337751291,32
2025-08-13 08:43:41.223,True,-64.78316448066943,-42.63075516991122,97.84240717483272,32
2025-08-13 08:43:42.225,True,-64.70486172580694,-40.89964450584998,98.82473432635565,32
2025-08-13 08:43:43.227,True,-64.73451047528195,-38.069228349601566,100.44934308299109,32
2025-08-13 08:43:44.229,True,-63.669812690505616,-40.965803883404504,101.3339969592645,-96
2025-08-13 08:43:45.231,True,-64.50275162026863,-40.8374714702377,104.8643472422302,-96
2025-08-13 08:43:46.233,True,-63.19468027219625,-41.5453760782175,108.58217979260547,-96
2025-08-13 08:43:47.235,True,-63.80346361881522,-42.00145349220062,111.23205610280533,32
2025-08-13 08:43:48.238,True,-61.96888858587076,-43.74431866302873,113.413100063757,32
2025-08-13 08:43:49.241,True,-64.63156221392877,-47.62790721437905,119.27524741155594,32
2025-08-13 08:43:50.243,True,-63.914978729566876,-48.438791413629275,121.35626054477498,32
2025-08-13 08:43:51.244,True,-65.07877314973031,-48.61971302936931,123.77643342143332,-96
2025-08-13 08:43:52.247,True,-65.6043292084167,-46.71182593481512,125.71340942385088,-96
2025-08-13 08:43:53.249,True,-65.42705042260974,-47.8318751352527,127.11244896305664,-96
2025-08-13 08:43:54.251,True,-64.04730458212711,-47.108830730178326,128.18160434298758,32
2025-08-13 08:43:55.253,True,-65.32012348796555,-48.22102741596538,131.08689986562334,-96
2025-08-13 08:43:56.256,True,-63.44282332713283,-48.696182022601285,130.31732664643576,-96
2025-08-13 08:43:57.257,True,-63.92958179532834,-47.83008128462772,131.41701906444183,-96
2025-08-13 08:43:58.259,True,-65.36941218654198,-46.51419657444741,133.49026616168535,-96
2025-08-13 08:43:59.261,True,-66.223871881581,-43.833919224442155,138.09970176597085,-96
2025-08-13 08:44:00.263,True,-66.39398670570662,-44.032762790446306,141.54522211243693,32
2025-08-13 08:44:01.266,True,-64.64631812692211,-44.079396283397365,141.24689341587535,-96
2025-08-13 08:44:02.268,True,-63.0407683018004,-45.2697771219825,140.50660138945653,32
2025-08-13 08:44:03.269,True,-62.80792319780359,-44.80549495218642,140.17992159527185,-96
2025-08-13 08:44:04.272,True,-64.73584885044639,-44.99364110766948,140.52042031402448,-96
2025-08-13 08:44:05.273,True,-64.36931570545822,-45.31835156654646,139.78553613772635,32
2025-08-13 08:44:06.275,True,-64.29857581021068,-45.09636930175065,140.58252416016876,32
2025-08-13 08:44:07.277,True,-62.10700134351514,-45.81948312101802,139.06604627701574,32
2025-08-13 08:44:08.280,True,-63.63511589649185,-46.234865468965886,139.2701195783812,-96
2025-08-13 08:44:09.283,True,-62.7168931070351,-46.517061896095555,136.73931807978877,-96
2025-08-13 08:44:10.284,True,-61.55646804871002,-47.405744083662036,132.64799848371428,-96
2025-08-13 08:44:11.288,True,-59.93837641568136,-48.67652796766561,127.61570041391842,-96
2025-08-13 08:44:12.291,True,-57.3927543339028,-54.65276208585407,123.05249746407566,-96
2025-08-13 08:44:13.293,True,-55.660933783821186,-56.20075013904465,119.2583503565227,-96
2025-08-13 08:44:14.296,True,-54.59468663166661,-56.361738809781585,115.8717218732208,-96
2025-08-13 08:44:15.299,True,-52.63892666127187,-58.914162682573796,110.86516005521965,32
2025-08-13 08:44:16.301,True,-53.57194479186558,-57.321380379717134,110.10646236197361,-96
2025-08-13 08:44:17.303,True,-55.28239910298698,-56.962745798280785,109.9838278171285,-96
2025-08-13 08:44:18.305,True,-55.910673186659736,-55.647928720492665,111.05764514849406,-96
2025-08-13 08:44:19.307,True,-55.74085883277789,-55.77468472024555,111.013768809552,32
2025-08-13 08:44:20.309,True,-56.336542753228194,-53.919297466895,111.54189401897291,-96
2025-08-13 08:44:21.311,True,-56.543826470710755,-54.52227934903769,111.62976419966775,-96
2025-08-13 08:44:22.313,True,-54.716421258328126,-53.20406340566909,111.27843040047313,-96
2025-08-13 08:44:23.315,True,-57.536311888104606,-53.27784989528249,114.73138040090953,32
2025-08-13 08:44:24.317,True,-57.09430909613073,-51.4033705852294,114.4362630645381,-96
2025-08-13 08:44:25.319,True,-57.45444417995122,-49.72996212647842,114.0455615236696,-96
2025-08-13 08:44:26.321,True,-56.63221230090031,-49.570587829831894,111.07499127637249,32
2025-08-13 08:44:27.323,True,-56.75337322095215,-48.518600570370545,107.71983056781147,-96
2025-08-13 08:44:28.325,True,-56.7243082507595,-49.43698636176435,105.4583691729421,-96
2025-08-13 08:44:29.327,True,-58.00512342334013,-49.25369703335678,106.116041822134,-96
2025-08-13 08:44:30.329,True,-57.89821640072701,-49.60032839118458,105.62940616962223,32
2025-08-13 08:44:31.332,True,-58.19031453238965,-50.17593577695714,105.42061855909986,32
2025-08-13 08:44:32.334,True,-56.56530303114497,-50.80195971198945,103.25121056084005,-96
2025-08-13 08:44:33.336,True,-59.057248397355394,-51.2390663254645,104.1393119295652,32
2025-08-13 08:44:34.338,True,-57.62066193209293,-52.80361952832563,101.60073936436962,-96
2025-08-13 08:44:35.340,True,-55.54008669134269,-54.70489882785148,97.81925557765827,32
2025-08-13 08:44:36.343,True,-56.51624174084435,-58.138149807754424,97.21342325956175,-96
2025-08-13 08:44:37.346,True,-55.97731046791741,-54.14301253159412,95.9277061374237,32
2025-08-13 08:44:38.349,True,-56.01170295260335,-50.535933222060436,94.29156720486367,32
2025-08-13 08:44:39.352,True,-56.15305730625107,-49.698672457472355,91.70024247028266,32
2025-08-13 08:44:40.354,True,-56.255202862552444,-49.592069512661794,89.48136808007825,-96
2025-08-13 08:44:41.356,True,-55.10767352403637,-49.18233992694572,86.52201640560287,32
2025-08-13 08:44:42.358,True,-54.31164609489554,-49.28517007190621,82.04897165737692,-96
2025-08-13 08:44:43.360,True,-53.35077813288688,-49.03498447567545,77.06063179577855,-96
2025-08-13 08:44:44.362,True,-54.021838888990466,-48.08160250322094,74.59078514511033,32
2025-08-13 08:44:45.365,True,-56.823688395647736,-47.850816411828575,73.2785353652179,32
2025-08-13 08:44:46.368,True,-57.23735683060727,-47.90905993003218,72.07380776590308,-96
2025-08-13 08:44:47.371,True,-57.17652821465547,-47.99986599374301,71.10066260560147,-96
2025-08-13 08:44:48.373,True,-57.99941787652753,-47.66115255424891,71.57128573364767,32
2025-08-13 08:44:49.376,True,-57.21171747998634,-47.76092444249112,70.21271388872535,-96
2025-08-13 08:44:50.378,True,-57.85803249816041,-47.82483744092035,70.23246416518808,32
2025-08-13 08:44:51.380,True,-58.59977061355191,-48.01656247483857,70.58758517429172,32
2025-08-13 08:44:52.382,True,-59.34702308775679,-51.12663309112832,70.66503266901282,32
2025-08-13 08:44:53.385,True,-60.28210420723538,-53.886457609434586,71.55178943853178,-96
2025-08-13 08:44:54.387,True,-61.268313562957545,-59.14369138411498,72.62529385584304,-96
2025-08-13 08:44:55.389,True,-59.755451878476684,-64.09252533938101,71.37121222879382,-96
2025-08-13 08:44:56.391,True,-58.65395491887459,-62.256040637701425,71.6566409225244,-96
2025-08-13 08:44:57.393,True,-60.78342349117677,-56.82146338452437,74.67824522270597,-96
2025-08-13 08:44:58.395,True,-61.89789565911756,-54.91073643321282,77.7371616272631,32
2025-08-13 08:44:59.397,True,-61.47005123070829,-54.150507872405086,79.44506106194112,32
2025-08-13 08:45:00.400,True,-61.78139399721663,-53.98617794756964,80.53933315646454,-96
2025-08-13 08:45:01.403,True,-62.17267272458731,-52.474149552650495,82.42332361867057,-96
2025-08-13 08:45:02.404,True,-63.927010751350885,-51.53807704771605,85.33276306855063,-96
2025-08-13 08:45:03.407,True,-64.83080458174484,-47.63086282240832,87.23968526247623,-96
2025-08-13 08:45:04.410,True,-65.3419528848205,-46.606818838281974,88.5962874744913,-96
2025-08-13 08:45:05.413,True,-63.87295820428082,-46.148077240462904,87.27952218110562,32
2025-08-13 08:45:06.416,True,-63.84966061653936,-46.316017498873116,87.04633289702191,32
2025-08-13 08:45:07.422,True,-63.77471009189602,-46.20808202678471,86.97485743864895,-96
2025-08-13 08:45:08.425,True,-63.750454054311255,-46.319134500543,87.05013923508247,-96
2025-08-13 08:45:09.427,True,-63.86551737278105,-47.114322899117546,87.18175838540408,-96
2025-08-13 08:45:10.428,True,-63.86449095861034,-48.04980819036374,87.01940524737091,32
2025-08-13 08:45:11.430,True,-64.00468569126085,-47.826917238417906,87.05814058165126,-96
2025-08-13 08:45:12.433,True,-64.26881500984824,-48.43555810929926,87.24787636172381,-96
2025-08-13 08:45:13.435,True,-63.81562566399912,-49.521342118281254,86.91132521801741,-96
2025-08-13 08:45:14.437,True,-63.213555983387636,-54.91673785621709,86.51743541779808,32
2025-08-13 08:45:15.439,True,-63.769319535369874,-56.21621537938188,86.88987518144573,-96
2025-08-13 08:45:16.442,True,-62.68908275061677,-58.69640045867511,85.95021653264746,-96
2025-08-13 08:45:17.444,True,-58.54984387867883,-58.659876798598255,83.29384818356311,32
2025-08-13 08:45:18.446,True,-61.49281535343492,-54.743828718800536,86.03316661382621,-96
2025-08-13 08:45:19.448,True,-60.88090230463949,-52.54305409101014,85.79274255060169,-96
2025-08-13 08:45:20.450,True,-61.593878975895436,-48.00705387228576,86.44716536725973,-96
2025-08-13 08:45:21.452,True,-61.398131408607526,-47.90248613950217,86.53712764030591,-96
2025-08-13 08:45:22.454,True,-62.74628102705057,-46.63356081832056,89.17026070091377,-96
2025-08-13 08:45:23.456,True,-62.01652520741809,-46.22790442913646,90.79472932032294,32
2025-08-13 08:45:24.459,True,-61.686545184463455,-46.049747703483035,92.58049751937261,-96
2025-08-13 08:45:25.460,True,-62.60544754554585,-46.196027601584994,95.16766705523204,-96
2025-08-13 08:45:26.462,True,-63.3053474716568,-46.36128059637521,97.851054937985,-96
2025-08-13 08:45:27.464,True,-64.29039280716597,-46.32377170132405,101.08568442179697,32
2025-08-13 08:45:28.466,True,-63.484401460763664,-46.9555244019884,102.63572825618986,32
2025-08-13 08:45:29.468,True,-63.39369986976333,-47.18991727819924,104.59351933119957,-96
2025-08-13 08:45:30.470,True,-62.98454770132671,-46.86345806502559,105.96517862494092,-96
2025-08-13 08:45:31.472,True,-63.632890812273665,-46.927449388290235,108.47197571865154,-96
2025-08-13 08:45:32.474,True,-63.4404346478178,-47.03441737440963,110.17808662431678,-96
2025-08-13 08:45:33.476,True,-63.60341913943623,-47.52910449655487,112.78901957275518,-96
2025-08-13 08:45:34.478,True,-64.13094509683656,-47.44807498171481,115.81792976913516,32
2025-08-13 08:45:35.480,True,-64.55834766605969,-47.86974233614559,118.37808070615856,-96
2025-08-13 08:45:36.483,True,-65.42035124067158,-48.54004944761401,121.4951957261782,-96
2025-08-13 08:45:37.485,True,-65.33575565594509,-48.39708695823164,123.8504430911689,-96
2025-08-13 08:45:38.487,True,-64.98625476831602,-48.48414113405546,126.28308318244007,-96
2025-08-13 08:45:39.489,True,-67.03096766854354,-49.97750846075337,130.1526446489291,-96
2025-08-13 08:45:40.492,True,-65.34242392914908,-50.82188570827315,130.25851524537777,-96
2025-08-13 08:45:41.494,True,-63.46091004986745,-51.85771922945686,129.56295418263025,32
2025-08-13 08:45:42.496,True,-63.82810021789239,-53.195190430397474,130.92861017485882,-96
2025-08-13 08:45:43.497,True,-66.6750379301717,-52.329901369180185,136.8375091363159,-96
2025-08-13 08:45:44.499,True,-69.88097462161865,-52.41124908032609,143.91634542804357,-96
2025-08-13 08:45:45.501,True,-66.01741171975418,-52.47366388271392,142.8727261459556,-96
2025-08-13 08:45:46.503,True,-66.07554110280742,-53.038119565594606,142.20269771573163,-96
2025-08-13 08:45:47.506,True,-56.843781529287824,-51.60752930124352,132.50567214167424,-96
2025-08-13 08:45:48.508,True,-59.940026245766106,-51.895469588951514,134.59945926244978,32
2025-08-13 08:45:49.510,True,-59.416345966542906,-55.09695194047841,134.00990716577562,-96
2025-08-13 08:45:50.513,True,-60.23063589230324,-55.10451097350632,133.80030714163158,-96
2025-08-13 08:45:51.514,True,-60.92327204913516,-54.967933755659324,132.9768000242132,-96
2025-08-13 08:45:52.517,True,-63.92047674667785,-53.632935628846,135.70070209069183,-96
2025-08-13 08:45:53.519,True,-65.6271337340906,-52.67872574751591,138.27178640795074,-96
2025-08-13 08:45:54.521,True,-66.57022393306671,-52.364262564747925,140.558250581218,32
2025-08-13 08:45:55.523,True,-66.39887735931491,-50.90977940550092,141.46075668814308,32
2025-08-13 08:45:56.526,True,-67.14783137989231,-50.697522655630955,142.58489100766488,32
2025-08-13 08:45:57.531,True,-66.93716144324677,-50.16330012913375,142.83763311829793,-96
2025-08-13 08:45:58.534,True,-65.4658000901905,-49.21661225583963,141.96525742378688,-96
2025-08-13 08:45:59.537,True,-65.12308622573063,-49.55621031997234,141.3558919726139,-96
2025-08-13 08:46:00.538,True,-65.13725534720204,-49.159165010769954,141.02675145750345,32
2025-08-13 08:46:01.541,True,-64.70004002933737,-49.108775088855346,140.18764529929086,-96
2025-08-13 08:46:02.543,True,-64.95435522845185,-49.403450638191046,139.8317251156236,32
2025-08-13 08:46:03.545,True,-63.0668409612398,-50.205833701145885,137.03348531889588,-96
2025-08-13 08:46:04.547,True,-61.082955088596535,-50.51966770100089,133.5074590563262,-96
2025-08-13 08:46:05.549,True,-59.7696240615314,-54.39252309945281,129.7346060170555,-96
2025-08-13 08:46:06.551,True,-58.92045692420616,-55.217516343829104,127.29218212546313,-96
2025-08-13 08:46:07.553,True,-59.12414711933423,-54.671694633374585,125.87258225094428,32
2025-08-13 08:46:08.556,True,-60.32397972522069,-53.68421356559769,125.62963387054168,32
2025-08-13 08:46:09.557,True,-61.879670042999024,-51.960135973440636,126.21274481032819,-96
2025-08-13 08:46:10.559,True,-62.379481123600996,-51.909467557598816,125.84652653810875,-96
2025-08-13 08:46:11.561,True,-62.84549044012788,-51.829699044016934,125.49551270366636,-96
2025-08-13 08:46:12.563,True,-62.30466342681094,-56.19069328899496,124.67275796976058,-96
2025-08-13 08:46:13.566,True,-63.80071071547175,-59.70724589830181,126.08786964241708,32
2025-08-13 08:46:14.571,True,-62.82351128962402,-59.24383471862685,125.1989398155989,32
2025-08-13 08:46:15.573,True,-64.19327317767534,-56.98413291380878,126.52597531211923,-96
2025-08-13 08:46:16.575,True,-65.20386306419134,-53.5645897111676,127.54122195861208,-96
2025-08-13 08:46:17.577,True,-65.68440268748445,-50.86687173583727,127.98857975131102,-96
2025-08-13 08:46:18.579,True,-65.13661179184072,-50.87425377449579,127.13935430199456,-96
2025-08-13 08:46:19.582,True,-63.91559030591833,-51.67161119435178,124.24117777041202,-96
2025-08-13 08:46:20.584,True,-64.17488742419205,-51.675701500328316,122.31978446767208,-96
2025-08-13 08:46:21.586,True,-64.1933697903914,-51.766324774958775,120.12802059132693,-96
2025-08-13 08:46:22.589,True,-63.17556979611407,-51.25062648395313,116.29161414197122,32
2025-08-13 08:46:23.591,True,-62.792790479632636,-50.60646391117692,113.10370913229137,32
2025-08-13 08:46:24.593,True,-61.98103705029371,-50.465187943691895,110.44730492418837,32
2025-08-13 08:46:25.595,True,-60.83766082765703,-48.60646039725064,106.24544465057713,32
2025-08-13 08:46:26.597,True,-62.28716386105514,-47.162204556410025,104.17314336459553,-96
2025-08-13 08:46:27.599,True,-62.52526203594963,-46.40937525942507,103.39787566302606,-96
2025-08-13 08:46:28.601,True,-61.08047848633174,-45.62154192209115,101.29711223893851,32
2025-08-13 08:46:29.603,True,-61.29734120049672,-45.588693702450804,101.3654309493809,-96
2025-08-13 08:46:30.605,True,-62.74909401151147,-46.94674804973348,102.83394447477363,-96
2025-08-13 08:46:31.608,True,-61.57810079890004,-47.53877270930515,101.80435647394222,32
2025-08-13 08:46:32.612,True,-62.068943851198604,-51.21488476540999,101.94525753448227,32
2025-08-13 08:46:33.616,True,-62.37836737781045,-52.9192728076414,102.10926558795795,-96
2025-08-13 08:46:34.618,True,-61.22944018134932,-54.97708925605289,100.79651945823721,-96
2025-08-13 08:46:35.621,True,-60.79206255957367,-56.22525072184466,99.25552966023164,-96
2025-08-13 08:46:36.624,True,-61.80627137555273,-53.81837192109756,97.94242611235302,-96
2025-08-13 08:46:37.626,True,-63.11803730089208,-50.323476260417614,97.67174983573092,-96
2025-08-13 08:46:38.628,True,-63.03348043485723,-49.01094755033079,96.31947673636375,32
2025-08-13 08:46:39.632,True,-62.728586125077285,-49.14657137377111,94.61851184925985,32
2025-08-13 08:46:40.635,True,-62.75547502805824,-49.1709815958237,93.20745051092301,-96
2025-08-13 08:46:41.637,True,-63.22488272200899,-49.41917190012736,92.32061257230838,-96
2025-08-13 08:46:42.640,True,-63.53926585940153,-49.30195535462247,91.61204557270909,-96
2025-08-13 08:46:43.644,True,-64.28932910450557,-49.893310409881494,92.36201131754882,-96
2025-08-13 08:46:44.646,True,-63.417051170153115,-50.86872846590093,91.74293748128382,-96
2025-08-13 08:46:45.649,True,-62.19770613730633,-54.72826144165449,90.75958453290826,32
2025-08-13 08:46:46.653,True,-62.99099190812701,-54.76109917393662,91.93607495492931,32
2025-08-13 08:46:47.655,True,-63.669277602167014,-54.57741157286852,93.72991739087458,32
2025-08-13 08:46:48.658,True,-64.49512911601273,-54.320812658014766,95.18623588128341,32
2025-08-13 08:46:49.661,True,-64.45711953173155,-53.78248333722512,95.60110251716041,-96
2025-08-13 08:46:50.664,True,-64.75190311503361,-53.240450345047606,96.33006185871125,32
2025-08-13 08:46:51.666,True,-64.71763580518883,-53.610109226678816,96.72674921684948,-96
2025-08-13 08:46:52.669,True,-64.45595825698167,-53.57020795987076,96.90241149452737,32
2025-08-13 08:46:53.674,True,-65.11377403969146,-53.48363562560633,98.00264652204866,32
2025-08-13 08:46:54.677,True,-65.70579499811498,-52.79924883621749,98.7600147574228,-96
2025-08-13 08:46:55.679,True,-66.13571389837286,-51.97940930252972,99.0165371946888,-96
2025-08-13 08:46:56.682,True,-66.83967951830493,-50.374823159937485,99.37284204286615,-96
2025-08-13 08:46:57.685,True,-66.07406179061812,-49.5929928042843,98.5035454051746,-96
2025-08-13 08:46:58.687,True,-66.34867941942213,-49.36788788961322,98.33581188311642,-96
2025-08-13 08:46:59.691,True,-66.10436351171975,-49.48078275860144,97.92611228410877,32
2025-08-13 08:47:00.694,True,-66.00633028960029,-49.796378721428844,97.7183234989451,32
2025-08-13 08:47:01.697,True,-66.36677206941961,-49.38906111726797,98.57651508259704,32
2025-08-13 08:47:02.699,True,-66.40188664074981,-48.66168016154225,99.99138765153914,-96
2025-08-13 08:47:03.701,True,-66.57681050395688,-48.76176356128284,101.57552867115628,-96
2025-08-13 08:47:04.704,True,-65.93616556053193,-48.55345687123681,102.6887917426278,-96
2025-08-13 08:47:05.707,True,-67.36709848121588,-50.43158125208795,107.49005536589102,32
2025-08-13 08:47:06.711,True,-67.15483558131419,-50.199743247891206,112.36827177647257,32
2025-08-13 08:47:07.715,True,-69.78836609190301,-53.094692165344476,120.37252142923691,32
2025-08-13 08:47:08.717,True,-72.7397260264909,-54.39457316090369,131.23058795425823,-96
2025-08-13 08:47:09.721,True,85.9193193721558,3.6387520145781624,-157.76593765818154,-96
2025-08-13 08:47:10.723,True,-82.99539058809954,-51.63555097898296,-172.79216377047715,-96
2025-08-13 08:47:11.726,True,-80.90952806017195,-48.21306642101017,-140.07137029186111,-96
2025-08-13 08:47:12.728,True,-75.39699252073083,-43.939684533776365,-115.05759473117514,-96
2025-08-13 08:47:13.731,True,-71.30976538171835,-42.17636135921722,-103.36316999713831,32
2025-08-13 08:47:14.734,True,-69.07291422055044,-41.18496011232706,-94.68340686609099,-96
2025-08-13 08:47:15.736,True,-69.21888731723557,-39.00299316396403,-83.9990741871454,32
2025-08-13 08:47:16.740,True,-67.98292886545916,-41.10900786088439,-78.98300627086111,32
2025-08-13 08:47:17.742,True,-64.21209873307123,-44.696833927795986,-81.58914159436719,-96
2025-08-13 08:47:18.745,True,-56.341370471579154,-49.04815294185623,-90.31423381326229,32
2025-08-13 08:47:19.747,True,-52.62347484280474,-50.597996801425204,-98.92142151202992,-96
2025-08-13 08:47:20.751,True,-56.09588301568072,-52.5754803044375,-110.82560273391196,-96
2025-08-13 08:47:21.754,True,-57.703048920281084,-52.97540334810118,-112.98572384573006,-96
2025-08-13 08:47:22.757,True,-65.47193730570628,-51.37993397896597,-99.93503335520441,-96
2025-08-13 08:47:23.760,True,-66.8501661250884,-50.46483787665636,-92.26646014796108,-96
2025-08-13 08:47:24.764,True,-66.86772909175271,-49.5563123198947,-89.43418653775474,-96
2025-08-13 08:47:25.766,True,-63.85702027725083,-50.911621597714365,-93.56447200821759,-96
2025-08-13 08:47:26.768,True,-58.864323649768366,-52.81829951398381,-109.53181864805883,32
2025-08-13 08:47:27.772,True,-61.88211380657045,-50.58688876234353,-127.86668807377133,-95
2025-08-13 08:47:28.775,True,-62.476624848514156,-48.66180360589173,-149.2259406279002,-95
2025-08-13 08:47:29.777,True,-60.483072239487704,-46.206212381382564,-163.37283562581428,-96
2025-08-13 08:47:30.780,True,-60.906621576196194,-44.98479239694234,-168.97853313699434,33
2025-08-13 08:47:31.784,True,-63.128174431048286,-44.51656250548139,-172.19269166900946,32
2025-08-13 08:47:32.786,True,-64.09473651723347,-44.116956937158015,-172.04111750620888,-96
2025-08-13 08:47:33.789,True,-64.90853639451586,-44.264665920376,-171.12683943683103,32
2025-08-13 08:47:34.791,True,-65.88192725787195,-44.02618417847509,-170.13307314275744,-96
2025-08-13 08:47:35.794,True,-64.14978673528944,-44.03137160250423,-170.74562722141906,-95
2025-08-13 08:47:36.797,True,-64.41198755556988,-43.43248306354651,-169.9704739429763,-95
2025-08-13 08:47:37.800,True,-64.4528713240033,-43.55700590310363,-169.1864347855794,-96
2025-08-13 08:47:38.803,True,-63.85520495859253,-43.691806363625396,-169.40118146776774,-96
2025-08-13 08:47:39.806,True,-65.53143576862118,-43.62587953006493,-168.0405961096948,-96
2025-08-13 08:47:40.809,True,-63.17734609170379,-46.96425528006514,-171.59582046881852,-96
2025-08-13 08:47:41.810,True,-63.31992707785672,-51.712867109410844,-173.5614013886658,32
2025-08-13 08:47:42.815,True,-66.23261855712713,-52.970985531649845,-170.25836575570005,32
2025-08-13 08:47:43.817,True,-66.0879019200645,-52.42361814689915,-168.0118409487164,33
2025-08-13 08:47:44.821,True,-63.49146131035785,-52.80413641466214,-169.5323236670372,-95
2025-08-13 08:47:45.825,True,-63.30371184356083,-53.46114268619926,-173.4902939893822,-96
2025-08-13 08:47:46.827,True,-68.07278633906951,-62.17747013972987,-170.0087769157448,33
2025-08-13 08:47:47.829,True,-69.66137822614589,-53.801405366796224,-161.6123347430789,33
2025-08-13 08:47:48.832,True,-68.42150676614636,-52.60565226582312,-159.32915168021196,-96
2025-08-13 08:47:49.836,True,-64.7938688311781,-50.872790532173504,-167.69791134671266,32
2025-08-13 08:47:50.839,True,-57.54707475744571,-47.24009233608745,174.68414487562927,32
2025-08-13 08:47:51.841,True,-55.35692034714607,-47.17764987658723,160.7577767124038,-96
2025-08-13 08:47:52.844,True,-58.39728842639844,-45.79966020247716,142.92972279261448,32
2025-08-13 08:47:53.846,True,-58.77793626804453,-44.844664340821936,134.6495451401955,-96
2025-08-13 08:47:54.849,True,-60.354295922326685,-44.472948287493054,120.11279544170218,32
2025-08-13 08:47:55.851,True,-61.680412944396664,-44.241374037824805,115.48282617010143,-96
2025-08-13 08:47:56.855,True,-63.49213274589754,-43.25506384688918,115.3619475936478,-96
2025-08-13 08:47:57.859,True,-64.41854520166314,-44.225352626700094,116.36746496457653,33
2025-08-13 08:47:58.862,True,-64.37321445538126,-44.52952714649839,116.82706979670571,32
2025-08-13 08:47:59.864,True,-63.91763769325594,-45.661791709095624,116.15928512601742,-96
2025-08-13 08:48:00.867,True,-63.358011932549864,-45.83574761782643,115.40447747964802,-96
2025-08-13 08:48:01.869,True,-64.24090551957507,-46.59425480422696,116.36880973851507,-96
2025-08-13 08:48:02.872,True,-64.36577956521633,-46.698012536933774,116.72965124018242,-95
2025-08-13 08:48:03.876,True,-65.13514741104393,-50.17855076495938,117.48668791490185,33
2025-08-13 08:48:04.879,True,-64.80942061120615,-46.5745702566609,116.94202219267649,32
2025-08-13 08:48:05.882,True,-64.07216453065169,-47.049060053932386,115.90689722553698,32
2025-08-13 08:48:06.884,True,-64.2003219541467,-47.17644156746188,115.87885931962973,32
2025-08-13 08:48:07.887,True,-64.92029215929085,-47.56037914560737,116.53428512670368,-96
2025-08-13 08:48:08.891,True,-64.60266575972017,-48.482522045188176,116.41527692939688,-96
2025-08-13 08:48:09.894,True,-66.11530110125977,-48.14873961977583,117.66595411925412,-95
2025-08-13 08:48:10.897,True,-66.656532719929,-46.11257337288616,117.63565543223844,33
2025-08-13 08:48:11.901,True,-66.28340745502979,-49.09260151114805,115.00053165175106,33
2025-08-13 08:48:12.904,True,-66.33950556284145,-49.800144431172825,118.50643674544989,32
2025-08-13 08:48:13.909,True,-64.43378826519321,-54.4086293991886,119.35714683291513,-96
2025-08-13 08:48:14.911,True,-63.086171149768354,-57.03078763851557,117.73630871282643,-95
2025-08-13 08:48:15.914,True,-62.619589330083386,-57.61401178438754,116.57884907443743,-96
2025-08-13 08:48:16.916,True,-63.092967456220336,-54.9401446059699,116.24160076469222,32
2025-08-13 08:48:17.919,True,-63.79223779626093,-51.77656785191407,116.25053850434395,32
2025-08-13 08:48:18.922,True,-64.12824419926392,-49.10798995594108,116.56673236799023,33
2025-08-13 08:48:19.927,True,-64.43643750353714,-46.46551849065367,116.95209176881937,-95
2025-08-13 08:48:20.929,True,-64.50181201765764,-47.83388462681713,117.11990846565067,33
2025-08-13 08:48:21.932,True,-64.40011966223823,-47.694856061144385,117.45441035499617,-96
2025-08-13 08:48:22.934,True,-64.53686862435993,-45.99957618556006,117.91981638276063,-95
2025-08-13 08:48:23.937,True,-64.22361174036136,-46.6145642382537,117.8226458615596,-95
2025-08-13 08:48:24.940,True,-63.77482790035851,-46.16661255599136,117.16723024752626,32
2025-08-13 08:48:25.943,True,-63.79656578647748,-47.739035580060246,116.5211965976305,32
2025-08-13 08:48:26.946,True,-63.78802478763154,-48.19732233845293,116.17709680341902,-96
2025-08-13 08:48:27.948,True,-64.28812291186954,-48.19492400040939,116.85472322191232,-95
2025-08-13 08:48:28.951,True,-63.22826321588699,-48.017097270153116,116.10725053967938,-96
2025-08-13 08:48:29.953,True,-63.513106205018275,-47.70454989896513,116.29223053033704,-96
2025-08-13 08:48:30.958,True,-65.22902467093377,-47.88106263653113,117.69543928776615,32
2025-08-13 08:48:31.960,True,-65.69846167135434,-48.69635082398899,118.31328552273564,33
2025-08-13 08:48:32.962,True,-64.75914885544776,-49.30005687265377,117.25707112881402,-95
2025-08-13 08:48:33.966,True,-64.67803324362762,-49.31128516515739,117.26797260921913,-95
2025-08-13 08:48:34.969,True,-65.93808088999188,-50.06229233044367,118.12673611648336,-96
2025-08-13 08:48:35.971,True,-66.14978821004028,-50.85593510100193,118.37628852152483,-95
2025-08-13 08:48:36.974,True,-66.87435718656856,-49.84207642594277,119.06252524246885,-95
2025-08-13 08:48:37.977,True,-66.492437258117,-50.236800859504086,118.80863973483764,33
2025-08-13 08:48:38.979,True,-66.31988164727252,-49.00448591209348,118.7606229442325,-95
2025-08-13 08:48:39.982,True,-66.16322654484271,-48.18019125360775,118.71562403066767,-95
2025-08-13 08:48:40.984,True,-66.4794332538621,-47.996091259266706,119.13083150392988,-95
2025-08-13 08:48:41.988,True,-66.21831722442786,-48.81194136204599,119.01755151262718,33
2025-08-13 08:48:42.989,True,-67.60267815854563,-48.79621689061692,120.39967551108481,33
2025-08-13 08:48:43.994,True,-67.26941766036165,-49.14869499983022,120.24108079739548,-95
2025-08-13 08:48:44.997,True,-67.04144202111053,-55.68372244982004,119.877853200717,33
2025-08-13 08:48:46.000,True,-67.48191246350271,-50.951412740005644,120.34704015011441,-95
2025-08-13 08:48:47.003,True,-67.00658551134558,-46.502994176269624,120.12710575195426,-95
2025-08-13 08:48:48.005,True,-65.65170527605609,-57.03320695148908,118.18667041885321,-95
2025-08-13 08:48:49.008,True,-66.67280201478778,-55.371969574501136,119.28382824387455,-95
2025-08-13 08:48:50.011,True,-67.00433438061528,-49.79787002386072,119.56895544892154,-95
2025-08-13 08:48:51.013,True,-66.95117442006767,-49.277168899329084,119.52478334755293,33
2025-08-13 08:48:52.016,True,-66.90280940835704,-49.077338398544335,119.48740799056893,-95
2025-08-13 08:48:53.019,True,-66.92983296572915,-49.00104165289393,119.52402774551103,-95
2025-08-13 08:48:54.023,True,-66.92983296572915,-49.00104165289393,119.52402774551103,-95
2025-08-13 08:48:55.025,True,-66.92983296572915,-49.00104165289393,119.52402774551103,-95
2025-08-13 08:48:56.028,True,-66.92983296572915,-49.00104165289393,119.52402774551103,33
2025-08-13 08:48:57.030,True,-66.93661806638853,-48.98978391208624,119.53764310228253,33
2025-08-13 08:48:58.033,True,-66.94086331857658,-48.978035060773806,119.54427317018745,33
2025-08-13 08:48:59.035,True,-66.94257170622868,-48.96579739639398,119.54392170111069,-95
2025-08-13 08:49:00.038,True,-66.94662392011523,-48.96052555224773,119.54770954177161,33
2025-08-13 08:49:01.041,True,-66.94662392011523,-48.96052555224773,119.54770954177161,-95
2025-08-13 08:49:02.042,True,-66.94662392011523,-48.96052555224773,119.54770954177161,-95
2025-08-13 08:49:03.045,True,-66.94662392011523,-48.96052555224773,119.54770954177161,-95
2025-08-13 08:49:04.047,True,-66.94681562946433,-48.95405224538838,119.5505511602378,32
2025-08-13 08:49:05.049,True,-66.94257170622868,-48.96579739639398,119.54392170111069,32
2025-08-13 08:49:06.051,True,-66.94257170622868,-48.96579739639398,119.54392170111069,33
2025-08-13 08:49:07.053,True,-66.94257170622868,-48.96579739639398,119.54392170111069,-95
2025-08-13 08:49:08.055,True,-66.94257170622868,-48.96579739639398,119.54392170111069,32
2025-08-13 08:49:09.057,True,-66.94257170622868,-48.96579739639398,119.54392170111069,33
2025-08-13 08:49:10.059,True,-66.94257170622868,-48.96579739639398,119.54392170111069,-95
2025-08-13 08:49:11.061,True,-66.94257170622868,-48.96579739639398,119.54392170111069,-112
2025-08-13 08:49:12.063,True,-66.94257170622868,-48.96579739639398,119.54392170111069,33
2025-08-13 08:49:13.065,True,-66.93832662192217,-48.97754401362604,119.53729131265466,-112
2025-08-13 08:49:14.068,True,-66.93832662192217,-48.97754401362604,119.53729131265466,33
2025-08-13 08:49:15.072,True,-66.94257170622868,-48.96579739639398,119.54392170111069,-95
2025-08-13 08:49:16.073,True,-67.21649811732611,-48.70208329293519,119.7370138817891,33
2025-08-13 08:49:17.077,True,-67.2144709218034,-48.593510076214805,119.72519535075133,-95
2025-08-13 08:49:18.079,True,-67.2144709218034,-48.593510076214805,119.72519535075133,-96
2025-08-13 08:49:19.081,True,-67.2144709218034,-48.593510076214805,119.72519535075133,-95
2025-08-13 08:49:20.083,True,-67.2144709218034,-48.593510076214805,119.72519535075133,33
2025-08-13 08:49:21.088,True,-67.2144709218034,-48.593510076214805,119.72519535075133,-95
2025-08-13 08:49:22.091,True,-67.2144709218034,-48.593510076214805,119.72519535075133,-95
2025-08-13 08:49:23.092,True,-67.2144709218034,-48.593510076214805,119.72519535075133,-95
2025-08-13 08:49:24.094,True,-67.2144709218034,-48.593510076214805,119.72519535075133,33
2025-08-13 08:49:25.096,True,-67.2144709218034,-48.593510076214805,119.72519535075133,-95
2025-08-13 08:49:26.098,True,-67.2144709218034,-48.593510076214805,119.72519535075133,33
2025-08-13 08:49:27.100,True,-67.2144709218034,-48.593510076214805,119.72519535075133,33
2025-08-13 08:49:28.524,True,-67.21696216000808,-48.59396575341811,119.7321208061344,-95
2025-08-13 08:49:29.526,True,-67.2310676858624,-48.553108615030666,119.7486602574043,-95
2025-08-13 08:49:30.528,True,-67.22285913856803,-48.5700927670115,119.73835147570169,-95
2025-08-13 08:49:31.530,True,-67.22115585585532,-48.5822556371036,119.73869809665212,33
2025-08-13 08:49:32.532,True,-67.22115585585532,-48.5822556371036,119.73869809665212,-95
2025-08-13 08:49:33.534,True,-67.05255028428232,-48.56929345321147,119.53249614187553,-95
2025-08-13 08:49:34.537,True,-64.45100095636987,-48.46666491902497,116.58527965943514,-95
2025-08-13 08:49:35.538,True,-62.20211059598502,-48.17026893339139,114.7449464819448,-95
2025-08-13 08:49:36.540,True,-62.597461332016145,-48.27731377826452,114.99614726737107,33
2025-08-13 08:49:37.542,True,-64.40974848038236,-47.92883664427236,116.6962351512105,-95
2025-08-13 08:49:38.546,True,-66.69656554668317,-47.671290862466975,119.09593611057988,33
2025-08-13 08:49:39.549,True,-67.37859974402701,-47.633904118657796,119.95852381649027,-95
2025-08-13 08:49:40.551,True,-66.9424544686074,-47.72283374399445,119.62915262101266,-95
2025-08-13 08:49:41.553,True,-66.9424544686074,-47.72283374399445,119.62915262101266,-95
2025-08-13 08:49:42.555,True,-66.9424544686074,-47.72283374399445,119.62915262101266,-95
2025-08-13 08:49:43.557,True,-66.9424544686074,-47.72283374399445,119.62915262101266,-95
2025-08-13 08:49:44.560,True,-66.9424544686074,-47.72283374399445,119.62915262101266,33
2025-08-13 08:49:45.562,True,-66.94669371133446,-47.71124396796973,119.63578051305768,33
2025-08-13 08:49:46.564,True,-66.94669371133446,-47.71124396796973,119.63578051305768,33
2025-08-13 08:49:47.565,True,-66.94669371133446,-47.71124396796973,119.63578051305768,-95
2025-08-13 08:49:48.567,True,-66.9424544686074,-47.72283374399445,119.62915262101266,33
2025-08-13 08:49:49.569,True,-66.9424544686074,-47.72283374399445,119.62915262101266,-95
2025-08-13 08:49:50.571,True,-66.9424544686074,-47.72283374399445,119.62915262101266,33
2025-08-13 08:49:51.574,True,-66.94083640122943,-47.72852361406033,119.63226604183055,33
2025-08-13 08:49:52.576,True,-66.9424544686074,-47.72283374399445,119.62915262101266,-95
2025-08-13 08:49:53.578,True,-66.45805728459733,-45.393177080114455,119.26076304631265,-95
2025-08-13 08:49:54.580,True,-66.73399595146844,-47.15477893845371,118.77832380422032,-95
2025-08-13 08:49:55.582,True,-66.688720337785,-50.83881198520549,117.44301289277429,33
2025-08-13 08:49:56.585,True,-66.54254478990666,-53.42700863271661,117.14279107288148,-95
2025-08-13 08:49:57.587,True,-66.66398263307302,-53.23396184595348,117.24889330634475,33
2025-08-13 08:49:58.589,True,-66.92203058103462,-51.74105608643869,117.49078974647965,33
2025-08-13 08:49:59.591,True,-66.94883328115077,-51.55160504102481,117.50922437504855,-95
2025-08-13 08:50:00.593,True,-66.94883328115077,-51.55160504102481,117.50922437504855,33
2025-08-13 08:50:01.595,True,-66.94883328115077,-51.55160504102481,117.50922437504855,-95
2025-08-13 08:50:02.597,True,-66.94883328115077,-51.55160504102481,117.50922437504855,-95
2025-08-13 08:50:03.600,True,-66.94883328115077,-51.55160504102481,117.50922437504855,-95
2025-08-13 08:50:04.602,True,-66.94883328115077,-51.55160504102481,117.50922437504855,33
2025-08-13 08:50:05.604,True,-66.94883328115077,-51.55160504102481,117.50922437504855,33
2025-08-13 08:50:06.606,True,-66.94883328115077,-51.55160504102481,117.50922437504855,-95
2025-08-13 08:50:07.608,True,-66.94883328115077,-51.55160504102481,117.50922437504855,-95
2025-08-13 08:50:08.610,True,-66.94883328115077,-51.55160504102481,117.50922437504855,-95
2025-08-13 08:50:09.612,True,-66.94883328115077,-51.55160504102481,117.50922437504855,-95
2025-08-13 08:50:10.615,True,-66.94883328115077,-51.55160504102481,117.50922437504855,-95
2025-08-13 08:50:11.617,True,-66.94883328115077,-51.55160504102481,117.50922437504855,33
2025-08-13 08:50:12.619,True,-66.94730117800802,-51.55742919250324,117.51240866496124,33
2025-08-13 08:50:13.621,True,-66.95469223360907,-51.539002215667765,117.52908771747751,-95
2025-08-13 08:50:14.623,True,-66.95469223360907,-51.539002215667765,117.52908771747751,-95
2025-08-13 08:50:15.625,True,-66.95469223360907,-51.539002215667765,117.52908771747751,33
2025-08-13 08:50:16.627,True,-66.97258248904136,-51.539386563966445,117.55151178354608,33
2025-08-13 08:50:17.630,True,-66.95469223360907,-51.539002215667765,117.52908771747751,33
2025-08-13 08:50:18.632,True,-66.95316171280979,-51.54482612677933,117.53227344310197,33
2025-08-13 08:50:19.635,True,-66.95469223360907,-51.539002215667765,117.52908771747751,-95
2025-08-13 08:50:20.638,True,-66.95469223360907,-51.539002215667765,117.52908771747751,-95
2025-08-13 08:50:21.640,True,-66.97258248904136,-51.539386563966445,117.55151178354608,33
2025-08-13 08:50:22.641,True,-66.94870139568134,-51.55695200009426,117.52552688155107,-95
2025-08-13 08:50:23.644,True,-66.95023179761104,-51.551127223195586,117.52234119388947,33
2025-08-13 08:50:24.646,True,-66.95023179761104,-51.551127223195586,117.52234119388947,-95
2025-08-13 08:50:25.648,True,-66.95023179761104,-51.551127223195586,117.52234119388947,33
2025-08-13 08:50:26.650,True,-66.94870139568134,-51.55695200009426,117.52552688155107,-95
2025-08-13 08:50:27.654,True,-66.95023179761104,-51.551127223195586,117.52234119388947,-95
2025-08-13 08:50:28.656,True,-67.08857240876213,-51.42168395911628,117.61735699306837,33
2025-08-13 08:50:29.658,True,-61.26376905668687,-51.541673503460544,111.720982229413,-95
2025-08-13 08:50:30.660,True,-50.291624879020084,-49.89988830857113,104.187430110747,-95
2025-08-13 08:50:31.662,True,-61.30482499638456,-50.35499912360314,113.44277086022943,-95
2025-08-13 08:50:32.663,True,-64.05788659411215,-50.451043810927175,116.01515464985043,33
2025-08-13 08:50:33.666,True,-64.11779900161845,-50.44063454242004,116.02333188802913,33
2025-08-13 08:50:34.669,True,-64.12275747840728,-50.428805560335675,116.03059149421826,-95
2025-08-13 08:50:35.671,True,-64.12275747840728,-50.428805560335675,116.03059149421826,-95
2025-08-13 08:50:36.674,True,-64.10158722223919,-50.439893217407686,116.01415217827292,-95
2025-08-13 08:50:37.676,True,-64.11988918417875,-50.428236637334855,116.02300405731457,-95
2025-08-13 08:50:38.680,True,-64.14784877456329,-50.39949983971393,116.04380780422338,-95
2025-08-13 08:50:39.681,True,-64.14784877456329,-50.39949983971393,116.04380780422338,33
2025-08-13 08:50:40.683,True,-64.15095927896577,-50.39349770603405,116.05394588251235,-95
2025-08-13 08:50:41.686,True,-64.1559095919559,-50.38167445977804,116.06119868937203,33
2025-08-13 08:50:42.689,True,-64.19901077851391,-50.3472960623851,116.0806599508089,-95
2025-08-13 08:50:43.691,True,-64.19925476454321,-50.34073399174762,116.08321784142711,-95
2025-08-13 08:50:44.693,True,-64.19925476454321,-50.34073399174762,116.08321784142711,33
2025-08-13 08:50:45.696,True,-64.19925476454321,-50.34073399174762,116.08321784142711,-95
2025-08-13 08:50:46.698,True,-64.16212269517136,-50.34079084575455,116.08606704338766,33
2025-08-13 08:50:47.700,True,-64.15901834487568,-50.34678832241622,116.0759332670152,-95
2025-08-13 08:50:48.703,True,-64.15901834487568,-50.34678832241622,116.0759332670152,-95
2025-08-13 08:50:49.705,True,-64.15566328200757,-50.38824085493022,116.05864126156024,-95
2025-08-13 08:50:50.708,True,-64.14289532501813,-50.41132552356862,116.03655282649717,33
2025-08-13 08:50:51.710,True,-64.14289532501813,-50.41132552356862,116.03655282649717,33
2025-08-13 08:50:52.712,True,-64.14473757299733,-50.40550273352349,116.03366947363145,33
2025-08-13 08:50:53.714,True,-64.14969097068719,-50.39367783264581,116.04092429168531,-95
2025-08-13 08:50:54.716,True,-64.14969097068719,-50.39367783264581,116.04092429168531,33
2025-08-13 08:50:55.718,True,-64.14498438014692,-50.39893394729092,116.0362250092047,-95
2025-08-13 08:50:56.719,True,-64.14498438014692,-50.39893394729092,116.0362250092047,33
2025-08-13 08:50:57.722,True,-64.13691639073905,-50.41676247049696,116.01882803828401,-95
2025-08-13 08:50:58.724,True,-64.12515638748708,-50.446243116097854,116.00719232795421,33
2025-08-13 08:50:59.726,True,-64.0838187729411,-50.474812449106146,115.98475913480071,-95
2025-08-13 08:51:00.729,True,-64.01441443438036,-50.5685859506967,115.91573250210237,-95
2025-08-13 08:51:01.731,True,-63.98818659499694,-50.59151415976574,115.8919270937749,33
2025-08-13 08:51:02.733,True,-63.98818659499694,-50.59151415976574,115.8919270937749,33
2025-08-13 08:51:03.735,True,-63.98818659499694,-50.59151415976574,115.8919270937749,-95
2025-08-13 08:51:04.737,True,-63.727459730748286,-50.7140763341007,115.6269873647594,-95
2025-08-13 08:51:05.739,True,-63.8364081539895,-50.691048506758754,115.70529556090634,-95
2025-08-13 08:51:06.741,True,-64.09672929420827,-50.680653460216384,115.88572022268187,33
2025-08-13 08:51:07.743,True,-64.09672929420827,-50.680653460216384,115.88572022268187,33
2025-08-13 08:51:08.745,True,-64.09672929420827,-50.680653460216384,115.88572022268187,33
2025-08-13 08:51:09.747,True,-64.17714992243312,-47.309180961306446,116.05580275820215,33
2025-08-13 08:51:10.749,True,-64.85403804298652,-42.26990561670082,116.30804966408839,-95
2025-08-13 08:51:11.751,True,-64.67380784606354,-42.427366851292085,116.18443514419987,33
2025-08-13 08:51:12.753,True,-64.52399227609685,-42.74336045457656,116.87911692149409,-95
2025-08-13 08:51:13.755,True,-64.78436072942053,-43.52820941887086,118.10945793117837,-95
2025-08-13 08:51:14.758,True,-67.5518252412268,-46.50715518738089,120.73455763255492,-95
2025-08-13 08:51:15.761,True,-65.99344071984663,-47.33500792202945,119.88332747820388,33
2025-08-13 08:51:16.763,True,-66.54879178498473,-46.3085672059091,122.62931098907482,33
2025-08-13 08:51:17.765,True,-64.03365633179834,-47.12344494063857,126.5437884482729,-95
2025-08-13 08:51:18.767,True,-61.778326345154476,-45.82368770175596,136.6227327185232,33
2025-08-13 08:51:19.769,True,-62.22342010139394,-46.13608154566283,154.39894741458858,-95
2025-08-13 08:51:20.771,True,-63.47421009608004,-47.76285434965895,171.450597596839,33
2025-08-13 08:51:21.774,True,-66.68141794385005,-48.208541263116025,-167.49369890456794,33
2025-08-13 08:51:22.776,True,-68.17911449996306,-46.563089661274475,-161.7325827692143,33
2025-08-13 08:51:23.778,True,-68.85576128959111,-45.71528651393086,-156.00659168213477,33
2025-08-13 08:51:24.781,True,-67.56330072340891,-45.839976712215126,-155.04455706539153,-95
2025-08-13 08:51:25.783,True,-67.44040105648622,-45.84662369433811,-154.742433590196,-95
2025-08-13 08:51:26.784,True,-67.54212606269661,-47.5947792256716,-154.53467639201384,-95
2025-08-13 08:51:27.786,True,-66.76565779082976,-46.946729290367905,-155.36426123872602,-95
2025-08-13 08:51:28.789,True,-68.39334190760178,-47.62216116975805,-153.98184886681642,-95
2025-08-13 08:51:29.793,True,-70.8713846588516,-48.24804162606097,-152.1979898738488,33
2025-08-13 08:51:30.796,True,-68.57676272716617,-46.39846799952312,-154.60236202200727,-95
2025-08-13 08:51:31.798,True,-68.91858621496716,-47.45419276549459,-154.54440315270824,-95
2025-08-13 08:51:32.800,True,-68.96635475194437,-48.00368183755956,-154.58410064443865,-95
2025-08-13 08:51:33.802,True,-68.63458914200302,-48.19733258526486,-154.74320926784176,33
2025-08-13 08:51:34.804,True,-68.26897087008662,-47.93922614294549,-154.7712122377423,33
2025-08-13 08:51:35.806,True,-67.20018346530094,-47.36197433736514,-155.41835581438357,33
2025-08-13 08:51:36.808,True,-68.27905595994372,-47.84335381337667,-154.36930690383457,33
2025-08-13 08:51:37.811,True,-68.49135487245375,-47.2406462820359,-154.02865511862217,-95
2025-08-13 08:51:38.813,True,-67.32118860333641,-48.449216602223295,-154.9045579249622,-95
2025-08-13 08:51:39.815,True,-67.38676638367758,-48.40638917070246,-154.67500765285956,-95
2025-08-13 08:51:40.817,True,-68.49480328573836,-48.033566321064896,-153.72758862348434,33
2025-08-13 08:51:41.819,True,-67.91384758342845,-47.858745804205235,-153.94387002892532,33
2025-08-13 08:51:42.826,True,-68.87174570779938,-47.46085931504356,-152.81511213028952,33
2025-08-13 08:51:43.828,True,-68.23167047918989,-45.9935480431883,-152.59971231589543,-95
2025-08-13 08:51:44.830,True,-69.66450322792915,-44.976351179081085,-149.94364252308307,-95
2025-08-13 08:51:45.833,True,-65.50282025435939,-45.24061214526436,-153.05845998720798,33
2025-08-13 08:51:46.836,True,-63.482031819753594,-46.92702058034567,-155.83396975476185,-95
2025-08-13 08:51:47.839,True,-64.7240199634036,-46.66930205962377,-156.41044273996394,33
2025-08-13 08:51:48.841,True,-67.6254540228734,-46.07244885717542,-154.84709641066024,-95
2025-08-13 08:51:49.842,True,-68.41527682081023,-45.9276334106596,-154.30301021374854,-95
2025-08-13 08:51:50.844,True,-69.15133260554312,-45.6179579666578,-154.12125865624205,-95
2025-08-13 08:51:51.846,True,-68.8255967407419,-49.06701595330336,-154.17255330994107,-95
2025-08-13 08:51:52.848,True,-66.97484512525992,-49.50283237857441,-155.20728821450166,-95
2025-08-13 08:51:53.850,True,-66.17326329612743,-50.122791803156744,-155.45558552856014,-95
2025-08-13 08:51:54.852,True,-66.0133224092148,-53.95398694577312,-155.8463011276236,33
2025-08-13 08:51:55.854,True,-67.249777886701,-56.778211480600554,-155.0226576207649,-95
2025-08-13 08:51:56.857,True,-67.61018159750566,-53.19419998651506,-154.5829173322828,-95
2025-08-13 08:51:57.859,True,-67.81937144109794,-50.89485566469915,-154.38194975086674,-95
2025-08-13 08:51:58.861,True,-67.80770255527304,-49.56615335294246,-154.3966108975942,33
2025-08-13 08:51:59.863,True,-67.80085648378515,-48.79617736042293,-154.408460192971,-95
2025-08-13 08:52:00.865,True,-67.7836146566069,-48.56877606715682,-154.42185414787247,33
2025-08-13 08:52:01.868,True,-67.79525216756913,-48.42307208653358,-154.4150143147205,33
2025-08-13 08:52:02.869,True,-67.79525216756913,-48.42307208653358,-154.4150143147205,-95
2025-08-13 08:52:03.872,True,-67.78212882203368,-48.426920887349915,-154.4229123230215,-95
2025-08-13 08:52:04.875,True,-67.79058545608721,-48.43523639873132,-154.4189132036302,33
2025-08-13 08:52:05.877,True,-67.78212882203368,-48.426920887349915,-154.4229123230215,33
2025-08-13 08:52:06.880,True,-67.78212882203368,-48.426920887349915,-154.4229123230215,-95
2025-08-13 08:52:07.883,True,-67.74787522106075,-48.44340333035945,-154.45453798955626,33
2025-08-13 08:52:08.885,True,-67.73942192421151,-48.4350851954681,-154.45853723000369,33
2025-08-13 08:52:09.888,True,-67.73942192421151,-48.4350851954681,-154.45853723000369,33
2025-08-13 08:52:10.890,True,-67.73942192421151,-48.4350851954681,-154.45853723000369,-95
2025-08-13 08:52:11.893,True,-67.73942192421151,-48.4350851954681,-154.45853723000369,33
2025-08-13 08:52:12.896,True,-67.73942192421151,-48.4350851954681,-154.45853723000369,33
2025-08-13 08:52:13.901,True,-67.73942192421151,-48.4350851954681,-154.45853723000369,33
2025-08-13 08:52:14.903,True,-67.73942192421151,-48.4350851954681,-154.45853723000369,33
2025-08-13 08:52:15.906,True,-67.68149474670484,-46.424569447087194,-154.45039614736143,-95
2025-08-13 08:52:16.909,True,-67.66884945556588,-46.19005502897359,-154.4624693154364,-95
2025-08-13 08:52:17.912,True,-67.75120671908218,-47.189016487791214,-154.42452536431844,-95
2025-08-13 08:52:18.915,True,-60.801231889886964,-47.511260509186485,-161.80325068826616,-95
2025-08-13 08:52:19.917,True,-60.66141181057807,-48.150070460951866,-163.3109284990663,33
2025-08-13 08:52:20.920,True,-73.86823025458075,-58.54738782465805,-177.96908687655326,33
2025-08-13 08:52:21.922,True,-91.6020043680664,-47.670218874955616,-151.28104366579103,33
2025-08-13 08:52:22.925,True,-92.14901551650979,-33.76753358427495,-154.36202572343413,-95
2025-08-13 08:52:23.928,True,-94.9573305764301,-38.56719459678936,-154.8825201635572,33
2025-08-13 08:52:24.931,True,-90.84558240863313,-34.36635894667651,-156.78595559422226,-95
2025-08-13 08:52:25.933,True,-91.53406687700877,-35.381287127024066,-156.50973922387473,-95
2025-08-13 08:52:26.937,True,-89.14399966470727,-35.886849710483894,-158.51258738451915,33
2025-08-13 08:52:27.942,True,-90.55314147257609,-37.1161844553551,-157.3049008424433,33
2025-08-13 08:52:28.945,True,-91.94096160424,-38.771101382334635,-155.48138550018876,-95
2025-08-13 08:52:29.947,True,-90.6878257593382,-38.33286397389825,-156.30829156861356,33
2025-08-13 08:52:30.950,True,-89.66135555793299,-39.976536336965786,-157.05031726922567,33
2025-08-13 08:52:31.952,True,-89.27224047449181,-40.11073375155032,-157.75335416363404,-95
2025-08-13 08:52:32.953,True,-88.97675805132533,-40.44344745140642,-158.04191467102456,33
2025-08-13 08:52:33.957,True,-89.18428886272837,-40.62706072292208,-157.97995916131865,33
2025-08-13 08:52:34.962,True,-89.02430838129726,-38.41158322569215,-158.13354832122138,33
2025-08-13 08:52:35.965,True,-88.51556742637847,-37.76142911348862,-158.70197786777896,-95
2025-08-13 08:52:36.968,True,-89.56871076678388,-37.11460789740424,-158.23462540046216,-95
2025-08-13 08:52:37.970,True,-92.35218470207558,-37.467955712852614,-158.69854336546157,-95
2025-08-13 08:52:38.973,True,-89.64830262508448,-37.64536009174235,-160.91219535589545,-95
2025-08-13 08:52:39.975,True,-84.54882613111448,-38.14716258079014,-171.21190688428322,-95
2025-08-13 08:52:40.978,True,-83.77737336525274,-37.96936823913152,-171.3571403966412,33
2025-08-13 08:52:41.981,True,-83.5274739016173,-37.82161224716929,-171.7961908065923,33
2025-08-13 08:52:42.985,True,-82.56487041740117,-36.57022104416069,-174.08812267948144,-95
2025-08-13 08:52:43.987,True,-83.28941666408225,-37.357273096318224,-176.4912463056573,-95
2025-08-13 08:52:44.989,True,-81.44708651723225,-35.74594112619105,176.819521665042,33
2025-08-13 08:52:45.992,True,-81.6325827041852,-35.93263212550394,167.06453501363438,-95
2025-08-13 08:52:46.995,True,-79.93334955280483,-34.32172909726498,152.78365448493247,33
2025-08-13 08:52:47.998,True,-76.86978184090474,-34.789411343055896,139.0644746160678,33
2025-08-13 08:52:49.001,True,-77.12711948749543,-35.853128045086656,123.25036515298346,33
2025-08-13 08:52:50.005,True,-77.42404964553604,-35.76545391735932,109.10881041040147,-95
2025-08-13 08:52:51.007,True,-77.47365250653108,-35.585544355848505,94.04137897219475,-95
2025-08-13 08:52:52.009,True,-78.2272138013882,-36.18243640507676,80.4291369499008,-95
2025-08-13 08:52:53.012,True,-79.99918442388153,-38.099657022416935,77.33688638301547,-95
2025-08-13 08:52:54.014,True,-81.47214113091766,-38.17057048752239,77.76003284838677,33
2025-08-13 08:52:55.018,True,-81.77178576193626,-39.176057575313536,78.00405177838627,33
2025-08-13 08:52:56.021,True,-77.19830377022343,-47.23016190399488,75.0258781717653,33
2025-08-13 08:52:57.024,True,-78.83155986971488,-44.377635069706386,76.26677418484125,-95
2025-08-13 08:52:58.026,True,-80.38778253104859,-40.9072416841682,77.27747352802106,33
2025-08-13 08:52:59.029,True,-80.62990180232426,-40.19569415398506,77.4343107592806,-95
2025-08-13 08:53:00.030,True,-80.69239755016054,-39.99550441079292,77.47237633644552,-95
2025-08-13 08:53:01.033,True,-80.66991217158157,-39.98848430029059,77.47162128617815,-95
2025-08-13 08:53:02.035,True,-80.68170454443634,-39.99200680225799,77.48893784026023,33
2025-08-13 08:53:03.037,True,-80.67077635514227,-39.9856422494386,77.47791388599613,33
2025-08-13 08:53:04.040,True,-81.10583409944968,-38.92683356546436,77.75644970902366,-95
2025-08-13 08:53:05.043,True,-81.25274553891487,-38.26554097745499,77.8885454621514,-95
2025-08-13 08:53:06.045,True,-81.3614812999697,-37.86445475300804,77.94746500992568,-95
2025-08-13 08:53:07.047,True,-82.54444665668429,-35.37536665754972,78.81453397675857,33
2025-08-13 08:53:08.049,True,-81.27561122085505,-37.21931185021122,78.57009818072876,-95
2025-08-13 08:53:09.051,True,-80.70467212367618,-39.42547346076327,78.70265729545366,33
2025-08-13 08:53:10.053,True,-80.23664615891424,-40.68567904290265,78.51697754115358,33
2025-08-13 08:53:11.056,True,-79.48765000316536,-41.34777488494838,78.25559246658419,33
2025-08-13 08:53:12.058,True,-80.24702418757863,-40.24584187547579,78.5134078581933,33
2025-08-13 08:53:13.060,True,-81.07681381952908,-38.19099801357382,78.7564932879598,-95
2025-08-13 08:53:14.063,True,-81.93313058165062,-37.123691891180876,79.17124043167406,33
2025-08-13 08:53:15.069,True,-81.25746874739458,-38.624402964776344,78.5955705463962,33
2025-08-13 08:53:16.070,True,-80.76179446629268,-39.61998966703956,78.25300795673904,-95
2025-08-13 08:53:17.072,True,-80.4029893244238,-40.45503595080243,77.81008993885284,33
2025-08-13 08:53:18.075,True,-78.44586778266599,-42.61314800589325,76.17196998872622,-95
2025-08-13 08:53:19.076,True,-79.91047102362498,-41.44542817136696,76.90446851161204,-95
2025-08-13 08:53:20.078,True,-80.03262069229416,-42.01670456367514,76.97917536087807,-95
2025-08-13 08:53:21.080,True,-81.32898094485066,-39.31166407301435,77.73310237599391,33
2025-08-13 08:53:22.083,True,-81.54657434227992,-38.81451759830529,77.8225517917227,33
2025-08-13 08:53:23.085,True,-80.85346304455015,-40.44359048634416,77.20332743173903,-95
2025-08-13 08:53:24.087,True,-80.47601452375349,-41.1317850385607,76.8685104932297,-95
2025-08-13 08:53:25.089,True,-81.42644105142388,-39.105853095521645,77.40007524310957,-95
2025-08-13 08:53:26.090,True,-81.6241767520119,-38.69862336122597,77.50313348655071,-95
2025-08-13 08:53:27.092,True,-81.70004952165384,-38.61760537701619,77.49521186452093,-95
2025-08-13 08:53:28.094,True,-81.90755388258894,-38.37300487816781,77.59394050563326,33
2025-08-13 08:53:29.096,True,-81.72037361870466,-38.39921571711848,77.43469601828988,-95
2025-08-13 08:53:30.099,True,-81.38227216150644,-38.848932531911665,77.1814955145192,33
2025-08-13 08:53:31.100,True,-81.53341619111954,-38.844732866234274,77.21186698545822,-95
2025-08-13 08:53:32.102,True,-81.33453963505785,-38.909631202910504,77.11836398691948,33
2025-08-13 08:53:33.104,True,-81.65211876398187,-38.990210451878006,77.11383769585707,33
2025-08-13 08:53:34.108,True,-81.56633002836338,-39.08436904987221,77.01885773365565,33
2025-08-13 08:53:35.111,True,-81.2741059724289,-39.537081611890684,76.80628058949011,-95
2025-08-13 08:53:36.113,True,-81.3073061440417,-39.46012813234993,76.7723918348282,33
2025-08-13 08:53:37.115,True,-81.47038586260896,-39.23913359521425,76.81628327220041,-95
2025-08-13 08:53:38.117,True,-81.30910708237438,-39.55371597445756,76.7376502655952,33
2025-08-13 08:53:39.119,True,-82.21074463920026,-39.03630102395254,77.38273797999564,-95
2025-08-13 08:53:40.121,True,-81.94577000479195,-38.99900628312612,77.17732770106933,-95
2025-08-13 08:53:41.123,True,-81.8475738989943,-39.30170533744281,77.04130299121454,-95
2025-08-13 08:53:42.125,True,-79.35576394488743,-44.43254455252988,75.31037066539542,-95
2025-08-13 08:53:43.128,True,-80.4982652276495,-41.719447539991144,76.11821574892765,-95
2025-08-13 08:53:44.130,True,-81.0942658907916,-40.186184037352234,76.51822341502537,-95
2025-08-13 08:53:45.132,True,-80.71724451956193,-39.6275586424336,76.41515627828709,33
2025-08-13 08:53:46.134,True,-79.68114810138847,-40.54127201952132,77.07825111089068,33
2025-08-13 08:53:47.136,True,-81.7821019157127,-38.546992481367916,84.17581679869593,-95
2025-08-13 08:53:48.139,True,-82.79499459658275,-35.56324797049884,93.92401786611218,-95
2025-08-13 08:53:49.681,True,-81.67993183866854,-31.654877792074675,93.21439806878749,-95
2025-08-13 08:53:50.684,True,-80.16565479560956,-32.415266161893946,85.12197086898107,-95
2025-08-13 08:53:51.686,True,-79.75284875467823,-33.28322086398163,80.55652401528258,33
2025-08-13 08:53:52.689,True,-79.06763953754474,-37.58646295601982,77.28712278125285,33
2025-08-13 08:53:53.691,True,-80.27660999375922,-39.83162995189111,77.36032756962975,-95
2025-08-13 08:53:54.693,True,-78.95638902075773,-42.69041522633202,76.75876796452822,-95
2025-08-13 08:53:55.696,True,-75.87954809023289,-46.522343193298866,74.10650835560028,-95
2025-08-13 08:53:56.698,True,-77.02597227170696,-45.84477420074155,73.78069288841473,-95
2025-08-13 08:53:57.701,True,-78.2365110415192,-42.97001105255045,74.14737868956654,-95
2025-08-13 08:53:58.705,True,-77.80313073381187,-41.98212631908953,74.45138822466387,33
2025-08-13 08:53:59.707,True,-80.46881231079388,-40.620559001658116,74.42952464476963,33
2025-08-13 08:54:00.710,True,-83.43693123559616,-40.52198692310761,74.8634083407099,-95
2025-08-13 08:54:01.713,True,-83.71864237818895,-39.941588027307176,74.73624148958693,-95
2025-08-13 08:54:02.716,True,-84.36567544057559,-39.131167227235714,74.37505182514099,-95
2025-08-13 08:54:07.107,True,-85.73919840278334,-37.399466268985734,57.44454795433335,-95
2025-08-13 08:54:08.109,True,-86.01721936954476,-37.040379785513686,58.65108265749521,-95
2025-08-13 08:54:09.111,True,-85.76379350713644,-37.58508873616164,61.623944705750915,-95
2025-08-13 08:54:10.113,True,-85.99832156797551,-38.594370260437586,65.88354152841316,-95
2025-08-13 08:54:11.116,True,-86.3212219612409,-38.90878855723207,70.20203410209626,33
2025-08-13 08:54:12.118,True,-85.12246454812572,-40.56524234383394,72.34524388859745,-95
2025-08-13 08:54:13.120,True,-84.84668355643726,-41.08034461002961,73.1613127280701,33
2025-08-13 08:54:14.122,True,-84.82876750590268,-41.17381621804459,73.2296879063276,-95
2025-08-13 08:54:15.124,True,-85.20295319671847,-39.84360103602884,73.45906814799442,-95
2025-08-13 08:54:16.128,True,-85.1920106862421,-39.299724903585805,73.476779968611,-112
2025-08-13 08:54:17.130,True,-84.69562170045224,-39.826532047645344,73.47229169228193,33
2025-08-13 08:54:18.133,True,-86.6637576453147,-39.007012132083645,74.74696590357182,-95
2025-08-13 08:54:19.134,True,-86.9781762874289,-38.76390879414637,74.87839618814148,-95
2025-08-13 08:54:20.136,True,-86.97408102583347,-38.78417330564278,74.86968042073153,-95
2025-08-13 08:54:21.139,True,-86.97435849464429,-38.78086238669057,74.87534166696459,-95
2025-08-13 08:54:22.141,True,-86.97068611520326,-38.772636135925175,74.86570193901633,-95
2025-08-13 08:54:23.143,True,-86.97435849464429,-38.78086238669057,74.87534166696459,33
2025-08-13 08:54:24.146,True,-86.97461065724077,-38.74711905477105,74.87387231712893,33
2025-08-13 08:54:25.149,True,-86.97132533878107,-38.727022651566664,74.87501358351425,-95
2025-08-13 08:54:26.151,True,-86.97132533878107,-38.727022651566664,74.87501358351425,33
2025-08-13 08:54:27.153,True,-86.97132533878107,-38.727022651566664,74.87501358351425,33
2025-08-13 08:54:28.156,True,-86.97132533878107,-38.727022651566664,74.87501358351425,33
2025-08-13 08:54:29.158,True,-86.97132533878107,-38.727022651566664,74.87501358351425,33
2025-08-13 08:54:30.161,True,-87.24420801244284,-38.013647682955366,75.05048047485383,33
2025-08-13 08:54:31.164,True,-87.23612261930606,-37.85830691796713,75.05079968110722,33
2025-08-13 08:54:32.166,True,-87.54460555648305,-37.10583919392606,75.24185890640601,-95
2025-08-13 08:54:33.168,True,-87.6089032685108,-37.13711858281395,75.32998863055433,-95
2025-08-13 08:54:34.170,True,-87.6139333128345,-36.99623969852275,75.51646702707299,-95
2025-08-13 08:54:35.172,True,-87.76601410495223,-37.15472745916046,75.91570385883087,-95
2025-08-13 08:54:36.174,True,-87.43975899965048,-37.747294452627614,75.90778523125638,-95
2025-08-13 08:54:37.177,True,-86.93283958405037,-40.487712505813604,75.67407944912675,33
2025-08-13 08:54:38.179,True,-87.35899282710253,-38.86459000982793,75.98625062456901,33
2025-08-13 08:54:39.182,True,-87.39525930650503,-38.91684896074075,75.95882015621545,33
2025-08-13 08:54:40.185,True,-86.55897337041128,-38.17988286092837,75.35218372576793,-95
2025-08-13 08:54:41.186,True,-87.18057696356905,-36.085609329886196,75.3916005786685,33
2025-08-13 08:54:42.189,True,-88.57789739729829,-32.05527389853995,76.3725558305431,-95
2025-08-13 08:54:43.191,True,-88.62602902911833,-31.878659092528753,76.85402415589418,33
2025-08-13 08:54:44.194,True,-88.42629483160215,-34.58620958074498,78.33029145617469,-95
2025-08-13 08:54:45.196,True,-84.10823166380176,-40.768601490900416,74.97576490975962,33
2025-08-13 08:54:46.198,True,-83.61990955079754,-42.13600935669338,72.35278493000504,-95
2025-08-13 08:54:47.200,True,-84.77683202150749,-39.727945186637086,72.15931543860448,-95
2025-08-13 08:54:48.202,True,-85.61497929744537,-36.85634369735547,72.1748066265771,-95
2025-08-13 08:54:49.203,True,-86.87367581672285,-32.27497478410803,71.33622472214275,-95
2025-08-13 08:54:50.205,True,-87.83066977467571,-31.82900657267268,70.90462360528257,-95
2025-08-13 08:54:51.207,True,-88.59856339694397,-31.991985265335757,72.2801909661948,-95
2025-08-13 08:54:52.209,True,-88.6386016288992,-33.33231014886219,73.58777612397921,-95
2025-08-13 08:54:53.211,True,-88.46525844246844,-33.250025245116106,74.16789848619533,33
2025-08-13 08:54:54.214,True,-88.6938874841436,-32.55319963392405,74.5137945044085,33
2025-08-13 08:54:55.216,True,-87.54191671957192,-33.956605497077426,73.3994251254613,-95
2025-08-13 08:54:56.219,True,-86.62730288653562,-36.33540741289415,71.66495113469391,-95
2025-08-13 08:54:57.221,True,-86.4215149261531,-38.560435178812575,70.94923356236971,-95
2025-08-13 08:54:58.224,True,-86.74478192181887,-39.896552799187454,70.87900131767164,-95
2025-08-13 08:54:59.226,True,-86.62524782663613,-41.70631935414374,70.87451860817568,-95
2025-08-13 08:55:00.228,True,-85.29934328116397,-44.36289841536673,70.27044872940951,33
2025-08-13 08:55:01.230,True,-84.42038717233712,-45.176668237023,69.66273093337308,33
2025-08-13 08:55:02.232,True,-84.51203115095664,-45.10985268009735,69.67526008299645,-95
2025-08-13 08:55:03.234,True,-85.29545891408247,-43.13531727967586,70.18093726822961,-95
2025-08-13 08:55:04.236,True,-86.13084180671147,-40.87460783802692,70.6572447393659,-95
2025-08-13 08:55:05.238,True,-86.66682370505677,-39.3925074889682,70.97778973927633,33
2025-08-13 08:55:06.241,True,-87.35993383454037,-37.53208507277416,71.30173527590236,33
2025-08-13 08:55:07.243,True,-87.48459072356843,-37.0238165615222,71.30715328061738,-95
2025-08-13 08:55:08.244,True,-87.44509172816004,-37.039358850840905,71.3301457489512,33
2025-08-13 08:55:09.246,True,-87.36200585797386,-37.20889940183254,71.30903406624657,33
2025-08-13 08:55:10.249,True,-87.18998069935691,-37.37766512878685,71.31602726845044,-95
2025-08-13 08:55:11.251,True,-87.05732645693435,-37.75098996921255,71.30351717293377,33
2025-08-13 08:55:12.254,True,-86.84722600787083,-38.763703489987066,71.15567154479744,33
2025-08-13 08:55:13.256,True,-86.82640329626815,-38.89532897749336,71.1656409020318,-95
2025-08-13 08:55:14.258,True,-86.97234988807872,-38.60716027927268,71.25936691467896,-95
2025-08-13 08:55:15.261,True,-87.09430562964083,-38.51539298751291,71.33092107420087,33
2025-08-13 08:55:16.263,True,-87.09131331171355,-38.498721886321995,71.32672494900147,-95
2025-08-13 08:55:17.267,True,-87.11950256538636,-38.42011909247975,71.34413387036636,33
2025-08-13 08:55:18.270,True,-87.33545916407148,-37.769471941671185,71.482778595586,-95
2025-08-13 08:55:19.272,True,-87.73001359027978,-36.64082094638172,71.72097929086227,-95
2025-08-13 08:55:20.275,True,-87.6726205609722,-36.443388632168656,71.75019971692466,33
2025-08-13 08:55:21.280,True,-87.67988548170207,-36.43299740166468,71.75672091459515,-95
2025-08-13 08:55:22.282,True,-87.46548058929552,-37.036938397403475,71.7241333881504,33
2025-08-13 08:55:23.285,True,-86.93228061636913,-38.33291404090821,71.5670920916775,33
2025-08-13 08:55:24.287,True,-86.80058726247928,-38.68317562330534,71.59649298522349,33
2025-08-13 08:55:25.290,True,-86.74694215790947,-38.65634402817745,71.62422261877178,-95
2025-08-13 08:55:26.292,True,-86.68068304200405,-38.672528497590704,71.62540932470036,-95
2025-08-13 08:55:27.295,True,-86.67240673919048,-38.76887240729177,71.61213941732254,-95
2025-08-13 08:55:28.297,True,-86.94449628990138,-38.31832151581625,71.82218810594414,-95
2025-08-13 08:55:29.300,True,-86.70561992778802,-38.643908696436945,71.65396605620488,33
2025-08-13 08:55:30.304,True,-87.01505819264133,-38.19919833172579,71.55789164953687,33
2025-08-13 08:55:31.306,True,-87.72120106723642,-38.14083956533874,71.68827129938327,33
2025-08-13 08:55:32.309,True,-88.02059113191414,-38.43147983785855,71.52491192544366,-95
2025-08-13 08:55:33.311,True,-88.17344258103368,-37.97754481883104,71.52890513612655,-95
2025-08-13 08:55:34.313,True,-87.78544565258044,-37.98054025589802,71.45816642193198,33
2025-08-13 08:55:35.316,True,-87.63101908829692,-37.72085084341265,71.53588990718912,33
2025-08-13 08:55:36.317,True,-87.71839927731439,-37.7389198910253,71.60779113519338,33
2025-08-13 08:55:37.320,True,-87.79382761874575,-37.821733300277295,71.59993673981138,-95
2025-08-13 08:55:38.322,True,-87.6097049244283,-37.48380993595456,71.6762568747961,-95
2025-08-13 08:55:39.324,True,-87.62797745939608,-37.61712634880937,71.76481164845605,33
2025-08-13 08:55:40.328,True,-86.38527524247702,-36.6078232438344,70.45433119502458,-95
2025-08-13 08:55:41.329,True,-87.99863107815874,-35.94540959247237,71.87268523048797,-95
2025-08-13 08:55:42.332,True,-88.15531032971346,-35.45698105411891,71.93762576344074,-95
2025-08-13 08:55:43.334,True,-87.71443970914672,-35.56735177770714,72.21237068774477,33
2025-08-13 08:55:44.336,True,-87.90965479136685,-35.62204642564155,73.47129131101192,-95
2025-08-13 08:55:45.338,True,-86.98867413405682,-37.37965010966392,73.47908348200076,-95
2025-08-13 08:55:46.340,True,-86.79839794321725,-38.30013299308794,72.8605336613163,-95
2025-08-13 08:55:47.342,True,-87.47461864352914,-37.302724983203724,73.16554319963554,33
2025-08-13 08:55:48.345,True,-90.37268847416533,-32.89791923936236,78.78282329643997,-95
2025-08-13 08:55:49.347,True,-88.65963147377624,-35.18093374667182,84.00094254024572,33
2025-08-13 08:55:50.350,True,-87.73183954881776,-35.33154679975541,83.80059399363023,-95
2025-08-13 08:55:51.352,True,-87.36758353004318,-35.28622308055496,80.21874840010388,-95
2025-08-13 08:55:52.354,True,-87.8759643147709,-32.42252800682159,76.5715450822691,33
2025-08-13 08:55:53.356,True,-86.49149601529139,-34.20712819259551,70.84722161999709,34
2025-08-13 08:55:54.359,True,-86.2406749867049,-35.824022620582795,66.21401087759878,34
2025-08-13 08:55:55.361,True,-86.38059947665386,-35.866482137562805,63.95565124754642,34
2025-08-13 08:55:56.362,True,-87.36460363278889,-34.127480423968905,63.422021218316544,-95
2025-08-13 08:55:57.365,True,-86.4004122580237,-35.883652508503914,61.366796485431486,34
2025-08-13 08:55:58.367,True,-85.62705170023767,-37.10068636134297,58.71155591020202,34
2025-08-13 08:55:59.368,True,-84.1864183698308,-40.08162261998329,56.05667484829825,-94
2025-08-13 08:56:00.370,True,-83.741562056846,-41.03674268721029,52.43332352631971,34
2025-08-13 08:56:01.374,True,-85.9386929378152,-37.41279873006274,51.63586707876245,34
2025-08-13 08:56:02.376,True,-88.84074587116767,-29.596425830308565,52.60095811672418,-94
2025-08-13 08:56:03.378,True,-89.29241015319471,-29.014029553600185,50.69840364315718,-94
2025-08-13 08:56:04.379,True,-90.26444102250431,-28.99073624164593,52.37034373687061,-94
2025-08-13 08:56:05.381,True,-90.39819401639174,-29.120103213591527,56.57580775035567,-94
2025-08-13 08:56:06.383,True,-90.74180786419988,-31.405185970973836,60.4064586466015,-95
2025-08-13 08:56:07.385,True,-87.7613222162616,-32.36572976989957,57.96181199081978,34
2025-08-13 08:56:08.387,True,-87.5216733951558,-33.65139601795847,56.94288033653616,-94
2025-08-13 08:56:09.391,True,-87.61787644968788,-35.29621971577056,56.61087090297635,33
2025-08-13 08:56:10.393,True,-86.47823944260321,-37.76360956555622,55.499665985335454,-94
2025-08-13 08:56:11.395,True,-84.62941785683374,-39.74679135726652,52.5229904640063,-95
2025-08-13 08:56:12.400,True,-83.53240477853701,-43.023304094141274,50.742742003048235,-95
2025-08-13 08:56:13.402,True,-82.46129387611192,-46.466782820822594,49.49223359781305,34
2025-08-13 08:56:14.405,True,-83.70602104005191,-45.33563263780088,50.182535011131264,34
2025-08-13 08:56:15.408,True,-85.06558445467883,-41.53235969972886,51.22680332793021,34
2025-08-13 08:56:16.411,True,-85.0971068181737,-39.19892636156143,51.26014158857591,-94
2025-08-13 08:56:17.415,True,-85.75060212213512,-38.23011548731763,51.312304458822766,34
2025-08-13 08:56:18.420,True,-86.66846396258487,-36.55826518542194,51.58955448755166,-94
2025-08-13 08:56:19.422,True,-87.33988469979344,-35.06228857816995,51.66716663558742,-94
2025-08-13 08:56:20.425,True,-88.96104958490606,-30.15195955542275,52.01501352216259,33
2025-08-13 08:56:21.428,True,-88.65473092019275,-31.4501699798376,51.46406975046305,34
2025-08-13 08:56:22.431,True,-86.71534139424523,-36.366311826186795,49.76076973883795,34
2025-08-13 08:56:23.435,True,-84.7326733304039,-41.917616598356894,48.20289869185873,-94
2025-08-13 08:56:24.437,True,-82.1912247440346,-45.8777016897568,47.49556664615451,34
2025-08-13 08:56:25.439,True,-42.85058726407796,-72.81630097033825,4.913716781821714,-94
2025-08-13 08:56:26.440,True,-62.70364890503764,-68.29228233716451,20.995333867802618,-94
2025-08-13 08:56:27.443,True,-105.02555147762457,-73.24764137355878,55.657405389248275,34
2025-08-13 08:56:28.446,True,-138.16776961932865,-72.84882456913078,72.58075670128409,34
2025-08-13 08:56:29.450,True,-148.00212362073074,-73.03499719245687,77.31417578293804,34
2025-08-13 08:56:30.452,True,-127.35493348342989,-62.43055124299061,59.83071105582118,-94
2025-08-13 08:56:31.455,True,-112.94373764039045,-51.556348479023505,18.566752225782768,-94
2025-08-13 08:56:32.457,True,168.92962952310546,-54.75042077254462,88.86463408636419,-94
2025-08-13 08:56:33.460,True,119.28008498266243,-80.62180763320272,125.99105965371118,-94
2025-08-13 08:56:34.463,True,123.55258113719488,-76.56244434003321,135.7420855102243,33
2025-08-13 08:56:35.466,True,146.22655342465114,-49.44473257088951,135.71026514679355,-94
2025-08-13 08:56:36.468,True,-154.94284702916883,-76.02945648217894,-29.764483659678397,-94
2025-08-13 08:56:37.472,True,-138.41232952881325,-81.70304287900242,-35.48778647509956,34
2025-08-13 08:56:38.474,True,-148.5357368906849,-79.80240993107203,-23.01106149054297,34
2025-08-13 08:56:39.478,True,-143.6387052080994,-81.66160288048208,-20.063673148893095,34
2025-08-13 08:56:40.482,True,-143.73215249171864,-80.03588393947426,-25.92552970982089,34
2025-08-13 08:56:41.485,True,-157.17609687403464,-79.19079769932684,12.469875681382028,34
2025-08-13 08:56:42.488,True,-151.41726214474141,-79.20506774651213,6.35290791485105,-94
2025-08-13 08:56:43.491,True,-163.76656518812285,-81.19939701389448,28.315396914557347,-94
2025-08-13 08:56:44.493,True,-144.21997543912926,-77.76435769823823,-0.7780618948108239,-94
2025-08-13 08:56:45.496,True,-157.95816680034486,-84.4118130580858,23.48175715939408,-94
2025-08-13 08:56:46.499,True,-139.81447167457182,-84.64964874948106,11.629373771671643,-94
2025-08-13 08:56:47.506,True,-112.04494777368193,-86.42019416480672,-0.1753031644969506,-94
2025-08-13 08:56:48.507,True,-161.6098738532557,-85.40395452535854,63.92240849242949,-94
2025-08-13 08:56:49.510,True,-171.3359025631918,-84.82716629830198,89.92470446649902,-94
2025-08-13 08:56:50.512,True,138.39104097545746,-85.09293356825009,166.17747936684307,-94
2025-08-13 08:56:51.514,True,124.23820896135298,-82.4536400003351,-165.80547732319576,-94
2025-08-13 08:56:52.517,True,125.01255314210199,-84.09884914196552,-160.0409485017578,-94
2025-08-13 08:56:53.565,True,115.40004187199459,-88.62392060166853,-159.0990866357223,-94
2025-08-13 08:56:54.567,True,-2.1314492077456677,-87.86476929271711,-49.75801540694836,34
2025-08-13 08:56:55.569,True,114.13148177013518,-86.47299464487946,-162.69230515887335,-94
2025-08-20 12:50:12.024,True,0.0,0.0,0.0,0.0
2025-08-20 12:50:13.658,True,-1.7774088820807084,1.9722479974317693,-0.030595174100370662,29
2025-08-20 12:50:14.660,True,-1.7774088820807084,1.9722479974317693,-0.030595174100370662,-99
2025-08-20 12:50:15.662,True,-1.7774088820807084,1.9722479974317693,-0.030595174100370662,-99
2025-08-20 12:50:18.433,True,-1.7063390437187098,1.969030356014621,2.083565405452544,29
2025-08-20 12:50:19.435,True,-1.9489993016631357,2.160140252638487,8.611926453275137,29
2025-08-20 12:50:20.437,True,-1.657195929229701,2.013890386658295,7.405625696339267,-99
2025-08-20 12:50:21.440,True,-1.5681558444911285,1.7958137147681483,6.792987983782229,-99
2025-08-20 12:50:22.442,True,-1.5681558444911285,1.7958137147681483,6.792987983782229,29
2025-08-20 12:50:23.445,True,-1.5681558444911285,1.7958137147681483,6.792987983782229,-99
2025-08-20 12:50:24.447,True,-1.5681558444911285,1.7958137147681483,6.792987983782229,-99
2025-08-20 12:50:25.448,True,-1.5681558444911285,1.7958137147681483,6.792987983782229,29
2025-08-20 12:50:26.450,True,-1.5681558444911285,1.7958137147681483,6.792987983782229,29
2025-08-20 12:50:27.452,True,-1.5681558444911285,1.7958137147681483,6.792987983782229,-99
2025-08-20 12:50:28.578,True,-1.5681558444911285,1.7958137147681483,6.792987983782229,29
2025-08-20 12:50:29.581,True,-1.5681558444911285,1.7958137147681483,6.792987983782229,-99
2025-08-20 12:50:30.583,True,-1.5681558444911285,1.7958137147681483,6.792987983782229,-99
2025-08-20 12:50:31.585,True,-1.5681558444911285,1.7958137147681483,6.792987983782229,30
2025-08-20 12:50:32.586,True,-1.5681558444911285,1.7958137147681483,6.792987983782229,30
2025-08-20 12:50:33.658,True,-1.5681558444911285,1.7958137147681483,6.792987983782229,30
2025-08-20 12:50:36.052,True,-1.5681558444911285,1.7958137147681483,6.792987983782229,-98
2025-08-20 12:50:37.054,True,-1.5681558444911285,1.7958137147681483,6.792987983782229,-98
2025-08-20 12:50:38.056,True,-1.5684626923102236,1.7889323474423224,6.800097710190247,-98
2025-08-20 12:50:39.058,True,-1.5684626923102236,1.7889323474423224,6.800097710190247,30
2025-08-20 12:50:43.244,True,-1.710737564025251,1.8944624985442187,7.16833057545491,-98
2025-08-20 12:50:44.246,True,-1.796046698756315,1.9772387069871558,4.6506739583739805,-98
2025-08-20 12:50:45.247,True,-1.771643087380549,1.9122487328597977,4.154963564041194,-98
                                                                                                                                                                                                                                                                             2025-08-20 12:53:42.519,True,0.0,0.0,0.0,0.0
2025-08-20 12:53:43.779,True,-1.7280756340137011,1.4896412557693501,-0.02246653575995608,29
2025-08-20 12:53:44.782,True,-1.7280756340137011,1.4896412557693501,-0.02246653575995608,-98
2025-08-20 12:53:45.784,True,-1.7280756340137011,1.4896412557693501,-0.02246653575995608,-98
2025-08-20 12:53:46.789,True,-1.7280756340137011,1.4896412557693501,-0.02246653575995608,30
2025-08-20 12:53:47.792,True,-1.7280756340137011,1.4896412557693501,-0.02246653575995608,30
2025-08-20 12:53:48.796,True,-1.7280756340137011,1.4896412557693501,-0.02246653575995608,30
2025-08-20 12:53:49.798,True,-1.7280756340137011,1.4896412557693501,-0.02246653575995608,-98
2025-08-20 12:53:50.804,True,-1.7280756340137011,1.4896412557693501,-0.02246653575995608,30
2025-08-20 12:53:51.807,True,-1.7280756340137011,1.4896412557693501,-0.02246653575995608,30
2025-08-20 12:53:53.540,True,-1.7280756340137011,1.4896412557693501,-0.02246653575995608,30
2025-08-20 12:53:56.404,True,-1.7280756340137011,1.4896412557693501,-0.02246653575995608,-98
2025-08-20 12:53:57.407,True,-1.7280756340137011,1.4896412557693501,-0.02246653575995608,30
2025-08-20 12:53:58.410,True,-1.7280756340137011,1.4896412557693501,-0.02246653575995608,30
2025-08-20 12:53:59.413,True,-1.7280756340137011,1.4896412557693501,-0.02246653575995608,30
2025-08-20 12:54:00.425,True,-1.7280756340137011,1.4896412557693501,-0.02246653575995608,-98
2025-08-20 12:54:01.429,True,-1.7280756340137011,1.4896412557693501,-0.02246653575995608,-98
2025-08-20 12:54:02.434,True,-1.7280756340137011,1.4896412557693501,-0.02246653575995608,-98
2025-08-20 12:54:03.437,True,-1.7280756340137011,1.4896412557693501,-0.02246653575995608,-98
2025-08-20 12:54:05.974,True,-1.7280756340137011,1.4896412557693501,-0.02246653575995608,30
2025-08-20 12:54:06.977,True,-1.7280756340137011,1.4896412557693501,-0.02246653575995608,-98
2025-08-20 12:54:07.979,True,-1.7280756340137011,1.4896412557693501,-0.02246653575995608,-98
2025-08-20 12:54:08.991,True,-1.7280756340137011,1.4896412557693501,-0.02246653575995608,30
2025-08-20 12:54:20.226,True,-1.7280756340137011,1.4896412557693501,-0.02246653575995608,30
2025-08-20 12:54:21.415,True,-1.7280756340137011,1.4896412557693501,-0.02246653575995608,-98
2025-08-20 12:54:22.418,True,-1.7280756340137011,1.4896412557693501,-0.02246653575995608,-98
2025-08-20 12:54:23.421,True,-1.7280756340137011,1.4896412557693501,-0.02246653575995608,-98
2025-08-20 12:54:24.425,True,-1.7280756340137011,1.4896412557693501,-0.02246653575995608,30
2025-08-20 12:54:28.153,True,-1.7280756340137011,1.4896412557693501,-0.02246653575995608,-98
2025-08-20 12:54:29.223,True,-1.7280756340137011,1.4896412557693501,-0.02246653575995608,-98
2025-08-20 12:54:30.455,True,-1.7280756340137011,1.4896412557693501,-0.02246653575995608,30
2025-08-20 12:54:39.554,True,-1.7280756340137011,1.4896412557693501,-0.02246653575995608,-98
2025-08-20 12:54:40.558,True,-1.7280756340137011,1.4896412557693501,-0.02246653575995608,30
2025-08-20 12:54:41.565,True,-1.7280756340137011,1.4896412557693501,-0.02246653575995608,-98
2025-08-20 12:54:42.568,True,-1.7280756340137011,1.4896412557693501,-0.02246653575995608,-98
2025-08-20 12:54:43.572,True,-1.7280756340137011,1.4896412557693501,-0.02246653575995608,30
2025-08-20 12:54:44.575,True,-1.7280756340137011,1.4896412557693501,-0.02246653575995608,-98
2025-08-20 12:54:45.577,True,-1.7280756340137011,1.4896412557693501,-0.02246653575995608,30
2025-08-20 12:54:46.581,True,-1.7280756340137011,1.4896412557693501,-0.02246653575995608,-98
2025-08-20 12:54:47.587,True,-1.7280756340137011,1.4896412557693501,-0.02246653575995608,30
